date,Subsidiary,Oil losses (bopd),Wells WWO,
01/01/2023 00:00,,0,0,
01/01/2023 00:00,,0,0,
01/01/2023 00:00,AUN,0,0,
01/01/2023 00:00,BNR,0,0,
01/01/2023 00:00,BIR,2811.9,12,
01/01/2023 00:00,BS,0,0,
01/01/2023 00:00,BZ,0,0,
01/01/2023 00:00,CCS,0,0,
01/01/2023 00:00,CAD,930.3,26,
01/01/2023 00:00,CG,1676.85,16,
01/01/2023 00:00,CMI,1223.25,22,
01/01/2023 00:00,COQ,952.35,14,
01/01/2023 00:00,EC,0,0,
01/01/2023 00:00,EG,0,0,
01/01/2023 00:00,ER,0,0,
01/01/2023 00:00,SFR,0,0,
01/01/2023 00:00,GAE,1904.7,24,
01/01/2023 00:00,GUT,0,0,
01/01/2023 00:00,IQ,0,0,
01/01/2023 00:00,LH,0,0,
01/01/2023 00:00,MIX,454.65,7,
01/01/2023 00:00,PE,0,0,
01/01/2023 00:00,SG,0,0,
01/01/2023 00:00,TOD,365.4,1,
01/01/2023 00:00,TIN,728.7,4,
01/01/2023 00:00,TOR,36.75,4,
01/01/2023 00:00,TOTO,31.5,2,
01/01/2023 00:00,KFC,0,2,
01/01/2023 00:00,WSK,2.1,1,
01/01/2023 00:00,US,0,0,
01/01/2023 00:00,VE,0,0,
01/01/2023 00:00,VIN,0,0,
01/01/2023 00:00,WE,0,0,
02/01/2023 00:00,,0,0,
02/01/2023 00:00,,0,0,
02/01/2023 00:00,AUN,0,0,
02/01/2023 00:00,BNR,0,0,
02/01/2023 00:00,BIR,2811.9,12,
02/01/2023 00:00,BS,0,0,
02/01/2023 00:00,BZ,0,0,
02/01/2023 00:00,CCS,0,0,
02/01/2023 00:00,CAD,1052.1,24,
02/01/2023 00:00,CG,1773.45,17,
02/01/2023 00:00,CMI,1274.7,22,
02/01/2023 00:00,COQ,906.15,13,
02/01/2023 00:00,EC,0,0,
02/01/2023 00:00,EG,0,0,
02/01/2023 00:00,ER,0,0,
02/01/2023 00:00,SFR,0,0,
02/01/2023 00:00,GAE,2365.65,25,
02/01/2023 00:00,GUT,0,0,
02/01/2023 00:00,IQ,0,0,
02/01/2023 00:00,LH,0,0,
02/01/2023 00:00,MIX,454.65,7,
02/01/2023 00:00,PE,0,0,
02/01/2023 00:00,SG,0,0,
02/01/2023 00:00,TOD,365.4,1,
02/01/2023 00:00,TIN,728.7,4,
02/01/2023 00:00,TOR,3.15,2,
02/01/2023 00:00,TOTO,31.5,1,
02/01/2023 00:00,KFC,0,2,
02/01/2023 00:00,WSK,2.1,1,
02/01/2023 00:00,US,0,0,
02/01/2023 00:00,VE,0,0,
02/01/2023 00:00,VIN,0,0,
02/01/2023 00:00,WE,0,0,
03/01/2023 00:00,,0,0,
03/01/2023 00:00,,0,0,
03/01/2023 00:00,AUN,0,0,
03/01/2023 00:00,BNR,0,0,
03/01/2023 00:00,BIR,2811.9,12,
03/01/2023 00:00,BS,0,0,
03/01/2023 00:00,BZ,0,0,
03/01/2023 00:00,CCS,0,0,
03/01/2023 00:00,CAD,875.7,24,
03/01/2023 00:00,CG,1579.2,14,
03/01/2023 00:00,CMI,1292.55,22,
03/01/2023 00:00,COQ,895.65,13,
03/01/2023 00:00,EC,0,0,
03/01/2023 00:00,EG,0,0,
03/01/2023 00:00,ER,0,0,
03/01/2023 00:00,SFR,0,0,
03/01/2023 00:00,GAE,2257.5,24,
03/01/2023 00:00,GUT,0,0,
03/01/2023 00:00,IQ,0,0,
03/01/2023 00:00,LH,0,0,
03/01/2023 00:00,MIX,454.65,7,
03/01/2023 00:00,PE,0,0,
03/01/2023 00:00,SG,0,0,
03/01/2023 00:00,TOD,365.4,1,
03/01/2023 00:00,TIN,728.7,4,
03/01/2023 00:00,TOR,9.45,4,
03/01/2023 00:00,TOTO,31.5,1,
03/01/2023 00:00,KFC,1.05,5,
03/01/2023 00:00,WSK,2.1,1,
03/01/2023 00:00,US,0,0,
03/01/2023 00:00,VE,0,0,
03/01/2023 00:00,VIN,0,0,
03/01/2023 00:00,WE,0,0,
04/01/2023 00:00,,0,0,
04/01/2023 00:00,,0,0,
04/01/2023 00:00,AUN,0,0,
04/01/2023 00:00,BNR,0,0,
04/01/2023 00:00,BIR,2841.3,12,
04/01/2023 00:00,BS,0,0,
04/01/2023 00:00,BZ,0,0,
04/01/2023 00:00,CCS,0,0,
04/01/2023 00:00,CAD,1021.65,20,
04/01/2023 00:00,CG,1431.15,16,
04/01/2023 00:00,CMI,1201.2,22,
04/01/2023 00:00,COQ,895.65,13,
04/01/2023 00:00,EC,0,0,
04/01/2023 00:00,EG,0,0,
04/01/2023 00:00,ER,0,0,
04/01/2023 00:00,SFR,0,0,
04/01/2023 00:00,GAE,2174.55,26,
04/01/2023 00:00,GUT,0,0,
04/01/2023 00:00,IQ,0,0,
04/01/2023 00:00,LH,0,0,
04/01/2023 00:00,MIX,454.65,7,
04/01/2023 00:00,PE,0,0,
04/01/2023 00:00,SG,0,0,
04/01/2023 00:00,TOD,365.4,1,
04/01/2023 00:00,TIN,728.7,4,
04/01/2023 00:00,TOR,9.45,4,
04/01/2023 00:00,TOTO,31.5,1,
04/01/2023 00:00,KFC,1.05,5,
04/01/2023 00:00,WSK,2.1,1,
04/01/2023 00:00,US,0,0,
04/01/2023 00:00,VE,0,0,
04/01/2023 00:00,VIN,0,0,
04/01/2023 00:00,WE,0,0,
05/01/2023 00:00,,0,0,
05/01/2023 00:00,,0,0,
05/01/2023 00:00,AUN,0,0,
05/01/2023 00:00,BNR,0,0,
05/01/2023 00:00,BIR,2893.8,13,
05/01/2023 00:00,BS,0,0,
05/01/2023 00:00,BZ,0,0,
05/01/2023 00:00,CCS,0,0,
05/01/2023 00:00,CAD,580.65,19,
05/01/2023 00:00,CG,1431.15,16,
05/01/2023 00:00,CMI,1372.35,23,
05/01/2023 00:00,COQ,953.4,14,
05/01/2023 00:00,EC,0,0,
05/01/2023 00:00,EG,0,0,
05/01/2023 00:00,ER,0,0,
05/01/2023 00:00,SFR,0,0,
05/01/2023 00:00,GAE,3675,26,
05/01/2023 00:00,GUT,0,0,
05/01/2023 00:00,IQ,0,0,
05/01/2023 00:00,LH,0,0,
05/01/2023 00:00,MIX,95.55,4,
05/01/2023 00:00,PE,0,0,
05/01/2023 00:00,SG,0,0,
05/01/2023 00:00,TOD,365.4,1,
05/01/2023 00:00,TIN,728.7,4,
05/01/2023 00:00,TOR,9.45,4,
05/01/2023 00:00,TOTO,31.5,1,
05/01/2023 00:00,KFC,1.05,5,
05/01/2023 00:00,WSK,89.25,1,
05/01/2023 00:00,US,0,0,
05/01/2023 00:00,VE,0,0,
05/01/2023 00:00,VIN,0,0,
05/01/2023 00:00,WE,0,0,
06/01/2023 00:00,,0,0,
06/01/2023 00:00,,0,0,
06/01/2023 00:00,AUN,0,0,
06/01/2023 00:00,BNR,0,0,
06/01/2023 00:00,BIR,2893.8,13,
06/01/2023 00:00,BS,0,0,
06/01/2023 00:00,BZ,0,0,
06/01/2023 00:00,CCS,0,0,
06/01/2023 00:00,CAD,883.05,22,
06/01/2023 00:00,CG,1609.65,17,
06/01/2023 00:00,CMI,1255.8,22,
06/01/2023 00:00,COQ,976.5,14,
06/01/2023 00:00,EC,0,0,
06/01/2023 00:00,EG,0,0,
06/01/2023 00:00,ER,0,0,
06/01/2023 00:00,SFR,0,0,
06/01/2023 00:00,GAE,4657.8,22,
06/01/2023 00:00,GUT,0,0,
06/01/2023 00:00,IQ,0,0,
06/01/2023 00:00,LH,0,0,
06/01/2023 00:00,MIX,95.55,4,
06/01/2023 00:00,PE,0,0,
06/01/2023 00:00,SG,0,0,
06/01/2023 00:00,TOD,365.4,1,
06/01/2023 00:00,TIN,174.3,2,
06/01/2023 00:00,TOR,9.45,4,
06/01/2023 00:00,TOTO,31.5,1,
06/01/2023 00:00,KFC,1.05,5,
06/01/2023 00:00,WSK,137.55,1,
06/01/2023 00:00,US,0,0,
06/01/2023 00:00,VE,0,0,
06/01/2023 00:00,VIN,0,0,
06/01/2023 00:00,WE,0,0,
07/01/2023 00:00,,0,0,
07/01/2023 00:00,,0,0,
07/01/2023 00:00,AUN,0,0,
07/01/2023 00:00,BNR,0,0,
07/01/2023 00:00,BIR,2893.8,13,
07/01/2023 00:00,BS,0,0,
07/01/2023 00:00,BZ,0,0,
07/01/2023 00:00,CCS,0,0,
07/01/2023 00:00,CAD,1039.5,22,
07/01/2023 00:00,CG,1609.65,17,
07/01/2023 00:00,CMI,1255.8,22,
07/01/2023 00:00,COQ,970.2,14,
07/01/2023 00:00,EC,0,0,
07/01/2023 00:00,EG,0,0,
07/01/2023 00:00,ER,0,0,
07/01/2023 00:00,SFR,0,0,
07/01/2023 00:00,GAE,5216.4,23,
07/01/2023 00:00,GUT,0,0,
07/01/2023 00:00,IQ,0,0,
07/01/2023 00:00,LH,0,0,
07/01/2023 00:00,MIX,95.55,4,
07/01/2023 00:00,PE,0,0,
07/01/2023 00:00,SG,0,0,
07/01/2023 00:00,TOD,365.4,1,
07/01/2023 00:00,TIN,728.7,4,
07/01/2023 00:00,TOR,9.45,4,
07/01/2023 00:00,TOTO,31.5,1,
07/01/2023 00:00,KFC,1.05,5,
07/01/2023 00:00,WSK,2.1,1,
07/01/2023 00:00,US,0,0,
07/01/2023 00:00,VE,0,0,
07/01/2023 00:00,VIN,0,0,
07/01/2023 00:00,WE,0,0,
08/01/2023 00:00,,0,0,
08/01/2023 00:00,,0,0,
08/01/2023 00:00,AUN,0,0,
08/01/2023 00:00,BNR,0,0,
08/01/2023 00:00,BIR,2893.8,13,
08/01/2023 00:00,BS,0,0,
08/01/2023 00:00,BZ,0,0,
08/01/2023 00:00,CCS,0,0,
08/01/2023 00:00,CAD,1074.15,23,
08/01/2023 00:00,CG,1556.1,16,
08/01/2023 00:00,CMI,843.15,13,
08/01/2023 00:00,COQ,875.7,12,
08/01/2023 00:00,EC,0,0,
08/01/2023 00:00,EG,0,0,
08/01/2023 00:00,ER,0,0,
08/01/2023 00:00,SFR,0,0,
08/01/2023 00:00,GAE,5383.35,25,
08/01/2023 00:00,GUT,0,0,
08/01/2023 00:00,IQ,0,0,
08/01/2023 00:00,LH,0,0,
08/01/2023 00:00,MIX,95.55,4,
08/01/2023 00:00,PE,0,0,
08/01/2023 00:00,SG,0,0,
08/01/2023 00:00,TOD,365.4,1,
08/01/2023 00:00,TIN,728.7,4,
08/01/2023 00:00,TOR,9.45,4,
08/01/2023 00:00,TOTO,31.5,1,
08/01/2023 00:00,KFC,1.05,5,
08/01/2023 00:00,WSK,2.1,1,
08/01/2023 00:00,US,0,0,
08/01/2023 00:00,VE,0,0,
08/01/2023 00:00,VIN,0,0,
08/01/2023 00:00,WE,0,0,
09/01/2023 00:00,,0,0,
09/01/2023 00:00,,0,0,
09/01/2023 00:00,AUN,0,0,
09/01/2023 00:00,BNR,0,0,
09/01/2023 00:00,BIR,2893.8,13,
09/01/2023 00:00,BS,0,0,
09/01/2023 00:00,BZ,0,0,
09/01/2023 00:00,CCS,0,0,
09/01/2023 00:00,CAD,1018.5,22,
09/01/2023 00:00,CG,1421.7,16,
09/01/2023 00:00,CMI,843.15,13,
09/01/2023 00:00,COQ,856.8,12,
09/01/2023 00:00,EC,0,0,
09/01/2023 00:00,EG,0,0,
09/01/2023 00:00,ER,0,0,
09/01/2023 00:00,SFR,0,0,
09/01/2023 00:00,GAE,5428.5,25,
09/01/2023 00:00,GUT,0,0,
09/01/2023 00:00,IQ,0,0,
09/01/2023 00:00,LH,0,0,
09/01/2023 00:00,MIX,70.35,4,
09/01/2023 00:00,PE,0,0,
09/01/2023 00:00,SG,0,0,
09/01/2023 00:00,TOD,365.4,1,
09/01/2023 00:00,TIN,717.15,2,
09/01/2023 00:00,TOR,25.2,2,
09/01/2023 00:00,TOTO,31.5,1,
09/01/2023 00:00,KFC,1.05,5,
09/01/2023 00:00,WSK,0,0,
09/01/2023 00:00,US,0,0,
09/01/2023 00:00,VE,0,0,
09/01/2023 00:00,VIN,0,0,
09/01/2023 00:00,WE,0,0,
10/01/2023 00:00,,0,0,
10/01/2023 00:00,,0,0,
10/01/2023 00:00,AUN,0,0,
10/01/2023 00:00,BNR,0,0,
10/01/2023 00:00,BIR,5214.3,17,
10/01/2023 00:00,BS,0,0,
10/01/2023 00:00,BZ,0,0,
10/01/2023 00:00,CCS,0,0,
10/01/2023 00:00,CAD,625.8,22,
10/01/2023 00:00,CG,1547.7,14,
10/01/2023 00:00,CMI,843.15,13,
10/01/2023 00:00,COQ,858.9,12,
10/01/2023 00:00,EC,0,0,
10/01/2023 00:00,EG,0,0,
10/01/2023 00:00,ER,0,0,
10/01/2023 00:00,SFR,0,0,
10/01/2023 00:00,GAE,5415.9,25,
10/01/2023 00:00,GUT,0,0,
10/01/2023 00:00,IQ,0,0,
10/01/2023 00:00,LH,0,0,
10/01/2023 00:00,MIX,70.35,4,
10/01/2023 00:00,PE,0,0,
10/01/2023 00:00,SG,0,0,
10/01/2023 00:00,TOD,365.4,1,
10/01/2023 00:00,TIN,717.15,2,
10/01/2023 00:00,TOR,3.15,2,
10/01/2023 00:00,TOTO,31.5,1,
10/01/2023 00:00,KFC,1.05,5,
10/01/2023 00:00,WSK,2.1,1,
10/01/2023 00:00,US,0,0,
10/01/2023 00:00,VE,0,0,
10/01/2023 00:00,VIN,0,0,
10/01/2023 00:00,WE,0,0,
11/01/2023 00:00,,0,0,
11/01/2023 00:00,,0,0,
11/01/2023 00:00,AUN,0,0,
11/01/2023 00:00,BNR,0,0,
11/01/2023 00:00,BIR,5294.1,17,
11/01/2023 00:00,BS,0,0,
11/01/2023 00:00,BZ,0,0,
11/01/2023 00:00,CCS,0,0,
11/01/2023 00:00,CAD,1150.8,24,
11/01/2023 00:00,CG,1604.4,16,
11/01/2023 00:00,CMI,843.15,13,
11/01/2023 00:00,COQ,856.8,12,
11/01/2023 00:00,EC,0,0,
11/01/2023 00:00,EG,0,0,
11/01/2023 00:00,ER,0,0,
11/01/2023 00:00,SFR,0,0,
11/01/2023 00:00,GAE,5309.85,26,
11/01/2023 00:00,GUT,0,0,
11/01/2023 00:00,IQ,0,0,
11/01/2023 00:00,LH,0,0,
11/01/2023 00:00,MIX,70.35,4,
11/01/2023 00:00,PE,0,0,
11/01/2023 00:00,SG,0,0,
11/01/2023 00:00,TOD,365.4,1,
11/01/2023 00:00,TIN,717.15,2,
11/01/2023 00:00,TOR,3.15,2,
11/01/2023 00:00,TOTO,31.5,1,
11/01/2023 00:00,KFC,1.05,5,
11/01/2023 00:00,WSK,163.8,1,
11/01/2023 00:00,US,0,0,
11/01/2023 00:00,VE,0,0,
11/01/2023 00:00,VIN,0,0,
11/01/2023 00:00,WE,0,0,
12/01/2023 00:00,,0,0,
12/01/2023 00:00,,0,0,
12/01/2023 00:00,AUN,0,0,
12/01/2023 00:00,BNR,0,0,
12/01/2023 00:00,BIR,4138.05,13,
12/01/2023 00:00,BS,0,0,
12/01/2023 00:00,BZ,0,0,
12/01/2023 00:00,CCS,0,0,
12/01/2023 00:00,CAD,738.15,22,
12/01/2023 00:00,CG,1774.5,16,
12/01/2023 00:00,CMI,843.15,13,
12/01/2023 00:00,COQ,856.8,12,
12/01/2023 00:00,EC,0,0,
12/01/2023 00:00,EG,0,0,
12/01/2023 00:00,ER,0,0,
12/01/2023 00:00,SFR,0,0,
12/01/2023 00:00,GAE,4041.45,24,
12/01/2023 00:00,GUT,0,0,
12/01/2023 00:00,IQ,0,0,
12/01/2023 00:00,LH,0,0,
12/01/2023 00:00,MIX,70.35,4,
12/01/2023 00:00,PE,0,0,
12/01/2023 00:00,SG,0,0,
12/01/2023 00:00,TOD,365.4,1,
12/01/2023 00:00,TIN,717.15,2,
12/01/2023 00:00,TOR,10.5,2,
12/01/2023 00:00,TOTO,31.5,1,
12/01/2023 00:00,KFC,1.05,5,
12/01/2023 00:00,WSK,287.7,1,
12/01/2023 00:00,US,0,0,
12/01/2023 00:00,VE,0,0,
12/01/2023 00:00,VIN,0,0,
12/01/2023 00:00,WE,0,0,
13/01/2023 00:00,,0,0,
13/01/2023 00:00,,0,0,
13/01/2023 00:00,AUN,0,0,
13/01/2023 00:00,BNR,0,0,
13/01/2023 00:00,BIR,2893.8,13,
13/01/2023 00:00,BS,0,0,
13/01/2023 00:00,BZ,0,0,
13/01/2023 00:00,CCS,0,0,
13/01/2023 00:00,CAD,937.65,22,
13/01/2023 00:00,CG,2588.25,17,
13/01/2023 00:00,CMI,843.15,13,
13/01/2023 00:00,COQ,856.8,12,
13/01/2023 00:00,EC,0,0,
13/01/2023 00:00,EG,0,0,
13/01/2023 00:00,ER,0,0,
13/01/2023 00:00,SFR,0,0,
13/01/2023 00:00,GAE,3873.45,25,
13/01/2023 00:00,GUT,0,0,
13/01/2023 00:00,IQ,0,0,
13/01/2023 00:00,LH,0,0,
13/01/2023 00:00,MIX,70.35,4,
13/01/2023 00:00,PE,0,0,
13/01/2023 00:00,SG,0,0,
13/01/2023 00:00,TOD,365.4,1,
13/01/2023 00:00,TIN,717.15,4,
13/01/2023 00:00,TOR,22.05,4,
13/01/2023 00:00,TOTO,31.5,1,
13/01/2023 00:00,KFC,1.05,5,
13/01/2023 00:00,WSK,319.2,1,
13/01/2023 00:00,US,0,0,
13/01/2023 00:00,VE,0,0,
13/01/2023 00:00,VIN,0,0,
13/01/2023 00:00,WE,0,0,
14/01/2023 00:00,,0,0,
14/01/2023 00:00,,0,0,
14/01/2023 00:00,AUN,0,0,
14/01/2023 00:00,BNR,0,0,
14/01/2023 00:00,BIR,2893.8,13,
14/01/2023 00:00,BS,0,0,
14/01/2023 00:00,BZ,0,0,
14/01/2023 00:00,CCS,0,0,
14/01/2023 00:00,CAD,480.9,20,
14/01/2023 00:00,CG,2602.95,18,
14/01/2023 00:00,CMI,409.5,13,
14/01/2023 00:00,COQ,883.05,13,
14/01/2023 00:00,EC,0,0,
14/01/2023 00:00,EG,0,0,
14/01/2023 00:00,ER,0,0,
14/01/2023 00:00,SFR,0,0,
14/01/2023 00:00,GAE,3832.5,24,
14/01/2023 00:00,GUT,0,0,
14/01/2023 00:00,IQ,0,0,
14/01/2023 00:00,LH,0,0,
14/01/2023 00:00,MIX,70.35,4,
14/01/2023 00:00,PE,0,0,
14/01/2023 00:00,SG,0,0,
14/01/2023 00:00,TOD,365.4,1,
14/01/2023 00:00,TIN,717.15,2,
14/01/2023 00:00,TOR,61.95,4,
14/01/2023 00:00,TOTO,31.5,1,
14/01/2023 00:00,KFC,1.05,5,
14/01/2023 00:00,WSK,287.7,1,
14/01/2023 00:00,US,0,0,
14/01/2023 00:00,VE,0,0,
14/01/2023 00:00,VIN,0,0,
14/01/2023 00:00,WE,0,0,
15/01/2023 00:00,,0,0,
15/01/2023 00:00,,0,0,
15/01/2023 00:00,AUN,0,0,
15/01/2023 00:00,BNR,0,0,
15/01/2023 00:00,BIR,2893.8,13,
15/01/2023 00:00,BS,0,0,
15/01/2023 00:00,BZ,0,0,
15/01/2023 00:00,CCS,0,0,
15/01/2023 00:00,CAD,733.95,20,
15/01/2023 00:00,CG,2602.95,18,
15/01/2023 00:00,CMI,484.05,14,
15/01/2023 00:00,COQ,880.95,13,
15/01/2023 00:00,EC,0,0,
15/01/2023 00:00,EG,0,0,
15/01/2023 00:00,ER,0,0,
15/01/2023 00:00,SFR,0,0,
15/01/2023 00:00,GAE,3772.65,23,
15/01/2023 00:00,GUT,0,0,
15/01/2023 00:00,IQ,0,0,
15/01/2023 00:00,LH,0,0,
15/01/2023 00:00,MIX,70.35,4,
15/01/2023 00:00,PE,0,0,
15/01/2023 00:00,SG,0,0,
15/01/2023 00:00,TOD,365.4,1,
15/01/2023 00:00,TIN,717.15,2,
15/01/2023 00:00,TOR,22.05,4,
15/01/2023 00:00,TOTO,31.5,1,
15/01/2023 00:00,KFC,1.05,5,
15/01/2023 00:00,WSK,287.7,1,
15/01/2023 00:00,US,0,0,
15/01/2023 00:00,VE,0,0,
15/01/2023 00:00,VIN,0,0,
15/01/2023 00:00,WE,0,0,
16/01/2023 00:00,,0,0,
16/01/2023 00:00,,0,0,
16/01/2023 00:00,AUN,0,0,
16/01/2023 00:00,BNR,0,0,
16/01/2023 00:00,BIR,2893.8,13,
16/01/2023 00:00,BS,0,0,
16/01/2023 00:00,BZ,0,0,
16/01/2023 00:00,CCS,0,0,
16/01/2023 00:00,CAD,1090.95,22,
16/01/2023 00:00,CG,2766.75,18,
16/01/2023 00:00,CMI,437.85,13,
16/01/2023 00:00,COQ,882,13,
16/01/2023 00:00,EC,0,0,
16/01/2023 00:00,EG,0,0,
16/01/2023 00:00,ER,0,0,
16/01/2023 00:00,SFR,0,0,
16/01/2023 00:00,GAE,3762.15,23,
16/01/2023 00:00,GUT,0,0,
16/01/2023 00:00,IQ,0,0,
16/01/2023 00:00,LH,0,0,
16/01/2023 00:00,MIX,70.35,4,
16/01/2023 00:00,PE,0,0,
16/01/2023 00:00,SG,0,0,
16/01/2023 00:00,TOD,365.4,1,
16/01/2023 00:00,TIN,717.15,2,
16/01/2023 00:00,TOR,22.05,4,
16/01/2023 00:00,TOTO,31.5,1,
16/01/2023 00:00,KFC,1.05,5,
16/01/2023 00:00,WSK,287.7,1,
16/01/2023 00:00,US,0,0,
16/01/2023 00:00,VE,0,0,
16/01/2023 00:00,VIN,0,0,
16/01/2023 00:00,WE,0,0,
17/01/2023 00:00,,0,0,
17/01/2023 00:00,,0,0,
17/01/2023 00:00,AUN,0,0,
17/01/2023 00:00,BNR,0,0,
17/01/2023 00:00,BIR,2893.8,13,
17/01/2023 00:00,BS,0,0,
17/01/2023 00:00,BZ,0,0,
17/01/2023 00:00,CCS,0,0,
17/01/2023 00:00,CAD,1923.6,20,
17/01/2023 00:00,CG,2774.1,19,
17/01/2023 00:00,CMI,362.25,13,
17/01/2023 00:00,COQ,863.1,12,
17/01/2023 00:00,EC,0,0,
17/01/2023 00:00,EG,0,0,
17/01/2023 00:00,ER,0,0,
17/01/2023 00:00,SFR,0,0,
17/01/2023 00:00,GAE,3762.15,23,
17/01/2023 00:00,GUT,0,0,
17/01/2023 00:00,IQ,0,0,
17/01/2023 00:00,LH,0,0,
17/01/2023 00:00,MIX,84,4,
17/01/2023 00:00,PE,0,0,
17/01/2023 00:00,SG,0,0,
17/01/2023 00:00,TOD,365.4,1,
17/01/2023 00:00,TIN,717.15,2,
17/01/2023 00:00,TOR,22.05,4,
17/01/2023 00:00,TOTO,31.5,1,
17/01/2023 00:00,KFC,1.05,5,
17/01/2023 00:00,WSK,287.7,1,
17/01/2023 00:00,US,0,0,
17/01/2023 00:00,VE,0,0,
17/01/2023 00:00,VIN,0,0,
17/01/2023 00:00,WE,0,0,
18/01/2023 00:00,,0,0,
18/01/2023 00:00,,0,0,
18/01/2023 00:00,AUN,0,0,
18/01/2023 00:00,BNR,0,0,
18/01/2023 00:00,BIR,2893.8,13,
18/01/2023 00:00,BS,0,0,
18/01/2023 00:00,BZ,0,0,
18/01/2023 00:00,CCS,0,0,
18/01/2023 00:00,CAD,1225.35,22,
18/01/2023 00:00,CG,2784.6,18,
18/01/2023 00:00,CMI,569.1,13,
18/01/2023 00:00,COQ,842.1,11,
18/01/2023 00:00,EC,0,0,
18/01/2023 00:00,EG,0,0,
18/01/2023 00:00,ER,0,0,
18/01/2023 00:00,SFR,0,0,
18/01/2023 00:00,GAE,3130.05,17,
18/01/2023 00:00,GUT,0,0,
18/01/2023 00:00,IQ,0,0,
18/01/2023 00:00,LH,0,0,
18/01/2023 00:00,MIX,70.35,4,
18/01/2023 00:00,PE,0,0,
18/01/2023 00:00,SG,0,0,
18/01/2023 00:00,TOD,365.4,1,
18/01/2023 00:00,TIN,717.15,2,
18/01/2023 00:00,TOR,22.05,4,
18/01/2023 00:00,TOTO,31.5,1,
18/01/2023 00:00,KFC,1.05,5,
18/01/2023 00:00,WSK,287.7,1,
18/01/2023 00:00,US,0,0,
18/01/2023 00:00,VE,0,0,
18/01/2023 00:00,VIN,0,0,
18/01/2023 00:00,WE,0,0,
19/01/2023 00:00,,0,0,
19/01/2023 00:00,,0,0,
19/01/2023 00:00,AUN,0,0,
19/01/2023 00:00,BNR,0,0,
19/01/2023 00:00,BIR,2893.8,13,
19/01/2023 00:00,BS,0,0,
19/01/2023 00:00,BZ,0,0,
19/01/2023 00:00,CCS,0,0,
19/01/2023 00:00,CAD,1149.75,23,
19/01/2023 00:00,CG,2531.55,18,
19/01/2023 00:00,CMI,295.05,13,
19/01/2023 00:00,COQ,844.2,11,
19/01/2023 00:00,EC,0,0,
19/01/2023 00:00,EG,0,0,
19/01/2023 00:00,ER,0,0,
19/01/2023 00:00,SFR,0,0,
19/01/2023 00:00,GAE,2604,13,
19/01/2023 00:00,GUT,0,0,
19/01/2023 00:00,IQ,0,0,
19/01/2023 00:00,LH,0,0,
19/01/2023 00:00,MIX,70.35,4,
19/01/2023 00:00,PE,0,0,
19/01/2023 00:00,SG,0,0,
19/01/2023 00:00,TOD,365.4,1,
19/01/2023 00:00,TIN,717.15,2,
19/01/2023 00:00,TOR,22.05,4,
19/01/2023 00:00,TOTO,31.5,1,
19/01/2023 00:00,KFC,1.05,5,
19/01/2023 00:00,WSK,287.7,1,
19/01/2023 00:00,US,0,0,
19/01/2023 00:00,VE,0,0,
19/01/2023 00:00,VIN,0,0,
19/01/2023 00:00,WE,0,0,
20/01/2023 00:00,,0,0,
20/01/2023 00:00,,0,0,
20/01/2023 00:00,AUN,0,0,
20/01/2023 00:00,BNR,0,0,
20/01/2023 00:00,BIR,2893.8,13,
20/01/2023 00:00,BS,0,0,
20/01/2023 00:00,BZ,0,0,
20/01/2023 00:00,CCS,0,0,
20/01/2023 00:00,CAD,935.55,23,
20/01/2023 00:00,CG,2562,17,
20/01/2023 00:00,CMI,355.95,14,
20/01/2023 00:00,COQ,851.55,12,
20/01/2023 00:00,EC,0,0,
20/01/2023 00:00,EG,0,0,
20/01/2023 00:00,ER,0,0,
20/01/2023 00:00,SFR,0,0,
20/01/2023 00:00,GAE,2471.7,13,
20/01/2023 00:00,GUT,0,0,
20/01/2023 00:00,IQ,0,0,
20/01/2023 00:00,LH,0,0,
20/01/2023 00:00,MIX,70.35,4,
20/01/2023 00:00,PE,0,0,
20/01/2023 00:00,SG,0,0,
20/01/2023 00:00,TOD,365.4,1,
20/01/2023 00:00,TIN,717.15,2,
20/01/2023 00:00,TOR,30.45,4,
20/01/2023 00:00,TOTO,31.5,1,
20/01/2023 00:00,KFC,1.05,5,
20/01/2023 00:00,WSK,287.7,1,
20/01/2023 00:00,US,0,0,
20/01/2023 00:00,VE,0,0,
20/01/2023 00:00,VIN,0,0,
20/01/2023 00:00,WE,0,0,
21/01/2023 00:00,,0,0,
21/01/2023 00:00,,0,0,
21/01/2023 00:00,AUN,0,0,
21/01/2023 00:00,BNR,0,0,
21/01/2023 00:00,BIR,2770.95,12,
21/01/2023 00:00,BS,0,0,
21/01/2023 00:00,BZ,0,0,
21/01/2023 00:00,CCS,0,0,
21/01/2023 00:00,CAD,1176,25,
21/01/2023 00:00,CG,2279.55,18,
21/01/2023 00:00,CMI,339.15,14,
21/01/2023 00:00,COQ,851.55,12,
21/01/2023 00:00,EC,0,0,
21/01/2023 00:00,EG,0,0,
21/01/2023 00:00,ER,0,0,
21/01/2023 00:00,SFR,0,0,
21/01/2023 00:00,GAE,2471.7,14,
21/01/2023 00:00,GUT,0,0,
21/01/2023 00:00,IQ,0,0,
21/01/2023 00:00,LH,0,0,
21/01/2023 00:00,MIX,70.35,4,
21/01/2023 00:00,PE,0,0,
21/01/2023 00:00,SG,0,0,
21/01/2023 00:00,TOD,365.4,1,
21/01/2023 00:00,TIN,717.15,2,
21/01/2023 00:00,TOR,81.9,4,
21/01/2023 00:00,TOTO,31.5,1,
21/01/2023 00:00,KFC,3.15,6,
21/01/2023 00:00,WSK,287.7,1,
21/01/2023 00:00,US,0,0,
21/01/2023 00:00,VE,0,0,
21/01/2023 00:00,VIN,0,0,
21/01/2023 00:00,WE,0,0,
22/01/2023 00:00,,0,0,
22/01/2023 00:00,,0,0,
22/01/2023 00:00,AUN,0,0,
22/01/2023 00:00,BNR,0,0,
22/01/2023 00:00,BIR,2437.05,12,
22/01/2023 00:00,BS,0,0,
22/01/2023 00:00,BZ,0,0,
22/01/2023 00:00,CCS,0,0,
22/01/2023 00:00,CAD,1282.05,28,
22/01/2023 00:00,CG,2213.4,18,
22/01/2023 00:00,CMI,424.2,14,
22/01/2023 00:00,COQ,851.55,12,
22/01/2023 00:00,EC,0,0,
22/01/2023 00:00,EG,0,0,
22/01/2023 00:00,ER,0,0,
22/01/2023 00:00,SFR,0,0,
22/01/2023 00:00,GAE,2471.7,16,
22/01/2023 00:00,GUT,0,0,
22/01/2023 00:00,IQ,0,0,
22/01/2023 00:00,LH,0,0,
22/01/2023 00:00,MIX,70.35,4,
22/01/2023 00:00,PE,0,0,
22/01/2023 00:00,SG,0,0,
22/01/2023 00:00,TOD,365.4,1,
22/01/2023 00:00,TIN,717.15,2,
22/01/2023 00:00,TOR,115.5,5,
22/01/2023 00:00,TOTO,31.5,1,
22/01/2023 00:00,KFC,3.15,6,
22/01/2023 00:00,WSK,287.7,1,
22/01/2023 00:00,US,0,0,
22/01/2023 00:00,VE,0,0,
22/01/2023 00:00,VIN,0,0,
22/01/2023 00:00,WE,0,0,
23/01/2023 00:00,,0,0,
23/01/2023 00:00,,0,0,
23/01/2023 00:00,AUN,0,0,
23/01/2023 00:00,BNR,0,0,
23/01/2023 00:00,BIR,2764.65,12,
23/01/2023 00:00,BS,0,0,
23/01/2023 00:00,BZ,0,0,
23/01/2023 00:00,CCS,0,0,
23/01/2023 00:00,CAD,1152.9,28,
23/01/2023 00:00,CG,2420.25,18,
23/01/2023 00:00,CMI,326.55,16,
23/01/2023 00:00,COQ,852.6,12,
23/01/2023 00:00,EC,0,0,
23/01/2023 00:00,EG,0,0,
23/01/2023 00:00,ER,0,0,
23/01/2023 00:00,SFR,0,0,
23/01/2023 00:00,GAE,2471.7,17,
23/01/2023 00:00,GUT,0,0,
23/01/2023 00:00,IQ,0,0,
23/01/2023 00:00,LH,0,0,
23/01/2023 00:00,MIX,70.35,4,
23/01/2023 00:00,PE,0,0,
23/01/2023 00:00,SG,0,0,
23/01/2023 00:00,TOD,365.4,1,
23/01/2023 00:00,TIN,717.15,2,
23/01/2023 00:00,TOR,71.4,5,
23/01/2023 00:00,TOTO,31.5,1,
23/01/2023 00:00,KFC,3.15,5,
23/01/2023 00:00,WSK,287.7,1,
23/01/2023 00:00,US,0,0,
23/01/2023 00:00,VE,0,0,
23/01/2023 00:00,VIN,0,0,
23/01/2023 00:00,WE,0,0,
24/01/2023 00:00,,0,0,
24/01/2023 00:00,,0,0,
24/01/2023 00:00,AUN,0,0,
24/01/2023 00:00,BNR,0,0,
24/01/2023 00:00,BIR,2301.6,12,
24/01/2023 00:00,BS,0,0,
24/01/2023 00:00,BZ,0,0,
24/01/2023 00:00,CCS,0,0,
24/01/2023 00:00,CAD,1185.45,29,
24/01/2023 00:00,CG,2583,20,
24/01/2023 00:00,CMI,1393.35,16,
24/01/2023 00:00,COQ,2548.35,12,
24/01/2023 00:00,EC,0,0,
24/01/2023 00:00,EG,0,0,
24/01/2023 00:00,ER,0,0,
24/01/2023 00:00,SFR,0,0,
24/01/2023 00:00,GAE,2471.7,17,
24/01/2023 00:00,GUT,0,0,
24/01/2023 00:00,IQ,0,0,
24/01/2023 00:00,LH,0,0,
24/01/2023 00:00,MIX,70.35,4,
24/01/2023 00:00,PE,0,0,
24/01/2023 00:00,SG,0,0,
24/01/2023 00:00,TOD,365.4,1,
24/01/2023 00:00,TIN,717.15,2,
24/01/2023 00:00,TOR,117.6,6,
24/01/2023 00:00,TOTO,31.5,1,
24/01/2023 00:00,KFC,2.1,5,
24/01/2023 00:00,WSK,287.7,1,
24/01/2023 00:00,US,0,0,
24/01/2023 00:00,VE,0,0,
24/01/2023 00:00,VIN,0,0,
24/01/2023 00:00,WE,0,0,
25/01/2023 00:00,,0,0,
25/01/2023 00:00,,0,0,
25/01/2023 00:00,AUN,0,0,
25/01/2023 00:00,BNR,0,0,
25/01/2023 00:00,BIR,2359.35,12,
25/01/2023 00:00,BS,0,0,
25/01/2023 00:00,BZ,0,0,
25/01/2023 00:00,CCS,0,0,
25/01/2023 00:00,CAD,1200.15,29,
25/01/2023 00:00,CG,2578.8,20,
25/01/2023 00:00,CMI,459.9,16,
25/01/2023 00:00,COQ,844.2,11,
25/01/2023 00:00,EC,0,0,
25/01/2023 00:00,EG,0,0,
25/01/2023 00:00,ER,0,0,
25/01/2023 00:00,SFR,0,0,
25/01/2023 00:00,GAE,2471.7,17,
25/01/2023 00:00,GUT,0,0,
25/01/2023 00:00,IQ,0,0,
25/01/2023 00:00,LH,0,0,
25/01/2023 00:00,MIX,70.35,4,
25/01/2023 00:00,PE,0,0,
25/01/2023 00:00,SG,0,0,
25/01/2023 00:00,TOD,365.4,1,
25/01/2023 00:00,TIN,717.15,2,
25/01/2023 00:00,TOR,36.75,5,
25/01/2023 00:00,TOTO,31.5,1,
25/01/2023 00:00,KFC,1.05,5,
25/01/2023 00:00,WSK,287.7,1,
25/01/2023 00:00,US,0,0,
25/01/2023 00:00,VE,0,0,
25/01/2023 00:00,VIN,0,0,
25/01/2023 00:00,WE,0,0,
26/01/2023 00:00,,0,0,
26/01/2023 00:00,,0,0,
26/01/2023 00:00,AUN,0,0,
26/01/2023 00:00,BNR,0,0,
26/01/2023 00:00,BIR,2570.4,13,
26/01/2023 00:00,BS,0,0,
26/01/2023 00:00,BZ,0,0,
26/01/2023 00:00,CCS,0,0,
26/01/2023 00:00,CAD,1377.6,37,
26/01/2023 00:00,CG,2741.55,22,
26/01/2023 00:00,CMI,492.45,16,
26/01/2023 00:00,COQ,841.05,11,
26/01/2023 00:00,EC,0,0,
26/01/2023 00:00,EG,0,0,
26/01/2023 00:00,ER,0,0,
26/01/2023 00:00,SFR,0,0,
26/01/2023 00:00,GAE,2471.7,17,
26/01/2023 00:00,GUT,0,0,
26/01/2023 00:00,IQ,0,0,
26/01/2023 00:00,LH,0,0,
26/01/2023 00:00,MIX,70.35,4,
26/01/2023 00:00,PE,0,0,
26/01/2023 00:00,SG,0,0,
26/01/2023 00:00,TOD,365.4,1,
26/01/2023 00:00,TIN,717.15,2,
26/01/2023 00:00,TOR,36.75,5,
26/01/2023 00:00,TOTO,31.5,1,
26/01/2023 00:00,KFC,1.05,6,
26/01/2023 00:00,WSK,287.7,1,
26/01/2023 00:00,US,0,0,
26/01/2023 00:00,VE,0,0,
26/01/2023 00:00,VIN,0,0,
26/01/2023 00:00,WE,0,0,
27/01/2023 00:00,,0,0,
27/01/2023 00:00,,0,0,
27/01/2023 00:00,AUN,0,0,
27/01/2023 00:00,BNR,0,0,
27/01/2023 00:00,BIR,2629.2,13,
27/01/2023 00:00,BS,0,0,
27/01/2023 00:00,BZ,0,0,
27/01/2023 00:00,CCS,0,0,
27/01/2023 00:00,CAD,1095.15,32,
27/01/2023 00:00,CG,2762.55,23,
27/01/2023 00:00,CMI,341.25,16,
27/01/2023 00:00,COQ,851.55,12,
27/01/2023 00:00,EC,0,0,
27/01/2023 00:00,EG,0,0,
27/01/2023 00:00,ER,0,0,
27/01/2023 00:00,SFR,0,0,
27/01/2023 00:00,GAE,3040.8,17,
27/01/2023 00:00,GUT,0,0,
27/01/2023 00:00,IQ,0,0,
27/01/2023 00:00,LH,0,0,
27/01/2023 00:00,MIX,70.35,4,
27/01/2023 00:00,PE,0,0,
27/01/2023 00:00,SG,0,0,
27/01/2023 00:00,TOD,365.4,1,
27/01/2023 00:00,TIN,717.15,2,
27/01/2023 00:00,TOR,39.9,5,
27/01/2023 00:00,TOTO,31.5,1,
27/01/2023 00:00,KFC,1.05,5,
27/01/2023 00:00,WSK,287.7,1,
27/01/2023 00:00,US,0,0,
27/01/2023 00:00,VE,0,0,
27/01/2023 00:00,VIN,0,0,
27/01/2023 00:00,WE,0,0,
28/01/2023 00:00,,0,0,
28/01/2023 00:00,,0,0,
28/01/2023 00:00,AUN,0,0,
28/01/2023 00:00,BNR,0,0,
28/01/2023 00:00,BIR,2565.15,13,
28/01/2023 00:00,BS,0,0,
28/01/2023 00:00,BZ,0,0,
28/01/2023 00:00,CCS,0,0,
28/01/2023 00:00,CAD,1160.25,35,
28/01/2023 00:00,CG,2636.55,22,
28/01/2023 00:00,CMI,341.25,16,
28/01/2023 00:00,COQ,851.55,12,
28/01/2023 00:00,EC,0,0,
28/01/2023 00:00,EG,0,0,
28/01/2023 00:00,ER,0,0,
28/01/2023 00:00,SFR,0,0,
28/01/2023 00:00,GAE,3232.95,17,
28/01/2023 00:00,GUT,0,0,
28/01/2023 00:00,IQ,0,0,
28/01/2023 00:00,LH,0,0,
28/01/2023 00:00,MIX,70.35,4,
28/01/2023 00:00,PE,0,0,
28/01/2023 00:00,SG,0,0,
28/01/2023 00:00,TOD,365.4,1,
28/01/2023 00:00,TIN,717.15,2,
28/01/2023 00:00,TOR,86.1,5,
28/01/2023 00:00,TOTO,31.5,1,
28/01/2023 00:00,KFC,1.05,6,
28/01/2023 00:00,WSK,287.7,1,
28/01/2023 00:00,US,0,0,
28/01/2023 00:00,VE,0,0,
28/01/2023 00:00,VIN,0,0,
28/01/2023 00:00,WE,0,0,
29/01/2023 00:00,,0,0,
29/01/2023 00:00,,0,0,
29/01/2023 00:00,AUN,0,0,
29/01/2023 00:00,BNR,0,0,
29/01/2023 00:00,BIR,2565.15,13,
29/01/2023 00:00,BS,0,0,
29/01/2023 00:00,BZ,0,0,
29/01/2023 00:00,CCS,0,0,
29/01/2023 00:00,CAD,1253.7,35,
29/01/2023 00:00,CG,2623.95,18,
29/01/2023 00:00,CMI,437.85,16,
29/01/2023 00:00,COQ,851.55,12,
29/01/2023 00:00,EC,0,0,
29/01/2023 00:00,EG,0,0,
29/01/2023 00:00,ER,0,0,
29/01/2023 00:00,SFR,0,0,
29/01/2023 00:00,GAE,2807.7,19,
29/01/2023 00:00,GUT,53.55,1,
29/01/2023 00:00,IQ,0,0,
29/01/2023 00:00,LH,0,0,
29/01/2023 00:00,MIX,70.35,4,
29/01/2023 00:00,PE,0,0,
29/01/2023 00:00,SG,0,0,
29/01/2023 00:00,TOD,365.4,1,
29/01/2023 00:00,TIN,717.15,2,
29/01/2023 00:00,TOR,110.25,6,
29/01/2023 00:00,TOTO,31.5,1,
29/01/2023 00:00,KFC,1.05,6,
29/01/2023 00:00,WSK,399,1,
29/01/2023 00:00,US,0,0,
29/01/2023 00:00,VE,0,0,
29/01/2023 00:00,VIN,0,0,
29/01/2023 00:00,WE,0,0,
30/01/2023 00:00,,0,0,
30/01/2023 00:00,,0,0,
30/01/2023 00:00,AUN,0,0,
30/01/2023 00:00,BNR,0,0,
30/01/2023 00:00,BIR,2565.15,13,
30/01/2023 00:00,BS,0,0,
30/01/2023 00:00,BZ,0,0,
30/01/2023 00:00,CCS,0,0,
30/01/2023 00:00,CAD,1242.15,36,
30/01/2023 00:00,CG,2623.95,20,
30/01/2023 00:00,CMI,368.55,16,
30/01/2023 00:00,COQ,851.55,12,
30/01/2023 00:00,EC,0,0,
30/01/2023 00:00,EG,0,0,
30/01/2023 00:00,ER,0,0,
30/01/2023 00:00,SFR,0,0,
30/01/2023 00:00,GAE,2807.7,19,
30/01/2023 00:00,GUT,53.55,1,
30/01/2023 00:00,IQ,0,0,
30/01/2023 00:00,LH,0,0,
30/01/2023 00:00,MIX,70.35,4,
30/01/2023 00:00,PE,0,0,
30/01/2023 00:00,SG,0,0,
30/01/2023 00:00,TOD,365.4,1,
30/01/2023 00:00,TIN,717.15,2,
30/01/2023 00:00,TOR,85.05,5,
30/01/2023 00:00,TOTO,31.5,1,
30/01/2023 00:00,KFC,1.05,6,
30/01/2023 00:00,WSK,287.7,1,
30/01/2023 00:00,US,0,0,
30/01/2023 00:00,VE,0,0,
30/01/2023 00:00,VIN,0,0,
30/01/2023 00:00,WE,0,0,
31/01/2023 00:00,,0,0,
31/01/2023 00:00,,0,0,
31/01/2023 00:00,AUN,0,0,
31/01/2023 00:00,BNR,0,0,
31/01/2023 00:00,BIR,2565.15,13,
31/01/2023 00:00,BS,0,0,
31/01/2023 00:00,BZ,0,0,
31/01/2023 00:00,CCS,0,0,
31/01/2023 00:00,CAD,1240.05,34,
31/01/2023 00:00,CG,2521.05,20,
31/01/2023 00:00,CMI,341.25,16,
31/01/2023 00:00,COQ,851.55,12,
31/01/2023 00:00,EC,0,0,
31/01/2023 00:00,EG,0,0,
31/01/2023 00:00,ER,0,0,
31/01/2023 00:00,SFR,0,0,
31/01/2023 00:00,GAE,2807.7,18,
31/01/2023 00:00,GUT,0,0,
31/01/2023 00:00,IQ,0,0,
31/01/2023 00:00,LH,0,0,
31/01/2023 00:00,MIX,70.35,4,
31/01/2023 00:00,PE,0,0,
31/01/2023 00:00,SG,0,0,
31/01/2023 00:00,TOD,365.4,1,
31/01/2023 00:00,TIN,717.15,2,
31/01/2023 00:00,TOR,36.75,6,
31/01/2023 00:00,TOTO,31.5,1,
31/01/2023 00:00,KFC,1.05,5,
31/01/2023 00:00,WSK,0,0,
31/01/2023 00:00,US,0,0,
31/01/2023 00:00,VE,0,0,
31/01/2023 00:00,VIN,0,0,
31/01/2023 00:00,WE,0,0,
01/02/2023 00:00,,0,0,
01/02/2023 00:00,,0,0,
01/02/2023 00:00,AUN,0,0,
01/02/2023 00:00,BNR,0,0,
01/02/2023 00:00,BIR,2565.15,13,
01/02/2023 00:00,BS,0,0,
01/02/2023 00:00,BZ,0,0,
01/02/2023 00:00,CCS,0,0,
01/02/2023 00:00,CAD,1319.85,35,
01/02/2023 00:00,CG,2521.05,20,
01/02/2023 00:00,CMI,394.8,14,
01/02/2023 00:00,COQ,851.55,12,
01/02/2023 00:00,EC,0,0,
01/02/2023 00:00,EG,0,0,
01/02/2023 00:00,ER,0,0,
01/02/2023 00:00,SFR,0,0,
01/02/2023 00:00,GAE,2807.7,19,
01/02/2023 00:00,GUT,0,0,
01/02/2023 00:00,IQ,0,0,
01/02/2023 00:00,LH,0,0,
01/02/2023 00:00,MIX,70.35,4,
01/02/2023 00:00,PE,0,0,
01/02/2023 00:00,SG,0,0,
01/02/2023 00:00,TOD,365.4,1,
01/02/2023 00:00,TIN,717.15,2,
01/02/2023 00:00,TOR,124.95,5,
01/02/2023 00:00,TOTO,31.5,1,
01/02/2023 00:00,KFC,1.05,2,
01/02/2023 00:00,WSK,0,0,
01/02/2023 00:00,US,0,0,
01/02/2023 00:00,VE,0,0,
01/02/2023 00:00,VIN,0,0,
01/02/2023 00:00,WE,0,0,
02/02/2023 00:00,,0,0,
02/02/2023 00:00,,0,0,
02/02/2023 00:00,AUN,0,0,
02/02/2023 00:00,BNR,0,0,
02/02/2023 00:00,BIR,2565.15,13,
02/02/2023 00:00,BS,0,0,
02/02/2023 00:00,BZ,0,0,
02/02/2023 00:00,CCS,0,0,
02/02/2023 00:00,CAD,1528.8,36,
02/02/2023 00:00,CG,2521.05,20,
02/02/2023 00:00,CMI,278.25,13,
02/02/2023 00:00,COQ,851.55,12,
02/02/2023 00:00,EC,0,0,
02/02/2023 00:00,EG,0,0,
02/02/2023 00:00,ER,0,0,
02/02/2023 00:00,SFR,0,0,
02/02/2023 00:00,GAE,2807.7,19,
02/02/2023 00:00,GUT,0,0,
02/02/2023 00:00,IQ,0,0,
02/02/2023 00:00,LH,0,0,
02/02/2023 00:00,MIX,70.35,4,
02/02/2023 00:00,PE,0,0,
02/02/2023 00:00,SG,0,0,
02/02/2023 00:00,TOD,365.4,1,
02/02/2023 00:00,TIN,717.15,2,
02/02/2023 00:00,TOR,99.75,5,
02/02/2023 00:00,TOTO,31.5,1,
02/02/2023 00:00,KFC,1.05,4,
02/02/2023 00:00,WSK,0,0,
02/02/2023 00:00,US,0,0,
02/02/2023 00:00,VE,0,0,
02/02/2023 00:00,VIN,0,0,
02/02/2023 00:00,WE,0,0,
03/02/2023 00:00,,0,0,
03/02/2023 00:00,,0,0,
03/02/2023 00:00,AUN,0,0,
03/02/2023 00:00,BNR,0,0,
03/02/2023 00:00,BIR,2565.15,13,
03/02/2023 00:00,BS,0,0,
03/02/2023 00:00,BZ,0,0,
03/02/2023 00:00,CCS,0,0,
03/02/2023 00:00,CAD,1266.3,41,
03/02/2023 00:00,CG,2541,20,
03/02/2023 00:00,CMI,278.25,14,
03/02/2023 00:00,COQ,851.55,12,
03/02/2023 00:00,EC,0,0,
03/02/2023 00:00,EG,0,0,
03/02/2023 00:00,ER,0,0,
03/02/2023 00:00,SFR,0,0,
03/02/2023 00:00,GAE,1876.35,18,
03/02/2023 00:00,GUT,0,0,
03/02/2023 00:00,IQ,0,0,
03/02/2023 00:00,LH,0,0,
03/02/2023 00:00,MIX,70.35,4,
03/02/2023 00:00,PE,0,0,
03/02/2023 00:00,SG,0,0,
03/02/2023 00:00,TOD,365.4,1,
03/02/2023 00:00,TIN,717.15,2,
03/02/2023 00:00,TOR,99.75,5,
03/02/2023 00:00,TOTO,111.3,1,
03/02/2023 00:00,KFC,1.05,5,
03/02/2023 00:00,WSK,0,0,
03/02/2023 00:00,US,0,0,
03/02/2023 00:00,VE,0,0,
03/02/2023 00:00,VIN,0,0,
03/02/2023 00:00,WE,0,0,
04/02/2023 00:00,,0,0,
04/02/2023 00:00,,0,0,
04/02/2023 00:00,AUN,0,0,
04/02/2023 00:00,BNR,0,0,
04/02/2023 00:00,BIR,2565.15,13,
04/02/2023 00:00,BS,0,0,
04/02/2023 00:00,BZ,0,0,
04/02/2023 00:00,CCS,0,0,
04/02/2023 00:00,CAD,1309.35,44,
04/02/2023 00:00,CG,2384.55,20,
04/02/2023 00:00,CMI,323.4,13,
04/02/2023 00:00,COQ,811.65,11,
04/02/2023 00:00,EC,0,0,
04/02/2023 00:00,EG,0,0,
04/02/2023 00:00,ER,0,0,
04/02/2023 00:00,SFR,0,0,
04/02/2023 00:00,GAE,1769.25,18,
04/02/2023 00:00,GUT,0,0,
04/02/2023 00:00,IQ,0,0,
04/02/2023 00:00,LH,0,0,
04/02/2023 00:00,MIX,70.35,4,
04/02/2023 00:00,PE,0,0,
04/02/2023 00:00,SG,0,0,
04/02/2023 00:00,TOD,365.4,1,
04/02/2023 00:00,TIN,717.15,2,
04/02/2023 00:00,TOR,99.75,5,
04/02/2023 00:00,TOTO,151.2,2,
04/02/2023 00:00,KFC,1.05,4,
04/02/2023 00:00,WSK,0,0,
04/02/2023 00:00,US,0,0,
04/02/2023 00:00,VE,0,0,
04/02/2023 00:00,VIN,0,0,
04/02/2023 00:00,WE,0,0,
05/02/2023 00:00,,0,0,
05/02/2023 00:00,,0,0,
05/02/2023 00:00,AUN,0,0,
05/02/2023 00:00,BNR,0,0,
05/02/2023 00:00,BIR,2565.15,13,
05/02/2023 00:00,BS,0,0,
05/02/2023 00:00,BZ,0,0,
05/02/2023 00:00,CCS,0,0,
05/02/2023 00:00,CAD,1148.7,40,
05/02/2023 00:00,CG,2375.1,20,
05/02/2023 00:00,CMI,474.6,13,
05/02/2023 00:00,COQ,856.8,11,
05/02/2023 00:00,EC,0,0,
05/02/2023 00:00,EG,0,0,
05/02/2023 00:00,ER,0,0,
05/02/2023 00:00,SFR,0,0,
05/02/2023 00:00,GAE,1861.65,17,
05/02/2023 00:00,GUT,0,0,
05/02/2023 00:00,IQ,0,0,
05/02/2023 00:00,LH,0,0,
05/02/2023 00:00,MIX,70.35,4,
05/02/2023 00:00,PE,0,0,
05/02/2023 00:00,SG,0,0,
05/02/2023 00:00,TOD,365.4,1,
05/02/2023 00:00,TIN,717.15,2,
05/02/2023 00:00,TOR,99.75,5,
05/02/2023 00:00,TOTO,121.8,1,
05/02/2023 00:00,KFC,1.05,5,
05/02/2023 00:00,WSK,0,0,
05/02/2023 00:00,US,0,0,
05/02/2023 00:00,VE,0,0,
05/02/2023 00:00,VIN,0,0,
05/02/2023 00:00,WE,0,0,
06/02/2023 00:00,,0,0,
06/02/2023 00:00,,0,0,
06/02/2023 00:00,AUN,0,0,
06/02/2023 00:00,BNR,0,0,
06/02/2023 00:00,BIR,2565.15,13,
06/02/2023 00:00,BS,0,0,
06/02/2023 00:00,BZ,0,0,
06/02/2023 00:00,CCS,0,0,
06/02/2023 00:00,CAD,803.25,42,
06/02/2023 00:00,CG,2527.35,20,
06/02/2023 00:00,CMI,391.65,13,
06/02/2023 00:00,COQ,874.65,11,
06/02/2023 00:00,EC,0,0,
06/02/2023 00:00,EG,0,0,
06/02/2023 00:00,ER,0,0,
06/02/2023 00:00,SFR,0,0,
06/02/2023 00:00,GAE,1842.75,18,
06/02/2023 00:00,GUT,0,0,
06/02/2023 00:00,IQ,0,0,
06/02/2023 00:00,LH,0,0,
06/02/2023 00:00,MIX,70.35,4,
06/02/2023 00:00,PE,0,0,
06/02/2023 00:00,SG,0,0,
06/02/2023 00:00,TOD,365.4,1,
06/02/2023 00:00,TIN,717.15,2,
06/02/2023 00:00,TOR,99.75,5,
06/02/2023 00:00,TOTO,31.5,1,
06/02/2023 00:00,KFC,1.05,5,
06/02/2023 00:00,WSK,0,0,
06/02/2023 00:00,US,0,0,
06/02/2023 00:00,VE,0,0,
06/02/2023 00:00,VIN,0,0,
06/02/2023 00:00,WE,0,0,
07/02/2023 00:00,,0,0,
07/02/2023 00:00,,0,0,
07/02/2023 00:00,AUN,0,0,
07/02/2023 00:00,BNR,0,0,
07/02/2023 00:00,BIR,2565.15,13,
07/02/2023 00:00,BS,0,0,
07/02/2023 00:00,BZ,0,0,
07/02/2023 00:00,CCS,0,0,
07/02/2023 00:00,CAD,857.85,40,
07/02/2023 00:00,CG,2546.25,22,
07/02/2023 00:00,CMI,333.9,12,
07/02/2023 00:00,COQ,877.8,12,
07/02/2023 00:00,EC,0,0,
07/02/2023 00:00,EG,0,0,
07/02/2023 00:00,ER,0,0,
07/02/2023 00:00,SFR,0,0,
07/02/2023 00:00,GAE,1872.15,18,
07/02/2023 00:00,GUT,0,0,
07/02/2023 00:00,IQ,0,0,
07/02/2023 00:00,LH,0,0,
07/02/2023 00:00,MIX,70.35,4,
07/02/2023 00:00,PE,0,0,
07/02/2023 00:00,SG,0,0,
07/02/2023 00:00,TOD,365.4,1,
07/02/2023 00:00,TIN,717.15,2,
07/02/2023 00:00,TOR,99.75,5,
07/02/2023 00:00,TOTO,31.5,1,
07/02/2023 00:00,KFC,0,4,
07/02/2023 00:00,WSK,0,0,
07/02/2023 00:00,US,0,0,
07/02/2023 00:00,VE,0,0,
07/02/2023 00:00,VIN,0,0,
07/02/2023 00:00,WE,0,0,
08/02/2023 00:00,,0,0,
08/02/2023 00:00,,0,0,
08/02/2023 00:00,AUN,0,0,
08/02/2023 00:00,BNR,0,0,
08/02/2023 00:00,BIR,2565.15,13,
08/02/2023 00:00,BS,0,0,
08/02/2023 00:00,BZ,0,0,
08/02/2023 00:00,CCS,0,0,
08/02/2023 00:00,CAD,841.05,41,
08/02/2023 00:00,CG,3498.6,22,
08/02/2023 00:00,CMI,192.15,12,
08/02/2023 00:00,COQ,1433.25,13,
08/02/2023 00:00,EC,0,0,
08/02/2023 00:00,EG,0,0,
08/02/2023 00:00,ER,0,0,
08/02/2023 00:00,SFR,0,0,
08/02/2023 00:00,GAE,2006.55,19,
08/02/2023 00:00,GUT,0,0,
08/02/2023 00:00,IQ,0,0,
08/02/2023 00:00,LH,0,0,
08/02/2023 00:00,MIX,70.35,4,
08/02/2023 00:00,PE,0,0,
08/02/2023 00:00,SG,0,0,
08/02/2023 00:00,TOD,365.4,1,
08/02/2023 00:00,TIN,717.15,2,
08/02/2023 00:00,TOR,99.75,5,
08/02/2023 00:00,TOTO,31.5,1,
08/02/2023 00:00,KFC,0,2,
08/02/2023 00:00,WSK,0,0,
08/02/2023 00:00,US,0,0,
08/02/2023 00:00,VE,0,0,
08/02/2023 00:00,VIN,0,0,
08/02/2023 00:00,WE,0,0,
09/02/2023 00:00,,0,0,
09/02/2023 00:00,,0,0,
09/02/2023 00:00,AUN,0,0,
09/02/2023 00:00,BNR,0,0,
09/02/2023 00:00,BIR,2565.15,13,
09/02/2023 00:00,BS,0,0,
09/02/2023 00:00,BZ,0,0,
09/02/2023 00:00,CCS,0,0,
09/02/2023 00:00,CAD,725.55,44,
09/02/2023 00:00,CG,3497.55,22,
09/02/2023 00:00,CMI,192.15,11,
09/02/2023 00:00,COQ,1749.3,16,
09/02/2023 00:00,EC,0,0,
09/02/2023 00:00,EG,0,0,
09/02/2023 00:00,ER,0,0,
09/02/2023 00:00,SFR,0,0,
09/02/2023 00:00,GAE,2375.1,19,
09/02/2023 00:00,GUT,0,0,
09/02/2023 00:00,IQ,0,0,
09/02/2023 00:00,LH,0,0,
09/02/2023 00:00,MIX,70.35,4,
09/02/2023 00:00,PE,0,0,
09/02/2023 00:00,SG,0,0,
09/02/2023 00:00,TOD,613.2,2,
09/02/2023 00:00,TIN,717.15,2,
09/02/2023 00:00,TOR,105,5,
09/02/2023 00:00,TOTO,31.5,1,
09/02/2023 00:00,KFC,0,4,
09/02/2023 00:00,WSK,0,0,
09/02/2023 00:00,US,0,0,
09/02/2023 00:00,VE,0,0,
09/02/2023 00:00,VIN,0,0,
09/02/2023 00:00,WE,0,0,
10/02/2023 00:00,,0,0,
10/02/2023 00:00,,0,0,
10/02/2023 00:00,AUN,0,0,
10/02/2023 00:00,BNR,0,0,
10/02/2023 00:00,BIR,2565.15,13,
10/02/2023 00:00,BS,0,0,
10/02/2023 00:00,BZ,0,0,
10/02/2023 00:00,CCS,0,0,
10/02/2023 00:00,CAD,768.6,44,
10/02/2023 00:00,CG,4699.8,25,
10/02/2023 00:00,CMI,123.9,7,
10/02/2023 00:00,COQ,1678.95,16,
10/02/2023 00:00,EC,0,0,
10/02/2023 00:00,EG,0,0,
10/02/2023 00:00,ER,0,0,
10/02/2023 00:00,SFR,0,0,
10/02/2023 00:00,GAE,1947.75,18,
10/02/2023 00:00,GUT,0,0,
10/02/2023 00:00,IQ,0,0,
10/02/2023 00:00,LH,0,0,
10/02/2023 00:00,MIX,70.35,4,
10/02/2023 00:00,PE,0,0,
10/02/2023 00:00,SG,0,0,
10/02/2023 00:00,TOD,613.2,2,
10/02/2023 00:00,TIN,717.15,2,
10/02/2023 00:00,TOR,99.75,5,
10/02/2023 00:00,TOTO,31.5,1,
10/02/2023 00:00,KFC,5.25,4,
10/02/2023 00:00,WSK,0,0,
10/02/2023 00:00,US,0,0,
10/02/2023 00:00,VE,0,0,
10/02/2023 00:00,VIN,0,0,
10/02/2023 00:00,WE,0,0,
11/02/2023 00:00,,0,0,
11/02/2023 00:00,,0,0,
11/02/2023 00:00,AUN,0,0,
11/02/2023 00:00,BNR,0,0,
11/02/2023 00:00,BIR,2565.15,13,
11/02/2023 00:00,BS,0,0,
11/02/2023 00:00,BZ,0,0,
11/02/2023 00:00,CCS,0,0,
11/02/2023 00:00,CAD,688.8,38,
11/02/2023 00:00,CG,4699.8,25,
11/02/2023 00:00,CMI,136.5,8,
11/02/2023 00:00,COQ,1678.95,16,
11/02/2023 00:00,EC,0,0,
11/02/2023 00:00,EG,0,0,
11/02/2023 00:00,ER,0,0,
11/02/2023 00:00,SFR,0,0,
11/02/2023 00:00,GAE,2841.3,18,
11/02/2023 00:00,GUT,0,0,
11/02/2023 00:00,IQ,0,0,
11/02/2023 00:00,LH,0,0,
11/02/2023 00:00,MIX,70.35,4,
11/02/2023 00:00,PE,0,0,
11/02/2023 00:00,SG,0,0,
11/02/2023 00:00,TOD,613.2,2,
11/02/2023 00:00,TIN,717.15,2,
11/02/2023 00:00,TOR,99.75,5,
11/02/2023 00:00,TOTO,31.5,1,
11/02/2023 00:00,KFC,1.05,4,
11/02/2023 00:00,WSK,0,0,
11/02/2023 00:00,US,0,0,
11/02/2023 00:00,VE,0,0,
11/02/2023 00:00,VIN,0,0,
11/02/2023 00:00,WE,0,0,
12/02/2023 00:00,,0,0,
12/02/2023 00:00,,0,0,
12/02/2023 00:00,AUN,0,0,
12/02/2023 00:00,BNR,0,0,
12/02/2023 00:00,BIR,2565.15,13,
12/02/2023 00:00,BS,0,0,
12/02/2023 00:00,BZ,0,0,
12/02/2023 00:00,CCS,0,0,
12/02/2023 00:00,CAD,627.9,37,
12/02/2023 00:00,CG,4715.55,25,
12/02/2023 00:00,CMI,136.5,8,
12/02/2023 00:00,COQ,1678.95,16,
12/02/2023 00:00,EC,0,0,
12/02/2023 00:00,EG,0,0,
12/02/2023 00:00,ER,0,0,
12/02/2023 00:00,SFR,0,0,
12/02/2023 00:00,GAE,3285.45,20,
12/02/2023 00:00,GUT,0,0,
12/02/2023 00:00,IQ,0,0,
12/02/2023 00:00,LH,0,0,
12/02/2023 00:00,MIX,70.35,4,
12/02/2023 00:00,PE,0,0,
12/02/2023 00:00,SG,0,0,
12/02/2023 00:00,TOD,613.2,2,
12/02/2023 00:00,TIN,717.15,2,
12/02/2023 00:00,TOR,99.75,5,
12/02/2023 00:00,TOTO,31.5,1,
12/02/2023 00:00,KFC,1.05,5,
12/02/2023 00:00,WSK,0,0,
12/02/2023 00:00,US,0,0,
12/02/2023 00:00,VE,0,0,
12/02/2023 00:00,VIN,0,0,
12/02/2023 00:00,WE,0,0,
13/02/2023 00:00,,0,0,
13/02/2023 00:00,,0,0,
13/02/2023 00:00,AUN,0,0,
13/02/2023 00:00,BNR,0,0,
13/02/2023 00:00,BIR,2565.15,13,
13/02/2023 00:00,BS,0,0,
13/02/2023 00:00,BZ,0,0,
13/02/2023 00:00,CCS,0,0,
13/02/2023 00:00,CAD,862.05,38,
13/02/2023 00:00,CG,4742.85,26,
13/02/2023 00:00,CMI,136.5,8,
13/02/2023 00:00,COQ,1678.95,16,
13/02/2023 00:00,EC,0,0,
13/02/2023 00:00,EG,0,0,
13/02/2023 00:00,ER,0,0,
13/02/2023 00:00,SFR,0,0,
13/02/2023 00:00,GAE,3285.45,20,
13/02/2023 00:00,GUT,0,0,
13/02/2023 00:00,IQ,0,0,
13/02/2023 00:00,LH,0,0,
13/02/2023 00:00,MIX,70.35,4,
13/02/2023 00:00,PE,0,0,
13/02/2023 00:00,SG,0,0,
13/02/2023 00:00,TOD,365.4,1,
13/02/2023 00:00,TIN,717.15,2,
13/02/2023 00:00,TOR,99.75,5,
13/02/2023 00:00,TOTO,31.5,1,
13/02/2023 00:00,KFC,1.05,4,
13/02/2023 00:00,WSK,0,0,
13/02/2023 00:00,US,0,0,
13/02/2023 00:00,VE,0,0,
13/02/2023 00:00,VIN,0,0,
13/02/2023 00:00,WE,0,0,
14/02/2023 00:00,,0,0,
14/02/2023 00:00,,0,0,
14/02/2023 00:00,AUN,0,0,
14/02/2023 00:00,BNR,0,0,
14/02/2023 00:00,BIR,2545.2,12,
14/02/2023 00:00,BS,0,0,
14/02/2023 00:00,BZ,0,0,
14/02/2023 00:00,CCS,0,0,
14/02/2023 00:00,CAD,738.15,35,
14/02/2023 00:00,CG,4742.85,26,
14/02/2023 00:00,CMI,136.5,10,
14/02/2023 00:00,COQ,1668.45,14,
14/02/2023 00:00,EC,0,0,
14/02/2023 00:00,EG,0,0,
14/02/2023 00:00,ER,0,0,
14/02/2023 00:00,SFR,0,0,
14/02/2023 00:00,GAE,3298.05,20,
14/02/2023 00:00,GUT,0,0,
14/02/2023 00:00,IQ,0,0,
14/02/2023 00:00,LH,0,0,
14/02/2023 00:00,MIX,70.35,4,
14/02/2023 00:00,PE,0,0,
14/02/2023 00:00,SG,0,0,
14/02/2023 00:00,TOD,365.4,1,
14/02/2023 00:00,TIN,717.15,2,
14/02/2023 00:00,TOR,99.75,5,
14/02/2023 00:00,TOTO,31.5,1,
14/02/2023 00:00,KFC,1.05,4,
14/02/2023 00:00,WSK,0,0,
14/02/2023 00:00,US,0,0,
14/02/2023 00:00,VE,0,0,
14/02/2023 00:00,VIN,0,0,
14/02/2023 00:00,WE,0,0,
15/02/2023 00:00,,0,0,
15/02/2023 00:00,,0,0,
15/02/2023 00:00,AUN,0,0,
15/02/2023 00:00,BNR,0,0,
15/02/2023 00:00,BIR,2085.3,12,
15/02/2023 00:00,BS,0,0,
15/02/2023 00:00,BZ,0,0,
15/02/2023 00:00,CCS,0,0,
15/02/2023 00:00,CAD,589.05,35,
15/02/2023 00:00,CG,4742.85,26,
15/02/2023 00:00,CMI,136.5,10,
15/02/2023 00:00,COQ,1794.45,14,
15/02/2023 00:00,EC,0,0,
15/02/2023 00:00,EG,0,0,
15/02/2023 00:00,ER,0,0,
15/02/2023 00:00,SFR,0,0,
15/02/2023 00:00,GAE,3298.05,20,
15/02/2023 00:00,GUT,0,0,
15/02/2023 00:00,IQ,0,0,
15/02/2023 00:00,LH,0,0,
15/02/2023 00:00,MIX,70.35,4,
15/02/2023 00:00,PE,0,0,
15/02/2023 00:00,SG,0,0,
15/02/2023 00:00,TOD,613.2,2,
15/02/2023 00:00,TIN,717.15,2,
15/02/2023 00:00,TOR,34.65,4,
15/02/2023 00:00,TOTO,31.5,1,
15/02/2023 00:00,KFC,1.05,4,
15/02/2023 00:00,WSK,42,1,
15/02/2023 00:00,US,0,0,
15/02/2023 00:00,VE,0,0,
15/02/2023 00:00,VIN,0,0,
15/02/2023 00:00,WE,0,0,
16/02/2023 00:00,,0,0,
16/02/2023 00:00,,0,0,
16/02/2023 00:00,AUN,0,0,
16/02/2023 00:00,BNR,0,0,
16/02/2023 00:00,BIR,2085.3,12,
16/02/2023 00:00,BS,0,0,
16/02/2023 00:00,BZ,0,0,
16/02/2023 00:00,CCS,0,0,
16/02/2023 00:00,CAD,584.85,34,
16/02/2023 00:00,CG,4624.2,24,
16/02/2023 00:00,CMI,136.5,10,
16/02/2023 00:00,COQ,1801.8,17,
16/02/2023 00:00,EC,0,0,
16/02/2023 00:00,EG,0,0,
16/02/2023 00:00,ER,0,0,
16/02/2023 00:00,SFR,0,0,
16/02/2023 00:00,GAE,3335.85,20,
16/02/2023 00:00,GUT,0,0,
16/02/2023 00:00,IQ,0,0,
16/02/2023 00:00,LH,0,0,
16/02/2023 00:00,MIX,145.95,4,
16/02/2023 00:00,PE,0,0,
16/02/2023 00:00,SG,0,0,
16/02/2023 00:00,TOD,613.2,2,
16/02/2023 00:00,TIN,717.15,2,
16/02/2023 00:00,TOR,40.95,4,
16/02/2023 00:00,TOTO,31.5,1,
16/02/2023 00:00,KFC,1.05,4,
16/02/2023 00:00,WSK,42,1,
16/02/2023 00:00,US,0,0,
16/02/2023 00:00,VE,0,0,
16/02/2023 00:00,VIN,0,0,
16/02/2023 00:00,WE,0,0,
17/02/2023 00:00,,0,0,
17/02/2023 00:00,,0,0,
17/02/2023 00:00,AUN,0,0,
17/02/2023 00:00,BNR,0,0,
17/02/2023 00:00,BIR,2622.9,12,
17/02/2023 00:00,BS,0,0,
17/02/2023 00:00,BZ,0,0,
17/02/2023 00:00,CCS,0,0,
17/02/2023 00:00,CAD,592.2,35,
17/02/2023 00:00,CG,4507.65,25,
17/02/2023 00:00,CMI,136.5,10,
17/02/2023 00:00,COQ,1258.95,17,
17/02/2023 00:00,EC,0,0,
17/02/2023 00:00,EG,0,0,
17/02/2023 00:00,ER,0,0,
17/02/2023 00:00,SFR,0,0,
17/02/2023 00:00,GAE,3531.15,19,
17/02/2023 00:00,GUT,0,0,
17/02/2023 00:00,IQ,0,0,
17/02/2023 00:00,LH,0,0,
17/02/2023 00:00,MIX,70.35,4,
17/02/2023 00:00,PE,0,0,
17/02/2023 00:00,SG,0,0,
17/02/2023 00:00,TOD,613.2,2,
17/02/2023 00:00,TIN,717.15,2,
17/02/2023 00:00,TOR,179.55,6,
17/02/2023 00:00,TOTO,31.5,1,
17/02/2023 00:00,KFC,1.05,2,
17/02/2023 00:00,WSK,42,1,
17/02/2023 00:00,US,0,0,
17/02/2023 00:00,VE,0,0,
17/02/2023 00:00,VIN,0,0,
17/02/2023 00:00,WE,0,0,
18/02/2023 00:00,,0,0,
18/02/2023 00:00,,0,0,
18/02/2023 00:00,AUN,0,0,
18/02/2023 00:00,BNR,0,0,
18/02/2023 00:00,BIR,2755.2,13,
18/02/2023 00:00,BS,0,0,
18/02/2023 00:00,BZ,0,0,
18/02/2023 00:00,CCS,0,0,
18/02/2023 00:00,CAD,600.6,35,
18/02/2023 00:00,CG,4507.65,25,
18/02/2023 00:00,CMI,136.5,10,
18/02/2023 00:00,COQ,1254.75,17,
18/02/2023 00:00,EC,0,0,
18/02/2023 00:00,EG,0,0,
18/02/2023 00:00,ER,0,0,
18/02/2023 00:00,SFR,0,0,
18/02/2023 00:00,GAE,3214.05,19,
18/02/2023 00:00,GUT,0,0,
18/02/2023 00:00,IQ,0,0,
18/02/2023 00:00,LH,0,0,
18/02/2023 00:00,MIX,70.35,4,
18/02/2023 00:00,PE,0,0,
18/02/2023 00:00,SG,0,0,
18/02/2023 00:00,TOD,365.4,1,
18/02/2023 00:00,TIN,717.15,2,
18/02/2023 00:00,TOR,179.55,6,
18/02/2023 00:00,TOTO,31.5,1,
18/02/2023 00:00,KFC,1.05,5,
18/02/2023 00:00,WSK,42,1,
18/02/2023 00:00,US,0,0,
18/02/2023 00:00,VE,0,0,
18/02/2023 00:00,VIN,0,0,
18/02/2023 00:00,WE,0,0,
19/02/2023 00:00,,0,0,
19/02/2023 00:00,,0,0,
19/02/2023 00:00,AUN,0,0,
19/02/2023 00:00,BNR,0,0,
19/02/2023 00:00,BIR,2755.2,13,
19/02/2023 00:00,BS,0,0,
19/02/2023 00:00,BZ,0,0,
19/02/2023 00:00,CCS,0,0,
19/02/2023 00:00,CAD,812.7,40,
19/02/2023 00:00,CG,4507.65,25,
19/02/2023 00:00,CMI,136.5,10,
19/02/2023 00:00,COQ,1249.5,16,
19/02/2023 00:00,EC,0,0,
19/02/2023 00:00,EG,0,0,
19/02/2023 00:00,ER,0,0,
19/02/2023 00:00,SFR,0,0,
19/02/2023 00:00,GAE,3214.05,19,
19/02/2023 00:00,GUT,0,0,
19/02/2023 00:00,IQ,0,0,
19/02/2023 00:00,LH,0,0,
19/02/2023 00:00,MIX,70.35,4,
19/02/2023 00:00,PE,0,0,
19/02/2023 00:00,SG,0,0,
19/02/2023 00:00,TOD,613.2,2,
19/02/2023 00:00,TIN,717.15,2,
19/02/2023 00:00,TOR,229.95,6,
19/02/2023 00:00,TOTO,31.5,1,
19/02/2023 00:00,KFC,1.05,4,
19/02/2023 00:00,WSK,42,1,
19/02/2023 00:00,US,0,0,
19/02/2023 00:00,VE,0,0,
19/02/2023 00:00,VIN,0,0,
19/02/2023 00:00,WE,0,0,
20/02/2023 00:00,,0,0,
20/02/2023 00:00,,0,0,
20/02/2023 00:00,AUN,0,0,
20/02/2023 00:00,BNR,0,0,
20/02/2023 00:00,BIR,2755.2,13,
20/02/2023 00:00,BS,0,0,
20/02/2023 00:00,BZ,0,0,
20/02/2023 00:00,CCS,0,0,
20/02/2023 00:00,CAD,808.5,36,
20/02/2023 00:00,CG,4316.55,24,
20/02/2023 00:00,CMI,136.5,10,
20/02/2023 00:00,COQ,1241.1,16,
20/02/2023 00:00,EC,0,0,
20/02/2023 00:00,EG,0,0,
20/02/2023 00:00,ER,0,0,
20/02/2023 00:00,SFR,0,0,
20/02/2023 00:00,GAE,3214.05,19,
20/02/2023 00:00,GUT,0,0,
20/02/2023 00:00,IQ,0,0,
20/02/2023 00:00,LH,0,0,
20/02/2023 00:00,MIX,70.35,4,
20/02/2023 00:00,PE,0,0,
20/02/2023 00:00,SG,0,0,
20/02/2023 00:00,TOD,613.2,2,
20/02/2023 00:00,TIN,717.15,2,
20/02/2023 00:00,TOR,243.6,6,
20/02/2023 00:00,TOTO,31.5,1,
20/02/2023 00:00,KFC,1.05,4,
20/02/2023 00:00,WSK,42,1,
20/02/2023 00:00,US,0,0,
20/02/2023 00:00,VE,0,0,
20/02/2023 00:00,VIN,0,0,
20/02/2023 00:00,WE,0,0,
21/02/2023 00:00,,0,0,
21/02/2023 00:00,,0,0,
21/02/2023 00:00,AUN,0,0,
21/02/2023 00:00,BNR,0,0,
21/02/2023 00:00,BIR,2755.2,13,
21/02/2023 00:00,BS,0,0,
21/02/2023 00:00,BZ,0,0,
21/02/2023 00:00,CCS,0,0,
21/02/2023 00:00,CAD,725.55,37,
21/02/2023 00:00,CG,4468.8,24,
21/02/2023 00:00,CMI,136.5,10,
21/02/2023 00:00,COQ,1019.55,14,
21/02/2023 00:00,EC,0,0,
21/02/2023 00:00,EG,0,0,
21/02/2023 00:00,ER,0,0,
21/02/2023 00:00,SFR,0,0,
21/02/2023 00:00,GAE,3150,17,
21/02/2023 00:00,GUT,0,0,
21/02/2023 00:00,IQ,0,0,
21/02/2023 00:00,LH,0,0,
21/02/2023 00:00,MIX,70.35,4,
21/02/2023 00:00,PE,0,0,
21/02/2023 00:00,SG,0,0,
21/02/2023 00:00,TOD,684.6,4,
21/02/2023 00:00,TIN,717.15,2,
21/02/2023 00:00,TOR,179.55,6,
21/02/2023 00:00,TOTO,31.5,1,
21/02/2023 00:00,KFC,1.05,5,
21/02/2023 00:00,WSK,42,1,
21/02/2023 00:00,US,0,0,
21/02/2023 00:00,VE,0,0,
21/02/2023 00:00,VIN,0,0,
21/02/2023 00:00,WE,0,0,
22/02/2023 00:00,,0,0,
22/02/2023 00:00,,0,0,
22/02/2023 00:00,AUN,0,0,
22/02/2023 00:00,BNR,0,0,
22/02/2023 00:00,BIR,2755.2,13,
22/02/2023 00:00,BS,0,0,
22/02/2023 00:00,BZ,0,0,
22/02/2023 00:00,CCS,0,0,
22/02/2023 00:00,CAD,557.55,37,
22/02/2023 00:00,CG,4350.15,23,
22/02/2023 00:00,CMI,210,10,
22/02/2023 00:00,COQ,1124.55,14,
22/02/2023 00:00,EC,0,0,
22/02/2023 00:00,EG,0,0,
22/02/2023 00:00,ER,0,0,
22/02/2023 00:00,SFR,0,0,
22/02/2023 00:00,GAE,2648.1,17,
22/02/2023 00:00,GUT,0,0,
22/02/2023 00:00,IQ,0,0,
22/02/2023 00:00,LH,0,0,
22/02/2023 00:00,MIX,70.35,4,
22/02/2023 00:00,PE,0,0,
22/02/2023 00:00,SG,0,0,
22/02/2023 00:00,TOD,684.6,4,
22/02/2023 00:00,TIN,717.15,2,
22/02/2023 00:00,TOR,168,5,
22/02/2023 00:00,TOTO,31.5,1,
22/02/2023 00:00,KFC,1.05,4,
22/02/2023 00:00,WSK,574.35,1,
22/02/2023 00:00,US,0,0,
22/02/2023 00:00,VE,0,0,
22/02/2023 00:00,VIN,0,0,
22/02/2023 00:00,WE,0,0,
23/02/2023 00:00,,0,0,
23/02/2023 00:00,,0,0,
23/02/2023 00:00,AUN,0,0,
23/02/2023 00:00,BNR,0,0,
23/02/2023 00:00,BIR,2765.7,13,
23/02/2023 00:00,BS,0,0,
23/02/2023 00:00,BZ,0,0,
23/02/2023 00:00,CCS,0,0,
23/02/2023 00:00,CAD,849.45,36,
23/02/2023 00:00,CG,3774.75,23,
23/02/2023 00:00,CMI,136.5,10,
23/02/2023 00:00,COQ,1122.45,14,
23/02/2023 00:00,EC,0,0,
23/02/2023 00:00,EG,0,0,
23/02/2023 00:00,ER,0,0,
23/02/2023 00:00,SFR,0,0,
23/02/2023 00:00,GAE,3764.25,17,
23/02/2023 00:00,GUT,0,0,
23/02/2023 00:00,IQ,0,0,
23/02/2023 00:00,LH,0,0,
23/02/2023 00:00,MIX,70.35,4,
23/02/2023 00:00,PE,0,0,
23/02/2023 00:00,SG,0,0,
23/02/2023 00:00,TOD,684.6,4,
23/02/2023 00:00,TIN,717.15,2,
23/02/2023 00:00,TOR,160.65,5,
23/02/2023 00:00,TOTO,31.5,1,
23/02/2023 00:00,KFC,1.05,4,
23/02/2023 00:00,WSK,458.85,1,
23/02/2023 00:00,US,0,0,
23/02/2023 00:00,VE,0,0,
23/02/2023 00:00,VIN,0,0,
23/02/2023 00:00,WE,0,0,
24/02/2023 00:00,,0,0,
24/02/2023 00:00,,0,0,
24/02/2023 00:00,AUN,0,0,
24/02/2023 00:00,BNR,0,0,
24/02/2023 00:00,BIR,2755.2,13,
24/02/2023 00:00,BS,0,0,
24/02/2023 00:00,BZ,0,0,
24/02/2023 00:00,CCS,0,0,
24/02/2023 00:00,CAD,547.05,36,
24/02/2023 00:00,CG,4124.4,22,
24/02/2023 00:00,CMI,166.95,10,
24/02/2023 00:00,COQ,1138.2,14,
24/02/2023 00:00,EC,0,0,
24/02/2023 00:00,EG,0,0,
24/02/2023 00:00,ER,0,0,
24/02/2023 00:00,SFR,0,0,
24/02/2023 00:00,GAE,4305,18,
24/02/2023 00:00,GUT,0,0,
24/02/2023 00:00,IQ,0,0,
24/02/2023 00:00,LH,0,0,
24/02/2023 00:00,MIX,70.35,4,
24/02/2023 00:00,PE,0,0,
24/02/2023 00:00,SG,0,0,
24/02/2023 00:00,TOD,806.4,4,
24/02/2023 00:00,TIN,717.15,2,
24/02/2023 00:00,TOR,160.65,5,
24/02/2023 00:00,TOTO,31.5,1,
24/02/2023 00:00,KFC,1.05,4,
24/02/2023 00:00,WSK,42,1,
24/02/2023 00:00,US,0,0,
24/02/2023 00:00,VE,0,0,
24/02/2023 00:00,VIN,0,0,
24/02/2023 00:00,WE,0,0,
25/02/2023 00:00,,0,0,
25/02/2023 00:00,,0,0,
25/02/2023 00:00,AUN,0,0,
25/02/2023 00:00,BNR,0,0,
25/02/2023 00:00,BIR,2755.2,13,
25/02/2023 00:00,BS,0,0,
25/02/2023 00:00,BZ,0,0,
25/02/2023 00:00,CCS,0,0,
25/02/2023 00:00,CAD,753.9,36,
25/02/2023 00:00,CG,3750.6,22,
25/02/2023 00:00,CMI,136.5,10,
25/02/2023 00:00,COQ,1129.8,16,
25/02/2023 00:00,EC,0,0,
25/02/2023 00:00,EG,0,0,
25/02/2023 00:00,ER,0,0,
25/02/2023 00:00,SFR,0,0,
25/02/2023 00:00,GAE,3342.15,18,
25/02/2023 00:00,GUT,0,0,
25/02/2023 00:00,IQ,0,0,
25/02/2023 00:00,LH,0,0,
25/02/2023 00:00,MIX,70.35,4,
25/02/2023 00:00,PE,0,0,
25/02/2023 00:00,SG,0,0,
25/02/2023 00:00,TOD,684.6,4,
25/02/2023 00:00,TIN,717.15,2,
25/02/2023 00:00,TOR,160.65,5,
25/02/2023 00:00,TOTO,358.05,1,
25/02/2023 00:00,KFC,1.05,2,
25/02/2023 00:00,WSK,0,0,
25/02/2023 00:00,US,0,0,
25/02/2023 00:00,VE,0,0,
25/02/2023 00:00,VIN,0,0,
25/02/2023 00:00,WE,0,0,
26/02/2023 00:00,,0,0,
26/02/2023 00:00,,0,0,
26/02/2023 00:00,AUN,0,0,
26/02/2023 00:00,BNR,0,0,
26/02/2023 00:00,BIR,2755.2,13,
26/02/2023 00:00,BS,0,0,
26/02/2023 00:00,BZ,0,0,
26/02/2023 00:00,CCS,0,0,
26/02/2023 00:00,CAD,1152.9,36,
26/02/2023 00:00,CG,3786.3,23,
26/02/2023 00:00,CMI,160.65,10,
26/02/2023 00:00,COQ,1213.8,18,
26/02/2023 00:00,EC,0,0,
26/02/2023 00:00,EG,0,0,
26/02/2023 00:00,ER,0,0,
26/02/2023 00:00,SFR,0,0,
26/02/2023 00:00,GAE,3366.3,18,
26/02/2023 00:00,GUT,0,0,
26/02/2023 00:00,IQ,0,0,
26/02/2023 00:00,LH,0,0,
26/02/2023 00:00,MIX,70.35,4,
26/02/2023 00:00,PE,0,0,
26/02/2023 00:00,SG,0,0,
26/02/2023 00:00,TOD,684.6,4,
26/02/2023 00:00,TIN,717.15,2,
26/02/2023 00:00,TOR,160.65,5,
26/02/2023 00:00,TOTO,31.5,1,
26/02/2023 00:00,KFC,1.05,2,
26/02/2023 00:00,WSK,0,0,
26/02/2023 00:00,US,0,0,
26/02/2023 00:00,VE,0,0,
26/02/2023 00:00,VIN,0,0,
26/02/2023 00:00,WE,0,0,
27/02/2023 00:00,,0,0,
27/02/2023 00:00,,0,0,
27/02/2023 00:00,AUN,0,0,
27/02/2023 00:00,BNR,0,0,
27/02/2023 00:00,BIR,2755.2,13,
27/02/2023 00:00,BS,0,0,
27/02/2023 00:00,BZ,0,0,
27/02/2023 00:00,CCS,0,0,
27/02/2023 00:00,CAD,945,37,
27/02/2023 00:00,CG,3851.4,24,
27/02/2023 00:00,CMI,170.1,10,
27/02/2023 00:00,COQ,1286.25,19,
27/02/2023 00:00,EC,0,0,
27/02/2023 00:00,EG,0,0,
27/02/2023 00:00,ER,0,0,
27/02/2023 00:00,SFR,0,0,
27/02/2023 00:00,GAE,3365.25,18,
27/02/2023 00:00,GUT,0,0,
27/02/2023 00:00,IQ,0,0,
27/02/2023 00:00,LH,0,0,
27/02/2023 00:00,MIX,70.35,4,
27/02/2023 00:00,PE,0,0,
27/02/2023 00:00,SG,0,0,
27/02/2023 00:00,TOD,684.6,4,
27/02/2023 00:00,TIN,717.15,2,
27/02/2023 00:00,TOR,26.25,4,
27/02/2023 00:00,TOTO,31.5,1,
27/02/2023 00:00,KFC,1.05,4,
27/02/2023 00:00,WSK,0,0,
27/02/2023 00:00,US,0,0,
27/02/2023 00:00,VE,0,0,
27/02/2023 00:00,VIN,0,0,
27/02/2023 00:00,WE,0,0,
28/02/2023 00:00,,0,0,
28/02/2023 00:00,,0,0,
28/02/2023 00:00,AUN,0,0,
28/02/2023 00:00,BNR,0,0,
28/02/2023 00:00,BIR,2719.5,12,
28/02/2023 00:00,BS,0,0,
28/02/2023 00:00,BZ,0,0,
28/02/2023 00:00,CCS,0,0,
28/02/2023 00:00,CAD,985.95,36,
28/02/2023 00:00,CG,3830.4,24,
28/02/2023 00:00,CMI,136.5,10,
28/02/2023 00:00,COQ,1274.7,18,
28/02/2023 00:00,EC,0,0,
28/02/2023 00:00,EG,0,0,
28/02/2023 00:00,ER,0,0,
28/02/2023 00:00,SFR,0,0,
28/02/2023 00:00,GAE,3501.75,18,
28/02/2023 00:00,GUT,0,0,
28/02/2023 00:00,IQ,0,0,
28/02/2023 00:00,LH,0,0,
28/02/2023 00:00,MIX,70.35,4,
28/02/2023 00:00,PE,0,0,
28/02/2023 00:00,SG,0,0,
28/02/2023 00:00,TOD,684.6,4,
28/02/2023 00:00,TIN,717.15,2,
28/02/2023 00:00,TOR,26.25,4,
28/02/2023 00:00,TOTO,31.5,1,
28/02/2023 00:00,KFC,1.05,2,
28/02/2023 00:00,WSK,0,0,
28/02/2023 00:00,US,0,0,
28/02/2023 00:00,VE,0,0,
28/02/2023 00:00,VIN,0,0,
28/02/2023 00:00,WE,0,0,
01/03/2023 00:00,,0,0,
01/03/2023 00:00,,0,0,
01/03/2023 00:00,AUN,0,0,
01/03/2023 00:00,BNR,0,0,
01/03/2023 00:00,BIR,2409.75,12,
01/03/2023 00:00,BS,0,0,
01/03/2023 00:00,BZ,0,0,
01/03/2023 00:00,CCS,0,0,
01/03/2023 00:00,CAD,1283.1,37,
01/03/2023 00:00,CG,3704.4,23,
01/03/2023 00:00,CMI,165.9,10,
01/03/2023 00:00,COQ,1256.85,18,
01/03/2023 00:00,EC,0,0,
01/03/2023 00:00,EG,0,0,
01/03/2023 00:00,ER,0,0,
01/03/2023 00:00,SFR,0,0,
01/03/2023 00:00,GAE,3540.6,18,
01/03/2023 00:00,GUT,0,0,
01/03/2023 00:00,IQ,0,0,
01/03/2023 00:00,LH,0,0,
01/03/2023 00:00,MIX,70.35,4,
01/03/2023 00:00,PE,0,0,
01/03/2023 00:00,SG,0,0,
01/03/2023 00:00,TOD,684.6,4,
01/03/2023 00:00,TIN,717.15,2,
01/03/2023 00:00,TOR,140.7,2,
01/03/2023 00:00,TOTO,31.5,1,
01/03/2023 00:00,KFC,0,4,
01/03/2023 00:00,WSK,0,0,
01/03/2023 00:00,US,0,0,
01/03/2023 00:00,VE,0,0,
01/03/2023 00:00,VIN,0,0,
01/03/2023 00:00,WE,0,0,
02/03/2023 00:00,,0,0,
02/03/2023 00:00,,0,0,
02/03/2023 00:00,AUN,0,0,
02/03/2023 00:00,BNR,0,0,
02/03/2023 00:00,BIR,2409.75,12,
02/03/2023 00:00,BS,0,0,
02/03/2023 00:00,BZ,0,0,
02/03/2023 00:00,CCS,0,0,
02/03/2023 00:00,CAD,640.5,36,
02/03/2023 00:00,CG,4067.7,25,
02/03/2023 00:00,CMI,484.05,11,
02/03/2023 00:00,COQ,1251.6,18,
02/03/2023 00:00,EC,0,0,
02/03/2023 00:00,EG,0,0,
02/03/2023 00:00,ER,0,0,
02/03/2023 00:00,SFR,0,0,
02/03/2023 00:00,GAE,3314.85,18,
02/03/2023 00:00,GUT,0,0,
02/03/2023 00:00,IQ,0,0,
02/03/2023 00:00,LH,0,0,
02/03/2023 00:00,MIX,70.35,4,
02/03/2023 00:00,PE,0,0,
02/03/2023 00:00,SG,0,0,
02/03/2023 00:00,TOD,684.6,4,
02/03/2023 00:00,TIN,717.15,2,
02/03/2023 00:00,TOR,113.4,2,
02/03/2023 00:00,TOTO,31.5,2,
02/03/2023 00:00,KFC,0,4,
02/03/2023 00:00,WSK,0,0,
02/03/2023 00:00,US,0,0,
02/03/2023 00:00,VE,0,0,
02/03/2023 00:00,VIN,0,0,
02/03/2023 00:00,WE,0,0,
03/03/2023 00:00,,0,0,
03/03/2023 00:00,,0,0,
03/03/2023 00:00,AUN,0,0,
03/03/2023 00:00,BNR,0,0,
03/03/2023 00:00,BIR,2409.75,12,
03/03/2023 00:00,BS,0,0,
03/03/2023 00:00,BZ,0,0,
03/03/2023 00:00,CCS,0,0,
03/03/2023 00:00,CAD,455.7,34,
03/03/2023 00:00,CG,4176.9,25,
03/03/2023 00:00,CMI,484.05,11,
03/03/2023 00:00,COQ,1251.6,18,
03/03/2023 00:00,EC,0,0,
03/03/2023 00:00,EG,0,0,
03/03/2023 00:00,ER,0,0,
03/03/2023 00:00,SFR,0,0,
03/03/2023 00:00,GAE,2759.4,18,
03/03/2023 00:00,GUT,0,0,
03/03/2023 00:00,IQ,0,0,
03/03/2023 00:00,LH,0,0,
03/03/2023 00:00,MIX,100.8,4,
03/03/2023 00:00,PE,0,0,
03/03/2023 00:00,SG,0,0,
03/03/2023 00:00,TOD,764.4,4,
03/03/2023 00:00,TIN,717.15,2,
03/03/2023 00:00,TOR,109.2,2,
03/03/2023 00:00,TOTO,31.5,2,
03/03/2023 00:00,KFC,0,4,
03/03/2023 00:00,WSK,0,0,
03/03/2023 00:00,US,0,0,
03/03/2023 00:00,VE,0,0,
03/03/2023 00:00,VIN,0,0,
03/03/2023 00:00,WE,0,0,
04/03/2023 00:00,,0,0,
04/03/2023 00:00,,0,0,
04/03/2023 00:00,AUN,0,0,
04/03/2023 00:00,BNR,0,0,
04/03/2023 00:00,BIR,2409.75,12,
04/03/2023 00:00,BS,0,0,
04/03/2023 00:00,BZ,0,0,
04/03/2023 00:00,CCS,0,0,
04/03/2023 00:00,CAD,422.1,32,
04/03/2023 00:00,CG,4083.45,25,
04/03/2023 00:00,CMI,484.05,11,
04/03/2023 00:00,COQ,1251.6,18,
04/03/2023 00:00,EC,0,0,
04/03/2023 00:00,EG,0,0,
04/03/2023 00:00,ER,0,0,
04/03/2023 00:00,SFR,0,0,
04/03/2023 00:00,GAE,2261.7,17,
04/03/2023 00:00,GUT,0,0,
04/03/2023 00:00,IQ,0,0,
04/03/2023 00:00,LH,0,0,
04/03/2023 00:00,MIX,100.8,4,
04/03/2023 00:00,PE,0,0,
04/03/2023 00:00,SG,0,0,
04/03/2023 00:00,TOD,822.15,4,
04/03/2023 00:00,TIN,717.15,2,
04/03/2023 00:00,TOR,109.2,2,
04/03/2023 00:00,TOTO,31.5,2,
04/03/2023 00:00,KFC,0,4,
04/03/2023 00:00,WSK,0,0,
04/03/2023 00:00,US,0,0,
04/03/2023 00:00,VE,0,0,
04/03/2023 00:00,VIN,0,0,
04/03/2023 00:00,WE,0,0,
05/03/2023 00:00,,0,0,
05/03/2023 00:00,,0,0,
05/03/2023 00:00,AUN,0,0,
05/03/2023 00:00,BNR,0,0,
05/03/2023 00:00,BIR,2575.65,12,
05/03/2023 00:00,BS,0,0,
05/03/2023 00:00,BZ,0,0,
05/03/2023 00:00,CCS,0,0,
05/03/2023 00:00,CAD,366.45,28,
05/03/2023 00:00,CG,3945.9,26,
05/03/2023 00:00,CMI,484.05,11,
05/03/2023 00:00,COQ,1254.75,17,
05/03/2023 00:00,EC,0,0,
05/03/2023 00:00,EG,0,0,
05/03/2023 00:00,ER,0,0,
05/03/2023 00:00,SFR,0,0,
05/03/2023 00:00,GAE,2210.25,18,
05/03/2023 00:00,GUT,0,0,
05/03/2023 00:00,IQ,0,0,
05/03/2023 00:00,LH,0,0,
05/03/2023 00:00,MIX,100.8,4,
05/03/2023 00:00,PE,0,0,
05/03/2023 00:00,SG,0,0,
05/03/2023 00:00,TOD,684.6,4,
05/03/2023 00:00,TIN,717.15,2,
05/03/2023 00:00,TOR,15.75,1,
05/03/2023 00:00,TOTO,31.5,2,
05/03/2023 00:00,KFC,0,4,
05/03/2023 00:00,WSK,0,0,
05/03/2023 00:00,US,0,0,
05/03/2023 00:00,VE,0,0,
05/03/2023 00:00,VIN,0,0,
05/03/2023 00:00,WE,0,0,
06/03/2023 00:00,,0,0,
06/03/2023 00:00,,0,0,
06/03/2023 00:00,AUN,0,0,
06/03/2023 00:00,BNR,0,0,
06/03/2023 00:00,BIR,2409.75,12,
06/03/2023 00:00,BS,0,0,
06/03/2023 00:00,BZ,0,0,
06/03/2023 00:00,CCS,0,0,
06/03/2023 00:00,CAD,719.25,28,
06/03/2023 00:00,CG,3778.95,26,
06/03/2023 00:00,CMI,484.05,11,
06/03/2023 00:00,COQ,1245.3,14,
06/03/2023 00:00,EC,0,0,
06/03/2023 00:00,EG,0,0,
06/03/2023 00:00,ER,0,0,
06/03/2023 00:00,SFR,0,0,
06/03/2023 00:00,GAE,2320.5,18,
06/03/2023 00:00,GUT,0,0,
06/03/2023 00:00,IQ,0,0,
06/03/2023 00:00,LH,0,0,
06/03/2023 00:00,MIX,100.8,4,
06/03/2023 00:00,PE,0,0,
06/03/2023 00:00,SG,0,0,
06/03/2023 00:00,TOD,684.6,4,
06/03/2023 00:00,TIN,717.15,2,
06/03/2023 00:00,TOR,74.55,1,
06/03/2023 00:00,TOTO,31.5,2,
06/03/2023 00:00,KFC,0,4,
06/03/2023 00:00,WSK,0,0,
06/03/2023 00:00,US,0,0,
06/03/2023 00:00,VE,0,0,
06/03/2023 00:00,VIN,0,0,
06/03/2023 00:00,WE,0,0,
07/03/2023 00:00,,0,0,
07/03/2023 00:00,,0,0,
07/03/2023 00:00,AUN,0,0,
07/03/2023 00:00,BNR,0,0,
07/03/2023 00:00,BIR,2409.75,12,
07/03/2023 00:00,BS,0,0,
07/03/2023 00:00,BZ,0,0,
07/03/2023 00:00,CCS,0,0,
07/03/2023 00:00,CAD,415.8,26,
07/03/2023 00:00,CG,3820.95,28,
07/03/2023 00:00,CMI,484.05,11,
07/03/2023 00:00,COQ,1245.3,14,
07/03/2023 00:00,EC,0,0,
07/03/2023 00:00,EG,0,0,
07/03/2023 00:00,ER,0,0,
07/03/2023 00:00,SFR,0,0,
07/03/2023 00:00,GAE,2128.35,19,
07/03/2023 00:00,GUT,0,0,
07/03/2023 00:00,IQ,0,0,
07/03/2023 00:00,LH,0,0,
07/03/2023 00:00,MIX,100.8,4,
07/03/2023 00:00,PE,0,0,
07/03/2023 00:00,SG,0,0,
07/03/2023 00:00,TOD,684.6,4,
07/03/2023 00:00,TIN,717.15,2,
07/03/2023 00:00,TOR,144.9,2,
07/03/2023 00:00,TOTO,31.5,1,
07/03/2023 00:00,KFC,0,4,
07/03/2023 00:00,WSK,107.1,1,
07/03/2023 00:00,US,0,0,
07/03/2023 00:00,VE,0,0,
07/03/2023 00:00,VIN,0,0,
07/03/2023 00:00,WE,0,0,
08/03/2023 00:00,,0,0,
08/03/2023 00:00,,0,0,
08/03/2023 00:00,AUN,0,0,
08/03/2023 00:00,BNR,0,0,
08/03/2023 00:00,BIR,2409.75,12,
08/03/2023 00:00,BS,0,0,
08/03/2023 00:00,BZ,0,0,
08/03/2023 00:00,CCS,0,0,
08/03/2023 00:00,CAD,405.3,26,
08/03/2023 00:00,CG,3915.45,28,
08/03/2023 00:00,CMI,484.05,11,
08/03/2023 00:00,COQ,1245.3,14,
08/03/2023 00:00,EC,0,0,
08/03/2023 00:00,EG,0,0,
08/03/2023 00:00,ER,0,0,
08/03/2023 00:00,SFR,0,0,
08/03/2023 00:00,GAE,2415,20,
08/03/2023 00:00,GUT,0,0,
08/03/2023 00:00,IQ,0,0,
08/03/2023 00:00,LH,0,0,
08/03/2023 00:00,MIX,100.8,4,
08/03/2023 00:00,PE,0,0,
08/03/2023 00:00,SG,0,0,
08/03/2023 00:00,TOD,684.6,4,
08/03/2023 00:00,TIN,717.15,2,
08/03/2023 00:00,TOR,144.9,2,
08/03/2023 00:00,TOTO,31.5,1,
08/03/2023 00:00,KFC,0,5,
08/03/2023 00:00,WSK,136.5,1,
08/03/2023 00:00,US,0,0,
08/03/2023 00:00,VE,0,0,
08/03/2023 00:00,VIN,0,0,
08/03/2023 00:00,WE,0,0,
09/03/2023 00:00,,0,0,
09/03/2023 00:00,,0,0,
09/03/2023 00:00,AUN,0,0,
09/03/2023 00:00,BNR,0,0,
09/03/2023 00:00,BIR,2409.75,12,
09/03/2023 00:00,BS,0,0,
09/03/2023 00:00,BZ,0,0,
09/03/2023 00:00,CCS,0,0,
09/03/2023 00:00,CAD,425.25,25,
09/03/2023 00:00,CG,3820.95,28,
09/03/2023 00:00,CMI,616.35,11,
09/03/2023 00:00,COQ,1245.3,14,
09/03/2023 00:00,EC,0,0,
09/03/2023 00:00,EG,0,0,
09/03/2023 00:00,ER,0,0,
09/03/2023 00:00,SFR,0,0,
09/03/2023 00:00,GAE,2180.85,17,
09/03/2023 00:00,GUT,0,0,
09/03/2023 00:00,IQ,0,0,
09/03/2023 00:00,LH,0,0,
09/03/2023 00:00,MIX,100.8,4,
09/03/2023 00:00,PE,0,0,
09/03/2023 00:00,SG,0,0,
09/03/2023 00:00,TOD,684.6,4,
09/03/2023 00:00,TIN,717.15,2,
09/03/2023 00:00,TOR,144.9,2,
09/03/2023 00:00,TOTO,31.5,1,
09/03/2023 00:00,KFC,0,4,
09/03/2023 00:00,WSK,170.1,2,
09/03/2023 00:00,US,0,0,
09/03/2023 00:00,VE,0,0,
09/03/2023 00:00,VIN,0,0,
09/03/2023 00:00,WE,0,0,
10/03/2023 00:00,,0,0,
10/03/2023 00:00,,0,0,
10/03/2023 00:00,AUN,0,0,
10/03/2023 00:00,BNR,0,0,
10/03/2023 00:00,BIR,2409.75,12,
10/03/2023 00:00,BS,0,0,
10/03/2023 00:00,BZ,0,0,
10/03/2023 00:00,CCS,0,0,
10/03/2023 00:00,CAD,475.65,25,
10/03/2023 00:00,CG,3786.3,26,
10/03/2023 00:00,CMI,542.85,11,
10/03/2023 00:00,COQ,1245.3,14,
10/03/2023 00:00,EC,0,0,
10/03/2023 00:00,EG,0,0,
10/03/2023 00:00,ER,0,0,
10/03/2023 00:00,SFR,0,0,
10/03/2023 00:00,GAE,1373.4,16,
10/03/2023 00:00,GUT,0,0,
10/03/2023 00:00,IQ,0,0,
10/03/2023 00:00,LH,0,0,
10/03/2023 00:00,MIX,100.8,4,
10/03/2023 00:00,PE,0,0,
10/03/2023 00:00,SG,0,0,
10/03/2023 00:00,TOD,684.6,4,
10/03/2023 00:00,TIN,717.15,2,
10/03/2023 00:00,TOR,144.9,2,
10/03/2023 00:00,TOTO,31.5,1,
10/03/2023 00:00,KFC,0,5,
10/03/2023 00:00,WSK,163.8,1,
10/03/2023 00:00,US,0,0,
10/03/2023 00:00,VE,0,0,
10/03/2023 00:00,VIN,0,0,
10/03/2023 00:00,WE,0,0,
11/03/2023 00:00,,0,0,
11/03/2023 00:00,,0,0,
11/03/2023 00:00,AUN,0,0,
11/03/2023 00:00,BNR,0,0,
11/03/2023 00:00,BIR,2409.75,12,
11/03/2023 00:00,BS,0,0,
11/03/2023 00:00,BZ,0,0,
11/03/2023 00:00,CCS,0,0,
11/03/2023 00:00,CAD,534.45,26,
11/03/2023 00:00,CG,3788.4,26,
11/03/2023 00:00,CMI,1047.9,12,
11/03/2023 00:00,COQ,1245.3,14,
11/03/2023 00:00,EC,0,0,
11/03/2023 00:00,EG,0,0,
11/03/2023 00:00,ER,0,0,
11/03/2023 00:00,SFR,0,0,
11/03/2023 00:00,GAE,1351.35,16,
11/03/2023 00:00,GUT,0,0,
11/03/2023 00:00,IQ,0,0,
11/03/2023 00:00,LH,0,0,
11/03/2023 00:00,MIX,100.8,4,
11/03/2023 00:00,PE,0,0,
11/03/2023 00:00,SG,0,0,
11/03/2023 00:00,TOD,715.05,4,
11/03/2023 00:00,TIN,717.15,2,
11/03/2023 00:00,TOR,144.9,2,
11/03/2023 00:00,TOTO,31.5,1,
11/03/2023 00:00,KFC,0,5,
11/03/2023 00:00,WSK,189,2,
11/03/2023 00:00,US,0,0,
11/03/2023 00:00,VE,0,0,
11/03/2023 00:00,VIN,0,0,
11/03/2023 00:00,WE,0,0,
12/03/2023 00:00,,0,0,
12/03/2023 00:00,,0,0,
12/03/2023 00:00,AUN,0,0,
12/03/2023 00:00,BNR,0,0,
12/03/2023 00:00,BIR,2409.75,12,
12/03/2023 00:00,BS,0,0,
12/03/2023 00:00,BZ,0,0,
12/03/2023 00:00,CCS,0,0,
12/03/2023 00:00,CAD,687.75,25,
12/03/2023 00:00,CG,3979.5,28,
12/03/2023 00:00,CMI,672,11,
12/03/2023 00:00,COQ,1245.3,14,
12/03/2023 00:00,EC,0,0,
12/03/2023 00:00,EG,0,0,
12/03/2023 00:00,ER,0,0,
12/03/2023 00:00,SFR,0,0,
12/03/2023 00:00,GAE,1382.85,14,
12/03/2023 00:00,GUT,0,0,
12/03/2023 00:00,IQ,0,0,
12/03/2023 00:00,LH,0,0,
12/03/2023 00:00,MIX,100.8,4,
12/03/2023 00:00,PE,0,0,
12/03/2023 00:00,SG,0,0,
12/03/2023 00:00,TOD,710.85,4,
12/03/2023 00:00,TIN,717.15,2,
12/03/2023 00:00,TOR,144.9,2,
12/03/2023 00:00,TOTO,31.5,1,
12/03/2023 00:00,KFC,0,5,
12/03/2023 00:00,WSK,196.35,4,
12/03/2023 00:00,US,0,0,
12/03/2023 00:00,VE,0,0,
12/03/2023 00:00,VIN,0,0,
12/03/2023 00:00,WE,0,0,
13/03/2023 00:00,,0,0,
13/03/2023 00:00,,0,0,
13/03/2023 00:00,AUN,0,0,
13/03/2023 00:00,BNR,0,0,
13/03/2023 00:00,BIR,2409.75,12,
13/03/2023 00:00,BS,0,0,
13/03/2023 00:00,BZ,0,0,
13/03/2023 00:00,CCS,0,0,
13/03/2023 00:00,CAD,454.65,22,
13/03/2023 00:00,CG,4683,28,
13/03/2023 00:00,CMI,703.5,11,
13/03/2023 00:00,COQ,1245.3,14,
13/03/2023 00:00,EC,0,0,
13/03/2023 00:00,EG,0,0,
13/03/2023 00:00,ER,0,0,
13/03/2023 00:00,SFR,0,0,
13/03/2023 00:00,GAE,1451.1,13,
13/03/2023 00:00,GUT,0,0,
13/03/2023 00:00,IQ,0,0,
13/03/2023 00:00,LH,0,0,
13/03/2023 00:00,MIX,100.8,4,
13/03/2023 00:00,PE,0,0,
13/03/2023 00:00,SG,0,0,
13/03/2023 00:00,TOD,684.6,4,
13/03/2023 00:00,TIN,656.25,1,
13/03/2023 00:00,TOR,144.9,2,
13/03/2023 00:00,TOTO,31.5,1,
13/03/2023 00:00,KFC,0,4,
13/03/2023 00:00,WSK,195.3,2,
13/03/2023 00:00,US,0,0,
13/03/2023 00:00,VE,0,0,
13/03/2023 00:00,VIN,0,0,
13/03/2023 00:00,WE,0,0,
14/03/2023 00:00,,0,0,
14/03/2023 00:00,,0,0,
14/03/2023 00:00,AUN,0,0,
14/03/2023 00:00,BNR,0,0,
14/03/2023 00:00,BIR,2409.75,12,
14/03/2023 00:00,BS,0,0,
14/03/2023 00:00,BZ,0,0,
14/03/2023 00:00,CCS,0,0,
14/03/2023 00:00,CAD,439.95,23,
14/03/2023 00:00,CG,4580.1,29,
14/03/2023 00:00,CMI,620.55,14,
14/03/2023 00:00,COQ,1251.6,14,
14/03/2023 00:00,EC,0,0,
14/03/2023 00:00,EG,0,0,
14/03/2023 00:00,ER,0,0,
14/03/2023 00:00,SFR,0,0,
14/03/2023 00:00,GAE,1634.85,16,
14/03/2023 00:00,GUT,0,0,
14/03/2023 00:00,IQ,0,0,
14/03/2023 00:00,LH,0,0,
14/03/2023 00:00,MIX,100.8,4,
14/03/2023 00:00,PE,0,0,
14/03/2023 00:00,SG,0,0,
14/03/2023 00:00,TOD,684.6,4,
14/03/2023 00:00,TIN,554.4,1,
14/03/2023 00:00,TOR,144.9,2,
14/03/2023 00:00,TOTO,31.5,1,
14/03/2023 00:00,KFC,0,4,
14/03/2023 00:00,WSK,196.35,4,
14/03/2023 00:00,US,0,0,
14/03/2023 00:00,VE,0,0,
14/03/2023 00:00,VIN,0,0,
14/03/2023 00:00,WE,0,0,
15/03/2023 00:00,,0,0,
15/03/2023 00:00,,0,0,
15/03/2023 00:00,AUN,0,0,
15/03/2023 00:00,BNR,0,0,
15/03/2023 00:00,BIR,2409.75,12,
15/03/2023 00:00,BS,0,0,
15/03/2023 00:00,BZ,0,0,
15/03/2023 00:00,CCS,0,0,
15/03/2023 00:00,CAD,494.55,26,
15/03/2023 00:00,CG,4644.15,30,
15/03/2023 00:00,CMI,620.55,14,
15/03/2023 00:00,COQ,1246.35,14,
15/03/2023 00:00,EC,0,0,
15/03/2023 00:00,EG,0,0,
15/03/2023 00:00,ER,0,0,
15/03/2023 00:00,SFR,0,0,
15/03/2023 00:00,GAE,1758.75,14,
15/03/2023 00:00,GUT,0,0,
15/03/2023 00:00,IQ,0,0,
15/03/2023 00:00,LH,0,0,
15/03/2023 00:00,MIX,100.8,4,
15/03/2023 00:00,PE,0,0,
15/03/2023 00:00,SG,0,0,
15/03/2023 00:00,TOD,684.6,4,
15/03/2023 00:00,TIN,554.4,1,
15/03/2023 00:00,TOR,144.9,2,
15/03/2023 00:00,TOTO,31.5,1,
15/03/2023 00:00,KFC,0,2,
15/03/2023 00:00,WSK,196.35,4,
15/03/2023 00:00,US,0,0,
15/03/2023 00:00,VE,0,0,
15/03/2023 00:00,VIN,0,0,
15/03/2023 00:00,WE,0,0,
16/03/2023 00:00,,0,0,
16/03/2023 00:00,,0,0,
16/03/2023 00:00,AUN,0,0,
16/03/2023 00:00,BNR,0,0,
16/03/2023 00:00,BIR,2409.75,12,
16/03/2023 00:00,BS,0,0,
16/03/2023 00:00,BZ,0,0,
16/03/2023 00:00,CCS,0,0,
16/03/2023 00:00,CAD,341.25,30,
16/03/2023 00:00,CG,4846.8,30,
16/03/2023 00:00,CMI,620.55,14,
16/03/2023 00:00,COQ,1245.3,14,
16/03/2023 00:00,EC,0,0,
16/03/2023 00:00,EG,0,0,
16/03/2023 00:00,ER,0,0,
16/03/2023 00:00,SFR,0,0,
16/03/2023 00:00,GAE,2007.6,17,
16/03/2023 00:00,GUT,0,0,
16/03/2023 00:00,IQ,0,0,
16/03/2023 00:00,LH,0,0,
16/03/2023 00:00,MIX,100.8,4,
16/03/2023 00:00,PE,0,0,
16/03/2023 00:00,SG,0,0,
16/03/2023 00:00,TOD,684.6,4,
16/03/2023 00:00,TIN,554.4,1,
16/03/2023 00:00,TOR,66.15,1,
16/03/2023 00:00,TOTO,31.5,1,
16/03/2023 00:00,KFC,1.05,4,
16/03/2023 00:00,WSK,196.35,4,
16/03/2023 00:00,US,0,0,
16/03/2023 00:00,VE,0,0,
16/03/2023 00:00,VIN,0,0,
16/03/2023 00:00,WE,0,0,
17/03/2023 00:00,,0,0,
17/03/2023 00:00,,0,0,
17/03/2023 00:00,AUN,0,0,
17/03/2023 00:00,BNR,0,0,
17/03/2023 00:00,BIR,2049.6,11,
17/03/2023 00:00,BS,0,0,
17/03/2023 00:00,BZ,0,0,
17/03/2023 00:00,CCS,0,0,
17/03/2023 00:00,CAD,433.65,29,
17/03/2023 00:00,CG,4580.1,30,
17/03/2023 00:00,CMI,680.4,14,
17/03/2023 00:00,COQ,1245.3,14,
17/03/2023 00:00,EC,0,0,
17/03/2023 00:00,EG,0,0,
17/03/2023 00:00,ER,0,0,
17/03/2023 00:00,SFR,0,0,
17/03/2023 00:00,GAE,2007.6,17,
17/03/2023 00:00,GUT,0,0,
17/03/2023 00:00,IQ,0,0,
17/03/2023 00:00,LH,0,0,
17/03/2023 00:00,MIX,100.8,4,
17/03/2023 00:00,PE,0,0,
17/03/2023 00:00,SG,0,0,
17/03/2023 00:00,TOD,684.6,4,
17/03/2023 00:00,TIN,554.4,1,
17/03/2023 00:00,TOR,11.55,1,
17/03/2023 00:00,TOTO,31.5,1,
17/03/2023 00:00,KFC,0,1,
17/03/2023 00:00,WSK,196.35,4,
17/03/2023 00:00,US,0,0,
17/03/2023 00:00,VE,0,0,
17/03/2023 00:00,VIN,0,0,
17/03/2023 00:00,WE,0,0,
18/03/2023 00:00,,0,0,
18/03/2023 00:00,,0,0,
18/03/2023 00:00,AUN,0,0,
18/03/2023 00:00,BNR,0,0,
18/03/2023 00:00,BIR,2049.6,11,
18/03/2023 00:00,BS,0,0,
18/03/2023 00:00,BZ,0,0,
18/03/2023 00:00,CCS,0,0,
18/03/2023 00:00,CAD,562.8,31,
18/03/2023 00:00,CG,4497.15,29,
18/03/2023 00:00,CMI,712.95,16,
18/03/2023 00:00,COQ,1262.1,14,
18/03/2023 00:00,EC,0,0,
18/03/2023 00:00,EG,0,0,
18/03/2023 00:00,ER,0,0,
18/03/2023 00:00,SFR,0,0,
18/03/2023 00:00,GAE,2007.6,17,
18/03/2023 00:00,GUT,0,0,
18/03/2023 00:00,IQ,0,0,
18/03/2023 00:00,LH,0,0,
18/03/2023 00:00,MIX,100.8,4,
18/03/2023 00:00,PE,0,0,
18/03/2023 00:00,SG,0,0,
18/03/2023 00:00,TOD,684.6,4,
18/03/2023 00:00,TIN,554.4,1,
18/03/2023 00:00,TOR,11.55,1,
18/03/2023 00:00,TOTO,31.5,1,
18/03/2023 00:00,KFC,0,0,
18/03/2023 00:00,WSK,196.35,4,
18/03/2023 00:00,US,0,0,
18/03/2023 00:00,VE,0,0,
18/03/2023 00:00,VIN,0,0,
18/03/2023 00:00,WE,0,0,
19/03/2023 00:00,,0,0,
19/03/2023 00:00,,0,0,
19/03/2023 00:00,AUN,0,0,
19/03/2023 00:00,BNR,0,0,
19/03/2023 00:00,BIR,2049.6,11,
19/03/2023 00:00,BS,0,0,
19/03/2023 00:00,BZ,0,0,
19/03/2023 00:00,CCS,0,0,
19/03/2023 00:00,CAD,416.85,34,
19/03/2023 00:00,CG,4324.95,30,
19/03/2023 00:00,CMI,670.95,16,
19/03/2023 00:00,COQ,1245.3,14,
19/03/2023 00:00,EC,0,0,
19/03/2023 00:00,EG,0,0,
19/03/2023 00:00,ER,0,0,
19/03/2023 00:00,SFR,0,0,
19/03/2023 00:00,GAE,2007.6,17,
19/03/2023 00:00,GUT,0,0,
19/03/2023 00:00,IQ,0,0,
19/03/2023 00:00,LH,0,0,
19/03/2023 00:00,MIX,100.8,4,
19/03/2023 00:00,PE,0,0,
19/03/2023 00:00,SG,0,0,
19/03/2023 00:00,TOD,684.6,4,
19/03/2023 00:00,TIN,554.4,1,
19/03/2023 00:00,TOR,11.55,1,
19/03/2023 00:00,TOTO,31.5,1,
19/03/2023 00:00,KFC,0,0,
19/03/2023 00:00,WSK,196.35,4,
19/03/2023 00:00,US,0,0,
19/03/2023 00:00,VE,0,0,
19/03/2023 00:00,VIN,0,0,
19/03/2023 00:00,WE,0,0,
20/03/2023 00:00,,0,0,
20/03/2023 00:00,,0,0,
20/03/2023 00:00,AUN,0,0,
20/03/2023 00:00,BNR,0,0,
20/03/2023 00:00,BIR,2049.6,11,
20/03/2023 00:00,BS,0,0,
20/03/2023 00:00,BZ,0,0,
20/03/2023 00:00,CCS,0,0,
20/03/2023 00:00,CAD,428.4,36,
20/03/2023 00:00,CG,4356.45,30,
20/03/2023 00:00,CMI,581.7,16,
20/03/2023 00:00,COQ,1245.3,14,
20/03/2023 00:00,EC,0,0,
20/03/2023 00:00,EG,0,0,
20/03/2023 00:00,ER,0,0,
20/03/2023 00:00,SFR,0,0,
20/03/2023 00:00,GAE,1996.05,16,
20/03/2023 00:00,GUT,0,0,
20/03/2023 00:00,IQ,0,0,
20/03/2023 00:00,LH,0,0,
20/03/2023 00:00,MIX,100.8,4,
20/03/2023 00:00,PE,0,0,
20/03/2023 00:00,SG,0,0,
20/03/2023 00:00,TOD,684.6,4,
20/03/2023 00:00,TIN,554.4,1,
20/03/2023 00:00,TOR,11.55,1,
20/03/2023 00:00,TOTO,31.5,1,
20/03/2023 00:00,KFC,3.15,4,
20/03/2023 00:00,WSK,196.35,4,
20/03/2023 00:00,US,0,0,
20/03/2023 00:00,VE,0,0,
20/03/2023 00:00,VIN,0,0,
20/03/2023 00:00,WE,0,0,
21/03/2023 00:00,,0,0,
21/03/2023 00:00,,0,0,
21/03/2023 00:00,AUN,0,0,
21/03/2023 00:00,BNR,0,0,
21/03/2023 00:00,BIR,2049.6,11,
21/03/2023 00:00,BS,0,0,
21/03/2023 00:00,BZ,0,0,
21/03/2023 00:00,CCS,0,0,
21/03/2023 00:00,CAD,408.45,34,
21/03/2023 00:00,CG,4444.65,23,
21/03/2023 00:00,CMI,232.05,13,
21/03/2023 00:00,COQ,1245.3,16,
21/03/2023 00:00,EC,0,0,
21/03/2023 00:00,EG,0,0,
21/03/2023 00:00,ER,0,0,
21/03/2023 00:00,SFR,0,0,
21/03/2023 00:00,GAE,1439.55,13,
21/03/2023 00:00,GUT,0,0,
21/03/2023 00:00,IQ,0,0,
21/03/2023 00:00,LH,0,0,
21/03/2023 00:00,MIX,100.8,4,
21/03/2023 00:00,PE,0,0,
21/03/2023 00:00,SG,0,0,
21/03/2023 00:00,TOD,684.6,4,
21/03/2023 00:00,TIN,554.4,1,
21/03/2023 00:00,TOR,39.9,1,
21/03/2023 00:00,TOTO,31.5,1,
21/03/2023 00:00,KFC,6.3,5,
21/03/2023 00:00,WSK,196.35,4,
21/03/2023 00:00,US,0,0,
21/03/2023 00:00,VE,0,0,
21/03/2023 00:00,VIN,0,0,
21/03/2023 00:00,WE,0,0,
22/03/2023 00:00,,0,0,
22/03/2023 00:00,,0,0,
22/03/2023 00:00,AUN,0,0,
22/03/2023 00:00,BNR,0,0,
22/03/2023 00:00,BIR,2049.6,11,
22/03/2023 00:00,BS,0,0,
22/03/2023 00:00,BZ,0,0,
22/03/2023 00:00,CCS,0,0,
22/03/2023 00:00,CAD,472.5,34,
22/03/2023 00:00,CG,5205.9,30,
22/03/2023 00:00,CMI,795.9,13,
22/03/2023 00:00,COQ,1264.2,16,
22/03/2023 00:00,EC,0,0,
22/03/2023 00:00,EG,0,0,
22/03/2023 00:00,ER,0,0,
22/03/2023 00:00,SFR,0,0,
22/03/2023 00:00,GAE,2029.65,17,
22/03/2023 00:00,GUT,0,0,
22/03/2023 00:00,IQ,0,0,
22/03/2023 00:00,LH,0,0,
22/03/2023 00:00,MIX,100.8,4,
22/03/2023 00:00,PE,0,0,
22/03/2023 00:00,SG,0,0,
22/03/2023 00:00,TOD,684.6,4,
22/03/2023 00:00,TIN,554.4,1,
22/03/2023 00:00,TOR,57.75,2,
22/03/2023 00:00,TOTO,31.5,1,
22/03/2023 00:00,KFC,6.3,5,
22/03/2023 00:00,WSK,196.35,4,
22/03/2023 00:00,US,0,0,
22/03/2023 00:00,VE,0,0,
22/03/2023 00:00,VIN,0,0,
22/03/2023 00:00,WE,0,0,
23/03/2023 00:00,,0,0,
23/03/2023 00:00,,0,0,
23/03/2023 00:00,AUN,0,0,
23/03/2023 00:00,BNR,0,0,
23/03/2023 00:00,BIR,2049.6,11,
23/03/2023 00:00,BS,0,0,
23/03/2023 00:00,BZ,0,0,
23/03/2023 00:00,CCS,0,0,
23/03/2023 00:00,CAD,466.2,31,
23/03/2023 00:00,CG,5205.9,31,
23/03/2023 00:00,CMI,302.4,14,
23/03/2023 00:00,COQ,1266.3,17,
23/03/2023 00:00,EC,0,0,
23/03/2023 00:00,EG,0,0,
23/03/2023 00:00,ER,0,0,
23/03/2023 00:00,SFR,0,0,
23/03/2023 00:00,GAE,2058,16,
23/03/2023 00:00,GUT,0,0,
23/03/2023 00:00,IQ,0,0,
23/03/2023 00:00,LH,0,0,
23/03/2023 00:00,MIX,101.85,5,
23/03/2023 00:00,PE,0,0,
23/03/2023 00:00,SG,0,0,
23/03/2023 00:00,TOD,684.6,4,
23/03/2023 00:00,TIN,554.4,1,
23/03/2023 00:00,TOR,57.75,2,
23/03/2023 00:00,TOTO,31.5,1,
23/03/2023 00:00,KFC,1.05,4,
23/03/2023 00:00,WSK,185.85,2,
23/03/2023 00:00,US,0,0,
23/03/2023 00:00,VE,0,0,
23/03/2023 00:00,VIN,0,0,
23/03/2023 00:00,WE,0,0,
24/03/2023 00:00,,0,0,
24/03/2023 00:00,,0,0,
24/03/2023 00:00,AUN,0,0,
24/03/2023 00:00,BNR,0,0,
24/03/2023 00:00,BIR,2049.6,11,
24/03/2023 00:00,BS,0,0,
24/03/2023 00:00,BZ,0,0,
24/03/2023 00:00,CCS,0,0,
24/03/2023 00:00,CAD,480.9,32,
24/03/2023 00:00,CG,5322.45,31,
24/03/2023 00:00,CMI,327.6,14,
24/03/2023 00:00,COQ,1266.3,17,
24/03/2023 00:00,EC,0,0,
24/03/2023 00:00,EG,0,0,
24/03/2023 00:00,ER,0,0,
24/03/2023 00:00,SFR,0,0,
24/03/2023 00:00,GAE,2318.4,20,
24/03/2023 00:00,GUT,0,0,
24/03/2023 00:00,IQ,0,0,
24/03/2023 00:00,LH,0,0,
24/03/2023 00:00,MIX,101.85,5,
24/03/2023 00:00,PE,0,0,
24/03/2023 00:00,SG,0,0,
24/03/2023 00:00,TOD,684.6,4,
24/03/2023 00:00,TIN,554.4,1,
24/03/2023 00:00,TOR,57.75,2,
24/03/2023 00:00,TOTO,31.5,1,
24/03/2023 00:00,KFC,1.05,4,
24/03/2023 00:00,WSK,223.65,2,
24/03/2023 00:00,US,0,0,
24/03/2023 00:00,VE,0,0,
24/03/2023 00:00,VIN,0,0,
24/03/2023 00:00,WE,0,0,
25/03/2023 00:00,,0,0,
25/03/2023 00:00,,0,0,
25/03/2023 00:00,AUN,0,0,
25/03/2023 00:00,BNR,0,0,
25/03/2023 00:00,BIR,2049.6,11,
25/03/2023 00:00,BS,0,0,
25/03/2023 00:00,BZ,0,0,
25/03/2023 00:00,CCS,0,0,
25/03/2023 00:00,CAD,365.4,30,
25/03/2023 00:00,CG,5246.85,31,
25/03/2023 00:00,CMI,474.6,14,
25/03/2023 00:00,COQ,1266.3,17,
25/03/2023 00:00,EC,0,0,
25/03/2023 00:00,EG,0,0,
25/03/2023 00:00,ER,0,0,
25/03/2023 00:00,SFR,0,0,
25/03/2023 00:00,GAE,2058,19,
25/03/2023 00:00,GUT,0,0,
25/03/2023 00:00,IQ,0,0,
25/03/2023 00:00,LH,0,0,
25/03/2023 00:00,MIX,101.85,5,
25/03/2023 00:00,PE,0,0,
25/03/2023 00:00,SG,0,0,
25/03/2023 00:00,TOD,684.6,4,
25/03/2023 00:00,TIN,554.4,1,
25/03/2023 00:00,TOR,57.75,2,
25/03/2023 00:00,TOTO,31.5,1,
25/03/2023 00:00,KFC,1.05,4,
25/03/2023 00:00,WSK,262.5,4,
25/03/2023 00:00,US,0,0,
25/03/2023 00:00,VE,0,0,
25/03/2023 00:00,VIN,0,0,
25/03/2023 00:00,WE,0,0,
26/03/2023 00:00,,0,0,
26/03/2023 00:00,,0,0,
26/03/2023 00:00,AUN,0,0,
26/03/2023 00:00,BNR,0,0,
26/03/2023 00:00,BIR,2049.6,11,
26/03/2023 00:00,BS,0,0,
26/03/2023 00:00,BZ,0,0,
26/03/2023 00:00,CCS,0,0,
26/03/2023 00:00,CAD,386.4,31,
26/03/2023 00:00,CG,5174.4,31,
26/03/2023 00:00,CMI,302.4,14,
26/03/2023 00:00,COQ,1264.2,16,
26/03/2023 00:00,EC,0,0,
26/03/2023 00:00,EG,0,0,
26/03/2023 00:00,ER,0,0,
26/03/2023 00:00,SFR,0,0,
26/03/2023 00:00,GAE,2019.15,19,
26/03/2023 00:00,GUT,0,0,
26/03/2023 00:00,IQ,0,0,
26/03/2023 00:00,LH,0,0,
26/03/2023 00:00,MIX,101.85,5,
26/03/2023 00:00,PE,0,0,
26/03/2023 00:00,SG,0,0,
26/03/2023 00:00,TOD,684.6,4,
26/03/2023 00:00,TIN,554.4,1,
26/03/2023 00:00,TOR,12.6,1,
26/03/2023 00:00,TOTO,31.5,2,
26/03/2023 00:00,KFC,1.05,4,
26/03/2023 00:00,WSK,0,0,
26/03/2023 00:00,US,0,0,
26/03/2023 00:00,VE,0,0,
26/03/2023 00:00,VIN,0,0,
26/03/2023 00:00,WE,0,0,
27/03/2023 00:00,,0,0,
27/03/2023 00:00,,0,0,
27/03/2023 00:00,AUN,0,0,
27/03/2023 00:00,BNR,0,0,
27/03/2023 00:00,BIR,2049.6,11,
27/03/2023 00:00,BS,0,0,
27/03/2023 00:00,BZ,0,0,
27/03/2023 00:00,CCS,0,0,
27/03/2023 00:00,CAD,494.55,31,
27/03/2023 00:00,CG,5162.85,31,
27/03/2023 00:00,CMI,436.8,13,
27/03/2023 00:00,COQ,1329.3,18,
27/03/2023 00:00,EC,0,0,
27/03/2023 00:00,EG,0,0,
27/03/2023 00:00,ER,0,0,
27/03/2023 00:00,SFR,0,0,
27/03/2023 00:00,GAE,1909.95,17,
27/03/2023 00:00,GUT,0,0,
27/03/2023 00:00,IQ,0,0,
27/03/2023 00:00,LH,0,0,
27/03/2023 00:00,MIX,101.85,5,
27/03/2023 00:00,PE,0,0,
27/03/2023 00:00,SG,0,0,
27/03/2023 00:00,TOD,684.6,4,
27/03/2023 00:00,TIN,554.4,1,
27/03/2023 00:00,TOR,11.55,1,
27/03/2023 00:00,TOTO,31.5,1,
27/03/2023 00:00,KFC,1.05,4,
27/03/2023 00:00,WSK,0,0,
27/03/2023 00:00,US,0,0,
27/03/2023 00:00,VE,0,0,
27/03/2023 00:00,VIN,0,0,
27/03/2023 00:00,WE,0,0,
28/03/2023 00:00,,0,0,
28/03/2023 00:00,,0,0,
28/03/2023 00:00,AUN,0,0,
28/03/2023 00:00,BNR,0,0,
28/03/2023 00:00,BIR,2027.55,10,
28/03/2023 00:00,BS,0,0,
28/03/2023 00:00,BZ,0,0,
28/03/2023 00:00,CCS,0,0,
28/03/2023 00:00,CAD,558.6,31,
28/03/2023 00:00,CG,5385.45,29,
28/03/2023 00:00,CMI,279.3,13,
28/03/2023 00:00,COQ,1239,17,
28/03/2023 00:00,EC,0,0,
28/03/2023 00:00,EG,0,0,
28/03/2023 00:00,ER,0,0,
28/03/2023 00:00,SFR,0,0,
28/03/2023 00:00,GAE,2271.15,18,
28/03/2023 00:00,GUT,0,0,
28/03/2023 00:00,IQ,0,0,
28/03/2023 00:00,LH,0,0,
28/03/2023 00:00,MIX,101.85,5,
28/03/2023 00:00,PE,0,0,
28/03/2023 00:00,SG,0,0,
28/03/2023 00:00,TOD,684.6,4,
28/03/2023 00:00,TIN,554.4,1,
28/03/2023 00:00,TOR,15.75,1,
28/03/2023 00:00,TOTO,31.5,1,
28/03/2023 00:00,KFC,1.05,4,
28/03/2023 00:00,WSK,0,0,
28/03/2023 00:00,US,0,0,
28/03/2023 00:00,VE,0,0,
28/03/2023 00:00,VIN,0,0,
28/03/2023 00:00,WE,0,0,
29/03/2023 00:00,,0,0,
29/03/2023 00:00,,0,0,
29/03/2023 00:00,AUN,0,0,
29/03/2023 00:00,BNR,0,0,
29/03/2023 00:00,BIR,1814.4,10,
29/03/2023 00:00,BS,0,0,
29/03/2023 00:00,BZ,0,0,
29/03/2023 00:00,CCS,0,0,
29/03/2023 00:00,CAD,581.7,31,
29/03/2023 00:00,CG,5838,30,
29/03/2023 00:00,CMI,302.4,14,
29/03/2023 00:00,COQ,1228.5,17,
29/03/2023 00:00,EC,0,0,
29/03/2023 00:00,EG,0,0,
29/03/2023 00:00,ER,0,0,
29/03/2023 00:00,SFR,0,0,
29/03/2023 00:00,GAE,2530.5,18,
29/03/2023 00:00,GUT,0,0,
29/03/2023 00:00,IQ,0,0,
29/03/2023 00:00,LH,0,0,
29/03/2023 00:00,MIX,101.85,5,
29/03/2023 00:00,PE,0,0,
29/03/2023 00:00,SG,0,0,
29/03/2023 00:00,TOD,684.6,4,
29/03/2023 00:00,TIN,554.4,1,
29/03/2023 00:00,TOR,25.2,2,
29/03/2023 00:00,TOTO,31.5,1,
29/03/2023 00:00,KFC,1.05,5,
29/03/2023 00:00,WSK,0,0,
29/03/2023 00:00,US,0,0,
29/03/2023 00:00,VE,0,0,
29/03/2023 00:00,VIN,0,0,
29/03/2023 00:00,WE,0,0,
30/03/2023 00:00,,0,0,
30/03/2023 00:00,,0,0,
30/03/2023 00:00,AUN,0,0,
30/03/2023 00:00,BNR,0,0,
30/03/2023 00:00,BIR,1814.4,10,
30/03/2023 00:00,BS,0,0,
30/03/2023 00:00,BZ,0,0,
30/03/2023 00:00,CCS,0,0,
30/03/2023 00:00,CAD,544.95,30,
30/03/2023 00:00,CG,6409.2,29,
30/03/2023 00:00,CMI,302.4,14,
30/03/2023 00:00,COQ,1225.35,16,
30/03/2023 00:00,EC,0,0,
30/03/2023 00:00,EG,0,0,
30/03/2023 00:00,ER,0,0,
30/03/2023 00:00,SFR,0,0,
30/03/2023 00:00,GAE,1916.25,17,
30/03/2023 00:00,GUT,0,0,
30/03/2023 00:00,IQ,0,0,
30/03/2023 00:00,LH,0,0,
30/03/2023 00:00,MIX,119.7,6,
30/03/2023 00:00,PE,0,0,
30/03/2023 00:00,SG,0,0,
30/03/2023 00:00,TOD,701.4,5,
30/03/2023 00:00,TIN,554.4,1,
30/03/2023 00:00,TOR,101.85,4,
30/03/2023 00:00,TOTO,31.5,1,
30/03/2023 00:00,KFC,1.05,4,
30/03/2023 00:00,WSK,63,1,
30/03/2023 00:00,US,0,0,
30/03/2023 00:00,VE,0,0,
30/03/2023 00:00,VIN,0,0,
30/03/2023 00:00,WE,0,0,
31/03/2023 00:00,,0,0,
31/03/2023 00:00,,0,0,
31/03/2023 00:00,AUN,0,0,
31/03/2023 00:00,BNR,0,0,
31/03/2023 00:00,BIR,1661.1,8,
31/03/2023 00:00,BS,0,0,
31/03/2023 00:00,BZ,0,0,
31/03/2023 00:00,CCS,0,0,
31/03/2023 00:00,CAD,929.25,32,
31/03/2023 00:00,CG,5015.85,20,
31/03/2023 00:00,CMI,302.4,14,
31/03/2023 00:00,COQ,1093.05,13,
31/03/2023 00:00,EC,0,0,
31/03/2023 00:00,EG,0,0,
31/03/2023 00:00,ER,0,0,
31/03/2023 00:00,SFR,0,0,
31/03/2023 00:00,GAE,2216.55,17,
31/03/2023 00:00,GUT,0,0,
31/03/2023 00:00,IQ,0,0,
31/03/2023 00:00,LH,0,0,
31/03/2023 00:00,MIX,119.7,6,
31/03/2023 00:00,PE,0,0,
31/03/2023 00:00,SG,0,0,
31/03/2023 00:00,TOD,701.4,5,
31/03/2023 00:00,TIN,554.4,1,
31/03/2023 00:00,TOR,101.85,4,
31/03/2023 00:00,TOTO,31.5,1,
31/03/2023 00:00,KFC,1.05,4,
31/03/2023 00:00,WSK,63,1,
31/03/2023 00:00,US,0,0,
31/03/2023 00:00,VE,0,0,
31/03/2023 00:00,VIN,0,0,
31/03/2023 00:00,WE,0,0,
01/04/2023 00:00,,0,0,
01/04/2023 00:00,,0,0,
01/04/2023 00:00,AUN,0,0,
01/04/2023 00:00,BNR,0,0,
01/04/2023 00:00,BIR,609,5,
01/04/2023 00:00,BS,0,0,
01/04/2023 00:00,BZ,0,0,
01/04/2023 00:00,CCS,0,0,
01/04/2023 00:00,CAD,943.95,34,
01/04/2023 00:00,CG,7586.25,30,
01/04/2023 00:00,CMI,273,13,
01/04/2023 00:00,COQ,1037.4,13,
01/04/2023 00:00,EC,0,0,
01/04/2023 00:00,EG,0,0,
01/04/2023 00:00,ER,0,0,
01/04/2023 00:00,SFR,0,0,
01/04/2023 00:00,GAE,2863.35,18,
01/04/2023 00:00,GUT,0,0,
01/04/2023 00:00,IQ,0,0,
01/04/2023 00:00,LH,0,0,
01/04/2023 00:00,MIX,119.7,6,
01/04/2023 00:00,PE,0,0,
01/04/2023 00:00,SG,0,0,
01/04/2023 00:00,TOD,701.4,5,
01/04/2023 00:00,TIN,554.4,1,
01/04/2023 00:00,TOR,101.85,4,
01/04/2023 00:00,TOTO,31.5,1,
01/04/2023 00:00,KFC,1.05,4,
01/04/2023 00:00,WSK,63,1,
01/04/2023 00:00,US,0,0,
01/04/2023 00:00,VE,0,0,
01/04/2023 00:00,VIN,0,0,
01/04/2023 00:00,WE,0,0,
02/04/2023 00:00,,0,0,
02/04/2023 00:00,,0,0,
02/04/2023 00:00,AUN,0,0,
02/04/2023 00:00,BNR,0,0,
02/04/2023 00:00,BIR,609,5,
02/04/2023 00:00,BS,0,0,
02/04/2023 00:00,BZ,0,0,
02/04/2023 00:00,CCS,0,0,
02/04/2023 00:00,CAD,966,35,
02/04/2023 00:00,CG,9531.9,32,
02/04/2023 00:00,CMI,411.6,14,
02/04/2023 00:00,COQ,1039.5,14,
02/04/2023 00:00,EC,0,0,
02/04/2023 00:00,EG,0,0,
02/04/2023 00:00,ER,0,0,
02/04/2023 00:00,SFR,0,0,
02/04/2023 00:00,GAE,2911.65,20,
02/04/2023 00:00,GUT,0,0,
02/04/2023 00:00,IQ,0,0,
02/04/2023 00:00,LH,0,0,
02/04/2023 00:00,MIX,119.7,6,
02/04/2023 00:00,PE,0,0,
02/04/2023 00:00,SG,0,0,
02/04/2023 00:00,TOD,701.4,5,
02/04/2023 00:00,TIN,554.4,1,
02/04/2023 00:00,TOR,101.85,4,
02/04/2023 00:00,TOTO,31.5,1,
02/04/2023 00:00,KFC,1.05,4,
02/04/2023 00:00,WSK,63,1,
02/04/2023 00:00,US,0,0,
02/04/2023 00:00,VE,0,0,
02/04/2023 00:00,VIN,0,0,
02/04/2023 00:00,WE,0,0,
03/04/2023 00:00,,0,0,
03/04/2023 00:00,,0,0,
03/04/2023 00:00,AUN,0,0,
03/04/2023 00:00,BNR,0,0,
03/04/2023 00:00,BIR,609,5,
03/04/2023 00:00,BS,0,0,
03/04/2023 00:00,BZ,0,0,
03/04/2023 00:00,CCS,0,0,
03/04/2023 00:00,CAD,729.75,34,
03/04/2023 00:00,CG,9558.15,34,
03/04/2023 00:00,CMI,410.55,14,
03/04/2023 00:00,COQ,1039.5,14,
03/04/2023 00:00,EC,0,0,
03/04/2023 00:00,EG,0,0,
03/04/2023 00:00,ER,0,0,
03/04/2023 00:00,SFR,0,0,
03/04/2023 00:00,GAE,2911.65,20,
03/04/2023 00:00,GUT,0,0,
03/04/2023 00:00,IQ,0,0,
03/04/2023 00:00,LH,0,0,
03/04/2023 00:00,MIX,119.7,6,
03/04/2023 00:00,PE,0,0,
03/04/2023 00:00,SG,0,0,
03/04/2023 00:00,TOD,701.4,5,
03/04/2023 00:00,TIN,554.4,1,
03/04/2023 00:00,TOR,35.7,2,
03/04/2023 00:00,TOTO,31.5,1,
03/04/2023 00:00,KFC,6.3,5,
03/04/2023 00:00,WSK,63,1,
03/04/2023 00:00,US,0,0,
03/04/2023 00:00,VE,0,0,
03/04/2023 00:00,VIN,0,0,
03/04/2023 00:00,WE,0,0,
04/04/2023 00:00,,0,0,
04/04/2023 00:00,,0,0,
04/04/2023 00:00,AUN,0,0,
04/04/2023 00:00,BNR,0,0,
04/04/2023 00:00,BIR,609,5,
04/04/2023 00:00,BS,0,0,
04/04/2023 00:00,BZ,0,0,
04/04/2023 00:00,CCS,0,0,
04/04/2023 00:00,CAD,530.25,34,
04/04/2023 00:00,CG,9534,34,
04/04/2023 00:00,CMI,410.55,13,
04/04/2023 00:00,COQ,1039.5,13,
04/04/2023 00:00,EC,0,0,
04/04/2023 00:00,EG,0,0,
04/04/2023 00:00,ER,0,0,
04/04/2023 00:00,SFR,0,0,
04/04/2023 00:00,GAE,2936.85,20,
04/04/2023 00:00,GUT,0,0,
04/04/2023 00:00,IQ,0,0,
04/04/2023 00:00,LH,0,0,
04/04/2023 00:00,MIX,119.7,6,
04/04/2023 00:00,PE,0,0,
04/04/2023 00:00,SG,0,0,
04/04/2023 00:00,TOD,701.4,5,
04/04/2023 00:00,TIN,554.4,1,
04/04/2023 00:00,TOR,17.85,2,
04/04/2023 00:00,TOTO,31.5,1,
04/04/2023 00:00,KFC,2.1,5,
04/04/2023 00:00,WSK,63,1,
04/04/2023 00:00,US,0,0,
04/04/2023 00:00,VE,0,0,
04/04/2023 00:00,VIN,0,0,
04/04/2023 00:00,WE,0,0,
05/04/2023 00:00,,0,0,
05/04/2023 00:00,,0,0,
05/04/2023 00:00,AUN,0,0,
05/04/2023 00:00,BNR,0,0,
05/04/2023 00:00,BIR,609,5,
05/04/2023 00:00,BS,0,0,
05/04/2023 00:00,BZ,0,0,
05/04/2023 00:00,CCS,0,0,
05/04/2023 00:00,CAD,505.05,31,
05/04/2023 00:00,CG,9603.3,32,
05/04/2023 00:00,CMI,410.55,14,
05/04/2023 00:00,COQ,1003.8,12,
05/04/2023 00:00,EC,0,0,
05/04/2023 00:00,EG,0,0,
05/04/2023 00:00,ER,0,0,
05/04/2023 00:00,SFR,0,0,
05/04/2023 00:00,GAE,2977.8,22,
05/04/2023 00:00,GUT,0,0,
05/04/2023 00:00,IQ,0,0,
05/04/2023 00:00,LH,0,0,
05/04/2023 00:00,MIX,119.7,6,
05/04/2023 00:00,PE,0,0,
05/04/2023 00:00,SG,0,0,
05/04/2023 00:00,TOD,701.4,5,
05/04/2023 00:00,TIN,554.4,1,
05/04/2023 00:00,TOR,24.15,2,
05/04/2023 00:00,TOTO,31.5,1,
05/04/2023 00:00,KFC,1.05,4,
05/04/2023 00:00,WSK,63,1,
05/04/2023 00:00,US,0,0,
05/04/2023 00:00,VE,0,0,
05/04/2023 00:00,VIN,0,0,
05/04/2023 00:00,WE,0,0,
06/04/2023 00:00,,0,0,
06/04/2023 00:00,,0,0,
06/04/2023 00:00,AUN,0,0,
06/04/2023 00:00,BNR,0,0,
06/04/2023 00:00,BIR,609,5,
06/04/2023 00:00,BS,0,0,
06/04/2023 00:00,BZ,0,0,
06/04/2023 00:00,CCS,0,0,
06/04/2023 00:00,CAD,458.85,31,
06/04/2023 00:00,CG,9577.05,34,
06/04/2023 00:00,CMI,410.55,14,
06/04/2023 00:00,COQ,1008,12,
06/04/2023 00:00,EC,0,0,
06/04/2023 00:00,EG,0,0,
06/04/2023 00:00,ER,0,0,
06/04/2023 00:00,SFR,0,0,
06/04/2023 00:00,GAE,3025.05,24,
06/04/2023 00:00,GUT,0,0,
06/04/2023 00:00,IQ,0,0,
06/04/2023 00:00,LH,0,0,
06/04/2023 00:00,MIX,119.7,6,
06/04/2023 00:00,PE,0,0,
06/04/2023 00:00,SG,0,0,
06/04/2023 00:00,TOD,701.4,5,
06/04/2023 00:00,TIN,554.4,1,
06/04/2023 00:00,TOR,29.4,4,
06/04/2023 00:00,TOTO,31.5,1,
06/04/2023 00:00,KFC,3.15,5,
06/04/2023 00:00,WSK,63,1,
06/04/2023 00:00,US,0,0,
06/04/2023 00:00,VE,0,0,
06/04/2023 00:00,VIN,0,0,
06/04/2023 00:00,WE,0,0,
07/04/2023 00:00,,0,0,
07/04/2023 00:00,,0,0,
07/04/2023 00:00,AUN,0,0,
07/04/2023 00:00,BNR,0,0,
07/04/2023 00:00,BIR,609,5,
07/04/2023 00:00,BS,0,0,
07/04/2023 00:00,BZ,0,0,
07/04/2023 00:00,CCS,0,0,
07/04/2023 00:00,CAD,603.75,34,
07/04/2023 00:00,CG,9574.95,31,
07/04/2023 00:00,CMI,410.55,14,
07/04/2023 00:00,COQ,1034.25,12,
07/04/2023 00:00,EC,0,0,
07/04/2023 00:00,EG,0,0,
07/04/2023 00:00,ER,0,0,
07/04/2023 00:00,SFR,0,0,
07/04/2023 00:00,GAE,3042.9,24,
07/04/2023 00:00,GUT,0,0,
07/04/2023 00:00,IQ,0,0,
07/04/2023 00:00,LH,0,0,
07/04/2023 00:00,MIX,119.7,6,
07/04/2023 00:00,PE,0,0,
07/04/2023 00:00,SG,0,0,
07/04/2023 00:00,TOD,701.4,5,
07/04/2023 00:00,TIN,554.4,1,
07/04/2023 00:00,TOR,29.4,4,
07/04/2023 00:00,TOTO,31.5,1,
07/04/2023 00:00,KFC,3.15,6,
07/04/2023 00:00,WSK,63,1,
07/04/2023 00:00,US,0,0,
07/04/2023 00:00,VE,0,0,
07/04/2023 00:00,VIN,0,0,
07/04/2023 00:00,WE,0,0,
08/04/2023 00:00,,0,0,
08/04/2023 00:00,,0,0,
08/04/2023 00:00,AUN,0,0,
08/04/2023 00:00,BNR,0,0,
08/04/2023 00:00,BIR,927.15,5,
08/04/2023 00:00,BS,0,0,
08/04/2023 00:00,BZ,0,0,
08/04/2023 00:00,CCS,0,0,
08/04/2023 00:00,CAD,560.7,34,
08/04/2023 00:00,CG,9763.95,34,
08/04/2023 00:00,CMI,410.55,16,
08/04/2023 00:00,COQ,1056.3,13,
08/04/2023 00:00,EC,0,0,
08/04/2023 00:00,EG,0,0,
08/04/2023 00:00,ER,0,0,
08/04/2023 00:00,SFR,0,0,
08/04/2023 00:00,GAE,3028.2,24,
08/04/2023 00:00,GUT,0,0,
08/04/2023 00:00,IQ,0,0,
08/04/2023 00:00,LH,0,0,
08/04/2023 00:00,MIX,119.7,6,
08/04/2023 00:00,PE,0,0,
08/04/2023 00:00,SG,0,0,
08/04/2023 00:00,TOD,701.4,5,
08/04/2023 00:00,TIN,554.4,1,
08/04/2023 00:00,TOR,24.15,2,
08/04/2023 00:00,TOTO,31.5,1,
08/04/2023 00:00,KFC,3.15,5,
08/04/2023 00:00,WSK,63,1,
08/04/2023 00:00,US,0,0,
08/04/2023 00:00,VE,0,0,
08/04/2023 00:00,VIN,0,0,
08/04/2023 00:00,WE,0,0,
09/04/2023 00:00,,0,0,
09/04/2023 00:00,,0,0,
09/04/2023 00:00,AUN,0,0,
09/04/2023 00:00,BNR,0,0,
09/04/2023 00:00,BIR,1004.85,6,
09/04/2023 00:00,BS,0,0,
09/04/2023 00:00,BZ,0,0,
09/04/2023 00:00,CCS,0,0,
09/04/2023 00:00,CAD,493.5,32,
09/04/2023 00:00,CG,9767.1,34,
09/04/2023 00:00,CMI,410.55,16,
09/04/2023 00:00,COQ,1056.3,13,
09/04/2023 00:00,EC,0,0,
09/04/2023 00:00,EG,0,0,
09/04/2023 00:00,ER,0,0,
09/04/2023 00:00,SFR,0,0,
09/04/2023 00:00,GAE,2987.25,23,
09/04/2023 00:00,GUT,0,0,
09/04/2023 00:00,IQ,0,0,
09/04/2023 00:00,LH,0,0,
09/04/2023 00:00,MIX,119.7,6,
09/04/2023 00:00,PE,0,0,
09/04/2023 00:00,SG,0,0,
09/04/2023 00:00,TOD,701.4,5,
09/04/2023 00:00,TIN,554.4,1,
09/04/2023 00:00,TOR,17.85,2,
09/04/2023 00:00,TOTO,31.5,1,
09/04/2023 00:00,KFC,3.15,5,
09/04/2023 00:00,WSK,63,1,
09/04/2023 00:00,US,0,0,
09/04/2023 00:00,VE,0,0,
09/04/2023 00:00,VIN,0,0,
09/04/2023 00:00,WE,0,0,
10/04/2023 00:00,,0,0,
10/04/2023 00:00,,0,0,
10/04/2023 00:00,AUN,0,0,
10/04/2023 00:00,BNR,0,0,
10/04/2023 00:00,BIR,1004.85,6,
10/04/2023 00:00,BS,0,0,
10/04/2023 00:00,BZ,0,0,
10/04/2023 00:00,CCS,0,0,
10/04/2023 00:00,CAD,693,31,
10/04/2023 00:00,CG,9767.1,34,
10/04/2023 00:00,CMI,410.55,14,
10/04/2023 00:00,COQ,1012.2,12,
10/04/2023 00:00,EC,0,0,
10/04/2023 00:00,EG,0,0,
10/04/2023 00:00,ER,0,0,
10/04/2023 00:00,SFR,0,0,
10/04/2023 00:00,GAE,2784.6,22,
10/04/2023 00:00,GUT,0,0,
10/04/2023 00:00,IQ,0,0,
10/04/2023 00:00,LH,0,0,
10/04/2023 00:00,MIX,119.7,6,
10/04/2023 00:00,PE,0,0,
10/04/2023 00:00,SG,0,0,
10/04/2023 00:00,TOD,701.4,5,
10/04/2023 00:00,TIN,554.4,1,
10/04/2023 00:00,TOR,17.85,2,
10/04/2023 00:00,TOTO,31.5,1,
10/04/2023 00:00,KFC,1.05,5,
10/04/2023 00:00,WSK,63,1,
10/04/2023 00:00,US,0,0,
10/04/2023 00:00,VE,0,0,
10/04/2023 00:00,VIN,0,0,
10/04/2023 00:00,WE,0,0,
11/04/2023 00:00,,0,0,
11/04/2023 00:00,,0,0,
11/04/2023 00:00,AUN,0,0,
11/04/2023 00:00,BNR,0,0,
11/04/2023 00:00,BIR,1004.85,6,
11/04/2023 00:00,BS,0,0,
11/04/2023 00:00,BZ,0,0,
11/04/2023 00:00,CCS,0,0,
11/04/2023 00:00,CAD,872.55,34,
11/04/2023 00:00,CG,9767.1,34,
11/04/2023 00:00,CMI,410.55,14,
11/04/2023 00:00,COQ,1004.85,12,
11/04/2023 00:00,EC,0,0,
11/04/2023 00:00,EG,0,0,
11/04/2023 00:00,ER,0,0,
11/04/2023 00:00,SFR,0,0,
11/04/2023 00:00,GAE,2138.85,20,
11/04/2023 00:00,GUT,0,0,
11/04/2023 00:00,IQ,0,0,
11/04/2023 00:00,LH,0,0,
11/04/2023 00:00,MIX,119.7,6,
11/04/2023 00:00,PE,0,0,
11/04/2023 00:00,SG,0,0,
11/04/2023 00:00,TOD,264.6,2,
11/04/2023 00:00,TIN,554.4,1,
11/04/2023 00:00,TOR,17.85,2,
11/04/2023 00:00,TOTO,31.5,1,
11/04/2023 00:00,KFC,1.05,4,
11/04/2023 00:00,WSK,0,0,
11/04/2023 00:00,US,0,0,
11/04/2023 00:00,VE,0,0,
11/04/2023 00:00,VIN,0,0,
11/04/2023 00:00,WE,0,0,
12/04/2023 00:00,,0,0,
12/04/2023 00:00,,0,0,
12/04/2023 00:00,AUN,0,0,
12/04/2023 00:00,BNR,0,0,
12/04/2023 00:00,BIR,1216.95,6,
12/04/2023 00:00,BS,0,0,
12/04/2023 00:00,BZ,0,0,
12/04/2023 00:00,CCS,0,0,
12/04/2023 00:00,CAD,822.15,35,
12/04/2023 00:00,CG,9438.45,34,
12/04/2023 00:00,CMI,231,13,
12/04/2023 00:00,COQ,990.15,11,
12/04/2023 00:00,EC,0,0,
12/04/2023 00:00,EG,0,0,
12/04/2023 00:00,ER,0,0,
12/04/2023 00:00,SFR,0,0,
12/04/2023 00:00,GAE,2286.9,22,
12/04/2023 00:00,GUT,0,0,
12/04/2023 00:00,IQ,0,0,
12/04/2023 00:00,LH,0,0,
12/04/2023 00:00,MIX,119.7,6,
12/04/2023 00:00,PE,0,0,
12/04/2023 00:00,SG,0,0,
12/04/2023 00:00,TOD,264.6,2,
12/04/2023 00:00,TIN,554.4,1,
12/04/2023 00:00,TOR,17.85,2,
12/04/2023 00:00,TOTO,31.5,1,
12/04/2023 00:00,KFC,1.05,4,
12/04/2023 00:00,WSK,0,0,
12/04/2023 00:00,US,0,0,
12/04/2023 00:00,VE,0,0,
12/04/2023 00:00,VIN,0,0,
12/04/2023 00:00,WE,0,0,
13/04/2023 00:00,,0,0,
13/04/2023 00:00,,0,0,
13/04/2023 00:00,AUN,0,0,
13/04/2023 00:00,BNR,0,0,
13/04/2023 00:00,BIR,1457.4,7,
13/04/2023 00:00,BS,0,0,
13/04/2023 00:00,BZ,0,0,
13/04/2023 00:00,CCS,0,0,
13/04/2023 00:00,CAD,592.2,32,
13/04/2023 00:00,CG,10036.95,34,
13/04/2023 00:00,CMI,258.3,13,
13/04/2023 00:00,COQ,992.25,11,
13/04/2023 00:00,EC,0,0,
13/04/2023 00:00,EG,0,0,
13/04/2023 00:00,ER,0,0,
13/04/2023 00:00,SFR,0,0,
13/04/2023 00:00,GAE,2276.4,20,
13/04/2023 00:00,GUT,0,0,
13/04/2023 00:00,IQ,0,0,
13/04/2023 00:00,LH,0,0,
13/04/2023 00:00,MIX,119.7,6,
13/04/2023 00:00,PE,0,0,
13/04/2023 00:00,SG,0,0,
13/04/2023 00:00,TOD,315,2,
13/04/2023 00:00,TIN,554.4,1,
13/04/2023 00:00,TOR,17.85,2,
13/04/2023 00:00,TOTO,31.5,1,
13/04/2023 00:00,KFC,1.05,4,
13/04/2023 00:00,WSK,0,0,
13/04/2023 00:00,US,0,0,
13/04/2023 00:00,VE,0,0,
13/04/2023 00:00,VIN,0,0,
13/04/2023 00:00,WE,0,0,
14/04/2023 00:00,,0,0,
14/04/2023 00:00,,0,0,
14/04/2023 00:00,AUN,0,0,
14/04/2023 00:00,BNR,0,0,
14/04/2023 00:00,BIR,1457.4,7,
14/04/2023 00:00,BS,0,0,
14/04/2023 00:00,BZ,0,0,
14/04/2023 00:00,CCS,0,0,
14/04/2023 00:00,CAD,760.2,32,
14/04/2023 00:00,CG,9446.85,32,
14/04/2023 00:00,CMI,231,13,
14/04/2023 00:00,COQ,990.15,11,
14/04/2023 00:00,EC,0,0,
14/04/2023 00:00,EG,0,0,
14/04/2023 00:00,ER,0,0,
14/04/2023 00:00,SFR,0,0,
14/04/2023 00:00,GAE,2203.95,19,
14/04/2023 00:00,GUT,0,0,
14/04/2023 00:00,IQ,0,0,
14/04/2023 00:00,LH,0,0,
14/04/2023 00:00,MIX,119.7,6,
14/04/2023 00:00,PE,0,0,
14/04/2023 00:00,SG,0,0,
14/04/2023 00:00,TOD,264.6,2,
14/04/2023 00:00,TIN,554.4,1,
14/04/2023 00:00,TOR,17.85,2,
14/04/2023 00:00,TOTO,31.5,1,
14/04/2023 00:00,KFC,1.05,5,
14/04/2023 00:00,WSK,0,0,
14/04/2023 00:00,US,0,0,
14/04/2023 00:00,VE,0,0,
14/04/2023 00:00,VIN,0,0,
14/04/2023 00:00,WE,0,0,
15/04/2023 00:00,,0,0,
15/04/2023 00:00,,0,0,
15/04/2023 00:00,AUN,0,0,
15/04/2023 00:00,BNR,0,0,
15/04/2023 00:00,BIR,1457.4,7,
15/04/2023 00:00,BS,0,0,
15/04/2023 00:00,BZ,0,0,
15/04/2023 00:00,CCS,0,0,
15/04/2023 00:00,CAD,754.95,31,
15/04/2023 00:00,CG,9438.45,31,
15/04/2023 00:00,CMI,231,13,
15/04/2023 00:00,COQ,990.15,11,
15/04/2023 00:00,EC,0,0,
15/04/2023 00:00,EG,0,0,
15/04/2023 00:00,ER,0,0,
15/04/2023 00:00,SFR,0,0,
15/04/2023 00:00,GAE,2203.95,19,
15/04/2023 00:00,GUT,0,0,
15/04/2023 00:00,IQ,0,0,
15/04/2023 00:00,LH,0,0,
15/04/2023 00:00,MIX,119.7,6,
15/04/2023 00:00,PE,0,0,
15/04/2023 00:00,SG,0,0,
15/04/2023 00:00,TOD,264.6,2,
15/04/2023 00:00,TIN,554.4,1,
15/04/2023 00:00,TOR,17.85,2,
15/04/2023 00:00,TOTO,31.5,1,
15/04/2023 00:00,KFC,1.05,6,
15/04/2023 00:00,WSK,0,0,
15/04/2023 00:00,US,0,0,
15/04/2023 00:00,VE,0,0,
15/04/2023 00:00,VIN,0,0,
15/04/2023 00:00,WE,0,0,
16/04/2023 00:00,,0,0,
16/04/2023 00:00,,0,0,
16/04/2023 00:00,AUN,0,0,
16/04/2023 00:00,BNR,0,0,
16/04/2023 00:00,BIR,1457.4,7,
16/04/2023 00:00,BS,0,0,
16/04/2023 00:00,BZ,0,0,
16/04/2023 00:00,CCS,0,0,
16/04/2023 00:00,CAD,689.85,30,
16/04/2023 00:00,CG,9438.45,31,
16/04/2023 00:00,CMI,231,13,
16/04/2023 00:00,COQ,990.15,11,
16/04/2023 00:00,EC,0,0,
16/04/2023 00:00,EG,0,0,
16/04/2023 00:00,ER,0,0,
16/04/2023 00:00,SFR,0,0,
16/04/2023 00:00,GAE,2216.55,19,
16/04/2023 00:00,GUT,0,0,
16/04/2023 00:00,IQ,0,0,
16/04/2023 00:00,LH,0,0,
16/04/2023 00:00,MIX,119.7,6,
16/04/2023 00:00,PE,0,0,
16/04/2023 00:00,SG,0,0,
16/04/2023 00:00,TOD,264.6,2,
16/04/2023 00:00,TIN,554.4,1,
16/04/2023 00:00,TOR,17.85,2,
16/04/2023 00:00,TOTO,31.5,1,
16/04/2023 00:00,KFC,1.05,6,
16/04/2023 00:00,WSK,221.55,4,
16/04/2023 00:00,US,0,0,
16/04/2023 00:00,VE,0,0,
16/04/2023 00:00,VIN,0,0,
16/04/2023 00:00,WE,0,0,
17/04/2023 00:00,,0,0,
17/04/2023 00:00,,0,0,
17/04/2023 00:00,AUN,0,0,
17/04/2023 00:00,BNR,0,0,
17/04/2023 00:00,BIR,1457.4,7,
17/04/2023 00:00,BS,0,0,
17/04/2023 00:00,BZ,0,0,
17/04/2023 00:00,CCS,0,0,
17/04/2023 00:00,CAD,460.95,34,
17/04/2023 00:00,CG,8847.3,30,
17/04/2023 00:00,CMI,231,13,
17/04/2023 00:00,COQ,990.15,11,
17/04/2023 00:00,EC,0,0,
17/04/2023 00:00,EG,0,0,
17/04/2023 00:00,ER,0,0,
17/04/2023 00:00,SFR,0,0,
17/04/2023 00:00,GAE,1947.75,19,
17/04/2023 00:00,GUT,0,0,
17/04/2023 00:00,IQ,0,0,
17/04/2023 00:00,LH,0,0,
17/04/2023 00:00,MIX,119.7,6,
17/04/2023 00:00,PE,0,0,
17/04/2023 00:00,SG,0,0,
17/04/2023 00:00,TOD,264.6,2,
17/04/2023 00:00,TIN,554.4,1,
17/04/2023 00:00,TOR,17.85,2,
17/04/2023 00:00,TOTO,31.5,1,
17/04/2023 00:00,KFC,1.05,6,
17/04/2023 00:00,WSK,195.3,2,
17/04/2023 00:00,US,0,0,
17/04/2023 00:00,VE,0,0,
17/04/2023 00:00,VIN,0,0,
17/04/2023 00:00,WE,0,0,
18/04/2023 00:00,,0,0,
18/04/2023 00:00,,0,0,
18/04/2023 00:00,AUN,0,0,
18/04/2023 00:00,BNR,0,0,
18/04/2023 00:00,BIR,1457.4,7,
18/04/2023 00:00,BS,0,0,
18/04/2023 00:00,BZ,0,0,
18/04/2023 00:00,CCS,0,0,
18/04/2023 00:00,CAD,664.65,34,
18/04/2023 00:00,CG,8555.4,30,
18/04/2023 00:00,CMI,231,13,
18/04/2023 00:00,COQ,990.15,12,
18/04/2023 00:00,EC,0,0,
18/04/2023 00:00,EG,0,0,
18/04/2023 00:00,ER,0,0,
18/04/2023 00:00,SFR,0,0,
18/04/2023 00:00,GAE,1923.6,19,
18/04/2023 00:00,GUT,0,0,
18/04/2023 00:00,IQ,0,0,
18/04/2023 00:00,LH,0,0,
18/04/2023 00:00,MIX,119.7,6,
18/04/2023 00:00,PE,0,0,
18/04/2023 00:00,SG,0,0,
18/04/2023 00:00,TOD,264.6,2,
18/04/2023 00:00,TIN,554.4,1,
18/04/2023 00:00,TOR,17.85,2,
18/04/2023 00:00,TOTO,31.5,1,
18/04/2023 00:00,KFC,1.05,6,
18/04/2023 00:00,WSK,152.25,2,
18/04/2023 00:00,US,0,0,
18/04/2023 00:00,VE,0,0,
18/04/2023 00:00,VIN,0,0,
18/04/2023 00:00,WE,0,0,
19/04/2023 00:00,,0,0,
19/04/2023 00:00,,0,0,
19/04/2023 00:00,AUN,0,0,
19/04/2023 00:00,BNR,0,0,
19/04/2023 00:00,BIR,1457.4,7,
19/04/2023 00:00,BS,0,0,
19/04/2023 00:00,BZ,0,0,
19/04/2023 00:00,CCS,0,0,
19/04/2023 00:00,CAD,764.4,34,
19/04/2023 00:00,CG,8548.05,30,
19/04/2023 00:00,CMI,231,13,
19/04/2023 00:00,COQ,990.15,12,
19/04/2023 00:00,EC,0,0,
19/04/2023 00:00,EG,0,0,
19/04/2023 00:00,ER,0,0,
19/04/2023 00:00,SFR,0,0,
19/04/2023 00:00,GAE,1771.35,18,
19/04/2023 00:00,GUT,0,0,
19/04/2023 00:00,IQ,0,0,
19/04/2023 00:00,LH,0,0,
19/04/2023 00:00,MIX,119.7,6,
19/04/2023 00:00,PE,0,0,
19/04/2023 00:00,SG,0,0,
19/04/2023 00:00,TOD,701.4,5,
19/04/2023 00:00,TIN,554.4,1,
19/04/2023 00:00,TOR,24.15,2,
19/04/2023 00:00,TOTO,31.5,1,
19/04/2023 00:00,KFC,1.05,7,
19/04/2023 00:00,WSK,152.25,2,
19/04/2023 00:00,US,0,0,
19/04/2023 00:00,VE,0,0,
19/04/2023 00:00,VIN,0,0,
19/04/2023 00:00,WE,0,0,
20/04/2023 00:00,,0,0,
20/04/2023 00:00,,0,0,
20/04/2023 00:00,AUN,0,0,
20/04/2023 00:00,BNR,0,0,
20/04/2023 00:00,BIR,2483.25,7,
20/04/2023 00:00,BS,0,0,
20/04/2023 00:00,BZ,0,0,
20/04/2023 00:00,CCS,0,0,
20/04/2023 00:00,CAD,819,35,
20/04/2023 00:00,CG,8006.25,31,
20/04/2023 00:00,CMI,135.45,12,
20/04/2023 00:00,COQ,990.15,12,
20/04/2023 00:00,EC,0,0,
20/04/2023 00:00,EG,0,0,
20/04/2023 00:00,ER,0,0,
20/04/2023 00:00,SFR,0,0,
20/04/2023 00:00,GAE,1653.75,18,
20/04/2023 00:00,GUT,360.15,1,
20/04/2023 00:00,IQ,0,0,
20/04/2023 00:00,LH,0,0,
20/04/2023 00:00,MIX,119.7,6,
20/04/2023 00:00,PE,0,0,
20/04/2023 00:00,SG,0,0,
20/04/2023 00:00,TOD,701.4,5,
20/04/2023 00:00,TIN,554.4,1,
20/04/2023 00:00,TOR,49.35,4,
20/04/2023 00:00,TOTO,31.5,1,
20/04/2023 00:00,KFC,1.05,6,
20/04/2023 00:00,WSK,152.25,2,
20/04/2023 00:00,US,0,0,
20/04/2023 00:00,VE,0,0,
20/04/2023 00:00,VIN,0,0,
20/04/2023 00:00,WE,0,0,
21/04/2023 00:00,,0,0,
21/04/2023 00:00,,0,0,
21/04/2023 00:00,AUN,0,0,
21/04/2023 00:00,BNR,0,0,
21/04/2023 00:00,BIR,1457.4,7,
21/04/2023 00:00,BS,0,0,
21/04/2023 00:00,BZ,0,0,
21/04/2023 00:00,CCS,0,0,
21/04/2023 00:00,CAD,708.75,37,
21/04/2023 00:00,CG,7434,31,
21/04/2023 00:00,CMI,135.45,12,
21/04/2023 00:00,COQ,990.15,12,
21/04/2023 00:00,EC,0,0,
21/04/2023 00:00,EG,0,0,
21/04/2023 00:00,ER,0,0,
21/04/2023 00:00,SFR,0,0,
21/04/2023 00:00,GAE,1647.45,18,
21/04/2023 00:00,GUT,395.85,2,
21/04/2023 00:00,IQ,0,0,
21/04/2023 00:00,LH,0,0,
21/04/2023 00:00,MIX,119.7,6,
21/04/2023 00:00,PE,0,0,
21/04/2023 00:00,SG,0,0,
21/04/2023 00:00,TOD,701.4,5,
21/04/2023 00:00,TIN,554.4,1,
21/04/2023 00:00,TOR,51.45,4,
21/04/2023 00:00,TOTO,33.6,2,
21/04/2023 00:00,KFC,1.05,6,
21/04/2023 00:00,WSK,152.25,2,
21/04/2023 00:00,US,0,0,
21/04/2023 00:00,VE,0,0,
21/04/2023 00:00,VIN,0,0,
21/04/2023 00:00,WE,0,0,
22/04/2023 00:00,,0,0,
22/04/2023 00:00,,0,0,
22/04/2023 00:00,AUN,0,0,
22/04/2023 00:00,BNR,0,0,
22/04/2023 00:00,BIR,1457.4,7,
22/04/2023 00:00,BS,0,0,
22/04/2023 00:00,BZ,0,0,
22/04/2023 00:00,CCS,0,0,
22/04/2023 00:00,CAD,571.2,36,
22/04/2023 00:00,CG,7434,31,
22/04/2023 00:00,CMI,182.7,12,
22/04/2023 00:00,COQ,990.15,12,
22/04/2023 00:00,EC,0,0,
22/04/2023 00:00,EG,0,0,
22/04/2023 00:00,ER,0,0,
22/04/2023 00:00,SFR,0,0,
22/04/2023 00:00,GAE,1647.45,18,
22/04/2023 00:00,GUT,395.85,2,
22/04/2023 00:00,IQ,0,0,
22/04/2023 00:00,LH,0,0,
22/04/2023 00:00,MIX,119.7,6,
22/04/2023 00:00,PE,0,0,
22/04/2023 00:00,SG,0,0,
22/04/2023 00:00,TOD,877.8,5,
22/04/2023 00:00,TIN,554.4,1,
22/04/2023 00:00,TOR,39.9,2,
22/04/2023 00:00,TOTO,31.5,2,
22/04/2023 00:00,KFC,1.05,6,
22/04/2023 00:00,WSK,152.25,2,
22/04/2023 00:00,US,0,0,
22/04/2023 00:00,VE,0,0,
22/04/2023 00:00,VIN,0,0,
22/04/2023 00:00,WE,0,0,
23/04/2023 00:00,,0,0,
23/04/2023 00:00,,0,0,
23/04/2023 00:00,AUN,0,0,
23/04/2023 00:00,BNR,0,0,
23/04/2023 00:00,BIR,1649.55,7,
23/04/2023 00:00,BS,0,0,
23/04/2023 00:00,BZ,0,0,
23/04/2023 00:00,CCS,0,0,
23/04/2023 00:00,CAD,715.05,36,
23/04/2023 00:00,CG,7434,31,
23/04/2023 00:00,CMI,231,13,
23/04/2023 00:00,COQ,1006.95,12,
23/04/2023 00:00,EC,0,0,
23/04/2023 00:00,EG,0,0,
23/04/2023 00:00,ER,0,0,
23/04/2023 00:00,SFR,0,0,
23/04/2023 00:00,GAE,2226,19,
23/04/2023 00:00,GUT,395.85,2,
23/04/2023 00:00,IQ,0,0,
23/04/2023 00:00,LH,0,0,
23/04/2023 00:00,MIX,119.7,6,
23/04/2023 00:00,PE,0,0,
23/04/2023 00:00,SG,0,0,
23/04/2023 00:00,TOD,701.4,5,
23/04/2023 00:00,TIN,554.4,1,
23/04/2023 00:00,TOR,30.45,2,
23/04/2023 00:00,TOTO,31.5,1,
23/04/2023 00:00,KFC,1.05,6,
23/04/2023 00:00,WSK,152.25,2,
23/04/2023 00:00,US,0,0,
23/04/2023 00:00,VE,0,0,
23/04/2023 00:00,VIN,0,0,
23/04/2023 00:00,WE,0,0,
24/04/2023 00:00,,0,0,
24/04/2023 00:00,,0,0,
24/04/2023 00:00,AUN,0,0,
24/04/2023 00:00,BNR,0,0,
24/04/2023 00:00,BIR,1457.4,7,
24/04/2023 00:00,BS,0,0,
24/04/2023 00:00,BZ,0,0,
24/04/2023 00:00,CCS,0,0,
24/04/2023 00:00,CAD,743.4,36,
24/04/2023 00:00,CG,7610.4,30,
24/04/2023 00:00,CMI,231,13,
24/04/2023 00:00,COQ,1022.7,13,
24/04/2023 00:00,EC,0,0,
24/04/2023 00:00,EG,0,0,
24/04/2023 00:00,ER,0,0,
24/04/2023 00:00,SFR,0,0,
24/04/2023 00:00,GAE,2226,19,
24/04/2023 00:00,GUT,481.95,2,
24/04/2023 00:00,IQ,0,0,
24/04/2023 00:00,LH,0,0,
24/04/2023 00:00,MIX,119.7,6,
24/04/2023 00:00,PE,0,0,
24/04/2023 00:00,SG,0,0,
24/04/2023 00:00,TOD,726.6,5,
24/04/2023 00:00,TIN,554.4,1,
24/04/2023 00:00,TOR,30.45,2,
24/04/2023 00:00,TOTO,31.5,1,
24/04/2023 00:00,KFC,1.05,5,
24/04/2023 00:00,WSK,152.25,2,
24/04/2023 00:00,US,0,0,
24/04/2023 00:00,VE,0,0,
24/04/2023 00:00,VIN,0,0,
24/04/2023 00:00,WE,0,0,
25/04/2023 00:00,,0,0,
25/04/2023 00:00,,0,0,
25/04/2023 00:00,AUN,0,0,
25/04/2023 00:00,BNR,0,0,
25/04/2023 00:00,BIR,1457.4,7,
25/04/2023 00:00,BS,0,0,
25/04/2023 00:00,BZ,0,0,
25/04/2023 00:00,CCS,0,0,
25/04/2023 00:00,CAD,826.35,36,
25/04/2023 00:00,CG,7635.6,30,
25/04/2023 00:00,CMI,231,13,
25/04/2023 00:00,COQ,1038.45,14,
25/04/2023 00:00,EC,0,0,
25/04/2023 00:00,EG,0,0,
25/04/2023 00:00,ER,0,0,
25/04/2023 00:00,SFR,0,0,
25/04/2023 00:00,GAE,2226,19,
25/04/2023 00:00,GUT,529.2,4,
25/04/2023 00:00,IQ,0,0,
25/04/2023 00:00,LH,0,0,
25/04/2023 00:00,MIX,119.7,6,
25/04/2023 00:00,PE,0,0,
25/04/2023 00:00,SG,0,0,
25/04/2023 00:00,TOD,718.2,5,
25/04/2023 00:00,TIN,554.4,1,
25/04/2023 00:00,TOR,30.45,2,
25/04/2023 00:00,TOTO,31.5,1,
25/04/2023 00:00,KFC,1.05,5,
25/04/2023 00:00,WSK,152.25,2,
25/04/2023 00:00,US,0,0,
25/04/2023 00:00,VE,0,0,
25/04/2023 00:00,VIN,0,0,
25/04/2023 00:00,WE,0,0,
26/04/2023 00:00,,0,0,
26/04/2023 00:00,,0,0,
26/04/2023 00:00,AUN,0,0,
26/04/2023 00:00,BNR,0,0,
26/04/2023 00:00,BIR,1457.4,7,
26/04/2023 00:00,BS,0,0,
26/04/2023 00:00,BZ,0,0,
26/04/2023 00:00,CCS,0,0,
26/04/2023 00:00,CAD,892.5,36,
26/04/2023 00:00,CG,7669.2,30,
26/04/2023 00:00,CMI,231,13,
26/04/2023 00:00,COQ,1035.3,16,
26/04/2023 00:00,EC,0,0,
26/04/2023 00:00,EG,0,0,
26/04/2023 00:00,ER,0,0,
26/04/2023 00:00,SFR,0,0,
26/04/2023 00:00,GAE,2226,19,
26/04/2023 00:00,GUT,529.2,4,
26/04/2023 00:00,IQ,0,0,
26/04/2023 00:00,LH,0,0,
26/04/2023 00:00,MIX,119.7,6,
26/04/2023 00:00,PE,0,0,
26/04/2023 00:00,SG,0,0,
26/04/2023 00:00,TOD,701.4,5,
26/04/2023 00:00,TIN,554.4,1,
26/04/2023 00:00,TOR,30.45,2,
26/04/2023 00:00,TOTO,31.5,1,
26/04/2023 00:00,KFC,1.05,5,
26/04/2023 00:00,WSK,152.25,2,
26/04/2023 00:00,US,0,0,
26/04/2023 00:00,VE,0,0,
26/04/2023 00:00,VIN,0,0,
26/04/2023 00:00,WE,0,0,
27/04/2023 00:00,,0,0,
27/04/2023 00:00,,0,0,
27/04/2023 00:00,AUN,0,0,
27/04/2023 00:00,BNR,0,0,
27/04/2023 00:00,BIR,1457.4,7,
27/04/2023 00:00,BS,0,0,
27/04/2023 00:00,BZ,0,0,
27/04/2023 00:00,CCS,0,0,
27/04/2023 00:00,CAD,663.6,36,
27/04/2023 00:00,CG,7722.75,31,
27/04/2023 00:00,CMI,231,13,
27/04/2023 00:00,COQ,1041.6,16,
27/04/2023 00:00,EC,0,0,
27/04/2023 00:00,EG,0,0,
27/04/2023 00:00,ER,0,0,
27/04/2023 00:00,SFR,0,0,
27/04/2023 00:00,GAE,2226,19,
27/04/2023 00:00,GUT,429.45,2,
27/04/2023 00:00,IQ,0,0,
27/04/2023 00:00,LH,0,0,
27/04/2023 00:00,MIX,119.7,6,
27/04/2023 00:00,PE,0,0,
27/04/2023 00:00,SG,0,0,
27/04/2023 00:00,TOD,701.4,5,
27/04/2023 00:00,TIN,554.4,1,
27/04/2023 00:00,TOR,30.45,2,
27/04/2023 00:00,TOTO,31.5,1,
27/04/2023 00:00,KFC,1.05,5,
27/04/2023 00:00,WSK,110.25,1,
27/04/2023 00:00,US,0,0,
27/04/2023 00:00,VE,0,0,
27/04/2023 00:00,VIN,0,0,
27/04/2023 00:00,WE,0,0,
28/04/2023 00:00,,0,0,
28/04/2023 00:00,,0,0,
28/04/2023 00:00,AUN,0,0,
28/04/2023 00:00,BNR,0,0,
28/04/2023 00:00,BIR,1457.4,7,
28/04/2023 00:00,BS,0,0,
28/04/2023 00:00,BZ,0,0,
28/04/2023 00:00,CCS,0,0,
28/04/2023 00:00,CAD,808.5,34,
28/04/2023 00:00,CG,7731.15,32,
28/04/2023 00:00,CMI,231,13,
28/04/2023 00:00,COQ,1035.3,16,
28/04/2023 00:00,EC,0,0,
28/04/2023 00:00,EG,0,0,
28/04/2023 00:00,ER,0,0,
28/04/2023 00:00,SFR,0,0,
28/04/2023 00:00,GAE,2219.7,18,
28/04/2023 00:00,GUT,413.7,2,
28/04/2023 00:00,IQ,0,0,
28/04/2023 00:00,LH,0,0,
28/04/2023 00:00,MIX,119.7,6,
28/04/2023 00:00,PE,0,0,
28/04/2023 00:00,SG,0,0,
28/04/2023 00:00,TOD,820.05,6,
28/04/2023 00:00,TIN,554.4,1,
28/04/2023 00:00,TOR,18.9,1,
28/04/2023 00:00,TOTO,31.5,1,
28/04/2023 00:00,KFC,1.05,6,
28/04/2023 00:00,WSK,67.2,1,
28/04/2023 00:00,US,0,0,
28/04/2023 00:00,VE,0,0,
28/04/2023 00:00,VIN,0,0,
28/04/2023 00:00,WE,0,0,
29/04/2023 00:00,,0,0,
29/04/2023 00:00,,0,0,
29/04/2023 00:00,AUN,0,0,
29/04/2023 00:00,BNR,0,0,
29/04/2023 00:00,BIR,1457.4,7,
29/04/2023 00:00,BS,0,0,
29/04/2023 00:00,BZ,0,0,
29/04/2023 00:00,CCS,0,0,
29/04/2023 00:00,CAD,623.7,32,
29/04/2023 00:00,CG,6919.5,31,
29/04/2023 00:00,CMI,231,13,
29/04/2023 00:00,COQ,1035.3,16,
29/04/2023 00:00,EC,0,0,
29/04/2023 00:00,EG,0,0,
29/04/2023 00:00,ER,0,0,
29/04/2023 00:00,SFR,0,0,
29/04/2023 00:00,GAE,2152.5,17,
29/04/2023 00:00,GUT,413.7,2,
29/04/2023 00:00,IQ,0,0,
29/04/2023 00:00,LH,0,0,
29/04/2023 00:00,MIX,119.7,6,
29/04/2023 00:00,PE,0,0,
29/04/2023 00:00,SG,0,0,
29/04/2023 00:00,TOD,834.75,6,
29/04/2023 00:00,TIN,554.4,1,
29/04/2023 00:00,TOR,6.3,1,
29/04/2023 00:00,TOTO,31.5,1,
29/04/2023 00:00,KFC,1.05,5,
29/04/2023 00:00,WSK,67.2,1,
29/04/2023 00:00,US,0,0,
29/04/2023 00:00,VE,0,0,
29/04/2023 00:00,VIN,0,0,
29/04/2023 00:00,WE,0,0,
30/04/2023 00:00,,0,0,
30/04/2023 00:00,,0,0,
30/04/2023 00:00,AUN,0,0,
30/04/2023 00:00,BNR,0,0,
30/04/2023 00:00,BIR,1457.4,7,
30/04/2023 00:00,BS,0,0,
30/04/2023 00:00,BZ,0,0,
30/04/2023 00:00,CCS,0,0,
30/04/2023 00:00,CAD,638.4,36,
30/04/2023 00:00,CG,6689.55,30,
30/04/2023 00:00,CMI,231,13,
30/04/2023 00:00,COQ,1037.4,17,
30/04/2023 00:00,EC,0,0,
30/04/2023 00:00,EG,0,0,
30/04/2023 00:00,ER,0,0,
30/04/2023 00:00,SFR,0,0,
30/04/2023 00:00,GAE,1936.2,16,
30/04/2023 00:00,GUT,413.7,2,
30/04/2023 00:00,IQ,0,0,
30/04/2023 00:00,LH,0,0,
30/04/2023 00:00,MIX,119.7,6,
30/04/2023 00:00,PE,0,0,
30/04/2023 00:00,SG,0,0,
30/04/2023 00:00,TOD,867.3,7,
30/04/2023 00:00,TIN,554.4,1,
30/04/2023 00:00,TOR,6.3,1,
30/04/2023 00:00,TOTO,31.5,1,
30/04/2023 00:00,KFC,1.05,5,
30/04/2023 00:00,WSK,67.2,1,
30/04/2023 00:00,US,0,0,
30/04/2023 00:00,VE,0,0,
30/04/2023 00:00,VIN,0,0,
30/04/2023 00:00,WE,0,0,
01/05/2023 00:00,,0,0,
01/05/2023 00:00,,0,0,
01/05/2023 00:00,AUN,0,0,
01/05/2023 00:00,BNR,0,0,
01/05/2023 00:00,BIR,2796.15,11,
01/05/2023 00:00,BS,0,0,
01/05/2023 00:00,BZ,0,0,
01/05/2023 00:00,CCS,0,0,
01/05/2023 00:00,CAD,637.35,35,
01/05/2023 00:00,CG,6597.15,30,
01/05/2023 00:00,CMI,231,13,
01/05/2023 00:00,COQ,1045.8,17,
01/05/2023 00:00,EC,0,0,
01/05/2023 00:00,EG,0,0,
01/05/2023 00:00,ER,0,0,
01/05/2023 00:00,SFR,0,0,
01/05/2023 00:00,GAE,1999.2,17,
01/05/2023 00:00,GUT,291.9,1,
01/05/2023 00:00,IQ,0,0,
01/05/2023 00:00,LH,0,0,
01/05/2023 00:00,MIX,119.7,6,
01/05/2023 00:00,PE,0,0,
01/05/2023 00:00,SG,0,0,
01/05/2023 00:00,TOD,1180.2,8,
01/05/2023 00:00,TIN,554.4,1,
01/05/2023 00:00,TOR,6.3,1,
01/05/2023 00:00,TOTO,31.5,1,
01/05/2023 00:00,KFC,1.05,6,
01/05/2023 00:00,WSK,67.2,1,
01/05/2023 00:00,US,0,0,
01/05/2023 00:00,VE,0,0,
01/05/2023 00:00,VIN,0,0,
01/05/2023 00:00,WE,0,0,
02/05/2023 00:00,,0,0,
02/05/2023 00:00,,0,0,
02/05/2023 00:00,AUN,0,0,
02/05/2023 00:00,BNR,0,0,
02/05/2023 00:00,BIR,2796.15,11,
02/05/2023 00:00,BS,0,0,
02/05/2023 00:00,BZ,0,0,
02/05/2023 00:00,CCS,0,0,
02/05/2023 00:00,CAD,612.15,34,
02/05/2023 00:00,CG,6591.9,30,
02/05/2023 00:00,CMI,231,14,
02/05/2023 00:00,COQ,1047.9,17,
02/05/2023 00:00,EC,0,0,
02/05/2023 00:00,EG,0,0,
02/05/2023 00:00,ER,0,0,
02/05/2023 00:00,SFR,0,0,
02/05/2023 00:00,GAE,2028.6,18,
02/05/2023 00:00,GUT,280.35,1,
02/05/2023 00:00,IQ,0,0,
02/05/2023 00:00,LH,0,0,
02/05/2023 00:00,MIX,159.6,7,
02/05/2023 00:00,PE,0,0,
02/05/2023 00:00,SG,0,0,
02/05/2023 00:00,TOD,1180.2,8,
02/05/2023 00:00,TIN,554.4,1,
02/05/2023 00:00,TOR,17.85,1,
02/05/2023 00:00,TOTO,31.5,1,
02/05/2023 00:00,KFC,1.05,5,
02/05/2023 00:00,WSK,67.2,1,
02/05/2023 00:00,US,0,0,
02/05/2023 00:00,VE,0,0,
02/05/2023 00:00,VIN,0,0,
02/05/2023 00:00,WE,0,0,
03/05/2023 00:00,,0,0,
03/05/2023 00:00,,0,0,
03/05/2023 00:00,AUN,0,0,
03/05/2023 00:00,BNR,0,0,
03/05/2023 00:00,BIR,2796.15,11,
03/05/2023 00:00,BS,0,0,
03/05/2023 00:00,BZ,0,0,
03/05/2023 00:00,CCS,0,0,
03/05/2023 00:00,CAD,607.95,35,
03/05/2023 00:00,CG,6611.85,31,
03/05/2023 00:00,CMI,231,13,
03/05/2023 00:00,COQ,1047.9,17,
03/05/2023 00:00,EC,0,0,
03/05/2023 00:00,EG,0,0,
03/05/2023 00:00,ER,0,0,
03/05/2023 00:00,SFR,0,0,
03/05/2023 00:00,GAE,2276.4,18,
03/05/2023 00:00,GUT,280.35,1,
03/05/2023 00:00,IQ,0,0,
03/05/2023 00:00,LH,0,0,
03/05/2023 00:00,MIX,159.6,7,
03/05/2023 00:00,PE,0,0,
03/05/2023 00:00,SG,0,0,
03/05/2023 00:00,TOD,1165.5,8,
03/05/2023 00:00,TIN,554.4,1,
03/05/2023 00:00,TOR,24.15,2,
03/05/2023 00:00,TOTO,31.5,1,
03/05/2023 00:00,KFC,1.05,5,
03/05/2023 00:00,WSK,67.2,1,
03/05/2023 00:00,US,0,0,
03/05/2023 00:00,VE,0,0,
03/05/2023 00:00,VIN,0,0,
03/05/2023 00:00,WE,0,0,
04/05/2023 00:00,,0,0,
04/05/2023 00:00,,0,0,
04/05/2023 00:00,AUN,0,0,
04/05/2023 00:00,BNR,0,0,
04/05/2023 00:00,BIR,2796.15,11,
04/05/2023 00:00,BS,0,0,
04/05/2023 00:00,BZ,0,0,
04/05/2023 00:00,CCS,0,0,
04/05/2023 00:00,CAD,907.2,35,
04/05/2023 00:00,CG,6562.5,30,
04/05/2023 00:00,CMI,231,13,
04/05/2023 00:00,COQ,1047.9,17,
04/05/2023 00:00,EC,0,0,
04/05/2023 00:00,EG,0,0,
04/05/2023 00:00,ER,0,0,
04/05/2023 00:00,SFR,0,0,
04/05/2023 00:00,GAE,2277.45,19,
04/05/2023 00:00,GUT,280.35,1,
04/05/2023 00:00,IQ,0,0,
04/05/2023 00:00,LH,0,0,
04/05/2023 00:00,MIX,159.6,7,
04/05/2023 00:00,PE,0,0,
04/05/2023 00:00,SG,0,0,
04/05/2023 00:00,TOD,1165.5,8,
04/05/2023 00:00,TIN,554.4,1,
04/05/2023 00:00,TOR,24.15,2,
04/05/2023 00:00,TOTO,31.5,1,
04/05/2023 00:00,KFC,1.05,5,
04/05/2023 00:00,WSK,67.2,1,
04/05/2023 00:00,US,0,0,
04/05/2023 00:00,VE,0,0,
04/05/2023 00:00,VIN,0,0,
04/05/2023 00:00,WE,0,0,
05/05/2023 00:00,,0,0,
05/05/2023 00:00,,0,0,
05/05/2023 00:00,AUN,0,0,
05/05/2023 00:00,BNR,0,0,
05/05/2023 00:00,BIR,2796.15,11,
05/05/2023 00:00,BS,0,0,
05/05/2023 00:00,BZ,0,0,
05/05/2023 00:00,CCS,0,0,
05/05/2023 00:00,CAD,628.95,32,
05/05/2023 00:00,CG,6694.8,30,
05/05/2023 00:00,CMI,231,13,
05/05/2023 00:00,COQ,1047.9,17,
05/05/2023 00:00,EC,0,0,
05/05/2023 00:00,EG,0,0,
05/05/2023 00:00,ER,0,0,
05/05/2023 00:00,SFR,0,0,
05/05/2023 00:00,GAE,2273.25,18,
05/05/2023 00:00,GUT,280.35,1,
05/05/2023 00:00,IQ,0,0,
05/05/2023 00:00,LH,0,0,
05/05/2023 00:00,MIX,159.6,7,
05/05/2023 00:00,PE,0,0,
05/05/2023 00:00,SG,0,0,
05/05/2023 00:00,TOD,1176,8,
05/05/2023 00:00,TIN,554.4,1,
05/05/2023 00:00,TOR,24.15,2,
05/05/2023 00:00,TOTO,31.5,1,
05/05/2023 00:00,KFC,1.05,5,
05/05/2023 00:00,WSK,67.2,1,
05/05/2023 00:00,US,0,0,
05/05/2023 00:00,VE,0,0,
05/05/2023 00:00,VIN,0,0,
05/05/2023 00:00,WE,0,0,
06/05/2023 00:00,,0,0,
06/05/2023 00:00,,0,0,
06/05/2023 00:00,AUN,0,0,
06/05/2023 00:00,BNR,0,0,
06/05/2023 00:00,BIR,2874.9,11,
06/05/2023 00:00,BS,0,0,
06/05/2023 00:00,BZ,0,0,
06/05/2023 00:00,CCS,0,0,
06/05/2023 00:00,CAD,769.65,32,
06/05/2023 00:00,CG,6701.1,31,
06/05/2023 00:00,CMI,231,13,
06/05/2023 00:00,COQ,1047.9,17,
06/05/2023 00:00,EC,0,0,
06/05/2023 00:00,EG,0,0,
06/05/2023 00:00,ER,0,0,
06/05/2023 00:00,SFR,0,0,
06/05/2023 00:00,GAE,2460.15,19,
06/05/2023 00:00,GUT,280.35,1,
06/05/2023 00:00,IQ,0,0,
06/05/2023 00:00,LH,0,0,
06/05/2023 00:00,MIX,159.6,7,
06/05/2023 00:00,PE,0,0,
06/05/2023 00:00,SG,0,0,
06/05/2023 00:00,TOD,1165.5,8,
06/05/2023 00:00,TIN,554.4,1,
06/05/2023 00:00,TOR,24.15,2,
06/05/2023 00:00,TOTO,31.5,1,
06/05/2023 00:00,KFC,1.05,5,
06/05/2023 00:00,WSK,67.2,1,
06/05/2023 00:00,US,0,0,
06/05/2023 00:00,VE,0,0,
06/05/2023 00:00,VIN,0,0,
06/05/2023 00:00,WE,0,0,
07/05/2023 00:00,,0,0,
07/05/2023 00:00,,0,0,
07/05/2023 00:00,AUN,0,0,
07/05/2023 00:00,BNR,0,0,
07/05/2023 00:00,BIR,2796.15,11,
07/05/2023 00:00,BS,0,0,
07/05/2023 00:00,BZ,0,0,
07/05/2023 00:00,CCS,0,0,
07/05/2023 00:00,CAD,557.55,32,
07/05/2023 00:00,CG,6701.1,31,
07/05/2023 00:00,CMI,231,13,
07/05/2023 00:00,COQ,1035.3,16,
07/05/2023 00:00,EC,0,0,
07/05/2023 00:00,EG,0,0,
07/05/2023 00:00,ER,0,0,
07/05/2023 00:00,SFR,0,0,
07/05/2023 00:00,GAE,2505.3,20,
07/05/2023 00:00,GUT,280.35,1,
07/05/2023 00:00,IQ,0,0,
07/05/2023 00:00,LH,0,0,
07/05/2023 00:00,MIX,159.6,7,
07/05/2023 00:00,PE,0,0,
07/05/2023 00:00,SG,0,0,
07/05/2023 00:00,TOD,1165.5,8,
07/05/2023 00:00,TIN,554.4,1,
07/05/2023 00:00,TOR,134.4,2,
07/05/2023 00:00,TOTO,31.5,1,
07/05/2023 00:00,KFC,1.05,5,
07/05/2023 00:00,WSK,67.2,1,
07/05/2023 00:00,US,0,0,
07/05/2023 00:00,VE,0,0,
07/05/2023 00:00,VIN,0,0,
07/05/2023 00:00,WE,0,0,
08/05/2023 00:00,,0,0,
08/05/2023 00:00,,0,0,
08/05/2023 00:00,AUN,0,0,
08/05/2023 00:00,BNR,0,0,
08/05/2023 00:00,BIR,2796.15,11,
08/05/2023 00:00,BS,0,0,
08/05/2023 00:00,BZ,0,0,
08/05/2023 00:00,CCS,0,0,
08/05/2023 00:00,CAD,552.3,31,
08/05/2023 00:00,CG,6478.5,30,
08/05/2023 00:00,CMI,668.85,14,
08/05/2023 00:00,COQ,1035.3,16,
08/05/2023 00:00,EC,0,0,
08/05/2023 00:00,EG,0,0,
08/05/2023 00:00,ER,0,0,
08/05/2023 00:00,SFR,0,0,
08/05/2023 00:00,GAE,2560.95,20,
08/05/2023 00:00,GUT,0,0,
08/05/2023 00:00,IQ,0,0,
08/05/2023 00:00,LH,0,0,
08/05/2023 00:00,MIX,159.6,7,
08/05/2023 00:00,PE,0,0,
08/05/2023 00:00,SG,0,0,
08/05/2023 00:00,TOD,1165.5,8,
08/05/2023 00:00,TIN,554.4,1,
08/05/2023 00:00,TOR,157.5,4,
08/05/2023 00:00,TOTO,31.5,1,
08/05/2023 00:00,KFC,1.05,5,
08/05/2023 00:00,WSK,67.2,1,
08/05/2023 00:00,US,0,0,
08/05/2023 00:00,VE,0,0,
08/05/2023 00:00,VIN,0,0,
08/05/2023 00:00,WE,0,0,
09/05/2023 00:00,,0,0,
09/05/2023 00:00,,0,0,
09/05/2023 00:00,AUN,0,0,
09/05/2023 00:00,BNR,0,0,
09/05/2023 00:00,BIR,2796.15,11,
09/05/2023 00:00,BS,0,0,
09/05/2023 00:00,BZ,0,0,
09/05/2023 00:00,CCS,0,0,
09/05/2023 00:00,CAD,778.05,37,
09/05/2023 00:00,CG,6433.35,29,
09/05/2023 00:00,CMI,628.95,14,
09/05/2023 00:00,COQ,1031.1,14,
09/05/2023 00:00,EC,0,0,
09/05/2023 00:00,EG,0,0,
09/05/2023 00:00,ER,0,0,
09/05/2023 00:00,SFR,0,0,
09/05/2023 00:00,GAE,2612.4,20,
09/05/2023 00:00,GUT,0,0,
09/05/2023 00:00,IQ,0,0,
09/05/2023 00:00,LH,0,0,
09/05/2023 00:00,MIX,159.6,7,
09/05/2023 00:00,PE,0,0,
09/05/2023 00:00,SG,0,0,
09/05/2023 00:00,TOD,1165.5,8,
09/05/2023 00:00,TIN,554.4,1,
09/05/2023 00:00,TOR,157.5,4,
09/05/2023 00:00,TOTO,31.5,1,
09/05/2023 00:00,KFC,1.05,5,
09/05/2023 00:00,WSK,67.2,1,
09/05/2023 00:00,US,0,0,
09/05/2023 00:00,VE,0,0,
09/05/2023 00:00,VIN,0,0,
09/05/2023 00:00,WE,0,0,
10/05/2023 00:00,,0,0,
10/05/2023 00:00,,0,0,
10/05/2023 00:00,AUN,0,0,
10/05/2023 00:00,BNR,0,0,
10/05/2023 00:00,BIR,2796.15,11,
10/05/2023 00:00,BS,0,0,
10/05/2023 00:00,BZ,0,0,
10/05/2023 00:00,CCS,0,0,
10/05/2023 00:00,CAD,908.25,36,
10/05/2023 00:00,CG,6337.8,28,
10/05/2023 00:00,CMI,628.95,14,
10/05/2023 00:00,COQ,1027.95,14,
10/05/2023 00:00,EC,0,0,
10/05/2023 00:00,EG,0,0,
10/05/2023 00:00,ER,0,0,
10/05/2023 00:00,SFR,0,0,
10/05/2023 00:00,GAE,1992.9,19,
10/05/2023 00:00,GUT,0,0,
10/05/2023 00:00,IQ,0,0,
10/05/2023 00:00,LH,0,0,
10/05/2023 00:00,MIX,572.25,7,
10/05/2023 00:00,PE,0,0,
10/05/2023 00:00,SG,0,0,
10/05/2023 00:00,TOD,1170.75,7,
10/05/2023 00:00,TIN,554.4,1,
10/05/2023 00:00,TOR,157.5,4,
10/05/2023 00:00,TOTO,31.5,1,
10/05/2023 00:00,KFC,1.05,6,
10/05/2023 00:00,WSK,67.2,1,
10/05/2023 00:00,US,0,0,
10/05/2023 00:00,VE,0,0,
10/05/2023 00:00,VIN,0,0,
10/05/2023 00:00,WE,0,0,
11/05/2023 00:00,,0,0,
11/05/2023 00:00,,0,0,
11/05/2023 00:00,AUN,0,0,
11/05/2023 00:00,BNR,0,0,
11/05/2023 00:00,BIR,2796.15,11,
11/05/2023 00:00,BS,0,0,
11/05/2023 00:00,BZ,0,0,
11/05/2023 00:00,CCS,0,0,
11/05/2023 00:00,CAD,926.1,35,
11/05/2023 00:00,CG,6254.85,28,
11/05/2023 00:00,CMI,596.4,14,
11/05/2023 00:00,COQ,1027.95,14,
11/05/2023 00:00,EC,0,0,
11/05/2023 00:00,EG,0,0,
11/05/2023 00:00,ER,0,0,
11/05/2023 00:00,SFR,0,0,
11/05/2023 00:00,GAE,2392.95,20,
11/05/2023 00:00,GUT,0,0,
11/05/2023 00:00,IQ,0,0,
11/05/2023 00:00,LH,0,0,
11/05/2023 00:00,MIX,739.2,8,
11/05/2023 00:00,PE,0,0,
11/05/2023 00:00,SG,0,0,
11/05/2023 00:00,TOD,1205.4,8,
11/05/2023 00:00,TIN,554.4,1,
11/05/2023 00:00,TOR,157.5,4,
11/05/2023 00:00,TOTO,31.5,1,
11/05/2023 00:00,KFC,1.05,5,
11/05/2023 00:00,WSK,0,0,
11/05/2023 00:00,US,0,0,
11/05/2023 00:00,VE,0,0,
11/05/2023 00:00,VIN,0,0,
11/05/2023 00:00,WE,0,0,
12/05/2023 00:00,,0,0,
12/05/2023 00:00,,0,0,
12/05/2023 00:00,AUN,0,0,
12/05/2023 00:00,BNR,0,0,
12/05/2023 00:00,BIR,2796.15,11,
12/05/2023 00:00,BS,0,0,
12/05/2023 00:00,BZ,0,0,
12/05/2023 00:00,CCS,0,0,
12/05/2023 00:00,CAD,1156.05,37,
12/05/2023 00:00,CG,6189.75,26,
12/05/2023 00:00,CMI,596.4,13,
12/05/2023 00:00,COQ,1033.2,14,
12/05/2023 00:00,EC,0,0,
12/05/2023 00:00,EG,0,0,
12/05/2023 00:00,ER,0,0,
12/05/2023 00:00,SFR,0,0,
12/05/2023 00:00,GAE,2388.75,20,
12/05/2023 00:00,GUT,0,0,
12/05/2023 00:00,IQ,0,0,
12/05/2023 00:00,LH,0,0,
12/05/2023 00:00,MIX,739.2,8,
12/05/2023 00:00,PE,0,0,
12/05/2023 00:00,SG,0,0,
12/05/2023 00:00,TOD,732.9,5,
12/05/2023 00:00,TIN,554.4,1,
12/05/2023 00:00,TOR,157.5,4,
12/05/2023 00:00,TOTO,31.5,1,
12/05/2023 00:00,KFC,1.05,5,
12/05/2023 00:00,WSK,0,0,
12/05/2023 00:00,US,0,0,
12/05/2023 00:00,VE,0,0,
12/05/2023 00:00,VIN,0,0,
12/05/2023 00:00,WE,0,0,
13/05/2023 00:00,,0,0,
13/05/2023 00:00,,0,0,
13/05/2023 00:00,AUN,0,0,
13/05/2023 00:00,BNR,0,0,
13/05/2023 00:00,BIR,2796.15,11,
13/05/2023 00:00,BS,0,0,
13/05/2023 00:00,BZ,0,0,
13/05/2023 00:00,CCS,0,0,
13/05/2023 00:00,CAD,1169.7,36,
13/05/2023 00:00,CG,6207.6,26,
13/05/2023 00:00,CMI,596.4,14,
13/05/2023 00:00,COQ,1046.85,14,
13/05/2023 00:00,EC,0,0,
13/05/2023 00:00,EG,0,0,
13/05/2023 00:00,ER,0,0,
13/05/2023 00:00,SFR,0,0,
13/05/2023 00:00,GAE,2490.6,20,
13/05/2023 00:00,GUT,0,0,
13/05/2023 00:00,IQ,0,0,
13/05/2023 00:00,LH,0,0,
13/05/2023 00:00,MIX,739.2,8,
13/05/2023 00:00,PE,0,0,
13/05/2023 00:00,SG,0,0,
13/05/2023 00:00,TOD,711.9,5,
13/05/2023 00:00,TIN,554.4,1,
13/05/2023 00:00,TOR,157.5,4,
13/05/2023 00:00,TOTO,31.5,1,
13/05/2023 00:00,KFC,1.05,6,
13/05/2023 00:00,WSK,0,0,
13/05/2023 00:00,US,0,0,
13/05/2023 00:00,VE,0,0,
13/05/2023 00:00,VIN,0,0,
13/05/2023 00:00,WE,0,0,
14/05/2023 00:00,,0,0,
14/05/2023 00:00,,0,0,
14/05/2023 00:00,AUN,0,0,
14/05/2023 00:00,BNR,0,0,
14/05/2023 00:00,BIR,2413.95,10,
14/05/2023 00:00,BS,0,0,
14/05/2023 00:00,BZ,0,0,
14/05/2023 00:00,CCS,0,0,
14/05/2023 00:00,CAD,1137.15,35,
14/05/2023 00:00,CG,4623.15,26,
14/05/2023 00:00,CMI,596.4,14,
14/05/2023 00:00,COQ,1077.3,16,
14/05/2023 00:00,EC,0,0,
14/05/2023 00:00,EG,0,0,
14/05/2023 00:00,ER,0,0,
14/05/2023 00:00,SFR,0,0,
14/05/2023 00:00,GAE,2260.65,20,
14/05/2023 00:00,GUT,0,0,
14/05/2023 00:00,IQ,0,0,
14/05/2023 00:00,LH,0,0,
14/05/2023 00:00,MIX,739.2,8,
14/05/2023 00:00,PE,0,0,
14/05/2023 00:00,SG,0,0,
14/05/2023 00:00,TOD,767.55,6,
14/05/2023 00:00,TIN,554.4,1,
14/05/2023 00:00,TOR,157.5,4,
14/05/2023 00:00,TOTO,31.5,1,
14/05/2023 00:00,KFC,1.05,5,
14/05/2023 00:00,WSK,0,0,
14/05/2023 00:00,US,0,0,
14/05/2023 00:00,VE,0,0,
14/05/2023 00:00,VIN,0,0,
14/05/2023 00:00,WE,0,0,
15/05/2023 00:00,,0,0,
15/05/2023 00:00,,0,0,
15/05/2023 00:00,AUN,0,0,
15/05/2023 00:00,BNR,0,0,
15/05/2023 00:00,BIR,1650.6,10,
15/05/2023 00:00,BS,0,0,
15/05/2023 00:00,BZ,0,0,
15/05/2023 00:00,CCS,0,0,
15/05/2023 00:00,CAD,1003.8,32,
15/05/2023 00:00,CG,2744.7,26,
15/05/2023 00:00,CMI,603.75,14,
15/05/2023 00:00,COQ,1088.85,17,
15/05/2023 00:00,EC,0,0,
15/05/2023 00:00,EG,0,0,
15/05/2023 00:00,ER,0,0,
15/05/2023 00:00,SFR,0,0,
15/05/2023 00:00,GAE,2303.7,20,
15/05/2023 00:00,GUT,0,0,
15/05/2023 00:00,IQ,0,0,
15/05/2023 00:00,LH,0,0,
15/05/2023 00:00,MIX,739.2,8,
15/05/2023 00:00,PE,0,0,
15/05/2023 00:00,SG,0,0,
15/05/2023 00:00,TOD,711.9,5,
15/05/2023 00:00,TIN,554.4,1,
15/05/2023 00:00,TOR,157.5,4,
15/05/2023 00:00,TOTO,31.5,1,
15/05/2023 00:00,KFC,1.05,5,
15/05/2023 00:00,WSK,0,0,
15/05/2023 00:00,US,0,0,
15/05/2023 00:00,VE,0,0,
15/05/2023 00:00,VIN,0,0,
15/05/2023 00:00,WE,0,0,
16/05/2023 00:00,,0,0,
16/05/2023 00:00,,0,0,
16/05/2023 00:00,AUN,0,0,
16/05/2023 00:00,BNR,0,0,
16/05/2023 00:00,BIR,1650.6,10,
16/05/2023 00:00,BS,0,0,
16/05/2023 00:00,BZ,0,0,
16/05/2023 00:00,CCS,0,0,
16/05/2023 00:00,CAD,1024.8,31,
16/05/2023 00:00,CG,2639.7,25,
16/05/2023 00:00,CMI,596.4,14,
16/05/2023 00:00,COQ,1088.85,18,
16/05/2023 00:00,EC,0,0,
16/05/2023 00:00,EG,0,0,
16/05/2023 00:00,ER,0,0,
16/05/2023 00:00,SFR,0,0,
16/05/2023 00:00,GAE,2260.65,20,
16/05/2023 00:00,GUT,0,0,
16/05/2023 00:00,IQ,0,0,
16/05/2023 00:00,LH,0,0,
16/05/2023 00:00,MIX,739.2,8,
16/05/2023 00:00,PE,0,0,
16/05/2023 00:00,SG,0,0,
16/05/2023 00:00,TOD,731.85,5,
16/05/2023 00:00,TIN,554.4,1,
16/05/2023 00:00,TOR,157.5,4,
16/05/2023 00:00,TOTO,31.5,1,
16/05/2023 00:00,KFC,1.05,5,
16/05/2023 00:00,WSK,0,0,
16/05/2023 00:00,US,0,0,
16/05/2023 00:00,VE,0,0,
16/05/2023 00:00,VIN,0,0,
16/05/2023 00:00,WE,0,0,
17/05/2023 00:00,,0,0,
17/05/2023 00:00,,0,0,
17/05/2023 00:00,AUN,0,0,
17/05/2023 00:00,BNR,0,0,
17/05/2023 00:00,BIR,1650.6,10,
17/05/2023 00:00,BS,0,0,
17/05/2023 00:00,BZ,0,0,
17/05/2023 00:00,CCS,0,0,
17/05/2023 00:00,CAD,1101.45,37,
17/05/2023 00:00,CG,2742.6,25,
17/05/2023 00:00,CMI,596.4,14,
17/05/2023 00:00,COQ,1076.25,17,
17/05/2023 00:00,EC,0,0,
17/05/2023 00:00,EG,0,0,
17/05/2023 00:00,ER,0,0,
17/05/2023 00:00,SFR,0,0,
17/05/2023 00:00,GAE,1699.95,19,
17/05/2023 00:00,GUT,0,0,
17/05/2023 00:00,IQ,0,0,
17/05/2023 00:00,LH,0,0,
17/05/2023 00:00,MIX,739.2,8,
17/05/2023 00:00,PE,0,0,
17/05/2023 00:00,SG,0,0,
17/05/2023 00:00,TOD,772.8,6,
17/05/2023 00:00,TIN,554.4,1,
17/05/2023 00:00,TOR,157.5,4,
17/05/2023 00:00,TOTO,31.5,1,
17/05/2023 00:00,KFC,1.05,5,
17/05/2023 00:00,WSK,0,0,
17/05/2023 00:00,US,0,0,
17/05/2023 00:00,VE,0,0,
17/05/2023 00:00,VIN,0,0,
17/05/2023 00:00,WE,0,0,
18/05/2023 00:00,,0,0,
18/05/2023 00:00,,0,0,
18/05/2023 00:00,AUN,0,0,
18/05/2023 00:00,BNR,0,0,
18/05/2023 00:00,BIR,1650.6,10,
18/05/2023 00:00,BS,0,0,
18/05/2023 00:00,BZ,0,0,
18/05/2023 00:00,CCS,0,0,
18/05/2023 00:00,CAD,1243.2,38,
18/05/2023 00:00,CG,2742.6,26,
18/05/2023 00:00,CMI,635.25,14,
18/05/2023 00:00,COQ,1125.6,19,
18/05/2023 00:00,EC,0,0,
18/05/2023 00:00,EG,0,0,
18/05/2023 00:00,ER,0,0,
18/05/2023 00:00,SFR,0,0,
18/05/2023 00:00,GAE,2396.1,22,
18/05/2023 00:00,GUT,0,0,
18/05/2023 00:00,IQ,0,0,
18/05/2023 00:00,LH,0,0,
18/05/2023 00:00,MIX,739.2,8,
18/05/2023 00:00,PE,0,0,
18/05/2023 00:00,SG,0,0,
18/05/2023 00:00,TOD,772.8,6,
18/05/2023 00:00,TIN,554.4,1,
18/05/2023 00:00,TOR,157.5,4,
18/05/2023 00:00,TOTO,31.5,1,
18/05/2023 00:00,KFC,0,0,
18/05/2023 00:00,WSK,0,0,
18/05/2023 00:00,US,0,0,
18/05/2023 00:00,VE,0,0,
18/05/2023 00:00,VIN,0,0,
18/05/2023 00:00,WE,0,0,
19/05/2023 00:00,,0,0,
19/05/2023 00:00,,0,0,
19/05/2023 00:00,AUN,0,0,
19/05/2023 00:00,BNR,0,0,
19/05/2023 00:00,BIR,1650.6,10,
19/05/2023 00:00,BS,0,0,
19/05/2023 00:00,BZ,0,0,
19/05/2023 00:00,CCS,0,0,
19/05/2023 00:00,CAD,1443.75,41,
19/05/2023 00:00,CG,3430.35,26,
19/05/2023 00:00,CMI,699.3,14,
19/05/2023 00:00,COQ,1121.4,18,
19/05/2023 00:00,EC,0,0,
19/05/2023 00:00,EG,0,0,
19/05/2023 00:00,ER,0,0,
19/05/2023 00:00,SFR,0,0,
19/05/2023 00:00,GAE,2478,23,
19/05/2023 00:00,GUT,0,0,
19/05/2023 00:00,IQ,0,0,
19/05/2023 00:00,LH,0,0,
19/05/2023 00:00,MIX,699.3,7,
19/05/2023 00:00,PE,0,0,
19/05/2023 00:00,SG,0,0,
19/05/2023 00:00,TOD,772.8,6,
19/05/2023 00:00,TIN,554.4,1,
19/05/2023 00:00,TOR,39.9,2,
19/05/2023 00:00,TOTO,31.5,1,
19/05/2023 00:00,KFC,0,0,
19/05/2023 00:00,WSK,0,0,
19/05/2023 00:00,US,0,0,
19/05/2023 00:00,VE,0,0,
19/05/2023 00:00,VIN,0,0,
19/05/2023 00:00,WE,0,0,
20/05/2023 00:00,,0,0,
20/05/2023 00:00,,0,0,
20/05/2023 00:00,AUN,0,0,
20/05/2023 00:00,BNR,0,0,
20/05/2023 00:00,BIR,1650.6,10,
20/05/2023 00:00,BS,0,0,
20/05/2023 00:00,BZ,0,0,
20/05/2023 00:00,CCS,0,0,
20/05/2023 00:00,CAD,1452.15,40,
20/05/2023 00:00,CG,3713.85,26,
20/05/2023 00:00,CMI,911.4,14,
20/05/2023 00:00,COQ,1095.15,18,
20/05/2023 00:00,EC,0,0,
20/05/2023 00:00,EG,0,0,
20/05/2023 00:00,ER,0,0,
20/05/2023 00:00,SFR,0,0,
20/05/2023 00:00,GAE,2431.8,20,
20/05/2023 00:00,GUT,0,0,
20/05/2023 00:00,IQ,0,0,
20/05/2023 00:00,LH,0,0,
20/05/2023 00:00,MIX,699.3,7,
20/05/2023 00:00,PE,0,0,
20/05/2023 00:00,SG,0,0,
20/05/2023 00:00,TOD,1209.6,8,
20/05/2023 00:00,TIN,554.4,1,
20/05/2023 00:00,TOR,24.15,2,
20/05/2023 00:00,TOTO,31.5,1,
20/05/2023 00:00,KFC,0,0,
20/05/2023 00:00,WSK,0,0,
20/05/2023 00:00,US,0,0,
20/05/2023 00:00,VE,0,0,
20/05/2023 00:00,VIN,0,0,
20/05/2023 00:00,WE,0,0,
21/05/2023 00:00,,0,0,
21/05/2023 00:00,,0,0,
21/05/2023 00:00,AUN,0,0,
21/05/2023 00:00,BNR,0,0,
21/05/2023 00:00,BIR,1650.6,10,
21/05/2023 00:00,BS,0,0,
21/05/2023 00:00,BZ,0,0,
21/05/2023 00:00,CCS,0,0,
21/05/2023 00:00,CAD,1451.1,36,
21/05/2023 00:00,CG,3654,25,
21/05/2023 00:00,CMI,596.4,14,
21/05/2023 00:00,COQ,1095.15,17,
21/05/2023 00:00,EC,0,0,
21/05/2023 00:00,EG,0,0,
21/05/2023 00:00,ER,0,0,
21/05/2023 00:00,SFR,0,0,
21/05/2023 00:00,GAE,1871.1,20,
21/05/2023 00:00,GUT,0,0,
21/05/2023 00:00,IQ,0,0,
21/05/2023 00:00,LH,0,0,
21/05/2023 00:00,MIX,699.3,7,
21/05/2023 00:00,PE,0,0,
21/05/2023 00:00,SG,0,0,
21/05/2023 00:00,TOD,1209.6,8,
21/05/2023 00:00,TIN,554.4,1,
21/05/2023 00:00,TOR,24.15,2,
21/05/2023 00:00,TOTO,31.5,1,
21/05/2023 00:00,KFC,0,0,
21/05/2023 00:00,WSK,0,0,
21/05/2023 00:00,US,0,0,
21/05/2023 00:00,VE,0,0,
21/05/2023 00:00,VIN,0,0,
21/05/2023 00:00,WE,0,0,
22/05/2023 00:00,,0,0,
22/05/2023 00:00,,0,0,
22/05/2023 00:00,AUN,0,0,
22/05/2023 00:00,BNR,0,0,
22/05/2023 00:00,BIR,1646.4,8,
22/05/2023 00:00,BS,0,0,
22/05/2023 00:00,BZ,0,0,
22/05/2023 00:00,CCS,0,0,
22/05/2023 00:00,CAD,1215.9,34,
22/05/2023 00:00,CG,3657.15,26,
22/05/2023 00:00,CMI,753.9,16,
22/05/2023 00:00,COQ,1095.15,18,
22/05/2023 00:00,EC,0,0,
22/05/2023 00:00,EG,0,0,
22/05/2023 00:00,ER,0,0,
22/05/2023 00:00,SFR,0,0,
22/05/2023 00:00,GAE,1871.1,20,
22/05/2023 00:00,GUT,0,0,
22/05/2023 00:00,IQ,0,0,
22/05/2023 00:00,LH,0,0,
22/05/2023 00:00,MIX,699.3,7,
22/05/2023 00:00,PE,0,0,
22/05/2023 00:00,SG,0,0,
22/05/2023 00:00,TOD,1209.6,8,
22/05/2023 00:00,TIN,554.4,1,
22/05/2023 00:00,TOR,24.15,2,
22/05/2023 00:00,TOTO,31.5,1,
22/05/2023 00:00,KFC,1.05,2,
22/05/2023 00:00,WSK,0,0,
22/05/2023 00:00,US,0,0,
22/05/2023 00:00,VE,0,0,
22/05/2023 00:00,VIN,0,0,
22/05/2023 00:00,WE,0,0,
23/05/2023 00:00,,0,0,
23/05/2023 00:00,,0,0,
23/05/2023 00:00,AUN,0,0,
23/05/2023 00:00,BNR,0,0,
23/05/2023 00:00,BIR,1539.3,8,
23/05/2023 00:00,BS,0,0,
23/05/2023 00:00,BZ,0,0,
23/05/2023 00:00,CCS,0,0,
23/05/2023 00:00,CAD,969.15,31,
23/05/2023 00:00,CG,3680.25,26,
23/05/2023 00:00,CMI,681.45,14,
23/05/2023 00:00,COQ,1265.25,19,
23/05/2023 00:00,EC,0,0,
23/05/2023 00:00,EG,0,0,
23/05/2023 00:00,ER,0,0,
23/05/2023 00:00,SFR,0,0,
23/05/2023 00:00,GAE,1751.4,19,
23/05/2023 00:00,GUT,0,0,
23/05/2023 00:00,IQ,0,0,
23/05/2023 00:00,LH,0,0,
23/05/2023 00:00,MIX,699.3,7,
23/05/2023 00:00,PE,0,0,
23/05/2023 00:00,SG,0,0,
23/05/2023 00:00,TOD,1209.6,8,
23/05/2023 00:00,TIN,554.4,1,
23/05/2023 00:00,TOR,24.15,2,
23/05/2023 00:00,TOTO,31.5,1,
23/05/2023 00:00,KFC,1.05,2,
23/05/2023 00:00,WSK,0,0,
23/05/2023 00:00,US,0,0,
23/05/2023 00:00,VE,0,0,
23/05/2023 00:00,VIN,0,0,
23/05/2023 00:00,WE,0,0,
24/05/2023 00:00,,0,0,
24/05/2023 00:00,,0,0,
24/05/2023 00:00,AUN,0,0,
24/05/2023 00:00,BNR,0,0,
24/05/2023 00:00,BIR,1539.3,8,
24/05/2023 00:00,BS,0,0,
24/05/2023 00:00,BZ,0,0,
24/05/2023 00:00,CCS,0,0,
24/05/2023 00:00,CAD,1118.25,34,
24/05/2023 00:00,CG,3680.25,26,
24/05/2023 00:00,CMI,602.7,14,
24/05/2023 00:00,COQ,1265.25,19,
24/05/2023 00:00,EC,0,0,
24/05/2023 00:00,EG,0,0,
24/05/2023 00:00,ER,0,0,
24/05/2023 00:00,SFR,0,0,
24/05/2023 00:00,GAE,1460.55,18,
24/05/2023 00:00,GUT,0,0,
24/05/2023 00:00,IQ,0,0,
24/05/2023 00:00,LH,0,0,
24/05/2023 00:00,MIX,699.3,7,
24/05/2023 00:00,PE,0,0,
24/05/2023 00:00,SG,0,0,
24/05/2023 00:00,TOD,1209.6,8,
24/05/2023 00:00,TIN,554.4,1,
24/05/2023 00:00,TOR,24.15,2,
24/05/2023 00:00,TOTO,31.5,1,
24/05/2023 00:00,KFC,1.05,2,
24/05/2023 00:00,WSK,0,0,
24/05/2023 00:00,US,0,0,
24/05/2023 00:00,VE,0,0,
24/05/2023 00:00,VIN,0,0,
24/05/2023 00:00,WE,0,0,
25/05/2023 00:00,,0,0,
25/05/2023 00:00,,0,0,
25/05/2023 00:00,AUN,0,0,
25/05/2023 00:00,BNR,0,0,
25/05/2023 00:00,BIR,1539.3,8,
25/05/2023 00:00,BS,0,0,
25/05/2023 00:00,BZ,0,0,
25/05/2023 00:00,CCS,0,0,
25/05/2023 00:00,CAD,1147.65,38,
25/05/2023 00:00,CG,4129.65,28,
25/05/2023 00:00,CMI,614.25,14,
25/05/2023 00:00,COQ,1266.3,19,
25/05/2023 00:00,EC,0,0,
25/05/2023 00:00,EG,0,0,
25/05/2023 00:00,ER,0,0,
25/05/2023 00:00,SFR,0,0,
25/05/2023 00:00,GAE,1451.1,17,
25/05/2023 00:00,GUT,0,0,
25/05/2023 00:00,IQ,0,0,
25/05/2023 00:00,LH,0,0,
25/05/2023 00:00,MIX,699.3,7,
25/05/2023 00:00,PE,0,0,
25/05/2023 00:00,SG,0,0,
25/05/2023 00:00,TOD,1209.6,8,
25/05/2023 00:00,TIN,554.4,1,
25/05/2023 00:00,TOR,24.15,2,
25/05/2023 00:00,TOTO,31.5,1,
25/05/2023 00:00,KFC,1.05,4,
25/05/2023 00:00,WSK,0,0,
25/05/2023 00:00,US,0,0,
25/05/2023 00:00,VE,0,0,
25/05/2023 00:00,VIN,0,0,
25/05/2023 00:00,WE,0,0,
26/05/2023 00:00,,0,0,
26/05/2023 00:00,,0,0,
26/05/2023 00:00,AUN,0,0,
26/05/2023 00:00,BNR,0,0,
26/05/2023 00:00,BIR,1539.3,8,
26/05/2023 00:00,BS,0,0,
26/05/2023 00:00,BZ,0,0,
26/05/2023 00:00,CCS,0,0,
26/05/2023 00:00,CAD,1145.55,37,
26/05/2023 00:00,CG,4171.65,29,
26/05/2023 00:00,CMI,709.8,14,
26/05/2023 00:00,COQ,1266.3,19,
26/05/2023 00:00,EC,0,0,
26/05/2023 00:00,EG,0,0,
26/05/2023 00:00,ER,0,0,
26/05/2023 00:00,SFR,0,0,
26/05/2023 00:00,GAE,1072.05,13,
26/05/2023 00:00,GUT,0,0,
26/05/2023 00:00,IQ,0,0,
26/05/2023 00:00,LH,0,0,
26/05/2023 00:00,MIX,699.3,7,
26/05/2023 00:00,PE,0,0,
26/05/2023 00:00,SG,0,0,
26/05/2023 00:00,TOD,1209.6,8,
26/05/2023 00:00,TIN,554.4,1,
26/05/2023 00:00,TOR,7.35,1,
26/05/2023 00:00,TOTO,31.5,1,
26/05/2023 00:00,KFC,1.05,1,
26/05/2023 00:00,WSK,0,0,
26/05/2023 00:00,US,0,0,
26/05/2023 00:00,VE,0,0,
26/05/2023 00:00,VIN,0,0,
26/05/2023 00:00,WE,0,0,
27/05/2023 00:00,,0,0,
27/05/2023 00:00,,0,0,
27/05/2023 00:00,AUN,0,0,
27/05/2023 00:00,BNR,0,0,
27/05/2023 00:00,BIR,1539.3,8,
27/05/2023 00:00,BS,0,0,
27/05/2023 00:00,BZ,0,0,
27/05/2023 00:00,CCS,0,0,
27/05/2023 00:00,CAD,1075.2,35,
27/05/2023 00:00,CG,4172.7,29,
27/05/2023 00:00,CMI,614.25,14,
27/05/2023 00:00,COQ,1278.9,19,
27/05/2023 00:00,EC,0,0,
27/05/2023 00:00,EG,0,0,
27/05/2023 00:00,ER,0,0,
27/05/2023 00:00,SFR,0,0,
27/05/2023 00:00,GAE,1264.2,16,
27/05/2023 00:00,GUT,0,0,
27/05/2023 00:00,IQ,0,0,
27/05/2023 00:00,LH,0,0,
27/05/2023 00:00,MIX,699.3,7,
27/05/2023 00:00,PE,0,0,
27/05/2023 00:00,SG,0,0,
27/05/2023 00:00,TOD,1209.6,8,
27/05/2023 00:00,TIN,554.4,1,
27/05/2023 00:00,TOR,0,0,
27/05/2023 00:00,TOTO,31.5,1,
27/05/2023 00:00,KFC,1.05,1,
27/05/2023 00:00,WSK,0,0,
27/05/2023 00:00,US,0,0,
27/05/2023 00:00,VE,0,0,
27/05/2023 00:00,VIN,0,0,
27/05/2023 00:00,WE,0,0,
28/05/2023 00:00,,0,0,
28/05/2023 00:00,,0,0,
28/05/2023 00:00,AUN,0,0,
28/05/2023 00:00,BNR,0,0,
28/05/2023 00:00,BIR,1539.3,8,
28/05/2023 00:00,BS,0,0,
28/05/2023 00:00,BZ,0,0,
28/05/2023 00:00,CCS,0,0,
28/05/2023 00:00,CAD,1052.1,35,
28/05/2023 00:00,CG,4097.1,29,
28/05/2023 00:00,CMI,1034.25,13,
28/05/2023 00:00,COQ,1296.75,20,
28/05/2023 00:00,EC,0,0,
28/05/2023 00:00,EG,0,0,
28/05/2023 00:00,ER,0,0,
28/05/2023 00:00,SFR,0,0,
28/05/2023 00:00,GAE,1254.75,14,
28/05/2023 00:00,GUT,0,0,
28/05/2023 00:00,IQ,0,0,
28/05/2023 00:00,LH,0,0,
28/05/2023 00:00,MIX,699.3,7,
28/05/2023 00:00,PE,0,0,
28/05/2023 00:00,SG,0,0,
28/05/2023 00:00,TOD,1209.6,8,
28/05/2023 00:00,TIN,554.4,1,
28/05/2023 00:00,TOR,0,0,
28/05/2023 00:00,TOTO,31.5,1,
28/05/2023 00:00,KFC,1.05,4,
28/05/2023 00:00,WSK,0,0,
28/05/2023 00:00,US,0,0,
28/05/2023 00:00,VE,0,0,
28/05/2023 00:00,VIN,0,0,
28/05/2023 00:00,WE,0,0,
29/05/2023 00:00,,0,0,
29/05/2023 00:00,,0,0,
29/05/2023 00:00,AUN,0,0,
29/05/2023 00:00,BNR,0,0,
29/05/2023 00:00,BIR,1539.3,8,
29/05/2023 00:00,BS,0,0,
29/05/2023 00:00,BZ,0,0,
29/05/2023 00:00,CCS,0,0,
29/05/2023 00:00,CAD,1381.8,32,
29/05/2023 00:00,CG,4025.7,29,
29/05/2023 00:00,CMI,617.4,13,
29/05/2023 00:00,COQ,1296.75,20,
29/05/2023 00:00,EC,0,0,
29/05/2023 00:00,EG,0,0,
29/05/2023 00:00,ER,0,0,
29/05/2023 00:00,SFR,0,0,
29/05/2023 00:00,GAE,1227.45,14,
29/05/2023 00:00,GUT,0,0,
29/05/2023 00:00,IQ,0,0,
29/05/2023 00:00,LH,0,0,
29/05/2023 00:00,MIX,699.3,7,
29/05/2023 00:00,PE,0,0,
29/05/2023 00:00,SG,0,0,
29/05/2023 00:00,TOD,1209.6,8,
29/05/2023 00:00,TIN,554.4,1,
29/05/2023 00:00,TOR,0,0,
29/05/2023 00:00,TOTO,31.5,1,
29/05/2023 00:00,KFC,1.05,1,
29/05/2023 00:00,WSK,0,0,
29/05/2023 00:00,US,0,0,
29/05/2023 00:00,VE,0,0,
29/05/2023 00:00,VIN,0,0,
29/05/2023 00:00,WE,0,0,
30/05/2023 00:00,,0,0,
30/05/2023 00:00,,0,0,
30/05/2023 00:00,AUN,0,0,
30/05/2023 00:00,BNR,0,0,
30/05/2023 00:00,BIR,1539.3,8,
30/05/2023 00:00,BS,0,0,
30/05/2023 00:00,BZ,0,0,
30/05/2023 00:00,CCS,0,0,
30/05/2023 00:00,CAD,1446.9,34,
30/05/2023 00:00,CG,4025.7,29,
30/05/2023 00:00,CMI,465.15,12,
30/05/2023 00:00,COQ,1296.75,19,
30/05/2023 00:00,EC,0,0,
30/05/2023 00:00,EG,0,0,
30/05/2023 00:00,ER,0,0,
30/05/2023 00:00,SFR,0,0,
30/05/2023 00:00,GAE,1169.7,13,
30/05/2023 00:00,GUT,0,0,
30/05/2023 00:00,IQ,0,0,
30/05/2023 00:00,LH,0,0,
30/05/2023 00:00,MIX,699.3,7,
30/05/2023 00:00,PE,0,0,
30/05/2023 00:00,SG,0,0,
30/05/2023 00:00,TOD,1138.2,7,
30/05/2023 00:00,TIN,554.4,1,
30/05/2023 00:00,TOR,25.2,1,
30/05/2023 00:00,TOTO,31.5,1,
30/05/2023 00:00,KFC,1.05,2,
30/05/2023 00:00,WSK,0,0,
30/05/2023 00:00,US,0,0,
30/05/2023 00:00,VE,0,0,
30/05/2023 00:00,VIN,0,0,
30/05/2023 00:00,WE,0,0,
31/05/2023 00:00,,0,0,
31/05/2023 00:00,,0,0,
31/05/2023 00:00,AUN,0,0,
31/05/2023 00:00,BNR,0,0,
31/05/2023 00:00,BIR,1539.3,8,
31/05/2023 00:00,BS,0,0,
31/05/2023 00:00,BZ,0,0,
31/05/2023 00:00,CCS,0,0,
31/05/2023 00:00,CAD,1357.65,30,
31/05/2023 00:00,CG,3896.55,28,
31/05/2023 00:00,CMI,231,12,
31/05/2023 00:00,COQ,1509.9,18,
31/05/2023 00:00,EC,0,0,
31/05/2023 00:00,EG,0,0,
31/05/2023 00:00,ER,0,0,
31/05/2023 00:00,SFR,0,0,
31/05/2023 00:00,GAE,977.55,13,
31/05/2023 00:00,GUT,0,0,
31/05/2023 00:00,IQ,0,0,
31/05/2023 00:00,LH,0,0,
31/05/2023 00:00,MIX,967.05,8,
31/05/2023 00:00,PE,0,0,
31/05/2023 00:00,SG,0,0,
31/05/2023 00:00,TOD,1209.6,8,
31/05/2023 00:00,TIN,554.4,1,
31/05/2023 00:00,TOR,25.2,1,
31/05/2023 00:00,TOTO,31.5,1,
31/05/2023 00:00,KFC,1.05,4,
31/05/2023 00:00,WSK,0,0,
31/05/2023 00:00,US,0,0,
31/05/2023 00:00,VE,0,0,
31/05/2023 00:00,VIN,0,0,
31/05/2023 00:00,WE,0,0,
01/06/2023 00:00,,0,0,
01/06/2023 00:00,,0,0,
01/06/2023 00:00,AUN,0,0,
01/06/2023 00:00,BNR,0,0,
01/06/2023 00:00,BIR,1539.3,8,
01/06/2023 00:00,BS,0,0,
01/06/2023 00:00,BZ,0,0,
01/06/2023 00:00,CCS,0,0,
01/06/2023 00:00,CAD,1366.05,31,
01/06/2023 00:00,CG,3825.15,28,
01/06/2023 00:00,CMI,294,12,
01/06/2023 00:00,COQ,1143.45,19,
01/06/2023 00:00,EC,0,0,
01/06/2023 00:00,EG,0,0,
01/06/2023 00:00,ER,0,0,
01/06/2023 00:00,SFR,0,0,
01/06/2023 00:00,GAE,994.35,14,
01/06/2023 00:00,GUT,0,0,
01/06/2023 00:00,IQ,0,0,
01/06/2023 00:00,LH,0,0,
01/06/2023 00:00,MIX,967.05,8,
01/06/2023 00:00,PE,0,0,
01/06/2023 00:00,SG,0,0,
01/06/2023 00:00,TOD,1209.6,8,
01/06/2023 00:00,TIN,554.4,1,
01/06/2023 00:00,TOR,25.2,1,
01/06/2023 00:00,TOTO,31.5,1,
01/06/2023 00:00,KFC,1.05,1,
01/06/2023 00:00,WSK,0,0,
01/06/2023 00:00,US,0,0,
01/06/2023 00:00,VE,0,0,
01/06/2023 00:00,VIN,0,0,
01/06/2023 00:00,WE,0,0,
02/06/2023 00:00,,0,0,
02/06/2023 00:00,,0,0,
02/06/2023 00:00,AUN,0,0,
02/06/2023 00:00,BNR,0,0,
02/06/2023 00:00,BIR,1591.8,8,
02/06/2023 00:00,BS,0,0,
02/06/2023 00:00,BZ,0,0,
02/06/2023 00:00,CCS,0,0,
02/06/2023 00:00,CAD,1420.65,30,
02/06/2023 00:00,CG,3510.15,25,
02/06/2023 00:00,CMI,668.85,12,
02/06/2023 00:00,COQ,1623.3,19,
02/06/2023 00:00,EC,0,0,
02/06/2023 00:00,EG,0,0,
02/06/2023 00:00,ER,0,0,
02/06/2023 00:00,SFR,0,0,
02/06/2023 00:00,GAE,802.2,12,
02/06/2023 00:00,GUT,0,0,
02/06/2023 00:00,IQ,0,0,
02/06/2023 00:00,LH,0,0,
02/06/2023 00:00,MIX,967.05,8,
02/06/2023 00:00,PE,0,0,
02/06/2023 00:00,SG,0,0,
02/06/2023 00:00,TOD,1209.6,8,
02/06/2023 00:00,TIN,554.4,1,
02/06/2023 00:00,TOR,25.2,1,
02/06/2023 00:00,TOTO,31.5,1,
02/06/2023 00:00,KFC,1.05,1,
02/06/2023 00:00,WSK,0,0,
02/06/2023 00:00,US,0,0,
02/06/2023 00:00,VE,0,0,
02/06/2023 00:00,VIN,0,0,
02/06/2023 00:00,WE,0,0,
03/06/2023 00:00,,0,0,
03/06/2023 00:00,,0,0,
03/06/2023 00:00,AUN,0,0,
03/06/2023 00:00,BNR,0,0,
03/06/2023 00:00,BIR,1901.55,10,
03/06/2023 00:00,BS,0,0,
03/06/2023 00:00,BZ,0,0,
03/06/2023 00:00,CCS,0,0,
03/06/2023 00:00,CAD,1365,31,
03/06/2023 00:00,CG,3064.95,25,
03/06/2023 00:00,CMI,417.9,12,
03/06/2023 00:00,COQ,2028.6,20,
03/06/2023 00:00,EC,0,0,
03/06/2023 00:00,EG,0,0,
03/06/2023 00:00,ER,0,0,
03/06/2023 00:00,SFR,0,0,
03/06/2023 00:00,GAE,994.35,14,
03/06/2023 00:00,GUT,0,0,
03/06/2023 00:00,IQ,0,0,
03/06/2023 00:00,LH,0,0,
03/06/2023 00:00,MIX,967.05,8,
03/06/2023 00:00,PE,0,0,
03/06/2023 00:00,SG,0,0,
03/06/2023 00:00,TOD,772.8,6,
03/06/2023 00:00,TIN,0,0,
03/06/2023 00:00,TOR,25.2,1,
03/06/2023 00:00,TOTO,31.5,1,
03/06/2023 00:00,KFC,1.05,2,
03/06/2023 00:00,WSK,0,0,
03/06/2023 00:00,US,0,0,
03/06/2023 00:00,VE,0,0,
03/06/2023 00:00,VIN,0,0,
03/06/2023 00:00,WE,0,0,
04/06/2023 00:00,,0,0,
04/06/2023 00:00,,0,0,
04/06/2023 00:00,AUN,0,0,
04/06/2023 00:00,BNR,0,0,
04/06/2023 00:00,BIR,1901.55,10,
04/06/2023 00:00,BS,0,0,
04/06/2023 00:00,BZ,0,0,
04/06/2023 00:00,CCS,0,0,
04/06/2023 00:00,CAD,1319.85,30,
04/06/2023 00:00,CG,3064.95,25,
04/06/2023 00:00,CMI,477.75,12,
04/06/2023 00:00,COQ,1955.1,19,
04/06/2023 00:00,EC,0,0,
04/06/2023 00:00,EG,0,0,
04/06/2023 00:00,ER,0,0,
04/06/2023 00:00,SFR,0,0,
04/06/2023 00:00,GAE,802.2,12,
04/06/2023 00:00,GUT,203.7,1,
04/06/2023 00:00,IQ,0,0,
04/06/2023 00:00,LH,0,0,
04/06/2023 00:00,MIX,967.05,8,
04/06/2023 00:00,PE,0,0,
04/06/2023 00:00,SG,0,0,
04/06/2023 00:00,TOD,658.35,4,
04/06/2023 00:00,TIN,0,0,
04/06/2023 00:00,TOR,25.2,1,
04/06/2023 00:00,TOTO,31.5,1,
04/06/2023 00:00,KFC,1.05,1,
04/06/2023 00:00,WSK,0,0,
04/06/2023 00:00,US,0,0,
04/06/2023 00:00,VE,0,0,
04/06/2023 00:00,VIN,0,0,
04/06/2023 00:00,WE,0,0,
05/06/2023 00:00,,0,0,
05/06/2023 00:00,,0,0,
05/06/2023 00:00,AUN,0,0,
05/06/2023 00:00,BNR,0,0,
05/06/2023 00:00,BIR,1901.55,10,
05/06/2023 00:00,BS,0,0,
05/06/2023 00:00,BZ,0,0,
05/06/2023 00:00,CCS,0,0,
05/06/2023 00:00,CAD,1345.05,29,
05/06/2023 00:00,CG,3064.95,25,
05/06/2023 00:00,CMI,825.3,14,
05/06/2023 00:00,COQ,1161.3,19,
05/06/2023 00:00,EC,0,0,
05/06/2023 00:00,EG,0,0,
05/06/2023 00:00,ER,0,0,
05/06/2023 00:00,SFR,0,0,
05/06/2023 00:00,GAE,1042.65,14,
05/06/2023 00:00,GUT,203.7,1,
05/06/2023 00:00,IQ,0,0,
05/06/2023 00:00,LH,0,0,
05/06/2023 00:00,MIX,967.05,8,
05/06/2023 00:00,PE,0,0,
05/06/2023 00:00,SG,0,0,
05/06/2023 00:00,TOD,654.15,5,
05/06/2023 00:00,TIN,0,0,
05/06/2023 00:00,TOR,25.2,1,
05/06/2023 00:00,TOTO,31.5,1,
05/06/2023 00:00,KFC,1.05,1,
05/06/2023 00:00,WSK,0,0,
05/06/2023 00:00,US,0,0,
05/06/2023 00:00,VE,0,0,
05/06/2023 00:00,VIN,0,0,
05/06/2023 00:00,WE,0,0,
06/06/2023 00:00,,0,0,
06/06/2023 00:00,,0,0,
06/06/2023 00:00,AUN,0,0,
06/06/2023 00:00,BNR,0,0,
06/06/2023 00:00,BIR,2169.3,11,
06/06/2023 00:00,BS,0,0,
06/06/2023 00:00,BZ,0,0,
06/06/2023 00:00,CCS,0,0,
06/06/2023 00:00,CAD,1382.85,28,
06/06/2023 00:00,CG,3064.95,25,
06/06/2023 00:00,CMI,825.3,14,
06/06/2023 00:00,COQ,1171.8,20,
06/06/2023 00:00,EC,0,0,
06/06/2023 00:00,EG,0,0,
06/06/2023 00:00,ER,0,0,
06/06/2023 00:00,SFR,0,0,
06/06/2023 00:00,GAE,1256.85,17,
06/06/2023 00:00,GUT,0,0,
06/06/2023 00:00,IQ,0,0,
06/06/2023 00:00,LH,0,0,
06/06/2023 00:00,MIX,967.05,8,
06/06/2023 00:00,PE,0,0,
06/06/2023 00:00,SG,0,0,
06/06/2023 00:00,TOD,654.15,5,
06/06/2023 00:00,TIN,0,0,
06/06/2023 00:00,TOR,25.2,1,
06/06/2023 00:00,TOTO,31.5,1,
06/06/2023 00:00,KFC,1.05,1,
06/06/2023 00:00,WSK,0,0,
06/06/2023 00:00,US,0,0,
06/06/2023 00:00,VE,0,0,
06/06/2023 00:00,VIN,0,0,
06/06/2023 00:00,WE,0,0,
07/06/2023 00:00,,0,0,
07/06/2023 00:00,,0,0,
07/06/2023 00:00,AUN,0,0,
07/06/2023 00:00,BNR,0,0,
07/06/2023 00:00,BIR,1906.8,10,
07/06/2023 00:00,BS,0,0,
07/06/2023 00:00,BZ,0,0,
07/06/2023 00:00,CCS,0,0,
07/06/2023 00:00,CAD,1335.6,28,
07/06/2023 00:00,CG,3064.95,25,
07/06/2023 00:00,CMI,825.3,14,
07/06/2023 00:00,COQ,977.55,19,
07/06/2023 00:00,EC,0,0,
07/06/2023 00:00,EG,0,0,
07/06/2023 00:00,ER,0,0,
07/06/2023 00:00,SFR,0,0,
07/06/2023 00:00,GAE,1225.35,16,
07/06/2023 00:00,GUT,0,0,
07/06/2023 00:00,IQ,0,0,
07/06/2023 00:00,LH,0,0,
07/06/2023 00:00,MIX,967.05,8,
07/06/2023 00:00,PE,0,0,
07/06/2023 00:00,SG,0,0,
07/06/2023 00:00,TOD,654.15,5,
07/06/2023 00:00,TIN,0,0,
07/06/2023 00:00,TOR,25.2,1,
07/06/2023 00:00,TOTO,31.5,1,
07/06/2023 00:00,KFC,1.05,1,
07/06/2023 00:00,WSK,0,0,
07/06/2023 00:00,US,0,0,
07/06/2023 00:00,VE,0,0,
07/06/2023 00:00,VIN,0,0,
07/06/2023 00:00,WE,0,0,
08/06/2023 00:00,,0,0,
08/06/2023 00:00,,0,0,
08/06/2023 00:00,AUN,0,0,
08/06/2023 00:00,BNR,0,0,
08/06/2023 00:00,BIR,1901.55,10,
08/06/2023 00:00,BS,0,0,
08/06/2023 00:00,BZ,0,0,
08/06/2023 00:00,CCS,0,0,
08/06/2023 00:00,CAD,1323,26,
08/06/2023 00:00,CG,3101.7,24,
08/06/2023 00:00,CMI,825.3,14,
08/06/2023 00:00,COQ,1239,23,
08/06/2023 00:00,EC,0,0,
08/06/2023 00:00,EG,0,0,
08/06/2023 00:00,ER,0,0,
08/06/2023 00:00,SFR,0,0,
08/06/2023 00:00,GAE,1207.5,16,
08/06/2023 00:00,GUT,0,0,
08/06/2023 00:00,IQ,0,0,
08/06/2023 00:00,LH,0,0,
08/06/2023 00:00,MIX,967.05,8,
08/06/2023 00:00,PE,0,0,
08/06/2023 00:00,SG,0,0,
08/06/2023 00:00,TOD,654.15,5,
08/06/2023 00:00,TIN,0,0,
08/06/2023 00:00,TOR,163.8,1,
08/06/2023 00:00,TOTO,31.5,1,
08/06/2023 00:00,KFC,1.05,1,
08/06/2023 00:00,WSK,0,0,
08/06/2023 00:00,US,0,0,
08/06/2023 00:00,VE,0,0,
08/06/2023 00:00,VIN,0,0,
08/06/2023 00:00,WE,0,0,
09/06/2023 00:00,,0,0,
09/06/2023 00:00,,0,0,
09/06/2023 00:00,AUN,0,0,
09/06/2023 00:00,BNR,0,0,
09/06/2023 00:00,BIR,1901.55,10,
09/06/2023 00:00,BS,0,0,
09/06/2023 00:00,BZ,0,0,
09/06/2023 00:00,CCS,0,0,
09/06/2023 00:00,CAD,1429.05,26,
09/06/2023 00:00,CG,3299.1,25,
09/06/2023 00:00,CMI,825.3,14,
09/06/2023 00:00,COQ,1223.25,23,
09/06/2023 00:00,EC,0,0,
09/06/2023 00:00,EG,0,0,
09/06/2023 00:00,ER,0,0,
09/06/2023 00:00,SFR,0,0,
09/06/2023 00:00,GAE,1173.9,16,
09/06/2023 00:00,GUT,0,0,
09/06/2023 00:00,IQ,0,0,
09/06/2023 00:00,LH,0,0,
09/06/2023 00:00,MIX,967.05,8,
09/06/2023 00:00,PE,0,0,
09/06/2023 00:00,SG,0,0,
09/06/2023 00:00,TOD,654.15,5,
09/06/2023 00:00,TIN,0,0,
09/06/2023 00:00,TOR,25.2,1,
09/06/2023 00:00,TOTO,31.5,1,
09/06/2023 00:00,KFC,1.05,1,
09/06/2023 00:00,WSK,0,0,
09/06/2023 00:00,US,0,0,
09/06/2023 00:00,VE,0,0,
09/06/2023 00:00,VIN,0,0,
09/06/2023 00:00,WE,0,0,
10/06/2023 00:00,,0,0,
10/06/2023 00:00,,0,0,
10/06/2023 00:00,AUN,0,0,
10/06/2023 00:00,BNR,0,0,
10/06/2023 00:00,BIR,1901.55,10,
10/06/2023 00:00,BS,0,0,
10/06/2023 00:00,BZ,0,0,
10/06/2023 00:00,CCS,0,0,
10/06/2023 00:00,CAD,1386,25,
10/06/2023 00:00,CG,3386.25,26,
10/06/2023 00:00,CMI,825.3,14,
10/06/2023 00:00,COQ,1313.55,23,
10/06/2023 00:00,EC,0,0,
10/06/2023 00:00,EG,0,0,
10/06/2023 00:00,ER,0,0,
10/06/2023 00:00,SFR,0,0,
10/06/2023 00:00,GAE,1173.9,16,
10/06/2023 00:00,GUT,0,0,
10/06/2023 00:00,IQ,0,0,
10/06/2023 00:00,LH,0,0,
10/06/2023 00:00,MIX,967.05,8,
10/06/2023 00:00,PE,0,0,
10/06/2023 00:00,SG,0,0,
10/06/2023 00:00,TOD,654.15,5,
10/06/2023 00:00,TIN,0,0,
10/06/2023 00:00,TOR,197.4,1,
10/06/2023 00:00,TOTO,31.5,1,
10/06/2023 00:00,KFC,1.05,1,
10/06/2023 00:00,WSK,0,0,
10/06/2023 00:00,US,0,0,
10/06/2023 00:00,VE,0,0,
10/06/2023 00:00,VIN,0,0,
10/06/2023 00:00,WE,0,0,
11/06/2023 00:00,,0,0,
11/06/2023 00:00,,0,0,
11/06/2023 00:00,AUN,0,0,
11/06/2023 00:00,BNR,0,0,
11/06/2023 00:00,BIR,2044.35,10,
11/06/2023 00:00,BS,0,0,
11/06/2023 00:00,BZ,0,0,
11/06/2023 00:00,CCS,0,0,
11/06/2023 00:00,CAD,1358.7,30,
11/06/2023 00:00,CG,3386.25,26,
11/06/2023 00:00,CMI,825.3,14,
11/06/2023 00:00,COQ,1223.25,23,
11/06/2023 00:00,EC,0,0,
11/06/2023 00:00,EG,0,0,
11/06/2023 00:00,ER,0,0,
11/06/2023 00:00,SFR,0,0,
11/06/2023 00:00,GAE,1173.9,16,
11/06/2023 00:00,GUT,0,0,
11/06/2023 00:00,IQ,0,0,
11/06/2023 00:00,LH,0,0,
11/06/2023 00:00,MIX,967.05,8,
11/06/2023 00:00,PE,0,0,
11/06/2023 00:00,SG,0,0,
11/06/2023 00:00,TOD,654.15,5,
11/06/2023 00:00,TIN,0,0,
11/06/2023 00:00,TOR,307.65,2,
11/06/2023 00:00,TOTO,31.5,1,
11/06/2023 00:00,KFC,1.05,1,
11/06/2023 00:00,WSK,0,0,
11/06/2023 00:00,US,0,0,
11/06/2023 00:00,VE,0,0,
11/06/2023 00:00,VIN,0,0,
11/06/2023 00:00,WE,0,0,
12/06/2023 00:00,,0,0,
12/06/2023 00:00,,0,0,
12/06/2023 00:00,AUN,0,0,
12/06/2023 00:00,BNR,0,0,
12/06/2023 00:00,BIR,1901.55,10,
12/06/2023 00:00,BS,0,0,
12/06/2023 00:00,BZ,0,0,
12/06/2023 00:00,CCS,0,0,
12/06/2023 00:00,CAD,1377.6,28,
12/06/2023 00:00,CG,3386.25,26,
12/06/2023 00:00,CMI,825.3,14,
12/06/2023 00:00,COQ,1287.3,24,
12/06/2023 00:00,EC,0,0,
12/06/2023 00:00,EG,0,0,
12/06/2023 00:00,ER,0,0,
12/06/2023 00:00,SFR,0,0,
12/06/2023 00:00,GAE,1160.25,14,
12/06/2023 00:00,GUT,0,0,
12/06/2023 00:00,IQ,0,0,
12/06/2023 00:00,LH,0,0,
12/06/2023 00:00,MIX,967.05,8,
12/06/2023 00:00,PE,0,0,
12/06/2023 00:00,SG,0,0,
12/06/2023 00:00,TOD,654.15,5,
12/06/2023 00:00,TIN,0,0,
12/06/2023 00:00,TOR,313.95,4,
12/06/2023 00:00,TOTO,31.5,1,
12/06/2023 00:00,KFC,1.05,1,
12/06/2023 00:00,WSK,0,0,
12/06/2023 00:00,US,0,0,
12/06/2023 00:00,VE,0,0,
12/06/2023 00:00,VIN,0,0,
12/06/2023 00:00,WE,0,0,
13/06/2023 00:00,,0,0,
13/06/2023 00:00,,0,0,
13/06/2023 00:00,AUN,0,0,
13/06/2023 00:00,BNR,0,0,
13/06/2023 00:00,BIR,1901.55,10,
13/06/2023 00:00,BS,0,0,
13/06/2023 00:00,BZ,0,0,
13/06/2023 00:00,CCS,0,0,
13/06/2023 00:00,CAD,1379.7,25,
13/06/2023 00:00,CG,3386.25,26,
13/06/2023 00:00,CMI,825.3,14,
13/06/2023 00:00,COQ,1336.65,25,
13/06/2023 00:00,EC,0,0,
13/06/2023 00:00,EG,0,0,
13/06/2023 00:00,ER,0,0,
13/06/2023 00:00,SFR,0,0,
13/06/2023 00:00,GAE,1303.05,16,
13/06/2023 00:00,GUT,0,0,
13/06/2023 00:00,IQ,0,0,
13/06/2023 00:00,LH,0,0,
13/06/2023 00:00,MIX,967.05,8,
13/06/2023 00:00,PE,0,0,
13/06/2023 00:00,SG,0,0,
13/06/2023 00:00,TOD,654.15,5,
13/06/2023 00:00,TIN,0,0,
13/06/2023 00:00,TOR,58.8,2,
13/06/2023 00:00,TOTO,31.5,1,
13/06/2023 00:00,KFC,1.05,1,
13/06/2023 00:00,WSK,0,0,
13/06/2023 00:00,US,0,0,
13/06/2023 00:00,VE,0,0,
13/06/2023 00:00,VIN,0,0,
13/06/2023 00:00,WE,0,0,
14/06/2023 00:00,,0,0,
14/06/2023 00:00,,0,0,
14/06/2023 00:00,AUN,0,0,
14/06/2023 00:00,BNR,0,0,
14/06/2023 00:00,BIR,1901.55,10,
14/06/2023 00:00,BS,0,0,
14/06/2023 00:00,BZ,0,0,
14/06/2023 00:00,CCS,0,0,
14/06/2023 00:00,CAD,1458.45,23,
14/06/2023 00:00,CG,3386.25,26,
14/06/2023 00:00,CMI,825.3,14,
14/06/2023 00:00,COQ,1335.6,25,
14/06/2023 00:00,EC,0,0,
14/06/2023 00:00,EG,0,0,
14/06/2023 00:00,ER,0,0,
14/06/2023 00:00,SFR,0,0,
14/06/2023 00:00,GAE,2019.15,16,
14/06/2023 00:00,GUT,0,0,
14/06/2023 00:00,IQ,0,0,
14/06/2023 00:00,LH,0,0,
14/06/2023 00:00,MIX,967.05,8,
14/06/2023 00:00,PE,0,0,
14/06/2023 00:00,SG,0,0,
14/06/2023 00:00,TOD,654.15,5,
14/06/2023 00:00,TIN,0,0,
14/06/2023 00:00,TOR,133.35,4,
14/06/2023 00:00,TOTO,31.5,1,
14/06/2023 00:00,KFC,1.05,1,
14/06/2023 00:00,WSK,0,0,
14/06/2023 00:00,US,0,0,
14/06/2023 00:00,VE,0,0,
14/06/2023 00:00,VIN,0,0,
14/06/2023 00:00,WE,0,0,
15/06/2023 00:00,,0,0,
15/06/2023 00:00,,0,0,
15/06/2023 00:00,AUN,0,0,
15/06/2023 00:00,BNR,0,0,
15/06/2023 00:00,BIR,1901.55,10,
15/06/2023 00:00,BS,0,0,
15/06/2023 00:00,BZ,0,0,
15/06/2023 00:00,CCS,0,0,
15/06/2023 00:00,CAD,1471.05,22,
15/06/2023 00:00,CG,3386.25,26,
15/06/2023 00:00,CMI,899.85,14,
15/06/2023 00:00,COQ,1261.05,23,
15/06/2023 00:00,EC,0,0,
15/06/2023 00:00,EG,0,0,
15/06/2023 00:00,ER,0,0,
15/06/2023 00:00,SFR,0,0,
15/06/2023 00:00,GAE,3473.4,17,
15/06/2023 00:00,GUT,0,0,
15/06/2023 00:00,IQ,0,0,
15/06/2023 00:00,LH,0,0,
15/06/2023 00:00,MIX,967.05,8,
15/06/2023 00:00,PE,0,0,
15/06/2023 00:00,SG,0,0,
15/06/2023 00:00,TOD,654.15,5,
15/06/2023 00:00,TIN,0,0,
15/06/2023 00:00,TOR,194.25,4,
15/06/2023 00:00,TOTO,31.5,1,
15/06/2023 00:00,KFC,1.05,2,
15/06/2023 00:00,WSK,0,0,
15/06/2023 00:00,US,0,0,
15/06/2023 00:00,VE,0,0,
15/06/2023 00:00,VIN,0,0,
15/06/2023 00:00,WE,0,0,
16/06/2023 00:00,,0,0,
16/06/2023 00:00,,0,0,
16/06/2023 00:00,AUN,0,0,
16/06/2023 00:00,BNR,0,0,
16/06/2023 00:00,BIR,1901.55,10,
16/06/2023 00:00,BS,0,0,
16/06/2023 00:00,BZ,0,0,
16/06/2023 00:00,CCS,0,0,
16/06/2023 00:00,CAD,1338.75,23,
16/06/2023 00:00,CG,3386.25,26,
16/06/2023 00:00,CMI,867.3,14,
16/06/2023 00:00,COQ,1169.7,23,
16/06/2023 00:00,EC,0,0,
16/06/2023 00:00,EG,0,0,
16/06/2023 00:00,ER,0,0,
16/06/2023 00:00,SFR,0,0,
16/06/2023 00:00,GAE,3135.3,18,
16/06/2023 00:00,GUT,0,0,
16/06/2023 00:00,IQ,0,0,
16/06/2023 00:00,LH,0,0,
16/06/2023 00:00,MIX,967.05,8,
16/06/2023 00:00,PE,0,0,
16/06/2023 00:00,SG,0,0,
16/06/2023 00:00,TOD,654.15,5,
16/06/2023 00:00,TIN,0,0,
16/06/2023 00:00,TOR,184.8,4,
16/06/2023 00:00,TOTO,31.5,1,
16/06/2023 00:00,KFC,1.05,1,
16/06/2023 00:00,WSK,59.85,1,
16/06/2023 00:00,US,0,0,
16/06/2023 00:00,VE,0,0,
16/06/2023 00:00,VIN,0,0,
16/06/2023 00:00,WE,0,0,
17/06/2023 00:00,,0,0,
17/06/2023 00:00,,0,0,
17/06/2023 00:00,AUN,0,0,
17/06/2023 00:00,BNR,0,0,
17/06/2023 00:00,BIR,1901.55,10,
17/06/2023 00:00,BS,0,0,
17/06/2023 00:00,BZ,0,0,
17/06/2023 00:00,CCS,0,0,
17/06/2023 00:00,CAD,1390.2,23,
17/06/2023 00:00,CG,3386.25,26,
17/06/2023 00:00,CMI,867.3,14,
17/06/2023 00:00,COQ,1169.7,23,
17/06/2023 00:00,EC,0,0,
17/06/2023 00:00,EG,0,0,
17/06/2023 00:00,ER,0,0,
17/06/2023 00:00,SFR,0,0,
17/06/2023 00:00,GAE,3156.3,19,
17/06/2023 00:00,GUT,0,0,
17/06/2023 00:00,IQ,0,0,
17/06/2023 00:00,LH,0,0,
17/06/2023 00:00,MIX,967.05,8,
17/06/2023 00:00,PE,0,0,
17/06/2023 00:00,SG,0,0,
17/06/2023 00:00,TOD,654.15,5,
17/06/2023 00:00,TIN,357,1,
17/06/2023 00:00,TOR,184.8,4,
17/06/2023 00:00,TOTO,31.5,1,
17/06/2023 00:00,KFC,1.05,1,
17/06/2023 00:00,WSK,0,0,
17/06/2023 00:00,US,0,0,
17/06/2023 00:00,VE,0,0,
17/06/2023 00:00,VIN,0,0,
17/06/2023 00:00,WE,0,0,
18/06/2023 00:00,,0,0,
18/06/2023 00:00,,0,0,
18/06/2023 00:00,AUN,0,0,
18/06/2023 00:00,BNR,0,0,
18/06/2023 00:00,BIR,1901.55,10,
18/06/2023 00:00,BS,0,0,
18/06/2023 00:00,BZ,0,0,
18/06/2023 00:00,CCS,0,0,
18/06/2023 00:00,CAD,1432.2,20,
18/06/2023 00:00,CG,3386.25,26,
18/06/2023 00:00,CMI,825.3,14,
18/06/2023 00:00,COQ,1156.05,22,
18/06/2023 00:00,EC,0,0,
18/06/2023 00:00,EG,0,0,
18/06/2023 00:00,ER,0,0,
18/06/2023 00:00,SFR,0,0,
18/06/2023 00:00,GAE,3185.7,20,
18/06/2023 00:00,GUT,0,0,
18/06/2023 00:00,IQ,0,0,
18/06/2023 00:00,LH,0,0,
18/06/2023 00:00,MIX,967.05,8,
18/06/2023 00:00,PE,0,0,
18/06/2023 00:00,SG,0,0,
18/06/2023 00:00,TOD,654.15,5,
18/06/2023 00:00,TIN,357,1,
18/06/2023 00:00,TOR,16.8,2,
18/06/2023 00:00,TOTO,31.5,1,
18/06/2023 00:00,KFC,1.05,2,
18/06/2023 00:00,WSK,0,0,
18/06/2023 00:00,US,0,0,
18/06/2023 00:00,VE,0,0,
18/06/2023 00:00,VIN,0,0,
18/06/2023 00:00,WE,0,0,
19/06/2023 00:00,,0,0,
19/06/2023 00:00,,0,0,
19/06/2023 00:00,AUN,0,0,
19/06/2023 00:00,BNR,0,0,
19/06/2023 00:00,BIR,1901.55,10,
19/06/2023 00:00,BS,0,0,
19/06/2023 00:00,BZ,0,0,
19/06/2023 00:00,CCS,0,0,
19/06/2023 00:00,CAD,1568.7,23,
19/06/2023 00:00,CG,3360,25,
19/06/2023 00:00,CMI,825.3,14,
19/06/2023 00:00,COQ,1302,22,
19/06/2023 00:00,EC,0,0,
19/06/2023 00:00,EG,0,0,
19/06/2023 00:00,ER,0,0,
19/06/2023 00:00,SFR,0,0,
19/06/2023 00:00,GAE,3185.7,19,
19/06/2023 00:00,GUT,0,0,
19/06/2023 00:00,IQ,0,0,
19/06/2023 00:00,LH,0,0,
19/06/2023 00:00,MIX,967.05,8,
19/06/2023 00:00,PE,0,0,
19/06/2023 00:00,SG,0,0,
19/06/2023 00:00,TOD,654.15,5,
19/06/2023 00:00,TIN,357,1,
19/06/2023 00:00,TOR,12.6,2,
19/06/2023 00:00,TOTO,31.5,1,
19/06/2023 00:00,KFC,1.05,1,
19/06/2023 00:00,WSK,0,0,
19/06/2023 00:00,US,0,0,
19/06/2023 00:00,VE,0,0,
19/06/2023 00:00,VIN,0,0,
19/06/2023 00:00,WE,0,0,
20/06/2023 00:00,,0,0,
20/06/2023 00:00,,0,0,
20/06/2023 00:00,AUN,0,0,
20/06/2023 00:00,BNR,0,0,
20/06/2023 00:00,BIR,1815.45,8,
20/06/2023 00:00,BS,0,0,
20/06/2023 00:00,BZ,0,0,
20/06/2023 00:00,CCS,0,0,
20/06/2023 00:00,CAD,1690.5,22,
20/06/2023 00:00,CG,2737.35,24,
20/06/2023 00:00,CMI,983.85,14,
20/06/2023 00:00,COQ,1527.75,20,
20/06/2023 00:00,EC,0,0,
20/06/2023 00:00,EG,0,0,
20/06/2023 00:00,ER,0,0,
20/06/2023 00:00,SFR,0,0,
20/06/2023 00:00,GAE,3096.45,16,
20/06/2023 00:00,GUT,0,0,
20/06/2023 00:00,IQ,0,0,
20/06/2023 00:00,LH,0,0,
20/06/2023 00:00,MIX,814.8,7,
20/06/2023 00:00,PE,0,0,
20/06/2023 00:00,SG,0,0,
20/06/2023 00:00,TOD,654.15,5,
20/06/2023 00:00,TIN,357,1,
20/06/2023 00:00,TOR,36.75,2,
20/06/2023 00:00,TOTO,31.5,1,
20/06/2023 00:00,KFC,1.05,1,
20/06/2023 00:00,WSK,0,0,
20/06/2023 00:00,US,0,0,
20/06/2023 00:00,VE,0,0,
20/06/2023 00:00,VIN,0,0,
20/06/2023 00:00,WE,0,0,
21/06/2023 00:00,,0,0,
21/06/2023 00:00,,0,0,
21/06/2023 00:00,AUN,0,0,
21/06/2023 00:00,BNR,0,0,
21/06/2023 00:00,BIR,1505.7,8,
21/06/2023 00:00,BS,0,0,
21/06/2023 00:00,BZ,0,0,
21/06/2023 00:00,CCS,0,0,
21/06/2023 00:00,CAD,1318.8,19,
21/06/2023 00:00,CG,2388.75,24,
21/06/2023 00:00,CMI,825.3,14,
21/06/2023 00:00,COQ,1135.05,20,
21/06/2023 00:00,EC,0,0,
21/06/2023 00:00,EG,0,0,
21/06/2023 00:00,ER,0,0,
21/06/2023 00:00,SFR,0,0,
21/06/2023 00:00,GAE,3750.6,16,
21/06/2023 00:00,GUT,0,0,
21/06/2023 00:00,IQ,0,0,
21/06/2023 00:00,LH,0,0,
21/06/2023 00:00,MIX,359.1,6,
21/06/2023 00:00,PE,0,0,
21/06/2023 00:00,SG,0,0,
21/06/2023 00:00,TOD,654.15,5,
21/06/2023 00:00,TIN,357,1,
21/06/2023 00:00,TOR,53.55,4,
21/06/2023 00:00,TOTO,31.5,1,
21/06/2023 00:00,KFC,1.05,2,
21/06/2023 00:00,WSK,0,0,
21/06/2023 00:00,US,0,0,
21/06/2023 00:00,VE,0,0,
21/06/2023 00:00,VIN,0,0,
21/06/2023 00:00,WE,0,0,
22/06/2023 00:00,,0,0,
22/06/2023 00:00,,0,0,
22/06/2023 00:00,AUN,0,0,
22/06/2023 00:00,BNR,0,0,
22/06/2023 00:00,BIR,1505.7,8,
22/06/2023 00:00,BS,0,0,
22/06/2023 00:00,BZ,0,0,
22/06/2023 00:00,CCS,0,0,
22/06/2023 00:00,CAD,1434.3,20,
22/06/2023 00:00,CG,2388.75,24,
22/06/2023 00:00,CMI,411.6,13,
22/06/2023 00:00,COQ,1135.05,20,
22/06/2023 00:00,EC,0,0,
22/06/2023 00:00,EG,0,0,
22/06/2023 00:00,ER,0,0,
22/06/2023 00:00,SFR,0,0,
22/06/2023 00:00,GAE,3939.6,18,
22/06/2023 00:00,GUT,0,0,
22/06/2023 00:00,IQ,0,0,
22/06/2023 00:00,LH,0,0,
22/06/2023 00:00,MIX,343.35,6,
22/06/2023 00:00,PE,0,0,
22/06/2023 00:00,SG,0,0,
22/06/2023 00:00,TOD,654.15,5,
22/06/2023 00:00,TIN,357,1,
22/06/2023 00:00,TOR,56.7,2,
22/06/2023 00:00,TOTO,31.5,1,
22/06/2023 00:00,KFC,1.05,1,
22/06/2023 00:00,WSK,0,0,
22/06/2023 00:00,US,0,0,
22/06/2023 00:00,VE,0,0,
22/06/2023 00:00,VIN,0,0,
22/06/2023 00:00,WE,0,0,
23/06/2023 00:00,,0,0,
23/06/2023 00:00,,0,0,
23/06/2023 00:00,AUN,0,0,
23/06/2023 00:00,BNR,0,0,
23/06/2023 00:00,BIR,1505.7,8,
23/06/2023 00:00,BS,0,0,
23/06/2023 00:00,BZ,0,0,
23/06/2023 00:00,CCS,0,0,
23/06/2023 00:00,CAD,1302,17,
23/06/2023 00:00,CG,2331,23,
23/06/2023 00:00,CMI,411.6,13,
23/06/2023 00:00,COQ,1173.9,20,
23/06/2023 00:00,EC,0,0,
23/06/2023 00:00,EG,0,0,
23/06/2023 00:00,ER,0,0,
23/06/2023 00:00,SFR,0,0,
23/06/2023 00:00,GAE,2984.1,18,
23/06/2023 00:00,GUT,0,0,
23/06/2023 00:00,IQ,0,0,
23/06/2023 00:00,LH,0,0,
23/06/2023 00:00,MIX,343.35,6,
23/06/2023 00:00,PE,0,0,
23/06/2023 00:00,SG,0,0,
23/06/2023 00:00,TOD,654.15,5,
23/06/2023 00:00,TIN,357,1,
23/06/2023 00:00,TOR,53.55,2,
23/06/2023 00:00,TOTO,31.5,1,
23/06/2023 00:00,KFC,1.05,1,
23/06/2023 00:00,WSK,0,0,
23/06/2023 00:00,US,0,0,
23/06/2023 00:00,VE,0,0,
23/06/2023 00:00,VIN,0,0,
23/06/2023 00:00,WE,0,0,
24/06/2023 00:00,,0,0,
24/06/2023 00:00,,0,0,
24/06/2023 00:00,AUN,0,0,
24/06/2023 00:00,BNR,0,0,
24/06/2023 00:00,BIR,1505.7,8,
24/06/2023 00:00,BS,0,0,
24/06/2023 00:00,BZ,0,0,
24/06/2023 00:00,CCS,0,0,
24/06/2023 00:00,CAD,1514.1,20,
24/06/2023 00:00,CG,2301.6,23,
24/06/2023 00:00,CMI,411.6,13,
24/06/2023 00:00,COQ,1152.9,22,
24/06/2023 00:00,EC,0,0,
24/06/2023 00:00,EG,0,0,
24/06/2023 00:00,ER,0,0,
24/06/2023 00:00,SFR,0,0,
24/06/2023 00:00,GAE,2984.1,18,
24/06/2023 00:00,GUT,108.15,1,
24/06/2023 00:00,IQ,0,0,
24/06/2023 00:00,LH,0,0,
24/06/2023 00:00,MIX,343.35,6,
24/06/2023 00:00,PE,0,0,
24/06/2023 00:00,SG,0,0,
24/06/2023 00:00,TOD,654.15,5,
24/06/2023 00:00,TIN,357,1,
24/06/2023 00:00,TOR,53.55,2,
24/06/2023 00:00,TOTO,31.5,1,
24/06/2023 00:00,KFC,1.05,2,
24/06/2023 00:00,WSK,0,0,
24/06/2023 00:00,US,0,0,
24/06/2023 00:00,VE,0,0,
24/06/2023 00:00,VIN,0,0,
24/06/2023 00:00,WE,0,0,
25/06/2023 00:00,,0,0,
25/06/2023 00:00,,0,0,
25/06/2023 00:00,AUN,0,0,
25/06/2023 00:00,BNR,0,0,
25/06/2023 00:00,BIR,1505.7,8,
25/06/2023 00:00,BS,0,0,
25/06/2023 00:00,BZ,0,0,
25/06/2023 00:00,CCS,0,0,
25/06/2023 00:00,CAD,1588.65,22,
25/06/2023 00:00,CG,2252.25,22,
25/06/2023 00:00,CMI,411.6,13,
25/06/2023 00:00,COQ,1157.1,23,
25/06/2023 00:00,EC,0,0,
25/06/2023 00:00,EG,0,0,
25/06/2023 00:00,ER,0,0,
25/06/2023 00:00,SFR,0,0,
25/06/2023 00:00,GAE,2447.55,18,
25/06/2023 00:00,GUT,108.15,1,
25/06/2023 00:00,IQ,0,0,
25/06/2023 00:00,LH,0,0,
25/06/2023 00:00,MIX,343.35,6,
25/06/2023 00:00,PE,0,0,
25/06/2023 00:00,SG,0,0,
25/06/2023 00:00,TOD,654.15,5,
25/06/2023 00:00,TIN,357,1,
25/06/2023 00:00,TOR,53.55,2,
25/06/2023 00:00,TOTO,31.5,1,
25/06/2023 00:00,KFC,1.05,1,
25/06/2023 00:00,WSK,0,0,
25/06/2023 00:00,US,0,0,
25/06/2023 00:00,VE,0,0,
25/06/2023 00:00,VIN,0,0,
25/06/2023 00:00,WE,0,0,
26/06/2023 00:00,,0,0,
26/06/2023 00:00,,0,0,
26/06/2023 00:00,AUN,0,0,
26/06/2023 00:00,BNR,0,0,
26/06/2023 00:00,BIR,1556.1,8,
26/06/2023 00:00,BS,0,0,
26/06/2023 00:00,BZ,0,0,
26/06/2023 00:00,CCS,0,0,
26/06/2023 00:00,CAD,1500.45,25,
26/06/2023 00:00,CG,2768.85,24,
26/06/2023 00:00,CMI,411.6,13,
26/06/2023 00:00,COQ,1135.05,24,
26/06/2023 00:00,EC,0,0,
26/06/2023 00:00,EG,0,0,
26/06/2023 00:00,ER,0,0,
26/06/2023 00:00,SFR,0,0,
26/06/2023 00:00,GAE,2479.05,18,
26/06/2023 00:00,GUT,0,0,
26/06/2023 00:00,IQ,0,0,
26/06/2023 00:00,LH,0,0,
26/06/2023 00:00,MIX,343.35,6,
26/06/2023 00:00,PE,0,0,
26/06/2023 00:00,SG,0,0,
26/06/2023 00:00,TOD,654.15,5,
26/06/2023 00:00,TIN,357,1,
26/06/2023 00:00,TOR,53.55,2,
26/06/2023 00:00,TOTO,31.5,1,
26/06/2023 00:00,KFC,1.05,1,
26/06/2023 00:00,WSK,0,0,
26/06/2023 00:00,US,0,0,
26/06/2023 00:00,VE,0,0,
26/06/2023 00:00,VIN,0,0,
26/06/2023 00:00,WE,0,0,
27/06/2023 00:00,,0,0,
27/06/2023 00:00,,0,0,
27/06/2023 00:00,AUN,0,0,
27/06/2023 00:00,BNR,0,0,
27/06/2023 00:00,BIR,1505.7,8,
27/06/2023 00:00,BS,0,0,
27/06/2023 00:00,BZ,0,0,
27/06/2023 00:00,CCS,0,0,
27/06/2023 00:00,CAD,1544.55,26,
27/06/2023 00:00,CG,2665.95,24,
27/06/2023 00:00,CMI,411.6,13,
27/06/2023 00:00,COQ,1140.3,24,
27/06/2023 00:00,EC,0,0,
27/06/2023 00:00,EG,0,0,
27/06/2023 00:00,ER,0,0,
27/06/2023 00:00,SFR,0,0,
27/06/2023 00:00,GAE,1153.95,18,
27/06/2023 00:00,GUT,0,0,
27/06/2023 00:00,IQ,0,0,
27/06/2023 00:00,LH,0,0,
27/06/2023 00:00,MIX,343.35,6,
27/06/2023 00:00,PE,0,0,
27/06/2023 00:00,SG,0,0,
27/06/2023 00:00,TOD,654.15,5,
27/06/2023 00:00,TIN,357,1,
27/06/2023 00:00,TOR,53.55,2,
27/06/2023 00:00,TOTO,31.5,1,
27/06/2023 00:00,KFC,1.05,1,
27/06/2023 00:00,WSK,0,0,
27/06/2023 00:00,US,0,0,
27/06/2023 00:00,VE,0,0,
27/06/2023 00:00,VIN,0,0,
27/06/2023 00:00,WE,0,0,
28/06/2023 00:00,,0,0,
28/06/2023 00:00,,0,0,
28/06/2023 00:00,AUN,0,0,
28/06/2023 00:00,BNR,0,0,
28/06/2023 00:00,BIR,1505.7,8,
28/06/2023 00:00,BS,0,0,
28/06/2023 00:00,BZ,0,0,
28/06/2023 00:00,CCS,0,0,
28/06/2023 00:00,CAD,1615.95,28,
28/06/2023 00:00,CG,2252.25,23,
28/06/2023 00:00,CMI,411.6,13,
28/06/2023 00:00,COQ,1136.1,24,
28/06/2023 00:00,EC,0,0,
28/06/2023 00:00,EG,0,0,
28/06/2023 00:00,ER,0,0,
28/06/2023 00:00,SFR,0,0,
28/06/2023 00:00,GAE,2515.8,18,
28/06/2023 00:00,GUT,0,0,
28/06/2023 00:00,IQ,0,0,
28/06/2023 00:00,LH,0,0,
28/06/2023 00:00,MIX,343.35,6,
28/06/2023 00:00,PE,0,0,
28/06/2023 00:00,SG,0,0,
28/06/2023 00:00,TOD,654.15,5,
28/06/2023 00:00,TIN,357,1,
28/06/2023 00:00,TOR,53.55,2,
28/06/2023 00:00,TOTO,31.5,1,
28/06/2023 00:00,KFC,1.05,1,
28/06/2023 00:00,WSK,0,0,
28/06/2023 00:00,US,0,0,
28/06/2023 00:00,VE,0,0,
28/06/2023 00:00,VIN,0,0,
28/06/2023 00:00,WE,0,0,
29/06/2023 00:00,,0,0,
29/06/2023 00:00,,0,0,
29/06/2023 00:00,AUN,0,0,
29/06/2023 00:00,BNR,0,0,
29/06/2023 00:00,BIR,1505.7,8,
29/06/2023 00:00,BS,0,0,
29/06/2023 00:00,BZ,0,0,
29/06/2023 00:00,CCS,0,0,
29/06/2023 00:00,CAD,1144.5,28,
29/06/2023 00:00,CG,2252.25,23,
29/06/2023 00:00,CMI,411.6,13,
29/06/2023 00:00,COQ,1136.1,24,
29/06/2023 00:00,EC,0,0,
29/06/2023 00:00,EG,0,0,
29/06/2023 00:00,ER,0,0,
29/06/2023 00:00,SFR,0,0,
29/06/2023 00:00,GAE,3146.85,18,
29/06/2023 00:00,GUT,0,0,
29/06/2023 00:00,IQ,0,0,
29/06/2023 00:00,LH,0,0,
29/06/2023 00:00,MIX,343.35,6,
29/06/2023 00:00,PE,0,0,
29/06/2023 00:00,SG,0,0,
29/06/2023 00:00,TOD,654.15,5,
29/06/2023 00:00,TIN,357,1,
29/06/2023 00:00,TOR,53.55,2,
29/06/2023 00:00,TOTO,31.5,1,
29/06/2023 00:00,KFC,1.05,1,
29/06/2023 00:00,WSK,0,0,
29/06/2023 00:00,US,0,0,
29/06/2023 00:00,VE,0,0,
29/06/2023 00:00,VIN,0,0,
29/06/2023 00:00,WE,0,0,
30/06/2023 00:00,,0,0,
30/06/2023 00:00,,0,0,
30/06/2023 00:00,AUN,0,0,
30/06/2023 00:00,BNR,0,0,
30/06/2023 00:00,BIR,1505.7,8,
30/06/2023 00:00,BS,0,0,
30/06/2023 00:00,BZ,0,0,
30/06/2023 00:00,CCS,0,0,
30/06/2023 00:00,CAD,887.25,29,
30/06/2023 00:00,CG,2252.25,23,
30/06/2023 00:00,CMI,411.6,13,
30/06/2023 00:00,COQ,1136.1,24,
30/06/2023 00:00,EC,0,0,
30/06/2023 00:00,EG,0,0,
30/06/2023 00:00,ER,0,0,
30/06/2023 00:00,SFR,0,0,
30/06/2023 00:00,GAE,1761.9,20,
30/06/2023 00:00,GUT,0,0,
30/06/2023 00:00,IQ,0,0,
30/06/2023 00:00,LH,0,0,
30/06/2023 00:00,MIX,343.35,6,
30/06/2023 00:00,PE,0,0,
30/06/2023 00:00,SG,0,0,
30/06/2023 00:00,TOD,654.15,5,
30/06/2023 00:00,TIN,357,1,
30/06/2023 00:00,TOR,53.55,2,
30/06/2023 00:00,TOTO,31.5,1,
30/06/2023 00:00,KFC,1.05,1,
30/06/2023 00:00,WSK,0,0,
30/06/2023 00:00,US,0,0,
30/06/2023 00:00,VE,0,0,
30/06/2023 00:00,VIN,0,0,
30/06/2023 00:00,WE,0,0,
01/07/2023 00:00,,0,0,
01/07/2023 00:00,,0,0,
01/07/2023 00:00,AUN,0,0,
01/07/2023 00:00,BNR,0,0,
01/07/2023 00:00,BIR,1505.7,8,
01/07/2023 00:00,BS,0,0,
01/07/2023 00:00,BZ,0,0,
01/07/2023 00:00,CCS,0,0,
01/07/2023 00:00,CAD,930.3,30,
01/07/2023 00:00,CG,2369.85,23,
01/07/2023 00:00,CMI,411.6,13,
01/07/2023 00:00,COQ,1124.55,23,
01/07/2023 00:00,EC,0,0,
01/07/2023 00:00,EG,0,0,
01/07/2023 00:00,ER,0,0,
01/07/2023 00:00,SFR,0,0,
01/07/2023 00:00,GAE,3010.35,22,
01/07/2023 00:00,GUT,0,0,
01/07/2023 00:00,IQ,0,0,
01/07/2023 00:00,LH,0,0,
01/07/2023 00:00,MIX,343.35,6,
01/07/2023 00:00,PE,0,0,
01/07/2023 00:00,SG,0,0,
01/07/2023 00:00,TOD,771.75,6,
01/07/2023 00:00,TIN,357,1,
01/07/2023 00:00,TOR,56.7,2,
01/07/2023 00:00,TOTO,31.5,1,
01/07/2023 00:00,KFC,1.05,2,
01/07/2023 00:00,WSK,0,0,
01/07/2023 00:00,US,0,0,
01/07/2023 00:00,VE,0,0,
01/07/2023 00:00,VIN,0,0,
01/07/2023 00:00,WE,0,0,
02/07/2023 00:00,,0,0,
02/07/2023 00:00,,0,0,
02/07/2023 00:00,AUN,0,0,
02/07/2023 00:00,BNR,0,0,
02/07/2023 00:00,BIR,1505.7,8,
02/07/2023 00:00,BS,0,0,
02/07/2023 00:00,BZ,0,0,
02/07/2023 00:00,CCS,0,0,
02/07/2023 00:00,CAD,1045.8,31,
02/07/2023 00:00,CG,2257.5,23,
02/07/2023 00:00,CMI,826.35,13,
02/07/2023 00:00,COQ,1098.3,23,
02/07/2023 00:00,EC,0,0,
02/07/2023 00:00,EG,0,0,
02/07/2023 00:00,ER,0,0,
02/07/2023 00:00,SFR,0,0,
02/07/2023 00:00,GAE,3412.5,24,
02/07/2023 00:00,GUT,0,0,
02/07/2023 00:00,IQ,0,0,
02/07/2023 00:00,LH,0,0,
02/07/2023 00:00,MIX,343.35,6,
02/07/2023 00:00,PE,0,0,
02/07/2023 00:00,SG,0,0,
02/07/2023 00:00,TOD,801.15,6,
02/07/2023 00:00,TIN,357,1,
02/07/2023 00:00,TOR,61.95,5,
02/07/2023 00:00,TOTO,31.5,1,
02/07/2023 00:00,KFC,1.05,2,
02/07/2023 00:00,WSK,0,0,
02/07/2023 00:00,US,0,0,
02/07/2023 00:00,VE,0,0,
02/07/2023 00:00,VIN,0,0,
02/07/2023 00:00,WE,0,0,
03/07/2023 00:00,,0,0,
03/07/2023 00:00,,0,0,
03/07/2023 00:00,AUN,0,0,
03/07/2023 00:00,BNR,0,0,
03/07/2023 00:00,BIR,1505.7,8,
03/07/2023 00:00,BS,0,0,
03/07/2023 00:00,BZ,0,0,
03/07/2023 00:00,CCS,0,0,
03/07/2023 00:00,CAD,1321.95,34,
03/07/2023 00:00,CG,2247,23,
03/07/2023 00:00,CMI,1212.75,16,
03/07/2023 00:00,COQ,1129.8,20,
03/07/2023 00:00,EC,0,0,
03/07/2023 00:00,EG,0,0,
03/07/2023 00:00,ER,0,0,
03/07/2023 00:00,SFR,0,0,
03/07/2023 00:00,GAE,3502.8,25,
03/07/2023 00:00,GUT,0,0,
03/07/2023 00:00,IQ,0,0,
03/07/2023 00:00,LH,0,0,
03/07/2023 00:00,MIX,343.35,6,
03/07/2023 00:00,PE,0,0,
03/07/2023 00:00,SG,0,0,
03/07/2023 00:00,TOD,771.75,6,
03/07/2023 00:00,TIN,357,1,
03/07/2023 00:00,TOR,17.85,1,
03/07/2023 00:00,TOTO,31.5,1,
03/07/2023 00:00,KFC,1.05,2,
03/07/2023 00:00,WSK,0,0,
03/07/2023 00:00,US,0,0,
03/07/2023 00:00,VE,0,0,
03/07/2023 00:00,VIN,0,0,
03/07/2023 00:00,WE,0,0,
04/07/2023 00:00,,0,0,
04/07/2023 00:00,,0,0,
04/07/2023 00:00,AUN,0,0,
04/07/2023 00:00,BNR,0,0,
04/07/2023 00:00,BIR,1505.7,8,
04/07/2023 00:00,BS,0,0,
04/07/2023 00:00,BZ,0,0,
04/07/2023 00:00,CCS,0,0,
04/07/2023 00:00,CAD,1289.4,32,
04/07/2023 00:00,CG,2344.65,24,
04/07/2023 00:00,CMI,1212.75,16,
04/07/2023 00:00,COQ,1150.8,22,
04/07/2023 00:00,EC,0,0,
04/07/2023 00:00,EG,0,0,
04/07/2023 00:00,ER,0,0,
04/07/2023 00:00,SFR,0,0,
04/07/2023 00:00,GAE,3502.8,25,
04/07/2023 00:00,GUT,0,0,
04/07/2023 00:00,IQ,0,0,
04/07/2023 00:00,LH,0,0,
04/07/2023 00:00,MIX,343.35,6,
04/07/2023 00:00,PE,0,0,
04/07/2023 00:00,SG,0,0,
04/07/2023 00:00,TOD,771.75,6,
04/07/2023 00:00,TIN,357,1,
04/07/2023 00:00,TOR,12.6,1,
04/07/2023 00:00,TOTO,31.5,1,
04/07/2023 00:00,KFC,1.05,2,
04/07/2023 00:00,WSK,0,0,
04/07/2023 00:00,US,0,0,
04/07/2023 00:00,VE,0,0,
04/07/2023 00:00,VIN,0,0,
04/07/2023 00:00,WE,0,0,
05/07/2023 00:00,,0,0,
05/07/2023 00:00,,0,0,
05/07/2023 00:00,AUN,0,0,
05/07/2023 00:00,BNR,0,0,
05/07/2023 00:00,BIR,1505.7,8,
05/07/2023 00:00,BS,0,0,
05/07/2023 00:00,BZ,0,0,
05/07/2023 00:00,CCS,0,0,
05/07/2023 00:00,CAD,1092,31,
05/07/2023 00:00,CG,2586.15,24,
05/07/2023 00:00,CMI,1212.75,16,
05/07/2023 00:00,COQ,1150.8,23,
05/07/2023 00:00,EC,0,0,
05/07/2023 00:00,EG,0,0,
05/07/2023 00:00,ER,0,0,
05/07/2023 00:00,SFR,0,0,
05/07/2023 00:00,GAE,3457.65,24,
05/07/2023 00:00,GUT,0,0,
05/07/2023 00:00,IQ,0,0,
05/07/2023 00:00,LH,0,0,
05/07/2023 00:00,MIX,343.35,6,
05/07/2023 00:00,PE,0,0,
05/07/2023 00:00,SG,0,0,
05/07/2023 00:00,TOD,771.75,6,
05/07/2023 00:00,TIN,357,1,
05/07/2023 00:00,TOR,12.6,1,
05/07/2023 00:00,TOTO,31.5,1,
05/07/2023 00:00,KFC,1.05,2,
05/07/2023 00:00,WSK,0,0,
05/07/2023 00:00,US,0,0,
05/07/2023 00:00,VE,0,0,
05/07/2023 00:00,VIN,0,0,
05/07/2023 00:00,WE,0,0,
06/07/2023 00:00,,0,0,
06/07/2023 00:00,,0,0,
06/07/2023 00:00,AUN,0,0,
06/07/2023 00:00,BNR,0,0,
06/07/2023 00:00,BIR,1505.7,8,
06/07/2023 00:00,BS,0,0,
06/07/2023 00:00,BZ,0,0,
06/07/2023 00:00,CCS,0,0,
06/07/2023 00:00,CAD,1128.75,31,
06/07/2023 00:00,CG,2684.85,25,
06/07/2023 00:00,CMI,1212.75,16,
06/07/2023 00:00,COQ,1150.8,23,
06/07/2023 00:00,EC,0,0,
06/07/2023 00:00,EG,0,0,
06/07/2023 00:00,ER,0,0,
06/07/2023 00:00,SFR,0,0,
06/07/2023 00:00,GAE,3413.55,24,
06/07/2023 00:00,GUT,267.75,1,
06/07/2023 00:00,IQ,0,0,
06/07/2023 00:00,LH,0,0,
06/07/2023 00:00,MIX,343.35,6,
06/07/2023 00:00,PE,0,0,
06/07/2023 00:00,SG,0,0,
06/07/2023 00:00,TOD,771.75,6,
06/07/2023 00:00,TIN,357,1,
06/07/2023 00:00,TOR,37.8,1,
06/07/2023 00:00,TOTO,102.9,1,
06/07/2023 00:00,KFC,1.05,4,
06/07/2023 00:00,WSK,0,0,
06/07/2023 00:00,US,0,0,
06/07/2023 00:00,VE,0,0,
06/07/2023 00:00,VIN,0,0,
06/07/2023 00:00,WE,0,0,
07/07/2023 00:00,,0,0,
07/07/2023 00:00,,0,0,
07/07/2023 00:00,AUN,0,0,
07/07/2023 00:00,BNR,0,0,
07/07/2023 00:00,BIR,1505.7,8,
07/07/2023 00:00,BS,0,0,
07/07/2023 00:00,BZ,0,0,
07/07/2023 00:00,CCS,0,0,
07/07/2023 00:00,CAD,1080.45,32,
07/07/2023 00:00,CG,2676.45,24,
07/07/2023 00:00,CMI,1212.75,16,
07/07/2023 00:00,COQ,1150.8,23,
07/07/2023 00:00,EC,0,0,
07/07/2023 00:00,EG,0,0,
07/07/2023 00:00,ER,0,0,
07/07/2023 00:00,SFR,0,0,
07/07/2023 00:00,GAE,3719.1,24,
07/07/2023 00:00,GUT,267.75,1,
07/07/2023 00:00,IQ,0,0,
07/07/2023 00:00,LH,0,0,
07/07/2023 00:00,MIX,66.15,4,
07/07/2023 00:00,PE,0,0,
07/07/2023 00:00,SG,0,0,
07/07/2023 00:00,TOD,654.15,5,
07/07/2023 00:00,TIN,357,1,
07/07/2023 00:00,TOR,51.45,2,
07/07/2023 00:00,TOTO,126,2,
07/07/2023 00:00,KFC,1.05,2,
07/07/2023 00:00,WSK,0,0,
07/07/2023 00:00,US,0,0,
07/07/2023 00:00,VE,0,0,
07/07/2023 00:00,VIN,0,0,
07/07/2023 00:00,WE,0,0,
08/07/2023 00:00,,0,0,
08/07/2023 00:00,,0,0,
08/07/2023 00:00,AUN,0,0,
08/07/2023 00:00,BNR,0,0,
08/07/2023 00:00,BIR,2095.8,10,
08/07/2023 00:00,BS,0,0,
08/07/2023 00:00,BZ,0,0,
08/07/2023 00:00,CCS,0,0,
08/07/2023 00:00,CAD,1054.2,32,
08/07/2023 00:00,CG,2358.3,23,
08/07/2023 00:00,CMI,1164.45,14,
08/07/2023 00:00,COQ,940.8,22,
08/07/2023 00:00,EC,0,0,
08/07/2023 00:00,EG,0,0,
08/07/2023 00:00,ER,0,0,
08/07/2023 00:00,SFR,0,0,
08/07/2023 00:00,GAE,3637.2,23,
08/07/2023 00:00,GUT,267.75,1,
08/07/2023 00:00,IQ,0,0,
08/07/2023 00:00,LH,0,0,
08/07/2023 00:00,MIX,57.75,4,
08/07/2023 00:00,PE,0,0,
08/07/2023 00:00,SG,0,0,
08/07/2023 00:00,TOD,654.15,5,
08/07/2023 00:00,TIN,357,1,
08/07/2023 00:00,TOR,51.45,2,
08/07/2023 00:00,TOTO,126,2,
08/07/2023 00:00,KFC,1.05,2,
08/07/2023 00:00,WSK,0,0,
08/07/2023 00:00,US,0,0,
08/07/2023 00:00,VE,0,0,
08/07/2023 00:00,VIN,0,0,
08/07/2023 00:00,WE,0,0,
09/07/2023 00:00,,0,0,
09/07/2023 00:00,,0,0,
09/07/2023 00:00,AUN,0,0,
09/07/2023 00:00,BNR,0,0,
09/07/2023 00:00,BIR,2009.7,8,
09/07/2023 00:00,BS,0,0,
09/07/2023 00:00,BZ,0,0,
09/07/2023 00:00,CCS,0,0,
09/07/2023 00:00,CAD,979.65,31,
09/07/2023 00:00,CG,2113.65,24,
09/07/2023 00:00,CMI,1117.2,14,
09/07/2023 00:00,COQ,979.65,23,
09/07/2023 00:00,EC,0,0,
09/07/2023 00:00,EG,0,0,
09/07/2023 00:00,ER,0,0,
09/07/2023 00:00,SFR,0,0,
09/07/2023 00:00,GAE,3005.1,19,
09/07/2023 00:00,GUT,267.75,1,
09/07/2023 00:00,IQ,0,0,
09/07/2023 00:00,LH,0,0,
09/07/2023 00:00,MIX,57.75,4,
09/07/2023 00:00,PE,0,0,
09/07/2023 00:00,SG,0,0,
09/07/2023 00:00,TOD,771.75,6,
09/07/2023 00:00,TIN,357,1,
09/07/2023 00:00,TOR,51.45,2,
09/07/2023 00:00,TOTO,126,2,
09/07/2023 00:00,KFC,1.05,2,
09/07/2023 00:00,WSK,0,0,
09/07/2023 00:00,US,0,0,
09/07/2023 00:00,VE,0,0,
09/07/2023 00:00,VIN,0,0,
09/07/2023 00:00,WE,0,0,
10/07/2023 00:00,,0,0,
10/07/2023 00:00,,0,0,
10/07/2023 00:00,AUN,0,0,
10/07/2023 00:00,BNR,0,0,
10/07/2023 00:00,BIR,1505.7,8,
10/07/2023 00:00,BS,0,0,
10/07/2023 00:00,BZ,0,0,
10/07/2023 00:00,CCS,0,0,
10/07/2023 00:00,CAD,862.05,28,
10/07/2023 00:00,CG,1958.25,23,
10/07/2023 00:00,CMI,1117.2,14,
10/07/2023 00:00,COQ,1008,24,
10/07/2023 00:00,EC,0,0,
10/07/2023 00:00,EG,0,0,
10/07/2023 00:00,ER,0,0,
10/07/2023 00:00,SFR,0,0,
10/07/2023 00:00,GAE,1726.2,19,
10/07/2023 00:00,GUT,267.75,1,
10/07/2023 00:00,IQ,0,0,
10/07/2023 00:00,LH,0,0,
10/07/2023 00:00,MIX,57.75,4,
10/07/2023 00:00,PE,0,0,
10/07/2023 00:00,SG,0,0,
10/07/2023 00:00,TOD,0,0,
10/07/2023 00:00,TIN,357,1,
10/07/2023 00:00,TOR,51.45,2,
10/07/2023 00:00,TOTO,126,2,
10/07/2023 00:00,KFC,1.05,1,
10/07/2023 00:00,WSK,0,0,
10/07/2023 00:00,US,0,0,
10/07/2023 00:00,VE,0,0,
10/07/2023 00:00,VIN,0,0,
10/07/2023 00:00,WE,0,0,
11/07/2023 00:00,,0,0,
11/07/2023 00:00,,0,0,
11/07/2023 00:00,AUN,0,0,
11/07/2023 00:00,BNR,0,0,
11/07/2023 00:00,BIR,1481.55,7,
11/07/2023 00:00,BS,0,0,
11/07/2023 00:00,BZ,0,0,
11/07/2023 00:00,CCS,0,0,
11/07/2023 00:00,CAD,957.6,30,
11/07/2023 00:00,CG,1936.2,22,
11/07/2023 00:00,CMI,1117.2,14,
11/07/2023 00:00,COQ,1148.7,26,
11/07/2023 00:00,EC,0,0,
11/07/2023 00:00,EG,0,0,
11/07/2023 00:00,ER,0,0,
11/07/2023 00:00,SFR,0,0,
11/07/2023 00:00,GAE,1726.2,19,
11/07/2023 00:00,GUT,267.75,1,
11/07/2023 00:00,IQ,0,0,
11/07/2023 00:00,LH,0,0,
11/07/2023 00:00,MIX,95.55,4,
11/07/2023 00:00,PE,0,0,
11/07/2023 00:00,SG,0,0,
11/07/2023 00:00,TOD,654.15,5,
11/07/2023 00:00,TIN,357,1,
11/07/2023 00:00,TOR,51.45,2,
11/07/2023 00:00,TOTO,126,2,
11/07/2023 00:00,KFC,1.05,1,
11/07/2023 00:00,WSK,0,0,
11/07/2023 00:00,US,0,0,
11/07/2023 00:00,VE,0,0,
11/07/2023 00:00,VIN,0,0,
11/07/2023 00:00,WE,0,0,
12/07/2023 00:00,,0,0,
12/07/2023 00:00,,0,0,
12/07/2023 00:00,AUN,0,0,
12/07/2023 00:00,BNR,0,0,
12/07/2023 00:00,BIR,1414.35,7,
12/07/2023 00:00,BS,0,0,
12/07/2023 00:00,BZ,0,0,
12/07/2023 00:00,CCS,0,0,
12/07/2023 00:00,CAD,883.05,30,
12/07/2023 00:00,CG,1908.9,22,
12/07/2023 00:00,CMI,1117.2,14,
12/07/2023 00:00,COQ,1106.7,25,
12/07/2023 00:00,EC,0,0,
12/07/2023 00:00,EG,0,0,
12/07/2023 00:00,ER,0,0,
12/07/2023 00:00,SFR,0,0,
12/07/2023 00:00,GAE,1921.5,19,
12/07/2023 00:00,GUT,0,0,
12/07/2023 00:00,IQ,0,0,
12/07/2023 00:00,LH,0,0,
12/07/2023 00:00,MIX,107.1,5,
12/07/2023 00:00,PE,0,0,
12/07/2023 00:00,SG,0,0,
12/07/2023 00:00,TOD,654.15,5,
12/07/2023 00:00,TIN,357,1,
12/07/2023 00:00,TOR,51.45,2,
12/07/2023 00:00,TOTO,126,2,
12/07/2023 00:00,KFC,1.05,1,
12/07/2023 00:00,WSK,0,0,
12/07/2023 00:00,US,0,0,
12/07/2023 00:00,VE,0,0,
12/07/2023 00:00,VIN,0,0,
12/07/2023 00:00,WE,0,0,
13/07/2023 00:00,,0,0,
13/07/2023 00:00,,0,0,
13/07/2023 00:00,AUN,0,0,
13/07/2023 00:00,BNR,0,0,
13/07/2023 00:00,BIR,2361.45,8,
13/07/2023 00:00,BS,0,0,
13/07/2023 00:00,BZ,0,0,
13/07/2023 00:00,CCS,0,0,
13/07/2023 00:00,CAD,842.1,29,
13/07/2023 00:00,CG,1972.95,22,
13/07/2023 00:00,CMI,1117.2,14,
13/07/2023 00:00,COQ,1093.05,25,
13/07/2023 00:00,EC,0,0,
13/07/2023 00:00,EG,0,0,
13/07/2023 00:00,ER,0,0,
13/07/2023 00:00,SFR,0,0,
13/07/2023 00:00,GAE,2034.9,19,
13/07/2023 00:00,GUT,143.85,1,
13/07/2023 00:00,IQ,0,0,
13/07/2023 00:00,LH,0,0,
13/07/2023 00:00,MIX,107.1,5,
13/07/2023 00:00,PE,0,0,
13/07/2023 00:00,SG,0,0,
13/07/2023 00:00,TOD,654.15,5,
13/07/2023 00:00,TIN,357,1,
13/07/2023 00:00,TOR,21,4,
13/07/2023 00:00,TOTO,126,2,
13/07/2023 00:00,KFC,0,0,
13/07/2023 00:00,WSK,0,0,
13/07/2023 00:00,US,0,0,
13/07/2023 00:00,VE,0,0,
13/07/2023 00:00,VIN,0,0,
13/07/2023 00:00,WE,0,0,
14/07/2023 00:00,,0,0,
14/07/2023 00:00,,0,0,
14/07/2023 00:00,AUN,0,0,
14/07/2023 00:00,BNR,0,0,
14/07/2023 00:00,BIR,2361.45,8,
14/07/2023 00:00,BS,0,0,
14/07/2023 00:00,BZ,0,0,
14/07/2023 00:00,CCS,0,0,
14/07/2023 00:00,CAD,794.85,29,
14/07/2023 00:00,CG,2117.85,22,
14/07/2023 00:00,CMI,1117.2,14,
14/07/2023 00:00,COQ,1009.05,23,
14/07/2023 00:00,EC,0,0,
14/07/2023 00:00,EG,0,0,
14/07/2023 00:00,ER,0,0,
14/07/2023 00:00,SFR,0,0,
14/07/2023 00:00,GAE,2034.9,18,
14/07/2023 00:00,GUT,143.85,1,
14/07/2023 00:00,IQ,0,0,
14/07/2023 00:00,LH,0,0,
14/07/2023 00:00,MIX,107.1,5,
14/07/2023 00:00,PE,0,0,
14/07/2023 00:00,SG,0,0,
14/07/2023 00:00,TOD,654.15,5,
14/07/2023 00:00,TIN,357,1,
14/07/2023 00:00,TOR,21,4,
14/07/2023 00:00,TOTO,257.25,4,
14/07/2023 00:00,KFC,0,0,
14/07/2023 00:00,WSK,0,0,
14/07/2023 00:00,US,0,0,
14/07/2023 00:00,VE,0,0,
14/07/2023 00:00,VIN,0,0,
14/07/2023 00:00,WE,0,0,
15/07/2023 00:00,,0,0,
15/07/2023 00:00,,0,0,
15/07/2023 00:00,AUN,0,0,
15/07/2023 00:00,BNR,0,0,
15/07/2023 00:00,BIR,2177.7,7,
15/07/2023 00:00,BS,0,0,
15/07/2023 00:00,BZ,0,0,
15/07/2023 00:00,CCS,0,0,
15/07/2023 00:00,CAD,760.2,28,
15/07/2023 00:00,CG,2116.8,22,
15/07/2023 00:00,CMI,1117.2,14,
15/07/2023 00:00,COQ,1029,26,
15/07/2023 00:00,EC,0,0,
15/07/2023 00:00,EG,0,0,
15/07/2023 00:00,ER,0,0,
15/07/2023 00:00,SFR,0,0,
15/07/2023 00:00,GAE,2034.9,18,
15/07/2023 00:00,GUT,143.85,1,
15/07/2023 00:00,IQ,0,0,
15/07/2023 00:00,LH,0,0,
15/07/2023 00:00,MIX,89.25,4,
15/07/2023 00:00,PE,0,0,
15/07/2023 00:00,SG,0,0,
15/07/2023 00:00,TOD,654.15,5,
15/07/2023 00:00,TIN,357,1,
15/07/2023 00:00,TOR,21,2,
15/07/2023 00:00,TOTO,257.25,4,
15/07/2023 00:00,KFC,0,0,
15/07/2023 00:00,WSK,0,0,
15/07/2023 00:00,US,0,0,
15/07/2023 00:00,VE,0,0,
15/07/2023 00:00,VIN,0,0,
15/07/2023 00:00,WE,0,0,
16/07/2023 00:00,,0,0,
16/07/2023 00:00,,0,0,
16/07/2023 00:00,AUN,0,0,
16/07/2023 00:00,BNR,0,0,
16/07/2023 00:00,BIR,1414.35,7,
16/07/2023 00:00,BS,0,0,
16/07/2023 00:00,BZ,0,0,
16/07/2023 00:00,CCS,0,0,
16/07/2023 00:00,CAD,845.25,28,
16/07/2023 00:00,CG,2116.8,22,
16/07/2023 00:00,CMI,1675.8,14,
16/07/2023 00:00,COQ,1010.1,26,
16/07/2023 00:00,EC,0,0,
16/07/2023 00:00,EG,0,0,
16/07/2023 00:00,ER,0,0,
16/07/2023 00:00,SFR,0,0,
16/07/2023 00:00,GAE,1352.4,18,
16/07/2023 00:00,GUT,0,0,
16/07/2023 00:00,IQ,0,0,
16/07/2023 00:00,LH,0,0,
16/07/2023 00:00,MIX,57.75,4,
16/07/2023 00:00,PE,0,0,
16/07/2023 00:00,SG,0,0,
16/07/2023 00:00,TOD,702.45,7,
16/07/2023 00:00,TIN,357,1,
16/07/2023 00:00,TOR,21,2,
16/07/2023 00:00,TOTO,200.55,2,
16/07/2023 00:00,KFC,0,0,
16/07/2023 00:00,WSK,0,0,
16/07/2023 00:00,US,0,0,
16/07/2023 00:00,VE,0,0,
16/07/2023 00:00,VIN,0,0,
16/07/2023 00:00,WE,0,0,
17/07/2023 00:00,,0,0,
17/07/2023 00:00,,0,0,
17/07/2023 00:00,AUN,0,0,
17/07/2023 00:00,BNR,0,0,
17/07/2023 00:00,BIR,1414.35,7,
17/07/2023 00:00,BS,0,0,
17/07/2023 00:00,BZ,0,0,
17/07/2023 00:00,CCS,0,0,
17/07/2023 00:00,CAD,826.35,24,
17/07/2023 00:00,CG,2116.8,22,
17/07/2023 00:00,CMI,1117.2,14,
17/07/2023 00:00,COQ,967.05,24,
17/07/2023 00:00,EC,0,0,
17/07/2023 00:00,EG,0,0,
17/07/2023 00:00,ER,0,0,
17/07/2023 00:00,SFR,0,0,
17/07/2023 00:00,GAE,1375.5,19,
17/07/2023 00:00,GUT,0,0,
17/07/2023 00:00,IQ,0,0,
17/07/2023 00:00,LH,0,0,
17/07/2023 00:00,MIX,98.7,4,
17/07/2023 00:00,PE,0,0,
17/07/2023 00:00,SG,0,0,
17/07/2023 00:00,TOD,702.45,7,
17/07/2023 00:00,TIN,357,1,
17/07/2023 00:00,TOR,21,2,
17/07/2023 00:00,TOTO,162.75,2,
17/07/2023 00:00,KFC,0,0,
17/07/2023 00:00,WSK,0,0,
17/07/2023 00:00,US,0,0,
17/07/2023 00:00,VE,0,0,
17/07/2023 00:00,VIN,0,0,
17/07/2023 00:00,WE,0,0,
18/07/2023 00:00,,0,0,
18/07/2023 00:00,,0,0,
18/07/2023 00:00,AUN,0,0,
18/07/2023 00:00,BNR,0,0,
18/07/2023 00:00,BIR,1936.2,10,
18/07/2023 00:00,BS,0,0,
18/07/2023 00:00,BZ,0,0,
18/07/2023 00:00,CCS,0,0,
18/07/2023 00:00,CAD,1183.35,23,
18/07/2023 00:00,CG,2119.95,22,
18/07/2023 00:00,CMI,1132.95,14,
18/07/2023 00:00,COQ,1089.9,26,
18/07/2023 00:00,EC,0,0,
18/07/2023 00:00,EG,0,0,
18/07/2023 00:00,ER,0,0,
18/07/2023 00:00,SFR,0,0,
18/07/2023 00:00,GAE,1503.6,19,
18/07/2023 00:00,GUT,0,0,
18/07/2023 00:00,IQ,0,0,
18/07/2023 00:00,LH,0,0,
18/07/2023 00:00,MIX,107.1,5,
18/07/2023 00:00,PE,0,0,
18/07/2023 00:00,SG,0,0,
18/07/2023 00:00,TOD,702.45,7,
18/07/2023 00:00,TIN,357,1,
18/07/2023 00:00,TOR,28.35,1,
18/07/2023 00:00,TOTO,162.75,2,
18/07/2023 00:00,KFC,1.05,2,
18/07/2023 00:00,WSK,0,0,
18/07/2023 00:00,US,0,0,
18/07/2023 00:00,VE,0,0,
18/07/2023 00:00,VIN,0,0,
18/07/2023 00:00,WE,0,0,
19/07/2023 00:00,,0,0,
19/07/2023 00:00,,0,0,
19/07/2023 00:00,AUN,0,0,
19/07/2023 00:00,BNR,0,0,
19/07/2023 00:00,BIR,1820.7,8,
19/07/2023 00:00,BS,0,0,
19/07/2023 00:00,BZ,0,0,
19/07/2023 00:00,CCS,0,0,
19/07/2023 00:00,CAD,1244.25,23,
19/07/2023 00:00,CG,2116.8,22,
19/07/2023 00:00,CMI,1132.95,14,
19/07/2023 00:00,COQ,1089.9,25,
19/07/2023 00:00,EC,0,0,
19/07/2023 00:00,EG,0,0,
19/07/2023 00:00,ER,0,0,
19/07/2023 00:00,SFR,0,0,
19/07/2023 00:00,GAE,1481.55,19,
19/07/2023 00:00,GUT,0,0,
19/07/2023 00:00,IQ,0,0,
19/07/2023 00:00,LH,0,0,
19/07/2023 00:00,MIX,57.75,4,
19/07/2023 00:00,PE,0,0,
19/07/2023 00:00,SG,0,0,
19/07/2023 00:00,TOD,702.45,7,
19/07/2023 00:00,TIN,357,1,
19/07/2023 00:00,TOR,44.1,2,
19/07/2023 00:00,TOTO,162.75,2,
19/07/2023 00:00,KFC,1.05,1,
19/07/2023 00:00,WSK,288.75,2,
19/07/2023 00:00,US,0,0,
19/07/2023 00:00,VE,0,0,
19/07/2023 00:00,VIN,0,0,
19/07/2023 00:00,WE,0,0,
20/07/2023 00:00,,0,0,
20/07/2023 00:00,,0,0,
20/07/2023 00:00,AUN,0,0,
20/07/2023 00:00,BNR,0,0,
20/07/2023 00:00,BIR,1825.95,10,
20/07/2023 00:00,BS,0,0,
20/07/2023 00:00,BZ,0,0,
20/07/2023 00:00,CCS,0,0,
20/07/2023 00:00,CAD,1584.45,26,
20/07/2023 00:00,CG,2238.6,22,
20/07/2023 00:00,CMI,1182.3,14,
20/07/2023 00:00,COQ,1089.9,25,
20/07/2023 00:00,EC,0,0,
20/07/2023 00:00,EG,0,0,
20/07/2023 00:00,ER,0,0,
20/07/2023 00:00,SFR,0,0,
20/07/2023 00:00,GAE,2072.7,20,
20/07/2023 00:00,GUT,0,0,
20/07/2023 00:00,IQ,0,0,
20/07/2023 00:00,LH,0,0,
20/07/2023 00:00,MIX,57.75,4,
20/07/2023 00:00,PE,0,0,
20/07/2023 00:00,SG,0,0,
20/07/2023 00:00,TOD,702.45,7,
20/07/2023 00:00,TIN,357,1,
20/07/2023 00:00,TOR,44.1,2,
20/07/2023 00:00,TOTO,162.75,2,
20/07/2023 00:00,KFC,1.05,1,
20/07/2023 00:00,WSK,288.75,2,
20/07/2023 00:00,US,0,0,
20/07/2023 00:00,VE,0,0,
20/07/2023 00:00,VIN,0,0,
20/07/2023 00:00,WE,0,0,
21/07/2023 00:00,,0,0,
21/07/2023 00:00,,0,0,
21/07/2023 00:00,AUN,0,0,
21/07/2023 00:00,BNR,0,0,
21/07/2023 00:00,BIR,1751.4,8,
21/07/2023 00:00,BS,0,0,
21/07/2023 00:00,BZ,0,0,
21/07/2023 00:00,CCS,0,0,
21/07/2023 00:00,CAD,1640.1,29,
21/07/2023 00:00,CG,2731.05,23,
21/07/2023 00:00,CMI,1117.2,14,
21/07/2023 00:00,COQ,1089.9,25,
21/07/2023 00:00,EC,0,0,
21/07/2023 00:00,EG,0,0,
21/07/2023 00:00,ER,0,0,
21/07/2023 00:00,SFR,0,0,
21/07/2023 00:00,GAE,1925.7,19,
21/07/2023 00:00,GUT,0,0,
21/07/2023 00:00,IQ,0,0,
21/07/2023 00:00,LH,0,0,
21/07/2023 00:00,MIX,57.75,4,
21/07/2023 00:00,PE,0,0,
21/07/2023 00:00,SG,0,0,
21/07/2023 00:00,TOD,702.45,7,
21/07/2023 00:00,TIN,357,1,
21/07/2023 00:00,TOR,44.1,2,
21/07/2023 00:00,TOTO,162.75,2,
21/07/2023 00:00,KFC,1.05,2,
21/07/2023 00:00,WSK,288.75,2,
21/07/2023 00:00,US,0,0,
21/07/2023 00:00,VE,0,0,
21/07/2023 00:00,VIN,0,0,
21/07/2023 00:00,WE,0,0,
22/07/2023 00:00,,0,0,
22/07/2023 00:00,,0,0,
22/07/2023 00:00,AUN,0,0,
22/07/2023 00:00,BNR,0,0,
22/07/2023 00:00,BIR,1621.2,8,
22/07/2023 00:00,BS,0,0,
22/07/2023 00:00,BZ,0,0,
22/07/2023 00:00,CCS,0,0,
22/07/2023 00:00,CAD,1627.5,29,
22/07/2023 00:00,CG,3277.05,24,
22/07/2023 00:00,CMI,1117.2,14,
22/07/2023 00:00,COQ,1106.7,28,
22/07/2023 00:00,EC,0,0,
22/07/2023 00:00,EG,0,0,
22/07/2023 00:00,ER,0,0,
22/07/2023 00:00,SFR,0,0,
22/07/2023 00:00,GAE,1314.6,19,
22/07/2023 00:00,GUT,0,0,
22/07/2023 00:00,IQ,0,0,
22/07/2023 00:00,LH,0,0,
22/07/2023 00:00,MIX,57.75,4,
22/07/2023 00:00,PE,0,0,
22/07/2023 00:00,SG,0,0,
22/07/2023 00:00,TOD,438.9,5,
22/07/2023 00:00,TIN,357,1,
22/07/2023 00:00,TOR,44.1,2,
22/07/2023 00:00,TOTO,162.75,2,
22/07/2023 00:00,KFC,1.05,1,
22/07/2023 00:00,WSK,288.75,2,
22/07/2023 00:00,US,0,0,
22/07/2023 00:00,VE,0,0,
22/07/2023 00:00,VIN,0,0,
22/07/2023 00:00,WE,0,0,
23/07/2023 00:00,,0,0,
23/07/2023 00:00,,0,0,
23/07/2023 00:00,AUN,0,0,
23/07/2023 00:00,BNR,0,0,
23/07/2023 00:00,BIR,1621.2,8,
23/07/2023 00:00,BS,0,0,
23/07/2023 00:00,BZ,0,0,
23/07/2023 00:00,CCS,0,0,
23/07/2023 00:00,CAD,982.8,25,
23/07/2023 00:00,CG,3277.05,24,
23/07/2023 00:00,CMI,1117.2,14,
23/07/2023 00:00,COQ,1143.45,26,
23/07/2023 00:00,EC,0,0,
23/07/2023 00:00,EG,0,0,
23/07/2023 00:00,ER,0,0,
23/07/2023 00:00,SFR,0,0,
23/07/2023 00:00,GAE,1156.05,18,
23/07/2023 00:00,GUT,0,0,
23/07/2023 00:00,IQ,0,0,
23/07/2023 00:00,LH,0,0,
23/07/2023 00:00,MIX,57.75,4,
23/07/2023 00:00,PE,0,0,
23/07/2023 00:00,SG,0,0,
23/07/2023 00:00,TOD,677.25,6,
23/07/2023 00:00,TIN,357,1,
23/07/2023 00:00,TOR,44.1,2,
23/07/2023 00:00,TOTO,102.9,1,
23/07/2023 00:00,KFC,1.05,1,
23/07/2023 00:00,WSK,288.75,2,
23/07/2023 00:00,US,0,0,
23/07/2023 00:00,VE,0,0,
23/07/2023 00:00,VIN,0,0,
23/07/2023 00:00,WE,0,0,
24/07/2023 00:00,,0,0,
24/07/2023 00:00,,0,0,
24/07/2023 00:00,AUN,0,0,
24/07/2023 00:00,BNR,0,0,
24/07/2023 00:00,BIR,1621.2,8,
24/07/2023 00:00,BS,0,0,
24/07/2023 00:00,BZ,0,0,
24/07/2023 00:00,CCS,0,0,
24/07/2023 00:00,CAD,794.85,25,
24/07/2023 00:00,CG,3277.05,24,
24/07/2023 00:00,CMI,1117.2,14,
24/07/2023 00:00,COQ,959.7,23,
24/07/2023 00:00,EC,0,0,
24/07/2023 00:00,EG,0,0,
24/07/2023 00:00,ER,0,0,
24/07/2023 00:00,SFR,0,0,
24/07/2023 00:00,GAE,1063.65,18,
24/07/2023 00:00,GUT,0,0,
24/07/2023 00:00,IQ,0,0,
24/07/2023 00:00,LH,0,0,
24/07/2023 00:00,MIX,57.75,4,
24/07/2023 00:00,PE,0,0,
24/07/2023 00:00,SG,0,0,
24/07/2023 00:00,TOD,832.65,8,
24/07/2023 00:00,TIN,357,1,
24/07/2023 00:00,TOR,44.1,2,
24/07/2023 00:00,TOTO,31.5,1,
24/07/2023 00:00,KFC,1.05,2,
24/07/2023 00:00,WSK,288.75,2,
24/07/2023 00:00,US,0,0,
24/07/2023 00:00,VE,0,0,
24/07/2023 00:00,VIN,0,0,
24/07/2023 00:00,WE,0,0,
25/07/2023 00:00,,0,0,
25/07/2023 00:00,,0,0,
25/07/2023 00:00,AUN,0,0,
25/07/2023 00:00,BNR,0,0,
25/07/2023 00:00,BIR,1621.2,8,
25/07/2023 00:00,BS,0,0,
25/07/2023 00:00,BZ,0,0,
25/07/2023 00:00,CCS,0,0,
25/07/2023 00:00,CAD,1180.2,23,
25/07/2023 00:00,CG,3614.1,24,
25/07/2023 00:00,CMI,1057.35,13,
25/07/2023 00:00,COQ,1063.65,25,
25/07/2023 00:00,EC,0,0,
25/07/2023 00:00,EG,0,0,
25/07/2023 00:00,ER,0,0,
25/07/2023 00:00,SFR,0,0,
25/07/2023 00:00,GAE,1115.1,17,
25/07/2023 00:00,GUT,0,0,
25/07/2023 00:00,IQ,0,0,
25/07/2023 00:00,LH,0,0,
25/07/2023 00:00,MIX,57.75,4,
25/07/2023 00:00,PE,0,0,
25/07/2023 00:00,SG,0,0,
25/07/2023 00:00,TOD,961.8,8,
25/07/2023 00:00,TIN,357,1,
25/07/2023 00:00,TOR,50.4,4,
25/07/2023 00:00,TOTO,31.5,1,
25/07/2023 00:00,KFC,1.05,1,
25/07/2023 00:00,WSK,288.75,2,
25/07/2023 00:00,US,0,0,
25/07/2023 00:00,VE,0,0,
25/07/2023 00:00,VIN,0,0,
25/07/2023 00:00,WE,0,0,
26/07/2023 00:00,,0,0,
26/07/2023 00:00,,0,0,
26/07/2023 00:00,AUN,0,0,
26/07/2023 00:00,BNR,0,0,
26/07/2023 00:00,BIR,1621.2,8,
26/07/2023 00:00,BS,0,0,
26/07/2023 00:00,BZ,0,0,
26/07/2023 00:00,CCS,0,0,
26/07/2023 00:00,CAD,1211.7,24,
26/07/2023 00:00,CG,3264.45,23,
26/07/2023 00:00,CMI,953.4,13,
26/07/2023 00:00,COQ,1063.65,24,
26/07/2023 00:00,EC,0,0,
26/07/2023 00:00,EG,0,0,
26/07/2023 00:00,ER,0,0,
26/07/2023 00:00,SFR,0,0,
26/07/2023 00:00,GAE,850.5,16,
26/07/2023 00:00,GUT,0,0,
26/07/2023 00:00,IQ,0,0,
26/07/2023 00:00,LH,0,0,
26/07/2023 00:00,MIX,57.75,4,
26/07/2023 00:00,PE,0,0,
26/07/2023 00:00,SG,0,0,
26/07/2023 00:00,TOD,832.65,8,
26/07/2023 00:00,TIN,357,1,
26/07/2023 00:00,TOR,50.4,4,
26/07/2023 00:00,TOTO,31.5,1,
26/07/2023 00:00,KFC,1.05,1,
26/07/2023 00:00,WSK,0,0,
26/07/2023 00:00,US,0,0,
26/07/2023 00:00,VE,0,0,
26/07/2023 00:00,VIN,0,0,
26/07/2023 00:00,WE,0,0,
27/07/2023 00:00,,0,0,
27/07/2023 00:00,,0,0,
27/07/2023 00:00,AUN,0,0,
27/07/2023 00:00,BNR,0,0,
27/07/2023 00:00,BIR,1621.2,8,
27/07/2023 00:00,BS,0,0,
27/07/2023 00:00,BZ,0,0,
27/07/2023 00:00,CCS,0,0,
27/07/2023 00:00,CAD,1116.15,24,
27/07/2023 00:00,CG,3268.65,24,
27/07/2023 00:00,CMI,936.6,13,
27/07/2023 00:00,COQ,1064.7,25,
27/07/2023 00:00,EC,0,0,
27/07/2023 00:00,EG,0,0,
27/07/2023 00:00,ER,0,0,
27/07/2023 00:00,SFR,0,0,
27/07/2023 00:00,GAE,1088.85,16,
27/07/2023 00:00,GUT,0,0,
27/07/2023 00:00,IQ,0,0,
27/07/2023 00:00,LH,0,0,
27/07/2023 00:00,MIX,57.75,4,
27/07/2023 00:00,PE,0,0,
27/07/2023 00:00,SG,0,0,
27/07/2023 00:00,TOD,838.95,8,
27/07/2023 00:00,TIN,357,1,
27/07/2023 00:00,TOR,46.2,2,
27/07/2023 00:00,TOTO,31.5,1,
27/07/2023 00:00,KFC,1.05,2,
27/07/2023 00:00,WSK,42,1,
27/07/2023 00:00,US,0,0,
27/07/2023 00:00,VE,0,0,
27/07/2023 00:00,VIN,0,0,
27/07/2023 00:00,WE,0,0,
28/07/2023 00:00,,0,0,
28/07/2023 00:00,,0,0,
28/07/2023 00:00,AUN,0,0,
28/07/2023 00:00,BNR,0,0,
28/07/2023 00:00,BIR,1621.2,8,
28/07/2023 00:00,BS,0,0,
28/07/2023 00:00,BZ,0,0,
28/07/2023 00:00,CCS,0,0,
28/07/2023 00:00,CAD,1082.55,23,
28/07/2023 00:00,CG,3282.3,24,
28/07/2023 00:00,CMI,936.6,13,
28/07/2023 00:00,COQ,1081.5,25,
28/07/2023 00:00,EC,0,0,
28/07/2023 00:00,EG,0,0,
28/07/2023 00:00,ER,0,0,
28/07/2023 00:00,SFR,0,0,
28/07/2023 00:00,GAE,994.35,14,
28/07/2023 00:00,GUT,0,0,
28/07/2023 00:00,IQ,0,0,
28/07/2023 00:00,LH,0,0,
28/07/2023 00:00,MIX,57.75,4,
28/07/2023 00:00,PE,0,0,
28/07/2023 00:00,SG,0,0,
28/07/2023 00:00,TOD,1012.2,8,
28/07/2023 00:00,TIN,357,1,
28/07/2023 00:00,TOR,44.1,2,
28/07/2023 00:00,TOTO,31.5,1,
28/07/2023 00:00,KFC,1.05,1,
28/07/2023 00:00,WSK,165.9,1,
28/07/2023 00:00,US,0,0,
28/07/2023 00:00,VE,0,0,
28/07/2023 00:00,VIN,0,0,
28/07/2023 00:00,WE,0,0,
29/07/2023 00:00,,0,0,
29/07/2023 00:00,,0,0,
29/07/2023 00:00,AUN,0,0,
29/07/2023 00:00,BNR,0,0,
29/07/2023 00:00,BIR,1621.2,8,
29/07/2023 00:00,BS,0,0,
29/07/2023 00:00,BZ,0,0,
29/07/2023 00:00,CCS,0,0,
29/07/2023 00:00,CAD,1089.9,23,
29/07/2023 00:00,CG,3268.65,24,
29/07/2023 00:00,CMI,913.5,12,
29/07/2023 00:00,COQ,1097.25,28,
29/07/2023 00:00,EC,0,0,
29/07/2023 00:00,EG,0,0,
29/07/2023 00:00,ER,0,0,
29/07/2023 00:00,SFR,0,0,
29/07/2023 00:00,GAE,895.65,17,
29/07/2023 00:00,GUT,0,0,
29/07/2023 00:00,IQ,0,0,
29/07/2023 00:00,LH,0,0,
29/07/2023 00:00,MIX,57.75,4,
29/07/2023 00:00,PE,0,0,
29/07/2023 00:00,SG,0,0,
29/07/2023 00:00,TOD,831.6,8,
29/07/2023 00:00,TIN,357,1,
29/07/2023 00:00,TOR,44.1,2,
29/07/2023 00:00,TOTO,31.5,1,
29/07/2023 00:00,KFC,1.05,1,
29/07/2023 00:00,WSK,227.85,2,
29/07/2023 00:00,US,0,0,
29/07/2023 00:00,VE,0,0,
29/07/2023 00:00,VIN,0,0,
29/07/2023 00:00,WE,0,0,
30/07/2023 00:00,,0,0,
30/07/2023 00:00,,0,0,
30/07/2023 00:00,AUN,0,0,
30/07/2023 00:00,BNR,0,0,
30/07/2023 00:00,BIR,1621.2,8,
30/07/2023 00:00,BS,0,0,
30/07/2023 00:00,BZ,0,0,
30/07/2023 00:00,CCS,0,0,
30/07/2023 00:00,CAD,823.2,22,
30/07/2023 00:00,CG,3265.5,23,
30/07/2023 00:00,CMI,896.7,12,
30/07/2023 00:00,COQ,1097.25,28,
30/07/2023 00:00,EC,0,0,
30/07/2023 00:00,EG,0,0,
30/07/2023 00:00,ER,0,0,
30/07/2023 00:00,SFR,0,0,
30/07/2023 00:00,GAE,895.65,16,
30/07/2023 00:00,GUT,0,0,
30/07/2023 00:00,IQ,0,0,
30/07/2023 00:00,LH,0,0,
30/07/2023 00:00,MIX,57.75,4,
30/07/2023 00:00,PE,0,0,
30/07/2023 00:00,SG,0,0,
30/07/2023 00:00,TOD,1267.35,10,
30/07/2023 00:00,TIN,357,1,
30/07/2023 00:00,TOR,44.1,2,
30/07/2023 00:00,TOTO,175.35,2,
30/07/2023 00:00,KFC,1.05,2,
30/07/2023 00:00,WSK,227.85,2,
30/07/2023 00:00,US,0,0,
30/07/2023 00:00,VE,0,0,
30/07/2023 00:00,VIN,0,0,
30/07/2023 00:00,WE,0,0,
31/07/2023 00:00,,0,0,
31/07/2023 00:00,,0,0,
31/07/2023 00:00,AUN,0,0,
31/07/2023 00:00,BNR,0,0,
31/07/2023 00:00,BIR,1731.45,8,
31/07/2023 00:00,BS,0,0,
31/07/2023 00:00,BZ,0,0,
31/07/2023 00:00,CCS,0,0,
31/07/2023 00:00,CAD,702.45,23,
31/07/2023 00:00,CG,3257.1,23,
31/07/2023 00:00,CMI,896.7,12,
31/07/2023 00:00,COQ,1097.25,28,
31/07/2023 00:00,EC,0,0,
31/07/2023 00:00,EG,0,0,
31/07/2023 00:00,ER,0,0,
31/07/2023 00:00,SFR,0,0,
31/07/2023 00:00,GAE,933.45,17,
31/07/2023 00:00,GUT,0,0,
31/07/2023 00:00,IQ,0,0,
31/07/2023 00:00,LH,0,0,
31/07/2023 00:00,MIX,57.75,4,
31/07/2023 00:00,PE,0,0,
31/07/2023 00:00,SG,0,0,
31/07/2023 00:00,TOD,1323,11,
31/07/2023 00:00,TIN,357,1,
31/07/2023 00:00,TOR,44.1,2,
31/07/2023 00:00,TOTO,175.35,2,
31/07/2023 00:00,KFC,1.05,1,
31/07/2023 00:00,WSK,227.85,2,
31/07/2023 00:00,US,0,0,
31/07/2023 00:00,VE,0,0,
31/07/2023 00:00,VIN,0,0,
31/07/2023 00:00,WE,0,0,
01/08/2023 00:00,,0,0,
01/08/2023 00:00,,0,0,
01/08/2023 00:00,AUN,0,0,
01/08/2023 00:00,BNR,0,0,
01/08/2023 00:00,BIR,1621.2,8,
01/08/2023 00:00,BS,0,0,
01/08/2023 00:00,BZ,0,0,
01/08/2023 00:00,CCS,0,0,
01/08/2023 00:00,CAD,712.95,22,
01/08/2023 00:00,CG,3394.65,24,
01/08/2023 00:00,CMI,95.55,10,
01/08/2023 00:00,COQ,1124.55,26,
01/08/2023 00:00,EC,0,0,
01/08/2023 00:00,EG,0,0,
01/08/2023 00:00,ER,0,0,
01/08/2023 00:00,SFR,0,0,
01/08/2023 00:00,GAE,1123.5,18,
01/08/2023 00:00,GUT,0,0,
01/08/2023 00:00,IQ,0,0,
01/08/2023 00:00,LH,0,0,
01/08/2023 00:00,MIX,57.75,4,
01/08/2023 00:00,PE,0,0,
01/08/2023 00:00,SG,0,0,
01/08/2023 00:00,TOD,1323,11,
01/08/2023 00:00,TIN,357,1,
01/08/2023 00:00,TOR,44.1,2,
01/08/2023 00:00,TOTO,175.35,2,
01/08/2023 00:00,KFC,1.05,2,
01/08/2023 00:00,WSK,227.85,2,
01/08/2023 00:00,US,0,0,
01/08/2023 00:00,VE,0,0,
01/08/2023 00:00,VIN,0,0,
01/08/2023 00:00,WE,0,0,
02/08/2023 00:00,,0,0,
02/08/2023 00:00,,0,0,
02/08/2023 00:00,AUN,0,0,
02/08/2023 00:00,BNR,0,0,
02/08/2023 00:00,BIR,1621.2,8,
02/08/2023 00:00,BS,0,0,
02/08/2023 00:00,BZ,0,0,
02/08/2023 00:00,CCS,0,0,
02/08/2023 00:00,CAD,759.15,22,
02/08/2023 00:00,CG,3394.65,24,
02/08/2023 00:00,CMI,95.55,10,
02/08/2023 00:00,COQ,1173.9,26,
02/08/2023 00:00,EC,0,0,
02/08/2023 00:00,EG,0,0,
02/08/2023 00:00,ER,0,0,
02/08/2023 00:00,SFR,0,0,
02/08/2023 00:00,GAE,1349.25,19,
02/08/2023 00:00,GUT,0,0,
02/08/2023 00:00,IQ,0,0,
02/08/2023 00:00,LH,0,0,
02/08/2023 00:00,MIX,57.75,4,
02/08/2023 00:00,PE,0,0,
02/08/2023 00:00,SG,0,0,
02/08/2023 00:00,TOD,1323,11,
02/08/2023 00:00,TIN,357,1,
02/08/2023 00:00,TOR,44.1,2,
02/08/2023 00:00,TOTO,175.35,2,
02/08/2023 00:00,KFC,1.05,4,
02/08/2023 00:00,WSK,227.85,2,
02/08/2023 00:00,US,0,0,
02/08/2023 00:00,VE,0,0,
02/08/2023 00:00,VIN,0,0,
02/08/2023 00:00,WE,0,0,
03/08/2023 00:00,,0,0,
03/08/2023 00:00,,0,0,
03/08/2023 00:00,AUN,0,0,
03/08/2023 00:00,BNR,0,0,
03/08/2023 00:00,BIR,1621.2,8,
03/08/2023 00:00,BS,0,0,
03/08/2023 00:00,BZ,0,0,
03/08/2023 00:00,CCS,0,0,
03/08/2023 00:00,CAD,750.75,19,
03/08/2023 00:00,CG,3257.1,23,
03/08/2023 00:00,CMI,102.9,10,
03/08/2023 00:00,COQ,1198.05,29,
03/08/2023 00:00,EC,0,0,
03/08/2023 00:00,EG,0,0,
03/08/2023 00:00,ER,0,0,
03/08/2023 00:00,SFR,0,0,
03/08/2023 00:00,GAE,1588.65,20,
03/08/2023 00:00,GUT,0,0,
03/08/2023 00:00,IQ,0,0,
03/08/2023 00:00,LH,0,0,
03/08/2023 00:00,MIX,57.75,4,
03/08/2023 00:00,PE,0,0,
03/08/2023 00:00,SG,0,0,
03/08/2023 00:00,TOD,1323,11,
03/08/2023 00:00,TIN,357,1,
03/08/2023 00:00,TOR,44.1,2,
03/08/2023 00:00,TOTO,175.35,2,
03/08/2023 00:00,KFC,1.05,2,
03/08/2023 00:00,WSK,227.85,2,
03/08/2023 00:00,US,0,0,
03/08/2023 00:00,VE,0,0,
03/08/2023 00:00,VIN,0,0,
03/08/2023 00:00,WE,0,0,
04/08/2023 00:00,,0,0,
04/08/2023 00:00,,0,0,
04/08/2023 00:00,AUN,0,0,
04/08/2023 00:00,BNR,0,0,
04/08/2023 00:00,BIR,1686.3,8,
04/08/2023 00:00,BS,0,0,
04/08/2023 00:00,BZ,0,0,
04/08/2023 00:00,CCS,0,0,
04/08/2023 00:00,CAD,690.9,19,
04/08/2023 00:00,CG,3032.4,22,
04/08/2023 00:00,CMI,95.55,10,
04/08/2023 00:00,COQ,1229.55,29,
04/08/2023 00:00,EC,0,0,
04/08/2023 00:00,EG,0,0,
04/08/2023 00:00,ER,0,0,
04/08/2023 00:00,SFR,0,0,
04/08/2023 00:00,GAE,1438.5,22,
04/08/2023 00:00,GUT,0,0,
04/08/2023 00:00,IQ,0,0,
04/08/2023 00:00,LH,0,0,
04/08/2023 00:00,MIX,57.75,4,
04/08/2023 00:00,PE,0,0,
04/08/2023 00:00,SG,0,0,
04/08/2023 00:00,TOD,1323,11,
04/08/2023 00:00,TIN,357,1,
04/08/2023 00:00,TOR,44.1,2,
04/08/2023 00:00,TOTO,175.35,2,
04/08/2023 00:00,KFC,1.05,2,
04/08/2023 00:00,WSK,227.85,2,
04/08/2023 00:00,US,0,0,
04/08/2023 00:00,VE,0,0,
04/08/2023 00:00,VIN,0,0,
04/08/2023 00:00,WE,0,0,
05/08/2023 00:00,,0,0,
05/08/2023 00:00,,0,0,
05/08/2023 00:00,AUN,0,0,
05/08/2023 00:00,BNR,0,0,
05/08/2023 00:00,BIR,1706.25,10,
05/08/2023 00:00,BS,0,0,
05/08/2023 00:00,BZ,0,0,
05/08/2023 00:00,CCS,0,0,
05/08/2023 00:00,CAD,633.15,17,
05/08/2023 00:00,CG,2439.15,20,
05/08/2023 00:00,CMI,95.55,10,
05/08/2023 00:00,COQ,1255.8,30,
05/08/2023 00:00,EC,0,0,
05/08/2023 00:00,EG,0,0,
05/08/2023 00:00,ER,0,0,
05/08/2023 00:00,SFR,0,0,
05/08/2023 00:00,GAE,1340.85,20,
05/08/2023 00:00,GUT,0,0,
05/08/2023 00:00,IQ,0,0,
05/08/2023 00:00,LH,0,0,
05/08/2023 00:00,MIX,57.75,4,
05/08/2023 00:00,PE,0,0,
05/08/2023 00:00,SG,0,0,
05/08/2023 00:00,TOD,1323,11,
05/08/2023 00:00,TIN,357,1,
05/08/2023 00:00,TOR,44.1,2,
05/08/2023 00:00,TOTO,460.95,2,
05/08/2023 00:00,KFC,1.05,4,
05/08/2023 00:00,WSK,227.85,2,
05/08/2023 00:00,US,0,0,
05/08/2023 00:00,VE,0,0,
05/08/2023 00:00,VIN,0,0,
05/08/2023 00:00,WE,0,0,
06/08/2023 00:00,,0,0,
06/08/2023 00:00,,0,0,
06/08/2023 00:00,AUN,0,0,
06/08/2023 00:00,BNR,0,0,
06/08/2023 00:00,BIR,1791.3,11,
06/08/2023 00:00,BS,0,0,
06/08/2023 00:00,BZ,0,0,
06/08/2023 00:00,CCS,0,0,
06/08/2023 00:00,CAD,578.55,17,
06/08/2023 00:00,CG,1929.9,20,
06/08/2023 00:00,CMI,95.55,10,
06/08/2023 00:00,COQ,1221.15,30,
06/08/2023 00:00,EC,0,0,
06/08/2023 00:00,EG,0,0,
06/08/2023 00:00,ER,0,0,
06/08/2023 00:00,SFR,0,0,
06/08/2023 00:00,GAE,1452.15,20,
06/08/2023 00:00,GUT,0,0,
06/08/2023 00:00,IQ,0,0,
06/08/2023 00:00,LH,0,0,
06/08/2023 00:00,MIX,57.75,4,
06/08/2023 00:00,PE,0,0,
06/08/2023 00:00,SG,0,0,
06/08/2023 00:00,TOD,1323,11,
06/08/2023 00:00,TIN,357,1,
06/08/2023 00:00,TOR,44.1,2,
06/08/2023 00:00,TOTO,564.9,4,
06/08/2023 00:00,KFC,1.05,2,
06/08/2023 00:00,WSK,227.85,2,
06/08/2023 00:00,US,0,0,
06/08/2023 00:00,VE,0,0,
06/08/2023 00:00,VIN,0,0,
06/08/2023 00:00,WE,0,0,
07/08/2023 00:00,,0,0,
07/08/2023 00:00,,0,0,
07/08/2023 00:00,AUN,0,0,
07/08/2023 00:00,BNR,0,0,
07/08/2023 00:00,BIR,1791.3,11,
07/08/2023 00:00,BS,0,0,
07/08/2023 00:00,BZ,0,0,
07/08/2023 00:00,CCS,0,0,
07/08/2023 00:00,CAD,621.6,16,
07/08/2023 00:00,CG,1986.6,22,
07/08/2023 00:00,CMI,229.95,10,
07/08/2023 00:00,COQ,1221.15,30,
07/08/2023 00:00,EC,0,0,
07/08/2023 00:00,EG,0,0,
07/08/2023 00:00,ER,0,0,
07/08/2023 00:00,SFR,0,0,
07/08/2023 00:00,GAE,1303.05,19,
07/08/2023 00:00,GUT,0,0,
07/08/2023 00:00,IQ,0,0,
07/08/2023 00:00,LH,0,0,
07/08/2023 00:00,MIX,57.75,4,
07/08/2023 00:00,PE,0,0,
07/08/2023 00:00,SG,0,0,
07/08/2023 00:00,TOD,1759.8,13,
07/08/2023 00:00,TIN,357,1,
07/08/2023 00:00,TOR,44.1,2,
07/08/2023 00:00,TOTO,564.9,4,
07/08/2023 00:00,KFC,1.05,2,
07/08/2023 00:00,WSK,227.85,2,
07/08/2023 00:00,US,0,0,
07/08/2023 00:00,VE,0,0,
07/08/2023 00:00,VIN,0,0,
07/08/2023 00:00,WE,0,0,
08/08/2023 00:00,,0,0,
08/08/2023 00:00,,0,0,
08/08/2023 00:00,AUN,0,0,
08/08/2023 00:00,BNR,0,0,
08/08/2023 00:00,BIR,1791.3,11,
08/08/2023 00:00,BS,0,0,
08/08/2023 00:00,BZ,0,0,
08/08/2023 00:00,CCS,0,0,
08/08/2023 00:00,CAD,631.05,16,
08/08/2023 00:00,CG,2118.9,20,
08/08/2023 00:00,CMI,257.25,10,
08/08/2023 00:00,COQ,1221.15,30,
08/08/2023 00:00,EC,0,0,
08/08/2023 00:00,EG,0,0,
08/08/2023 00:00,ER,0,0,
08/08/2023 00:00,SFR,0,0,
08/08/2023 00:00,GAE,1303.05,18,
08/08/2023 00:00,GUT,0,0,
08/08/2023 00:00,IQ,0,0,
08/08/2023 00:00,LH,0,0,
08/08/2023 00:00,MIX,57.75,4,
08/08/2023 00:00,PE,0,0,
08/08/2023 00:00,SG,0,0,
08/08/2023 00:00,TOD,1821.75,13,
08/08/2023 00:00,TIN,357,1,
08/08/2023 00:00,TOR,16.8,1,
08/08/2023 00:00,TOTO,564.9,4,
08/08/2023 00:00,KFC,1.05,4,
08/08/2023 00:00,WSK,42,1,
08/08/2023 00:00,US,0,0,
08/08/2023 00:00,VE,0,0,
08/08/2023 00:00,VIN,0,0,
08/08/2023 00:00,WE,0,0,
09/08/2023 00:00,,0,0,
09/08/2023 00:00,,0,0,
09/08/2023 00:00,AUN,0,0,
09/08/2023 00:00,BNR,0,0,
09/08/2023 00:00,BIR,2170.35,11,
09/08/2023 00:00,BS,0,0,
09/08/2023 00:00,BZ,0,0,
09/08/2023 00:00,CCS,0,0,
09/08/2023 00:00,CAD,630,14,
09/08/2023 00:00,CG,1891.05,17,
09/08/2023 00:00,CMI,195.3,10,
09/08/2023 00:00,COQ,1221.15,30,
09/08/2023 00:00,EC,0,0,
09/08/2023 00:00,EG,0,0,
09/08/2023 00:00,ER,0,0,
09/08/2023 00:00,SFR,0,0,
09/08/2023 00:00,GAE,1113,16,
09/08/2023 00:00,GUT,0,0,
09/08/2023 00:00,IQ,0,0,
09/08/2023 00:00,LH,0,0,
09/08/2023 00:00,MIX,57.75,4,
09/08/2023 00:00,PE,0,0,
09/08/2023 00:00,SG,0,0,
09/08/2023 00:00,TOD,1920.45,13,
09/08/2023 00:00,TIN,357,1,
09/08/2023 00:00,TOR,12.6,1,
09/08/2023 00:00,TOTO,564.9,4,
09/08/2023 00:00,KFC,1.05,2,
09/08/2023 00:00,WSK,42,1,
09/08/2023 00:00,US,0,0,
09/08/2023 00:00,VE,0,0,
09/08/2023 00:00,VIN,0,0,
09/08/2023 00:00,WE,0,0,
10/08/2023 00:00,,0,0,
10/08/2023 00:00,,0,0,
10/08/2023 00:00,AUN,0,0,
10/08/2023 00:00,BNR,0,0,
10/08/2023 00:00,BIR,1791.3,11,
10/08/2023 00:00,BS,0,0,
10/08/2023 00:00,BZ,0,0,
10/08/2023 00:00,CCS,0,0,
10/08/2023 00:00,CAD,711.9,14,
10/08/2023 00:00,CG,2617.65,22,
10/08/2023 00:00,CMI,191.1,10,
10/08/2023 00:00,COQ,1237.95,31,
10/08/2023 00:00,EC,0,0,
10/08/2023 00:00,EG,0,0,
10/08/2023 00:00,ER,0,0,
10/08/2023 00:00,SFR,0,0,
10/08/2023 00:00,GAE,1033.2,17,
10/08/2023 00:00,GUT,181.65,1,
10/08/2023 00:00,IQ,0,0,
10/08/2023 00:00,LH,0,0,
10/08/2023 00:00,MIX,57.75,4,
10/08/2023 00:00,PE,0,0,
10/08/2023 00:00,SG,0,0,
10/08/2023 00:00,TOD,1986.6,14,
10/08/2023 00:00,TIN,357,1,
10/08/2023 00:00,TOR,12.6,1,
10/08/2023 00:00,TOTO,564.9,4,
10/08/2023 00:00,KFC,1.05,2,
10/08/2023 00:00,WSK,42,1,
10/08/2023 00:00,US,0,0,
10/08/2023 00:00,VE,0,0,
10/08/2023 00:00,VIN,0,0,
10/08/2023 00:00,WE,0,0,
11/08/2023 00:00,,0,0,
11/08/2023 00:00,,0,0,
11/08/2023 00:00,AUN,0,0,
11/08/2023 00:00,BNR,0,0,
11/08/2023 00:00,BIR,1791.3,11,
11/08/2023 00:00,BS,0,0,
11/08/2023 00:00,BZ,0,0,
11/08/2023 00:00,CCS,0,0,
11/08/2023 00:00,CAD,736.05,13,
11/08/2023 00:00,CG,3682.35,23,
11/08/2023 00:00,CMI,139.65,11,
11/08/2023 00:00,COQ,1221.15,31,
11/08/2023 00:00,EC,0,0,
11/08/2023 00:00,EG,0,0,
11/08/2023 00:00,ER,0,0,
11/08/2023 00:00,SFR,0,0,
11/08/2023 00:00,GAE,1046.85,17,
11/08/2023 00:00,GUT,181.65,1,
11/08/2023 00:00,IQ,0,0,
11/08/2023 00:00,LH,0,0,
11/08/2023 00:00,MIX,57.75,4,
11/08/2023 00:00,PE,0,0,
11/08/2023 00:00,SG,0,0,
11/08/2023 00:00,TOD,1986.6,14,
11/08/2023 00:00,TIN,357,1,
11/08/2023 00:00,TOR,21,2,
11/08/2023 00:00,TOTO,592.2,4,
11/08/2023 00:00,KFC,1.05,4,
11/08/2023 00:00,WSK,42,1,
11/08/2023 00:00,US,0,0,
11/08/2023 00:00,VE,0,0,
11/08/2023 00:00,VIN,0,0,
11/08/2023 00:00,WE,0,0,
12/08/2023 00:00,,0,0,
12/08/2023 00:00,,0,0,
12/08/2023 00:00,AUN,0,0,
12/08/2023 00:00,BNR,0,0,
12/08/2023 00:00,BIR,1791.3,11,
12/08/2023 00:00,BS,0,0,
12/08/2023 00:00,BZ,0,0,
12/08/2023 00:00,CCS,0,0,
12/08/2023 00:00,CAD,805.35,12,
12/08/2023 00:00,CG,3788.4,23,
12/08/2023 00:00,CMI,139.65,11,
12/08/2023 00:00,COQ,1221.15,31,
12/08/2023 00:00,EC,0,0,
12/08/2023 00:00,EG,0,0,
12/08/2023 00:00,ER,0,0,
12/08/2023 00:00,SFR,0,0,
12/08/2023 00:00,GAE,1165.5,16,
12/08/2023 00:00,GUT,181.65,1,
12/08/2023 00:00,IQ,0,0,
12/08/2023 00:00,LH,0,0,
12/08/2023 00:00,MIX,57.75,4,
12/08/2023 00:00,PE,0,0,
12/08/2023 00:00,SG,0,0,
12/08/2023 00:00,TOD,1986.6,14,
12/08/2023 00:00,TIN,357,1,
12/08/2023 00:00,TOR,79.8,1,
12/08/2023 00:00,TOTO,727.65,5,
12/08/2023 00:00,KFC,1.05,2,
12/08/2023 00:00,WSK,42,1,
12/08/2023 00:00,US,0,0,
12/08/2023 00:00,VE,0,0,
12/08/2023 00:00,VIN,0,0,
12/08/2023 00:00,WE,0,0,
13/08/2023 00:00,,0,0,
13/08/2023 00:00,,0,0,
13/08/2023 00:00,AUN,0,0,
13/08/2023 00:00,BNR,0,0,
13/08/2023 00:00,BIR,1791.3,11,
13/08/2023 00:00,BS,0,0,
13/08/2023 00:00,BZ,0,0,
13/08/2023 00:00,CCS,0,0,
13/08/2023 00:00,CAD,658.35,11,
13/08/2023 00:00,CG,3669.75,23,
13/08/2023 00:00,CMI,139.65,11,
13/08/2023 00:00,COQ,1212.75,30,
13/08/2023 00:00,EC,0,0,
13/08/2023 00:00,EG,0,0,
13/08/2023 00:00,ER,0,0,
13/08/2023 00:00,SFR,0,0,
13/08/2023 00:00,GAE,922.95,13,
13/08/2023 00:00,GUT,0,0,
13/08/2023 00:00,IQ,0,0,
13/08/2023 00:00,LH,0,0,
13/08/2023 00:00,MIX,57.75,4,
13/08/2023 00:00,PE,0,0,
13/08/2023 00:00,SG,0,0,
13/08/2023 00:00,TOD,2139.9,16,
13/08/2023 00:00,TIN,357,1,
13/08/2023 00:00,TOR,117.6,2,
13/08/2023 00:00,TOTO,727.65,5,
13/08/2023 00:00,KFC,0,0,
13/08/2023 00:00,WSK,42,1,
13/08/2023 00:00,US,0,0,
13/08/2023 00:00,VE,0,0,
13/08/2023 00:00,VIN,0,0,
13/08/2023 00:00,WE,0,0,
14/08/2023 00:00,,0,0,
14/08/2023 00:00,,0,0,
14/08/2023 00:00,AUN,0,0,
14/08/2023 00:00,BNR,0,0,
14/08/2023 00:00,BIR,1791.3,11,
14/08/2023 00:00,BS,0,0,
14/08/2023 00:00,BZ,0,0,
14/08/2023 00:00,CCS,0,0,
14/08/2023 00:00,CAD,641.55,12,
14/08/2023 00:00,CG,3669.75,23,
14/08/2023 00:00,CMI,350.7,11,
14/08/2023 00:00,COQ,1224.3,31,
14/08/2023 00:00,EC,0,0,
14/08/2023 00:00,EG,0,0,
14/08/2023 00:00,ER,0,0,
14/08/2023 00:00,SFR,0,0,
14/08/2023 00:00,GAE,1013.25,17,
14/08/2023 00:00,GUT,0,0,
14/08/2023 00:00,IQ,0,0,
14/08/2023 00:00,LH,0,0,
14/08/2023 00:00,MIX,57.75,4,
14/08/2023 00:00,PE,0,0,
14/08/2023 00:00,SG,0,0,
14/08/2023 00:00,TOD,1986.6,14,
14/08/2023 00:00,TIN,357,1,
14/08/2023 00:00,TOR,117.6,2,
14/08/2023 00:00,TOTO,727.65,5,
14/08/2023 00:00,KFC,0,1,
14/08/2023 00:00,WSK,42,1,
14/08/2023 00:00,US,0,0,
14/08/2023 00:00,VE,0,0,
14/08/2023 00:00,VIN,0,0,
14/08/2023 00:00,WE,0,0,
15/08/2023 00:00,,0,0,
15/08/2023 00:00,,0,0,
15/08/2023 00:00,AUN,0,0,
15/08/2023 00:00,BNR,0,0,
15/08/2023 00:00,BIR,1791.3,11,
15/08/2023 00:00,BS,0,0,
15/08/2023 00:00,BZ,0,0,
15/08/2023 00:00,CCS,0,0,
15/08/2023 00:00,CAD,707.7,12,
15/08/2023 00:00,CG,3669.75,23,
15/08/2023 00:00,CMI,139.65,11,
15/08/2023 00:00,COQ,1235.85,31,
15/08/2023 00:00,EC,0,0,
15/08/2023 00:00,EG,0,0,
15/08/2023 00:00,ER,0,0,
15/08/2023 00:00,SFR,0,0,
15/08/2023 00:00,GAE,1077.3,18,
15/08/2023 00:00,GUT,0,0,
15/08/2023 00:00,IQ,0,0,
15/08/2023 00:00,LH,0,0,
15/08/2023 00:00,MIX,57.75,4,
15/08/2023 00:00,PE,0,0,
15/08/2023 00:00,SG,0,0,
15/08/2023 00:00,TOD,1986.6,14,
15/08/2023 00:00,TIN,357,1,
15/08/2023 00:00,TOR,68.25,1,
15/08/2023 00:00,TOTO,727.65,5,
15/08/2023 00:00,KFC,0,0,
15/08/2023 00:00,WSK,42,1,
15/08/2023 00:00,US,0,0,
15/08/2023 00:00,VE,0,0,
15/08/2023 00:00,VIN,0,0,
15/08/2023 00:00,WE,0,0,
16/08/2023 00:00,,0,0,
16/08/2023 00:00,,0,0,
16/08/2023 00:00,AUN,0,0,
16/08/2023 00:00,BNR,0,0,
16/08/2023 00:00,BIR,1791.3,11,
16/08/2023 00:00,BS,0,0,
16/08/2023 00:00,BZ,0,0,
16/08/2023 00:00,CCS,0,0,
16/08/2023 00:00,CAD,617.4,12,
16/08/2023 00:00,CG,3431.4,22,
16/08/2023 00:00,CMI,139.65,12,
16/08/2023 00:00,COQ,1235.85,31,
16/08/2023 00:00,EC,0,0,
16/08/2023 00:00,EG,0,0,
16/08/2023 00:00,ER,0,0,
16/08/2023 00:00,SFR,0,0,
16/08/2023 00:00,GAE,1326.15,19,
16/08/2023 00:00,GUT,0,0,
16/08/2023 00:00,IQ,0,0,
16/08/2023 00:00,LH,0,0,
16/08/2023 00:00,MIX,57.75,4,
16/08/2023 00:00,PE,0,0,
16/08/2023 00:00,SG,0,0,
16/08/2023 00:00,TOD,1873.2,13,
16/08/2023 00:00,TIN,357,1,
16/08/2023 00:00,TOR,12.6,1,
16/08/2023 00:00,TOTO,727.65,5,
16/08/2023 00:00,KFC,1.05,2,
16/08/2023 00:00,WSK,42,1,
16/08/2023 00:00,US,0,0,
16/08/2023 00:00,VE,0,0,
16/08/2023 00:00,VIN,0,0,
16/08/2023 00:00,WE,0,0,
17/08/2023 00:00,,0,0,
17/08/2023 00:00,,0,0,
17/08/2023 00:00,AUN,0,0,
17/08/2023 00:00,BNR,0,0,
17/08/2023 00:00,BIR,1791.3,11,
17/08/2023 00:00,BS,0,0,
17/08/2023 00:00,BZ,0,0,
17/08/2023 00:00,CCS,0,0,
17/08/2023 00:00,CAD,658.35,13,
17/08/2023 00:00,CG,3431.4,22,
17/08/2023 00:00,CMI,213.15,11,
17/08/2023 00:00,COQ,1242.15,31,
17/08/2023 00:00,EC,0,0,
17/08/2023 00:00,EG,0,0,
17/08/2023 00:00,ER,0,0,
17/08/2023 00:00,SFR,0,0,
17/08/2023 00:00,GAE,1326.15,18,
17/08/2023 00:00,GUT,0,0,
17/08/2023 00:00,IQ,0,0,
17/08/2023 00:00,LH,0,0,
17/08/2023 00:00,MIX,57.75,4,
17/08/2023 00:00,PE,0,0,
17/08/2023 00:00,SG,0,0,
17/08/2023 00:00,TOD,1518.3,12,
17/08/2023 00:00,TIN,357,1,
17/08/2023 00:00,TOR,12.6,1,
17/08/2023 00:00,TOTO,727.65,5,
17/08/2023 00:00,KFC,1.05,2,
17/08/2023 00:00,WSK,42,1,
17/08/2023 00:00,US,0,0,
17/08/2023 00:00,VE,0,0,
17/08/2023 00:00,VIN,0,0,
17/08/2023 00:00,WE,0,0,
18/08/2023 00:00,,0,0,
18/08/2023 00:00,,0,0,
18/08/2023 00:00,AUN,0,0,
18/08/2023 00:00,BNR,0,0,
18/08/2023 00:00,BIR,1791.3,11,
18/08/2023 00:00,BS,0,0,
18/08/2023 00:00,BZ,0,0,
18/08/2023 00:00,CCS,0,0,
18/08/2023 00:00,CAD,622.65,13,
18/08/2023 00:00,CG,3412.5,20,
18/08/2023 00:00,CMI,468.3,11,
18/08/2023 00:00,COQ,1250.55,32,
18/08/2023 00:00,EC,0,0,
18/08/2023 00:00,EG,0,0,
18/08/2023 00:00,ER,0,0,
18/08/2023 00:00,SFR,0,0,
18/08/2023 00:00,GAE,1527.75,18,
18/08/2023 00:00,GUT,0,0,
18/08/2023 00:00,IQ,0,0,
18/08/2023 00:00,LH,0,0,
18/08/2023 00:00,MIX,57.75,4,
18/08/2023 00:00,PE,0,0,
18/08/2023 00:00,SG,0,0,
18/08/2023 00:00,TOD,1394.4,12,
18/08/2023 00:00,TIN,357,1,
18/08/2023 00:00,TOR,12.6,1,
18/08/2023 00:00,TOTO,727.65,5,
18/08/2023 00:00,KFC,1.05,2,
18/08/2023 00:00,WSK,42,1,
18/08/2023 00:00,US,0,0,
18/08/2023 00:00,VE,0,0,
18/08/2023 00:00,VIN,0,0,
18/08/2023 00:00,WE,0,0,
19/08/2023 00:00,,0,0,
19/08/2023 00:00,,0,0,
19/08/2023 00:00,AUN,0,0,
19/08/2023 00:00,BNR,0,0,
19/08/2023 00:00,BIR,1706.25,10,
19/08/2023 00:00,BS,0,0,
19/08/2023 00:00,BZ,0,0,
19/08/2023 00:00,CCS,0,0,
19/08/2023 00:00,CAD,702.45,14,
19/08/2023 00:00,CG,3281.25,20,
19/08/2023 00:00,CMI,840,11,
19/08/2023 00:00,COQ,1250.55,32,
19/08/2023 00:00,EC,0,0,
19/08/2023 00:00,EG,0,0,
19/08/2023 00:00,ER,0,0,
19/08/2023 00:00,SFR,0,0,
19/08/2023 00:00,GAE,1459.5,19,
19/08/2023 00:00,GUT,0,0,
19/08/2023 00:00,IQ,0,0,
19/08/2023 00:00,LH,0,0,
19/08/2023 00:00,MIX,57.75,4,
19/08/2023 00:00,PE,0,0,
19/08/2023 00:00,SG,0,0,
19/08/2023 00:00,TOD,1365,11,
19/08/2023 00:00,TIN,357,1,
19/08/2023 00:00,TOR,12.6,1,
19/08/2023 00:00,TOTO,727.65,5,
19/08/2023 00:00,KFC,1.05,2,
19/08/2023 00:00,WSK,42,1,
19/08/2023 00:00,US,0,0,
19/08/2023 00:00,VE,0,0,
19/08/2023 00:00,VIN,0,0,
19/08/2023 00:00,WE,0,0,
20/08/2023 00:00,,0,0,
20/08/2023 00:00,,0,0,
20/08/2023 00:00,AUN,0,0,
20/08/2023 00:00,BNR,0,0,
20/08/2023 00:00,BIR,1706.25,10,
20/08/2023 00:00,BS,0,0,
20/08/2023 00:00,BZ,0,0,
20/08/2023 00:00,CCS,0,0,
20/08/2023 00:00,CAD,648.9,11,
20/08/2023 00:00,CG,3278.1,20,
20/08/2023 00:00,CMI,796.95,11,
20/08/2023 00:00,COQ,1250.55,32,
20/08/2023 00:00,EC,0,0,
20/08/2023 00:00,EG,0,0,
20/08/2023 00:00,ER,0,0,
20/08/2023 00:00,SFR,0,0,
20/08/2023 00:00,GAE,1422.75,19,
20/08/2023 00:00,GUT,0,0,
20/08/2023 00:00,IQ,0,0,
20/08/2023 00:00,LH,0,0,
20/08/2023 00:00,MIX,68.25,4,
20/08/2023 00:00,PE,0,0,
20/08/2023 00:00,SG,0,0,
20/08/2023 00:00,TOD,1347.15,11,
20/08/2023 00:00,TIN,357,1,
20/08/2023 00:00,TOR,12.6,1,
20/08/2023 00:00,TOTO,727.65,5,
20/08/2023 00:00,KFC,1.05,2,
20/08/2023 00:00,WSK,42,1,
20/08/2023 00:00,US,0,0,
20/08/2023 00:00,VE,0,0,
20/08/2023 00:00,VIN,0,0,
20/08/2023 00:00,WE,0,0,
21/08/2023 00:00,,0,0,
21/08/2023 00:00,,0,0,
21/08/2023 00:00,AUN,0,0,
21/08/2023 00:00,BNR,0,0,
21/08/2023 00:00,BIR,1706.25,10,
21/08/2023 00:00,BS,0,0,
21/08/2023 00:00,BZ,0,0,
21/08/2023 00:00,CCS,0,0,
21/08/2023 00:00,CAD,676.2,12,
21/08/2023 00:00,CG,3077.55,19,
21/08/2023 00:00,CMI,701.4,10,
21/08/2023 00:00,COQ,1265.25,32,
21/08/2023 00:00,EC,0,0,
21/08/2023 00:00,EG,0,0,
21/08/2023 00:00,ER,0,0,
21/08/2023 00:00,SFR,0,0,
21/08/2023 00:00,GAE,1384.95,18,
21/08/2023 00:00,GUT,0,0,
21/08/2023 00:00,IQ,0,0,
21/08/2023 00:00,LH,0,0,
21/08/2023 00:00,MIX,57.75,4,
21/08/2023 00:00,PE,0,0,
21/08/2023 00:00,SG,0,0,
21/08/2023 00:00,TOD,1057.35,10,
21/08/2023 00:00,TIN,357,1,
21/08/2023 00:00,TOR,12.6,1,
21/08/2023 00:00,TOTO,727.65,5,
21/08/2023 00:00,KFC,1.05,2,
21/08/2023 00:00,WSK,42,1,
21/08/2023 00:00,US,0,0,
21/08/2023 00:00,VE,0,0,
21/08/2023 00:00,VIN,0,0,
21/08/2023 00:00,WE,0,0,
22/08/2023 00:00,,0,0,
22/08/2023 00:00,,0,0,
22/08/2023 00:00,AUN,0,0,
22/08/2023 00:00,BNR,0,0,
22/08/2023 00:00,BIR,1706.25,10,
22/08/2023 00:00,BS,0,0,
22/08/2023 00:00,BZ,0,0,
22/08/2023 00:00,CCS,0,0,
22/08/2023 00:00,CAD,495.6,11,
22/08/2023 00:00,CG,3077.55,19,
22/08/2023 00:00,CMI,829.5,12,
22/08/2023 00:00,COQ,1250.55,32,
22/08/2023 00:00,EC,0,0,
22/08/2023 00:00,EG,0,0,
22/08/2023 00:00,ER,0,0,
22/08/2023 00:00,SFR,0,0,
22/08/2023 00:00,GAE,1242.15,17,
22/08/2023 00:00,GUT,0,0,
22/08/2023 00:00,IQ,0,0,
22/08/2023 00:00,LH,0,0,
22/08/2023 00:00,MIX,57.75,4,
22/08/2023 00:00,PE,0,0,
22/08/2023 00:00,SG,0,0,
22/08/2023 00:00,TOD,1221.15,8,
22/08/2023 00:00,TIN,357,1,
22/08/2023 00:00,TOR,16.8,1,
22/08/2023 00:00,TOTO,727.65,5,
22/08/2023 00:00,KFC,1.05,2,
22/08/2023 00:00,WSK,42,1,
22/08/2023 00:00,US,0,0,
22/08/2023 00:00,VE,0,0,
22/08/2023 00:00,VIN,0,0,
22/08/2023 00:00,WE,0,0,
23/08/2023 00:00,,0,0,
23/08/2023 00:00,,0,0,
23/08/2023 00:00,AUN,0,0,
23/08/2023 00:00,BNR,0,0,
23/08/2023 00:00,BIR,1706.25,10,
23/08/2023 00:00,BS,0,0,
23/08/2023 00:00,BZ,0,0,
23/08/2023 00:00,CCS,0,0,
23/08/2023 00:00,CAD,207.9,11,
23/08/2023 00:00,CG,3077.55,19,
23/08/2023 00:00,CMI,829.5,11,
23/08/2023 00:00,COQ,1250.55,31,
23/08/2023 00:00,EC,0,0,
23/08/2023 00:00,EG,0,0,
23/08/2023 00:00,ER,0,0,
23/08/2023 00:00,SFR,0,0,
23/08/2023 00:00,GAE,1166.55,17,
23/08/2023 00:00,GUT,271.95,1,
23/08/2023 00:00,IQ,0,0,
23/08/2023 00:00,LH,0,0,
23/08/2023 00:00,MIX,57.75,4,
23/08/2023 00:00,PE,0,0,
23/08/2023 00:00,SG,0,0,
23/08/2023 00:00,TOD,1286.25,10,
23/08/2023 00:00,TIN,357,1,
23/08/2023 00:00,TOR,25.2,4,
23/08/2023 00:00,TOTO,727.65,5,
23/08/2023 00:00,KFC,0,1,
23/08/2023 00:00,WSK,42,1,
23/08/2023 00:00,US,0,0,
23/08/2023 00:00,VE,0,0,
23/08/2023 00:00,VIN,0,0,
23/08/2023 00:00,WE,0,0,
24/08/2023 00:00,,0,0,
24/08/2023 00:00,,0,0,
24/08/2023 00:00,AUN,0,0,
24/08/2023 00:00,BNR,0,0,
24/08/2023 00:00,BIR,1706.25,10,
24/08/2023 00:00,BS,0,0,
24/08/2023 00:00,BZ,0,0,
24/08/2023 00:00,CCS,0,0,
24/08/2023 00:00,CAD,229.95,11,
24/08/2023 00:00,CG,3171,19,
24/08/2023 00:00,CMI,829.5,12,
24/08/2023 00:00,COQ,1250.55,31,
24/08/2023 00:00,EC,0,0,
24/08/2023 00:00,EG,0,0,
24/08/2023 00:00,ER,0,0,
24/08/2023 00:00,SFR,0,0,
24/08/2023 00:00,GAE,1082.55,16,
24/08/2023 00:00,GUT,0,0,
24/08/2023 00:00,IQ,0,0,
24/08/2023 00:00,LH,0,0,
24/08/2023 00:00,MIX,57.75,4,
24/08/2023 00:00,PE,0,0,
24/08/2023 00:00,SG,0,0,
24/08/2023 00:00,TOD,1286.25,10,
24/08/2023 00:00,TIN,357,1,
24/08/2023 00:00,TOR,25.2,4,
24/08/2023 00:00,TOTO,727.65,5,
24/08/2023 00:00,KFC,0,0,
24/08/2023 00:00,WSK,42,1,
24/08/2023 00:00,US,0,0,
24/08/2023 00:00,VE,0,0,
24/08/2023 00:00,VIN,0,0,
24/08/2023 00:00,WE,0,0,
25/08/2023 00:00,,0,0,
25/08/2023 00:00,,0,0,
25/08/2023 00:00,AUN,0,0,
25/08/2023 00:00,BNR,0,0,
25/08/2023 00:00,BIR,1706.25,10,
25/08/2023 00:00,BS,0,0,
25/08/2023 00:00,BZ,0,0,
25/08/2023 00:00,CCS,0,0,
25/08/2023 00:00,CAD,213.15,10,
25/08/2023 00:00,CG,3173.1,20,
25/08/2023 00:00,CMI,878.85,13,
25/08/2023 00:00,COQ,1250.55,31,
25/08/2023 00:00,EC,0,0,
25/08/2023 00:00,EG,0,0,
25/08/2023 00:00,ER,0,0,
25/08/2023 00:00,SFR,0,0,
25/08/2023 00:00,GAE,1635.9,17,
25/08/2023 00:00,GUT,0,0,
25/08/2023 00:00,IQ,0,0,
25/08/2023 00:00,LH,0,0,
25/08/2023 00:00,MIX,57.75,4,
25/08/2023 00:00,PE,0,0,
25/08/2023 00:00,SG,0,0,
25/08/2023 00:00,TOD,1286.25,10,
25/08/2023 00:00,TIN,357,1,
25/08/2023 00:00,TOR,25.2,4,
25/08/2023 00:00,TOTO,727.65,5,
25/08/2023 00:00,KFC,0,0,
25/08/2023 00:00,WSK,42,1,
25/08/2023 00:00,US,0,0,
25/08/2023 00:00,VE,0,0,
25/08/2023 00:00,VIN,0,0,
25/08/2023 00:00,WE,0,0,
26/08/2023 00:00,,0,0,
26/08/2023 00:00,,0,0,
26/08/2023 00:00,AUN,0,0,
26/08/2023 00:00,BNR,0,0,
26/08/2023 00:00,BIR,1706.25,10,
26/08/2023 00:00,BS,0,0,
26/08/2023 00:00,BZ,0,0,
26/08/2023 00:00,CCS,0,0,
26/08/2023 00:00,CAD,220.5,11,
26/08/2023 00:00,CG,2737.35,19,
26/08/2023 00:00,CMI,810.6,10,
26/08/2023 00:00,COQ,1250.55,31,
26/08/2023 00:00,EC,0,0,
26/08/2023 00:00,EG,0,0,
26/08/2023 00:00,ER,0,0,
26/08/2023 00:00,SFR,0,0,
26/08/2023 00:00,GAE,1957.2,20,
26/08/2023 00:00,GUT,0,0,
26/08/2023 00:00,IQ,0,0,
26/08/2023 00:00,LH,0,0,
26/08/2023 00:00,MIX,57.75,4,
26/08/2023 00:00,PE,0,0,
26/08/2023 00:00,SG,0,0,
26/08/2023 00:00,TOD,1221.15,10,
26/08/2023 00:00,TIN,357,1,
26/08/2023 00:00,TOR,25.2,4,
26/08/2023 00:00,TOTO,727.65,5,
26/08/2023 00:00,KFC,0,1,
26/08/2023 00:00,WSK,42,1,
26/08/2023 00:00,US,0,0,
26/08/2023 00:00,VE,0,0,
26/08/2023 00:00,VIN,0,0,
26/08/2023 00:00,WE,0,0,
27/08/2023 00:00,,0,0,
27/08/2023 00:00,,0,0,
27/08/2023 00:00,AUN,0,0,
27/08/2023 00:00,BNR,0,0,
27/08/2023 00:00,BIR,1706.25,10,
27/08/2023 00:00,BS,0,0,
27/08/2023 00:00,BZ,0,0,
27/08/2023 00:00,CCS,0,0,
27/08/2023 00:00,CAD,218.4,11,
27/08/2023 00:00,CG,2783.55,19,
27/08/2023 00:00,CMI,796.95,11,
27/08/2023 00:00,COQ,1250.55,31,
27/08/2023 00:00,EC,0,0,
27/08/2023 00:00,EG,0,0,
27/08/2023 00:00,ER,0,0,
27/08/2023 00:00,SFR,0,0,
27/08/2023 00:00,GAE,1960.35,20,
27/08/2023 00:00,GUT,228.9,1,
27/08/2023 00:00,IQ,0,0,
27/08/2023 00:00,LH,0,0,
27/08/2023 00:00,MIX,57.75,4,
27/08/2023 00:00,PE,0,0,
27/08/2023 00:00,SG,0,0,
27/08/2023 00:00,TOD,1044.75,10,
27/08/2023 00:00,TIN,357,1,
27/08/2023 00:00,TOR,25.2,4,
27/08/2023 00:00,TOTO,727.65,5,
27/08/2023 00:00,KFC,0,0,
27/08/2023 00:00,WSK,42,1,
27/08/2023 00:00,US,0,0,
27/08/2023 00:00,VE,0,0,
27/08/2023 00:00,VIN,0,0,
27/08/2023 00:00,WE,0,0,
28/08/2023 00:00,,0,0,
28/08/2023 00:00,,0,0,
28/08/2023 00:00,AUN,0,0,
28/08/2023 00:00,BNR,0,0,
28/08/2023 00:00,BIR,1706.25,10,
28/08/2023 00:00,BS,0,0,
28/08/2023 00:00,BZ,0,0,
28/08/2023 00:00,CCS,0,0,
28/08/2023 00:00,CAD,277.2,12,
28/08/2023 00:00,CG,2849.7,20,
28/08/2023 00:00,CMI,796.95,11,
28/08/2023 00:00,COQ,1298.85,32,
28/08/2023 00:00,EC,0,0,
28/08/2023 00:00,EG,0,0,
28/08/2023 00:00,ER,0,0,
28/08/2023 00:00,SFR,0,0,
28/08/2023 00:00,GAE,2748.9,22,
28/08/2023 00:00,GUT,228.9,1,
28/08/2023 00:00,IQ,0,0,
28/08/2023 00:00,LH,0,0,
28/08/2023 00:00,MIX,57.75,4,
28/08/2023 00:00,PE,0,0,
28/08/2023 00:00,SG,0,0,
28/08/2023 00:00,TOD,1044.75,10,
28/08/2023 00:00,TIN,357,1,
28/08/2023 00:00,TOR,37.8,4,
28/08/2023 00:00,TOTO,727.65,5,
28/08/2023 00:00,KFC,0,1,
28/08/2023 00:00,WSK,42,1,
28/08/2023 00:00,US,0,0,
28/08/2023 00:00,VE,0,0,
28/08/2023 00:00,VIN,0,0,
28/08/2023 00:00,WE,0,0,
29/08/2023 00:00,,0,0,
29/08/2023 00:00,,0,0,
29/08/2023 00:00,AUN,0,0,
29/08/2023 00:00,BNR,0,0,
29/08/2023 00:00,BIR,1620.15,8,
29/08/2023 00:00,BS,0,0,
29/08/2023 00:00,BZ,0,0,
29/08/2023 00:00,CCS,0,0,
29/08/2023 00:00,CAD,231,12,
29/08/2023 00:00,CG,2867.55,22,
29/08/2023 00:00,CMI,796.95,11,
29/08/2023 00:00,COQ,1319.85,34,
29/08/2023 00:00,EC,0,0,
29/08/2023 00:00,EG,0,0,
29/08/2023 00:00,ER,0,0,
29/08/2023 00:00,SFR,0,0,
29/08/2023 00:00,GAE,2896.95,23,
29/08/2023 00:00,GUT,228.9,1,
29/08/2023 00:00,IQ,0,0,
29/08/2023 00:00,LH,0,0,
29/08/2023 00:00,MIX,57.75,4,
29/08/2023 00:00,PE,0,0,
29/08/2023 00:00,SG,0,0,
29/08/2023 00:00,TOD,1044.75,10,
29/08/2023 00:00,TIN,357,1,
29/08/2023 00:00,TOR,48.3,5,
29/08/2023 00:00,TOTO,727.65,5,
29/08/2023 00:00,KFC,0,2,
29/08/2023 00:00,WSK,248.85,2,
29/08/2023 00:00,US,0,0,
29/08/2023 00:00,VE,0,0,
29/08/2023 00:00,VIN,0,0,
29/08/2023 00:00,WE,0,0,
30/08/2023 00:00,,0,0,
30/08/2023 00:00,,0,0,
30/08/2023 00:00,AUN,0,0,
30/08/2023 00:00,BNR,0,0,
30/08/2023 00:00,BIR,1499.4,8,
30/08/2023 00:00,BS,0,0,
30/08/2023 00:00,BZ,0,0,
30/08/2023 00:00,CCS,0,0,
30/08/2023 00:00,CAD,441,12,
30/08/2023 00:00,CG,2867.55,22,
30/08/2023 00:00,CMI,796.95,11,
30/08/2023 00:00,COQ,1307.25,34,
30/08/2023 00:00,EC,0,0,
30/08/2023 00:00,EG,0,0,
30/08/2023 00:00,ER,0,0,
30/08/2023 00:00,SFR,0,0,
30/08/2023 00:00,GAE,2464.35,23,
30/08/2023 00:00,GUT,228.9,1,
30/08/2023 00:00,IQ,0,0,
30/08/2023 00:00,LH,0,0,
30/08/2023 00:00,MIX,57.75,4,
30/08/2023 00:00,PE,0,0,
30/08/2023 00:00,SG,0,0,
30/08/2023 00:00,TOD,1044.75,10,
30/08/2023 00:00,TIN,357,1,
30/08/2023 00:00,TOR,48.3,5,
30/08/2023 00:00,TOTO,727.65,5,
30/08/2023 00:00,KFC,1.05,4,
30/08/2023 00:00,WSK,248.85,2,
30/08/2023 00:00,US,0,0,
30/08/2023 00:00,VE,0,0,
30/08/2023 00:00,VIN,0,0,
30/08/2023 00:00,WE,0,0,
31/08/2023 00:00,,0,0,
31/08/2023 00:00,,0,0,
31/08/2023 00:00,AUN,0,0,
31/08/2023 00:00,BNR,0,0,
31/08/2023 00:00,BIR,1499.4,8,
31/08/2023 00:00,BS,0,0,
31/08/2023 00:00,BZ,0,0,
31/08/2023 00:00,CCS,0,0,
31/08/2023 00:00,CAD,454.65,13,
31/08/2023 00:00,CG,2770.95,20,
31/08/2023 00:00,CMI,854.7,11,
31/08/2023 00:00,COQ,1277.85,34,
31/08/2023 00:00,EC,0,0,
31/08/2023 00:00,EG,0,0,
31/08/2023 00:00,ER,0,0,
31/08/2023 00:00,SFR,0,0,
31/08/2023 00:00,GAE,2429.7,22,
31/08/2023 00:00,GUT,381.15,1,
31/08/2023 00:00,IQ,0,0,
31/08/2023 00:00,LH,0,0,
31/08/2023 00:00,MIX,57.75,4,
31/08/2023 00:00,PE,0,0,
31/08/2023 00:00,SG,0,0,
31/08/2023 00:00,TOD,1044.75,10,
31/08/2023 00:00,TIN,357,1,
31/08/2023 00:00,TOR,48.3,5,
31/08/2023 00:00,TOTO,727.65,5,
31/08/2023 00:00,KFC,1.05,5,
31/08/2023 00:00,WSK,248.85,2,
31/08/2023 00:00,US,0,0,
31/08/2023 00:00,VE,0,0,
31/08/2023 00:00,VIN,0,0,
31/08/2023 00:00,WE,0,0,
01/09/2023 00:00,,0,0,
01/09/2023 00:00,,0,0,
01/09/2023 00:00,AUN,0,0,
01/09/2023 00:00,BNR,0,0,
01/09/2023 00:00,BIR,1499.4,8,
01/09/2023 00:00,BS,0,0,
01/09/2023 00:00,BZ,0,0,
01/09/2023 00:00,CCS,0,0,
01/09/2023 00:00,CAD,441,13,
01/09/2023 00:00,CG,2762.55,20,
01/09/2023 00:00,CMI,868.35,12,
01/09/2023 00:00,COQ,1319.85,34,
01/09/2023 00:00,EC,0,0,
01/09/2023 00:00,EG,0,0,
01/09/2023 00:00,ER,0,0,
01/09/2023 00:00,SFR,0,0,
01/09/2023 00:00,GAE,2405.55,22,
01/09/2023 00:00,GUT,499.8,2,
01/09/2023 00:00,IQ,0,0,
01/09/2023 00:00,LH,0,0,
01/09/2023 00:00,MIX,57.75,4,
01/09/2023 00:00,PE,0,0,
01/09/2023 00:00,SG,0,0,
01/09/2023 00:00,TOD,1044.75,10,
01/09/2023 00:00,TIN,357,1,
01/09/2023 00:00,TOR,53.55,5,
01/09/2023 00:00,TOTO,727.65,5,
01/09/2023 00:00,KFC,1.05,6,
01/09/2023 00:00,WSK,248.85,2,
01/09/2023 00:00,US,0,0,
01/09/2023 00:00,VE,0,0,
01/09/2023 00:00,VIN,0,0,
01/09/2023 00:00,WE,0,0,
02/09/2023 00:00,,0,0,
02/09/2023 00:00,,0,0,
02/09/2023 00:00,AUN,0,0,
02/09/2023 00:00,BNR,0,0,
02/09/2023 00:00,BIR,1499.4,8,
02/09/2023 00:00,BS,0,0,
02/09/2023 00:00,BZ,0,0,
02/09/2023 00:00,CCS,0,0,
02/09/2023 00:00,CAD,477.75,12,
02/09/2023 00:00,CG,2892.75,18,
02/09/2023 00:00,CMI,868.35,12,
02/09/2023 00:00,COQ,1333.5,34,
02/09/2023 00:00,EC,0,0,
02/09/2023 00:00,EG,0,0,
02/09/2023 00:00,ER,0,0,
02/09/2023 00:00,SFR,0,0,
02/09/2023 00:00,GAE,2208.15,19,
02/09/2023 00:00,GUT,284.55,1,
02/09/2023 00:00,IQ,0,0,
02/09/2023 00:00,LH,0,0,
02/09/2023 00:00,MIX,57.75,4,
02/09/2023 00:00,PE,0,0,
02/09/2023 00:00,SG,0,0,
02/09/2023 00:00,TOD,1044.75,10,
02/09/2023 00:00,TIN,357,1,
02/09/2023 00:00,TOR,53.55,5,
02/09/2023 00:00,TOTO,727.65,5,
02/09/2023 00:00,KFC,1.05,5,
02/09/2023 00:00,WSK,248.85,2,
02/09/2023 00:00,US,0,0,
02/09/2023 00:00,VE,0,0,
02/09/2023 00:00,VIN,0,0,
02/09/2023 00:00,WE,0,0,
03/09/2023 00:00,,0,0,
03/09/2023 00:00,,0,0,
03/09/2023 00:00,AUN,0,0,
03/09/2023 00:00,BNR,0,0,
03/09/2023 00:00,BIR,1499.4,8,
03/09/2023 00:00,BS,0,0,
03/09/2023 00:00,BZ,0,0,
03/09/2023 00:00,CCS,0,0,
03/09/2023 00:00,CAD,477.75,12,
03/09/2023 00:00,CG,2487.45,19,
03/09/2023 00:00,CMI,868.35,12,
03/09/2023 00:00,COQ,1337.7,35,
03/09/2023 00:00,EC,0,0,
03/09/2023 00:00,EG,0,0,
03/09/2023 00:00,ER,0,0,
03/09/2023 00:00,SFR,0,0,
03/09/2023 00:00,GAE,1949.85,18,
03/09/2023 00:00,GUT,270.9,1,
03/09/2023 00:00,IQ,0,0,
03/09/2023 00:00,LH,0,0,
03/09/2023 00:00,MIX,57.75,4,
03/09/2023 00:00,PE,0,0,
03/09/2023 00:00,SG,0,0,
03/09/2023 00:00,TOD,1044.75,10,
03/09/2023 00:00,TIN,357,1,
03/09/2023 00:00,TOR,56.7,6,
03/09/2023 00:00,TOTO,727.65,5,
03/09/2023 00:00,KFC,1.05,4,
03/09/2023 00:00,WSK,248.85,2,
03/09/2023 00:00,US,0,0,
03/09/2023 00:00,VE,0,0,
03/09/2023 00:00,VIN,0,0,
03/09/2023 00:00,WE,0,0,
04/09/2023 00:00,,0,0,
04/09/2023 00:00,,0,0,
04/09/2023 00:00,AUN,0,0,
04/09/2023 00:00,BNR,0,0,
04/09/2023 00:00,BIR,1541.4,8,
04/09/2023 00:00,BS,0,0,
04/09/2023 00:00,BZ,0,0,
04/09/2023 00:00,CCS,0,0,
04/09/2023 00:00,CAD,381.15,14,
04/09/2023 00:00,CG,2730,22,
04/09/2023 00:00,CMI,646.8,11,
04/09/2023 00:00,COQ,1502.55,36,
04/09/2023 00:00,EC,0,0,
04/09/2023 00:00,EG,0,0,
04/09/2023 00:00,ER,0,0,
04/09/2023 00:00,SFR,0,0,
04/09/2023 00:00,GAE,2353.05,19,
04/09/2023 00:00,GUT,0,0,
04/09/2023 00:00,IQ,0,0,
04/09/2023 00:00,LH,0,0,
04/09/2023 00:00,MIX,57.75,4,
04/09/2023 00:00,PE,0,0,
04/09/2023 00:00,SG,0,0,
04/09/2023 00:00,TOD,1044.75,10,
04/09/2023 00:00,TIN,357,1,
04/09/2023 00:00,TOR,51.45,5,
04/09/2023 00:00,TOTO,727.65,5,
04/09/2023 00:00,KFC,1.05,4,
04/09/2023 00:00,WSK,248.85,2,
04/09/2023 00:00,US,0,0,
04/09/2023 00:00,VE,0,0,
04/09/2023 00:00,VIN,0,0,
04/09/2023 00:00,WE,0,0,
05/09/2023 00:00,,0,0,
05/09/2023 00:00,,0,0,
05/09/2023 00:00,AUN,0,0,
05/09/2023 00:00,BNR,0,0,
05/09/2023 00:00,BIR,1499.4,8,
05/09/2023 00:00,BS,0,0,
05/09/2023 00:00,BZ,0,0,
05/09/2023 00:00,CCS,0,0,
05/09/2023 00:00,CAD,339.15,12,
05/09/2023 00:00,CG,2631.3,22,
05/09/2023 00:00,CMI,166.95,11,
05/09/2023 00:00,COQ,1503.6,36,
05/09/2023 00:00,EC,0,0,
05/09/2023 00:00,EG,0,0,
05/09/2023 00:00,ER,0,0,
05/09/2023 00:00,SFR,0,0,
05/09/2023 00:00,GAE,2521.05,20,
05/09/2023 00:00,GUT,0,0,
05/09/2023 00:00,IQ,0,0,
05/09/2023 00:00,LH,0,0,
05/09/2023 00:00,MIX,57.75,4,
05/09/2023 00:00,PE,0,0,
05/09/2023 00:00,SG,0,0,
05/09/2023 00:00,TOD,1426.95,8,
05/09/2023 00:00,TIN,357,1,
05/09/2023 00:00,TOR,48.3,5,
05/09/2023 00:00,TOTO,727.65,5,
05/09/2023 00:00,KFC,1.05,4,
05/09/2023 00:00,WSK,248.85,2,
05/09/2023 00:00,US,0,0,
05/09/2023 00:00,VE,0,0,
05/09/2023 00:00,VIN,0,0,
05/09/2023 00:00,WE,0,0,
06/09/2023 00:00,,0,0,
06/09/2023 00:00,,0,0,
06/09/2023 00:00,AUN,0,0,
06/09/2023 00:00,BNR,0,0,
06/09/2023 00:00,BIR,1499.4,8,
06/09/2023 00:00,BS,0,0,
06/09/2023 00:00,BZ,0,0,
06/09/2023 00:00,CCS,0,0,
06/09/2023 00:00,CAD,397.95,13,
06/09/2023 00:00,CG,2593.5,22,
06/09/2023 00:00,CMI,242.55,11,
06/09/2023 00:00,COQ,1502.55,36,
06/09/2023 00:00,EC,0,0,
06/09/2023 00:00,EG,0,0,
06/09/2023 00:00,ER,0,0,
06/09/2023 00:00,SFR,0,0,
06/09/2023 00:00,GAE,2564.1,20,
06/09/2023 00:00,GUT,0,0,
06/09/2023 00:00,IQ,0,0,
06/09/2023 00:00,LH,0,0,
06/09/2023 00:00,MIX,57.75,4,
06/09/2023 00:00,PE,0,0,
06/09/2023 00:00,SG,0,0,
06/09/2023 00:00,TOD,1202.25,10,
06/09/2023 00:00,TIN,357,1,
06/09/2023 00:00,TOR,48.3,5,
06/09/2023 00:00,TOTO,727.65,5,
06/09/2023 00:00,KFC,1.05,4,
06/09/2023 00:00,WSK,130.2,1,
06/09/2023 00:00,US,0,0,
06/09/2023 00:00,VE,0,0,
06/09/2023 00:00,VIN,0,0,
06/09/2023 00:00,WE,0,0,
07/09/2023 00:00,,0,0,
07/09/2023 00:00,,0,0,
07/09/2023 00:00,AUN,0,0,
07/09/2023 00:00,BNR,0,0,
07/09/2023 00:00,BIR,1499.4,8,
07/09/2023 00:00,BS,0,0,
07/09/2023 00:00,BZ,0,0,
07/09/2023 00:00,CCS,0,0,
07/09/2023 00:00,CAD,691.95,13,
07/09/2023 00:00,CG,2652.3,22,
07/09/2023 00:00,CMI,166.95,12,
07/09/2023 00:00,COQ,1519.35,36,
07/09/2023 00:00,EC,0,0,
07/09/2023 00:00,EG,0,0,
07/09/2023 00:00,ER,0,0,
07/09/2023 00:00,SFR,0,0,
07/09/2023 00:00,GAE,2518.95,19,
07/09/2023 00:00,GUT,0,0,
07/09/2023 00:00,IQ,0,0,
07/09/2023 00:00,LH,0,0,
07/09/2023 00:00,MIX,57.75,4,
07/09/2023 00:00,PE,0,0,
07/09/2023 00:00,SG,0,0,
07/09/2023 00:00,TOD,1202.25,10,
07/09/2023 00:00,TIN,357,1,
07/09/2023 00:00,TOR,48.3,5,
07/09/2023 00:00,TOTO,727.65,5,
07/09/2023 00:00,KFC,1.05,4,
07/09/2023 00:00,WSK,42,1,
07/09/2023 00:00,US,0,0,
07/09/2023 00:00,VE,0,0,
07/09/2023 00:00,VIN,0,0,
07/09/2023 00:00,WE,0,0,
08/09/2023 00:00,,0,0,
08/09/2023 00:00,,0,0,
08/09/2023 00:00,AUN,0,0,
08/09/2023 00:00,BNR,0,0,
08/09/2023 00:00,BIR,1499.4,8,
08/09/2023 00:00,BS,0,0,
08/09/2023 00:00,BZ,0,0,
08/09/2023 00:00,CCS,0,0,
08/09/2023 00:00,CAD,889.35,14,
08/09/2023 00:00,CG,2552.55,22,
08/09/2023 00:00,CMI,166.95,12,
08/09/2023 00:00,COQ,1551.9,37,
08/09/2023 00:00,EC,0,0,
08/09/2023 00:00,EG,0,0,
08/09/2023 00:00,ER,0,0,
08/09/2023 00:00,SFR,0,0,
08/09/2023 00:00,GAE,2532.6,20,
08/09/2023 00:00,GUT,0,0,
08/09/2023 00:00,IQ,0,0,
08/09/2023 00:00,LH,0,0,
08/09/2023 00:00,MIX,31.5,2,
08/09/2023 00:00,PE,0,0,
08/09/2023 00:00,SG,0,0,
08/09/2023 00:00,TOD,1202.25,10,
08/09/2023 00:00,TIN,357,1,
08/09/2023 00:00,TOR,48.3,5,
08/09/2023 00:00,TOTO,727.65,5,
08/09/2023 00:00,KFC,1.05,4,
08/09/2023 00:00,WSK,42,1,
08/09/2023 00:00,US,0,0,
08/09/2023 00:00,VE,0,0,
08/09/2023 00:00,VIN,0,0,
08/09/2023 00:00,WE,0,0,
09/09/2023 00:00,,0,0,
09/09/2023 00:00,,0,0,
09/09/2023 00:00,AUN,0,0,
09/09/2023 00:00,BNR,0,0,
09/09/2023 00:00,BIR,1499.4,8,
09/09/2023 00:00,BS,0,0,
09/09/2023 00:00,BZ,0,0,
09/09/2023 00:00,CCS,0,0,
09/09/2023 00:00,CAD,859.95,16,
09/09/2023 00:00,CG,2025.45,22,
09/09/2023 00:00,CMI,166.95,12,
09/09/2023 00:00,COQ,1387.05,35,
09/09/2023 00:00,EC,0,0,
09/09/2023 00:00,EG,0,0,
09/09/2023 00:00,ER,0,0,
09/09/2023 00:00,SFR,0,0,
09/09/2023 00:00,GAE,2888.55,23,
09/09/2023 00:00,GUT,0,0,
09/09/2023 00:00,IQ,0,0,
09/09/2023 00:00,LH,0,0,
09/09/2023 00:00,MIX,31.5,2,
09/09/2023 00:00,PE,0,0,
09/09/2023 00:00,SG,0,0,
09/09/2023 00:00,TOD,1202.25,10,
09/09/2023 00:00,TIN,357,1,
09/09/2023 00:00,TOR,48.3,5,
09/09/2023 00:00,TOTO,727.65,5,
09/09/2023 00:00,KFC,1.05,4,
09/09/2023 00:00,WSK,43.05,1,
09/09/2023 00:00,US,0,0,
09/09/2023 00:00,VE,0,0,
09/09/2023 00:00,VIN,0,0,
09/09/2023 00:00,WE,0,0,
10/09/2023 00:00,,0,0,
10/09/2023 00:00,,0,0,
10/09/2023 00:00,AUN,0,0,
10/09/2023 00:00,BNR,0,0,
10/09/2023 00:00,BIR,1499.4,8,
10/09/2023 00:00,BS,0,0,
10/09/2023 00:00,BZ,0,0,
10/09/2023 00:00,CCS,0,0,
10/09/2023 00:00,CAD,859.95,16,
10/09/2023 00:00,CG,2778.3,24,
10/09/2023 00:00,CMI,71.4,12,
10/09/2023 00:00,COQ,1374.45,34,
10/09/2023 00:00,EC,0,0,
10/09/2023 00:00,EG,0,0,
10/09/2023 00:00,ER,0,0,
10/09/2023 00:00,SFR,0,0,
10/09/2023 00:00,GAE,2936.85,23,
10/09/2023 00:00,GUT,0,0,
10/09/2023 00:00,IQ,0,0,
10/09/2023 00:00,LH,0,0,
10/09/2023 00:00,MIX,1696.8,2,
10/09/2023 00:00,PE,0,0,
10/09/2023 00:00,SG,0,0,
10/09/2023 00:00,TOD,1202.25,10,
10/09/2023 00:00,TIN,357,1,
10/09/2023 00:00,TOR,48.3,5,
10/09/2023 00:00,TOTO,727.65,5,
10/09/2023 00:00,KFC,1.05,4,
10/09/2023 00:00,WSK,449.4,2,
10/09/2023 00:00,US,0,0,
10/09/2023 00:00,VE,0,0,
10/09/2023 00:00,VIN,0,0,
10/09/2023 00:00,WE,0,0,
11/09/2023 00:00,,0,0,
11/09/2023 00:00,,0,0,
11/09/2023 00:00,AUN,0,0,
11/09/2023 00:00,BNR,0,0,
11/09/2023 00:00,BIR,1499.4,8,
11/09/2023 00:00,BS,0,0,
11/09/2023 00:00,BZ,0,0,
11/09/2023 00:00,CCS,0,0,
11/09/2023 00:00,CAD,872.55,18,
11/09/2023 00:00,CG,2819.25,25,
11/09/2023 00:00,CMI,71.4,12,
11/09/2023 00:00,COQ,1467.9,34,
11/09/2023 00:00,EC,0,0,
11/09/2023 00:00,EG,0,0,
11/09/2023 00:00,ER,0,0,
11/09/2023 00:00,SFR,0,0,
11/09/2023 00:00,GAE,2888.55,23,
11/09/2023 00:00,GUT,0,0,
11/09/2023 00:00,IQ,0,0,
11/09/2023 00:00,LH,0,0,
11/09/2023 00:00,MIX,378,4,
11/09/2023 00:00,PE,0,0,
11/09/2023 00:00,SG,0,0,
11/09/2023 00:00,TOD,1202.25,10,
11/09/2023 00:00,TIN,357,1,
11/09/2023 00:00,TOR,48.3,5,
11/09/2023 00:00,TOTO,727.65,5,
11/09/2023 00:00,KFC,1.05,4,
11/09/2023 00:00,WSK,580.65,4,
11/09/2023 00:00,US,0,0,
11/09/2023 00:00,VE,0,0,
11/09/2023 00:00,VIN,0,0,
11/09/2023 00:00,WE,0,0,
12/09/2023 00:00,,0,0,
12/09/2023 00:00,,0,0,
12/09/2023 00:00,AUN,0,0,
12/09/2023 00:00,BNR,0,0,
12/09/2023 00:00,BIR,1499.4,8,
12/09/2023 00:00,BS,0,0,
12/09/2023 00:00,BZ,0,0,
12/09/2023 00:00,CCS,0,0,
12/09/2023 00:00,CAD,1337.7,20,
12/09/2023 00:00,CG,2755.2,24,
12/09/2023 00:00,CMI,155.4,13,
12/09/2023 00:00,COQ,1495.2,35,
12/09/2023 00:00,EC,0,0,
12/09/2023 00:00,EG,0,0,
12/09/2023 00:00,ER,0,0,
12/09/2023 00:00,SFR,0,0,
12/09/2023 00:00,GAE,2888.55,23,
12/09/2023 00:00,GUT,0,0,
12/09/2023 00:00,IQ,0,0,
12/09/2023 00:00,LH,0,0,
12/09/2023 00:00,MIX,78.75,4,
12/09/2023 00:00,PE,0,0,
12/09/2023 00:00,SG,0,0,
12/09/2023 00:00,TOD,1202.25,10,
12/09/2023 00:00,TIN,357,1,
12/09/2023 00:00,TOR,48.3,5,
12/09/2023 00:00,TOTO,727.65,5,
12/09/2023 00:00,KFC,3.15,2,
12/09/2023 00:00,WSK,580.65,4,
12/09/2023 00:00,US,0,0,
12/09/2023 00:00,VE,0,0,
12/09/2023 00:00,VIN,0,0,
12/09/2023 00:00,WE,0,0,
13/09/2023 00:00,,0,0,
13/09/2023 00:00,,0,0,
13/09/2023 00:00,AUN,0,0,
13/09/2023 00:00,BNR,0,0,
13/09/2023 00:00,BIR,1499.4,8,
13/09/2023 00:00,BS,0,0,
13/09/2023 00:00,BZ,0,0,
13/09/2023 00:00,CCS,0,0,
13/09/2023 00:00,CAD,1653.75,20,
13/09/2023 00:00,CG,4041.45,24,
13/09/2023 00:00,CMI,161.7,12,
13/09/2023 00:00,COQ,1468.95,35,
13/09/2023 00:00,EC,0,0,
13/09/2023 00:00,EG,0,0,
13/09/2023 00:00,ER,0,0,
13/09/2023 00:00,SFR,0,0,
13/09/2023 00:00,GAE,3037.65,23,
13/09/2023 00:00,GUT,0,0,
13/09/2023 00:00,IQ,0,0,
13/09/2023 00:00,LH,0,0,
13/09/2023 00:00,MIX,78.75,4,
13/09/2023 00:00,PE,0,0,
13/09/2023 00:00,SG,0,0,
13/09/2023 00:00,TOD,1202.25,10,
13/09/2023 00:00,TIN,357,1,
13/09/2023 00:00,TOR,52.5,5,
13/09/2023 00:00,TOTO,727.65,5,
13/09/2023 00:00,KFC,3.15,5,
13/09/2023 00:00,WSK,580.65,4,
13/09/2023 00:00,US,0,0,
13/09/2023 00:00,VE,0,0,
13/09/2023 00:00,VIN,0,0,
13/09/2023 00:00,WE,0,0,
14/09/2023 00:00,,0,0,
14/09/2023 00:00,,0,0,
14/09/2023 00:00,AUN,0,0,
14/09/2023 00:00,BNR,0,0,
14/09/2023 00:00,BIR,1499.4,8,
14/09/2023 00:00,BS,0,0,
14/09/2023 00:00,BZ,0,0,
14/09/2023 00:00,CCS,0,0,
14/09/2023 00:00,CAD,1944.6,20,
14/09/2023 00:00,CG,3607.8,23,
14/09/2023 00:00,CMI,168,13,
14/09/2023 00:00,COQ,1460.55,36,
14/09/2023 00:00,EC,0,0,
14/09/2023 00:00,EG,0,0,
14/09/2023 00:00,ER,0,0,
14/09/2023 00:00,SFR,0,0,
14/09/2023 00:00,GAE,2888.55,23,
14/09/2023 00:00,GUT,0,0,
14/09/2023 00:00,IQ,0,0,
14/09/2023 00:00,LH,0,0,
14/09/2023 00:00,MIX,78.75,4,
14/09/2023 00:00,PE,0,0,
14/09/2023 00:00,SG,0,0,
14/09/2023 00:00,TOD,1202.25,10,
14/09/2023 00:00,TIN,357,1,
14/09/2023 00:00,TOR,56.7,6,
14/09/2023 00:00,TOTO,727.65,5,
14/09/2023 00:00,KFC,3.15,4,
14/09/2023 00:00,WSK,540.75,1,
14/09/2023 00:00,US,0,0,
14/09/2023 00:00,VE,0,0,
14/09/2023 00:00,VIN,0,0,
14/09/2023 00:00,WE,0,0,
15/09/2023 00:00,,0,0,
15/09/2023 00:00,,0,0,
15/09/2023 00:00,AUN,0,0,
15/09/2023 00:00,BNR,0,0,
15/09/2023 00:00,BIR,1499.4,8,
15/09/2023 00:00,BS,0,0,
15/09/2023 00:00,BZ,0,0,
15/09/2023 00:00,CCS,0,0,
15/09/2023 00:00,CAD,1947.75,22,
15/09/2023 00:00,CG,2136.75,22,
15/09/2023 00:00,CMI,155.4,13,
15/09/2023 00:00,COQ,1476.3,36,
15/09/2023 00:00,EC,0,0,
15/09/2023 00:00,EG,0,0,
15/09/2023 00:00,ER,0,0,
15/09/2023 00:00,SFR,0,0,
15/09/2023 00:00,GAE,2794.05,22,
15/09/2023 00:00,GUT,0,0,
15/09/2023 00:00,IQ,0,0,
15/09/2023 00:00,LH,0,0,
15/09/2023 00:00,MIX,78.75,4,
15/09/2023 00:00,PE,0,0,
15/09/2023 00:00,SG,0,0,
15/09/2023 00:00,TOD,1479.45,10,
15/09/2023 00:00,TIN,357,1,
15/09/2023 00:00,TOR,51.45,5,
15/09/2023 00:00,TOTO,727.65,5,
15/09/2023 00:00,KFC,3.15,4,
15/09/2023 00:00,WSK,556.5,1,
15/09/2023 00:00,US,0,0,
15/09/2023 00:00,VE,0,0,
15/09/2023 00:00,VIN,0,0,
15/09/2023 00:00,WE,0,0,
16/09/2023 00:00,,0,0,
16/09/2023 00:00,,0,0,
16/09/2023 00:00,AUN,0,0,
16/09/2023 00:00,BNR,0,0,
16/09/2023 00:00,BIR,1499.4,8,
16/09/2023 00:00,BS,0,0,
16/09/2023 00:00,BZ,0,0,
16/09/2023 00:00,CCS,0,0,
16/09/2023 00:00,CAD,1947.75,22,
16/09/2023 00:00,CG,2137.8,24,
16/09/2023 00:00,CMI,218.4,13,
16/09/2023 00:00,COQ,1445.85,35,
16/09/2023 00:00,EC,0,0,
16/09/2023 00:00,EG,0,0,
16/09/2023 00:00,ER,0,0,
16/09/2023 00:00,SFR,0,0,
16/09/2023 00:00,GAE,2756.25,23,
16/09/2023 00:00,GUT,0,0,
16/09/2023 00:00,IQ,0,0,
16/09/2023 00:00,LH,0,0,
16/09/2023 00:00,MIX,78.75,4,
16/09/2023 00:00,PE,0,0,
16/09/2023 00:00,SG,0,0,
16/09/2023 00:00,TOD,1504.65,11,
16/09/2023 00:00,TIN,357,1,
16/09/2023 00:00,TOR,48.3,5,
16/09/2023 00:00,TOTO,727.65,5,
16/09/2023 00:00,KFC,3.15,6,
16/09/2023 00:00,WSK,567,2,
16/09/2023 00:00,US,0,0,
16/09/2023 00:00,VE,0,0,
16/09/2023 00:00,VIN,0,0,
16/09/2023 00:00,WE,0,0,
17/09/2023 00:00,,0,0,
17/09/2023 00:00,,0,0,
17/09/2023 00:00,AUN,0,0,
17/09/2023 00:00,BNR,0,0,
17/09/2023 00:00,BIR,1499.4,8,
17/09/2023 00:00,BS,0,0,
17/09/2023 00:00,BZ,0,0,
17/09/2023 00:00,CCS,0,0,
17/09/2023 00:00,CAD,1930.95,20,
17/09/2023 00:00,CG,2020.2,23,
17/09/2023 00:00,CMI,155.4,13,
17/09/2023 00:00,COQ,1445.85,35,
17/09/2023 00:00,EC,0,0,
17/09/2023 00:00,EG,0,0,
17/09/2023 00:00,ER,0,0,
17/09/2023 00:00,SFR,0,0,
17/09/2023 00:00,GAE,2743.65,22,
17/09/2023 00:00,GUT,0,0,
17/09/2023 00:00,IQ,0,0,
17/09/2023 00:00,LH,0,0,
17/09/2023 00:00,MIX,78.75,4,
17/09/2023 00:00,PE,0,0,
17/09/2023 00:00,SG,0,0,
17/09/2023 00:00,TOD,1588.65,11,
17/09/2023 00:00,TIN,357,1,
17/09/2023 00:00,TOR,48.3,5,
17/09/2023 00:00,TOTO,727.65,5,
17/09/2023 00:00,KFC,3.15,5,
17/09/2023 00:00,WSK,277.2,1,
17/09/2023 00:00,US,0,0,
17/09/2023 00:00,VE,0,0,
17/09/2023 00:00,VIN,0,0,
17/09/2023 00:00,WE,0,0,
18/09/2023 00:00,,0,0,
18/09/2023 00:00,,0,0,
18/09/2023 00:00,AUN,0,0,
18/09/2023 00:00,BNR,0,0,
18/09/2023 00:00,BIR,1958.25,11,
18/09/2023 00:00,BS,0,0,
18/09/2023 00:00,BZ,0,0,
18/09/2023 00:00,CCS,0,0,
18/09/2023 00:00,CAD,1993.95,22,
18/09/2023 00:00,CG,2066.4,23,
18/09/2023 00:00,CMI,155.4,13,
18/09/2023 00:00,COQ,1445.85,35,
18/09/2023 00:00,EC,0,0,
18/09/2023 00:00,EG,0,0,
18/09/2023 00:00,ER,0,0,
18/09/2023 00:00,SFR,0,0,
18/09/2023 00:00,GAE,3089.1,25,
18/09/2023 00:00,GUT,42,2,
18/09/2023 00:00,IQ,0,0,
18/09/2023 00:00,LH,0,0,
18/09/2023 00:00,MIX,78.75,4,
18/09/2023 00:00,PE,0,0,
18/09/2023 00:00,SG,0,0,
18/09/2023 00:00,TOD,1562.4,10,
18/09/2023 00:00,TIN,357,1,
18/09/2023 00:00,TOR,48.3,5,
18/09/2023 00:00,TOTO,749.7,5,
18/09/2023 00:00,KFC,3.15,5,
18/09/2023 00:00,WSK,47.25,1,
18/09/2023 00:00,US,0,0,
18/09/2023 00:00,VE,0,0,
18/09/2023 00:00,VIN,0,0,
18/09/2023 00:00,WE,0,0,
19/09/2023 00:00,,0,0,
19/09/2023 00:00,,0,0,
19/09/2023 00:00,AUN,0,0,
19/09/2023 00:00,BNR,0,0,
19/09/2023 00:00,BIR,1958.25,11,
19/09/2023 00:00,BS,0,0,
19/09/2023 00:00,BZ,0,0,
19/09/2023 00:00,CCS,0,0,
19/09/2023 00:00,CAD,1989.75,23,
19/09/2023 00:00,CG,2020.2,23,
19/09/2023 00:00,CMI,155.4,13,
19/09/2023 00:00,COQ,1502.55,34,
19/09/2023 00:00,EC,0,0,
19/09/2023 00:00,EG,0,0,
19/09/2023 00:00,ER,0,0,
19/09/2023 00:00,SFR,0,0,
19/09/2023 00:00,GAE,3009.3,25,
19/09/2023 00:00,GUT,42,2,
19/09/2023 00:00,IQ,0,0,
19/09/2023 00:00,LH,0,0,
19/09/2023 00:00,MIX,78.75,4,
19/09/2023 00:00,PE,0,0,
19/09/2023 00:00,SG,0,0,
19/09/2023 00:00,TOD,1504.65,11,
19/09/2023 00:00,TIN,357,1,
19/09/2023 00:00,TOR,48.3,5,
19/09/2023 00:00,TOTO,847.35,6,
19/09/2023 00:00,KFC,3.15,6,
19/09/2023 00:00,WSK,42,1,
19/09/2023 00:00,US,0,0,
19/09/2023 00:00,VE,0,0,
19/09/2023 00:00,VIN,0,0,
19/09/2023 00:00,WE,0,0,
20/09/2023 00:00,,0,0,
20/09/2023 00:00,,0,0,
20/09/2023 00:00,AUN,0,0,
20/09/2023 00:00,BNR,0,0,
20/09/2023 00:00,BIR,1882.65,10,
20/09/2023 00:00,BS,0,0,
20/09/2023 00:00,BZ,0,0,
20/09/2023 00:00,CCS,0,0,
20/09/2023 00:00,CAD,1998.15,23,
20/09/2023 00:00,CG,1989.75,23,
20/09/2023 00:00,CMI,155.4,13,
20/09/2023 00:00,COQ,1496.25,35,
20/09/2023 00:00,EC,0,0,
20/09/2023 00:00,EG,0,0,
20/09/2023 00:00,ER,0,0,
20/09/2023 00:00,SFR,0,0,
20/09/2023 00:00,GAE,2851.8,24,
20/09/2023 00:00,GUT,42,2,
20/09/2023 00:00,IQ,0,0,
20/09/2023 00:00,LH,0,0,
20/09/2023 00:00,MIX,78.75,4,
20/09/2023 00:00,PE,0,0,
20/09/2023 00:00,SG,0,0,
20/09/2023 00:00,TOD,1563.45,8,
20/09/2023 00:00,TIN,357,1,
20/09/2023 00:00,TOR,48.3,5,
20/09/2023 00:00,TOTO,847.35,6,
20/09/2023 00:00,KFC,3.15,5,
20/09/2023 00:00,WSK,42,1,
20/09/2023 00:00,US,0,0,
20/09/2023 00:00,VE,0,0,
20/09/2023 00:00,VIN,0,0,
20/09/2023 00:00,WE,0,0,
21/09/2023 00:00,,0,0,
21/09/2023 00:00,,0,0,
21/09/2023 00:00,AUN,0,0,
21/09/2023 00:00,BNR,0,0,
21/09/2023 00:00,BIR,1694.7,8,
21/09/2023 00:00,BS,0,0,
21/09/2023 00:00,BZ,0,0,
21/09/2023 00:00,CCS,0,0,
21/09/2023 00:00,CAD,1997.1,19,
21/09/2023 00:00,CG,1883.7,22,
21/09/2023 00:00,CMI,155.4,14,
21/09/2023 00:00,COQ,1510.95,36,
21/09/2023 00:00,EC,0,0,
21/09/2023 00:00,EG,0,0,
21/09/2023 00:00,ER,0,0,
21/09/2023 00:00,SFR,0,0,
21/09/2023 00:00,GAE,4382.7,24,
21/09/2023 00:00,GUT,42,2,
21/09/2023 00:00,IQ,0,0,
21/09/2023 00:00,LH,0,0,
21/09/2023 00:00,MIX,78.75,4,
21/09/2023 00:00,PE,0,0,
21/09/2023 00:00,SG,0,0,
21/09/2023 00:00,TOD,1517.25,10,
21/09/2023 00:00,TIN,357,1,
21/09/2023 00:00,TOR,48.3,5,
21/09/2023 00:00,TOTO,847.35,6,
21/09/2023 00:00,KFC,3.15,5,
21/09/2023 00:00,WSK,42,1,
21/09/2023 00:00,US,0,0,
21/09/2023 00:00,VE,0,0,
21/09/2023 00:00,VIN,0,0,
21/09/2023 00:00,WE,0,0,
22/09/2023 00:00,,0,0,
22/09/2023 00:00,,0,0,
22/09/2023 00:00,AUN,0,0,
22/09/2023 00:00,BNR,0,0,
22/09/2023 00:00,BIR,1499.4,8,
22/09/2023 00:00,BS,0,0,
22/09/2023 00:00,BZ,0,0,
22/09/2023 00:00,CCS,0,0,
22/09/2023 00:00,CAD,1956.15,20,
22/09/2023 00:00,CG,2892.75,22,
22/09/2023 00:00,CMI,155.4,16,
22/09/2023 00:00,COQ,1521.45,36,
22/09/2023 00:00,EC,0,0,
22/09/2023 00:00,EG,0,0,
22/09/2023 00:00,ER,0,0,
22/09/2023 00:00,SFR,0,0,
22/09/2023 00:00,GAE,6424.95,25,
22/09/2023 00:00,GUT,42,2,
22/09/2023 00:00,IQ,0,0,
22/09/2023 00:00,LH,0,0,
22/09/2023 00:00,MIX,78.75,4,
22/09/2023 00:00,PE,0,0,
22/09/2023 00:00,SG,0,0,
22/09/2023 00:00,TOD,1618.05,10,
22/09/2023 00:00,TIN,357,1,
22/09/2023 00:00,TOR,48.3,5,
22/09/2023 00:00,TOTO,847.35,6,
22/09/2023 00:00,KFC,3.15,6,
22/09/2023 00:00,WSK,42,1,
22/09/2023 00:00,US,0,0,
22/09/2023 00:00,VE,0,0,
22/09/2023 00:00,VIN,0,0,
22/09/2023 00:00,WE,0,0,
23/09/2023 00:00,,0,0,
23/09/2023 00:00,,0,0,
23/09/2023 00:00,AUN,0,0,
23/09/2023 00:00,BNR,0,0,
23/09/2023 00:00,BIR,1499.4,8,
23/09/2023 00:00,BS,0,0,
23/09/2023 00:00,BZ,0,0,
23/09/2023 00:00,CCS,0,0,
23/09/2023 00:00,CAD,1903.65,20,
23/09/2023 00:00,CG,3232.95,23,
23/09/2023 00:00,CMI,155.4,16,
23/09/2023 00:00,COQ,1518.3,35,
23/09/2023 00:00,EC,0,0,
23/09/2023 00:00,EG,0,0,
23/09/2023 00:00,ER,0,0,
23/09/2023 00:00,SFR,0,0,
23/09/2023 00:00,GAE,6256.95,25,
23/09/2023 00:00,GUT,21,1,
23/09/2023 00:00,IQ,0,0,
23/09/2023 00:00,LH,0,0,
23/09/2023 00:00,MIX,78.75,4,
23/09/2023 00:00,PE,0,0,
23/09/2023 00:00,SG,0,0,
23/09/2023 00:00,TOD,1618.05,10,
23/09/2023 00:00,TIN,357,1,
23/09/2023 00:00,TOR,48.3,5,
23/09/2023 00:00,TOTO,847.35,6,
23/09/2023 00:00,KFC,3.15,5,
23/09/2023 00:00,WSK,42,1,
23/09/2023 00:00,US,0,0,
23/09/2023 00:00,VE,0,0,
23/09/2023 00:00,VIN,0,0,
23/09/2023 00:00,WE,0,0,
24/09/2023 00:00,,0,0,
24/09/2023 00:00,,0,0,
24/09/2023 00:00,AUN,0,0,
24/09/2023 00:00,BNR,0,0,
24/09/2023 00:00,BIR,1499.4,8,
24/09/2023 00:00,BS,0,0,
24/09/2023 00:00,BZ,0,0,
24/09/2023 00:00,CCS,0,0,
24/09/2023 00:00,CAD,1664.25,18,
24/09/2023 00:00,CG,3232.95,23,
24/09/2023 00:00,CMI,113.4,14,
24/09/2023 00:00,COQ,1520.4,35,
24/09/2023 00:00,EC,0,0,
24/09/2023 00:00,EG,0,0,
24/09/2023 00:00,ER,0,0,
24/09/2023 00:00,SFR,0,0,
24/09/2023 00:00,GAE,6253.8,24,
24/09/2023 00:00,GUT,21,1,
24/09/2023 00:00,IQ,0,0,
24/09/2023 00:00,LH,0,0,
24/09/2023 00:00,MIX,78.75,4,
24/09/2023 00:00,PE,0,0,
24/09/2023 00:00,SG,0,0,
24/09/2023 00:00,TOD,1865.85,11,
24/09/2023 00:00,TIN,357,1,
24/09/2023 00:00,TOR,48.3,5,
24/09/2023 00:00,TOTO,727.65,5,
24/09/2023 00:00,KFC,1.05,4,
24/09/2023 00:00,WSK,42,1,
24/09/2023 00:00,US,0,0,
24/09/2023 00:00,VE,0,0,
24/09/2023 00:00,VIN,0,0,
24/09/2023 00:00,WE,0,0,
25/09/2023 00:00,,0,0,
25/09/2023 00:00,,0,0,
25/09/2023 00:00,AUN,0,0,
25/09/2023 00:00,BNR,0,0,
25/09/2023 00:00,BIR,1831.2,10,
25/09/2023 00:00,BS,0,0,
25/09/2023 00:00,BZ,0,0,
25/09/2023 00:00,CCS,0,0,
25/09/2023 00:00,CAD,1644.3,16,
25/09/2023 00:00,CG,2035.95,22,
25/09/2023 00:00,CMI,71.4,14,
25/09/2023 00:00,COQ,1520.4,35,
25/09/2023 00:00,EC,0,0,
25/09/2023 00:00,EG,0,0,
25/09/2023 00:00,ER,0,0,
25/09/2023 00:00,SFR,0,0,
25/09/2023 00:00,GAE,6227.55,24,
25/09/2023 00:00,GUT,21,1,
25/09/2023 00:00,IQ,0,0,
25/09/2023 00:00,LH,0,0,
25/09/2023 00:00,MIX,78.75,4,
25/09/2023 00:00,PE,0,0,
25/09/2023 00:00,SG,0,0,
25/09/2023 00:00,TOD,1865.85,11,
25/09/2023 00:00,TIN,357,1,
25/09/2023 00:00,TOR,48.3,5,
25/09/2023 00:00,TOTO,727.65,5,
25/09/2023 00:00,KFC,1.05,5,
25/09/2023 00:00,WSK,42,1,
25/09/2023 00:00,US,0,0,
25/09/2023 00:00,VE,0,0,
25/09/2023 00:00,VIN,0,0,
25/09/2023 00:00,WE,0,0,
26/09/2023 00:00,,0,0,
26/09/2023 00:00,,0,0,
26/09/2023 00:00,AUN,0,0,
26/09/2023 00:00,BNR,0,0,
26/09/2023 00:00,BIR,1923.6,10,
26/09/2023 00:00,BS,0,0,
26/09/2023 00:00,BZ,0,0,
26/09/2023 00:00,CCS,0,0,
26/09/2023 00:00,CAD,1620.15,14,
26/09/2023 00:00,CG,1874.25,22,
26/09/2023 00:00,CMI,71.4,14,
26/09/2023 00:00,COQ,1519.35,36,
26/09/2023 00:00,EC,0,0,
26/09/2023 00:00,EG,0,0,
26/09/2023 00:00,ER,0,0,
26/09/2023 00:00,SFR,0,0,
26/09/2023 00:00,GAE,5978.7,24,
26/09/2023 00:00,GUT,21,1,
26/09/2023 00:00,IQ,0,0,
26/09/2023 00:00,LH,0,0,
26/09/2023 00:00,MIX,78.75,4,
26/09/2023 00:00,PE,0,0,
26/09/2023 00:00,SG,0,0,
26/09/2023 00:00,TOD,2157.75,12,
26/09/2023 00:00,TIN,357,1,
26/09/2023 00:00,TOR,48.3,5,
26/09/2023 00:00,TOTO,914.55,6,
26/09/2023 00:00,KFC,1.05,5,
26/09/2023 00:00,WSK,214.2,1,
26/09/2023 00:00,US,0,0,
26/09/2023 00:00,VE,0,0,
26/09/2023 00:00,VIN,0,0,
26/09/2023 00:00,WE,0,0,
27/09/2023 00:00,,0,0,
27/09/2023 00:00,,0,0,
27/09/2023 00:00,AUN,0,0,
27/09/2023 00:00,BNR,0,0,
27/09/2023 00:00,BIR,1710.45,10,
27/09/2023 00:00,BS,0,0,
27/09/2023 00:00,BZ,0,0,
27/09/2023 00:00,CCS,0,0,
27/09/2023 00:00,CAD,1642.2,16,
27/09/2023 00:00,CG,1874.25,22,
27/09/2023 00:00,CMI,0,13,
27/09/2023 00:00,COQ,1531.95,37,
27/09/2023 00:00,EC,0,0,
27/09/2023 00:00,EG,0,0,
27/09/2023 00:00,ER,0,0,
27/09/2023 00:00,SFR,0,0,
27/09/2023 00:00,GAE,5978.7,24,
27/09/2023 00:00,GUT,21,1,
27/09/2023 00:00,IQ,0,0,
27/09/2023 00:00,LH,0,0,
27/09/2023 00:00,MIX,78.75,4,
27/09/2023 00:00,PE,0,0,
27/09/2023 00:00,SG,0,0,
27/09/2023 00:00,TOD,2157.75,12,
27/09/2023 00:00,TIN,357,1,
27/09/2023 00:00,TOR,48.3,5,
27/09/2023 00:00,TOTO,914.55,6,
27/09/2023 00:00,KFC,0,0,
27/09/2023 00:00,WSK,0,0,
27/09/2023 00:00,US,0,0,
27/09/2023 00:00,VE,0,0,
27/09/2023 00:00,VIN,0,0,
27/09/2023 00:00,WE,0,0,
28/09/2023 00:00,,0,0,
28/09/2023 00:00,,0,0,
28/09/2023 00:00,AUN,0,0,
28/09/2023 00:00,BNR,0,0,
28/09/2023 00:00,BIR,1710.45,10,
28/09/2023 00:00,BS,0,0,
28/09/2023 00:00,BZ,0,0,
28/09/2023 00:00,CCS,0,0,
28/09/2023 00:00,CAD,1631.7,16,
28/09/2023 00:00,CG,1874.25,22,
28/09/2023 00:00,CMI,0,13,
28/09/2023 00:00,COQ,1518.3,36,
28/09/2023 00:00,EC,0,0,
28/09/2023 00:00,EG,0,0,
28/09/2023 00:00,ER,0,0,
28/09/2023 00:00,SFR,0,0,
28/09/2023 00:00,GAE,6054.3,24,
28/09/2023 00:00,GUT,21,1,
28/09/2023 00:00,IQ,0,0,
28/09/2023 00:00,LH,0,0,
28/09/2023 00:00,MIX,78.75,4,
28/09/2023 00:00,PE,0,0,
28/09/2023 00:00,SG,0,0,
28/09/2023 00:00,TOD,2157.75,12,
28/09/2023 00:00,TIN,357,1,
28/09/2023 00:00,TOR,55.65,6,
28/09/2023 00:00,TOTO,914.55,6,
28/09/2023 00:00,KFC,2.1,5,
28/09/2023 00:00,WSK,870.45,1,
28/09/2023 00:00,US,0,0,
28/09/2023 00:00,VE,0,0,
28/09/2023 00:00,VIN,0,0,
28/09/2023 00:00,WE,0,0,
29/09/2023 00:00,,0,0,
29/09/2023 00:00,,0,0,
29/09/2023 00:00,AUN,0,0,
29/09/2023 00:00,BNR,0,0,
29/09/2023 00:00,BIR,1710.45,10,
29/09/2023 00:00,BS,0,0,
29/09/2023 00:00,BZ,0,0,
29/09/2023 00:00,CCS,0,0,
29/09/2023 00:00,CAD,1677.9,16,
29/09/2023 00:00,CG,1874.25,22,
29/09/2023 00:00,CMI,0,13,
29/09/2023 00:00,COQ,1518.3,36,
29/09/2023 00:00,EC,0,0,
29/09/2023 00:00,EG,0,0,
29/09/2023 00:00,ER,0,0,
29/09/2023 00:00,SFR,0,0,
29/09/2023 00:00,GAE,5895.75,24,
29/09/2023 00:00,GUT,21,1,
29/09/2023 00:00,IQ,0,0,
29/09/2023 00:00,LH,0,0,
29/09/2023 00:00,MIX,78.75,4,
29/09/2023 00:00,PE,0,0,
29/09/2023 00:00,SG,0,0,
29/09/2023 00:00,TOD,2157.75,12,
29/09/2023 00:00,TIN,357,1,
29/09/2023 00:00,TOR,64.05,7,
29/09/2023 00:00,TOTO,914.55,6,
29/09/2023 00:00,KFC,2.1,5,
29/09/2023 00:00,WSK,870.45,1,
29/09/2023 00:00,US,0,0,
29/09/2023 00:00,VE,0,0,
29/09/2023 00:00,VIN,0,0,
29/09/2023 00:00,WE,0,0,
30/09/2023 00:00,,0,0,
30/09/2023 00:00,,0,0,
30/09/2023 00:00,AUN,0,0,
30/09/2023 00:00,BNR,0,0,
30/09/2023 00:00,BIR,1710.45,10,
30/09/2023 00:00,BS,0,0,
30/09/2023 00:00,BZ,0,0,
30/09/2023 00:00,CCS,0,0,
30/09/2023 00:00,CAD,1716.75,19,
30/09/2023 00:00,CG,2014.95,22,
30/09/2023 00:00,CMI,71.4,14,
30/09/2023 00:00,COQ,1518.3,36,
30/09/2023 00:00,EC,0,0,
30/09/2023 00:00,EG,0,0,
30/09/2023 00:00,ER,0,0,
30/09/2023 00:00,SFR,0,0,
30/09/2023 00:00,GAE,6238.05,26,
30/09/2023 00:00,GUT,21,1,
30/09/2023 00:00,IQ,0,0,
30/09/2023 00:00,LH,0,0,
30/09/2023 00:00,MIX,78.75,4,
30/09/2023 00:00,PE,0,0,
30/09/2023 00:00,SG,0,0,
30/09/2023 00:00,TOD,2157.75,12,
30/09/2023 00:00,TIN,357,1,
30/09/2023 00:00,TOR,64.05,7,
30/09/2023 00:00,TOTO,914.55,6,
30/09/2023 00:00,KFC,2.1,5,
30/09/2023 00:00,WSK,870.45,1,
30/09/2023 00:00,US,0,0,
30/09/2023 00:00,VE,0,0,
30/09/2023 00:00,VIN,0,0,
30/09/2023 00:00,WE,0,0,
01/10/2023 00:00,,0,0,
01/10/2023 00:00,,0,0,
01/10/2023 00:00,AUN,0,0,
01/10/2023 00:00,BNR,0,0,
01/10/2023 00:00,BIR,1710.45,10,
01/10/2023 00:00,BS,0,0,
01/10/2023 00:00,BZ,0,0,
01/10/2023 00:00,CCS,0,0,
01/10/2023 00:00,CAD,1710.45,18,
01/10/2023 00:00,CG,2133.6,23,
01/10/2023 00:00,CMI,71.4,14,
01/10/2023 00:00,COQ,1003.8,19,
01/10/2023 00:00,EC,0,0,
01/10/2023 00:00,EG,0,0,
01/10/2023 00:00,ER,0,0,
01/10/2023 00:00,SFR,0,0,
01/10/2023 00:00,GAE,6370.35,28,
01/10/2023 00:00,GUT,21,1,
01/10/2023 00:00,IQ,0,0,
01/10/2023 00:00,LH,0,0,
01/10/2023 00:00,MIX,78.75,4,
01/10/2023 00:00,PE,0,0,
01/10/2023 00:00,SG,0,0,
01/10/2023 00:00,TOD,2157.75,12,
01/10/2023 00:00,TIN,357,1,
01/10/2023 00:00,TOR,54.6,5,
01/10/2023 00:00,TOTO,871.5,5,
01/10/2023 00:00,KFC,1.05,6,
01/10/2023 00:00,WSK,870.45,1,
01/10/2023 00:00,US,0,0,
01/10/2023 00:00,VE,0,0,
01/10/2023 00:00,VIN,0,0,
01/10/2023 00:00,WE,0,0,
02/10/2023 00:00,,0,0,
02/10/2023 00:00,,0,0,
02/10/2023 00:00,AUN,0,0,
02/10/2023 00:00,BNR,0,0,
02/10/2023 00:00,BIR,1710.45,10,
02/10/2023 00:00,BS,0,0,
02/10/2023 00:00,BZ,0,0,
02/10/2023 00:00,CCS,0,0,
02/10/2023 00:00,CAD,1693.65,19,
02/10/2023 00:00,CG,2133.6,23,
02/10/2023 00:00,CMI,71.4,14,
02/10/2023 00:00,COQ,1003.8,19,
02/10/2023 00:00,EC,0,0,
02/10/2023 00:00,EG,0,0,
02/10/2023 00:00,ER,0,0,
02/10/2023 00:00,SFR,0,0,
02/10/2023 00:00,GAE,6318.9,24,
02/10/2023 00:00,GUT,0,0,
02/10/2023 00:00,IQ,0,0,
02/10/2023 00:00,LH,0,0,
02/10/2023 00:00,MIX,78.75,4,
02/10/2023 00:00,PE,0,0,
02/10/2023 00:00,SG,0,0,
02/10/2023 00:00,TOD,1819.65,11,
02/10/2023 00:00,TIN,357,1,
02/10/2023 00:00,TOR,54.6,5,
02/10/2023 00:00,TOTO,727.65,5,
02/10/2023 00:00,KFC,1.05,5,
02/10/2023 00:00,WSK,870.45,1,
02/10/2023 00:00,US,0,0,
02/10/2023 00:00,VE,0,0,
02/10/2023 00:00,VIN,0,0,
02/10/2023 00:00,WE,0,0,
03/10/2023 00:00,,0,0,
03/10/2023 00:00,,0,0,
03/10/2023 00:00,AUN,0,0,
03/10/2023 00:00,BNR,0,0,
03/10/2023 00:00,BIR,1710.45,10,
03/10/2023 00:00,BS,0,0,
03/10/2023 00:00,BZ,0,0,
03/10/2023 00:00,CCS,0,0,
03/10/2023 00:00,CAD,1749.3,20,
03/10/2023 00:00,CG,2154.6,23,
03/10/2023 00:00,CMI,71.4,14,
03/10/2023 00:00,COQ,1003.8,19,
03/10/2023 00:00,EC,0,0,
03/10/2023 00:00,EG,0,0,
03/10/2023 00:00,ER,0,0,
03/10/2023 00:00,SFR,0,0,
03/10/2023 00:00,GAE,6231.75,24,
03/10/2023 00:00,GUT,0,0,
03/10/2023 00:00,IQ,0,0,
03/10/2023 00:00,LH,0,0,
03/10/2023 00:00,MIX,78.75,4,
03/10/2023 00:00,PE,0,0,
03/10/2023 00:00,SG,0,0,
03/10/2023 00:00,TOD,1920.45,12,
03/10/2023 00:00,TIN,357,1,
03/10/2023 00:00,TOR,54.6,5,
03/10/2023 00:00,TOTO,727.65,5,
03/10/2023 00:00,KFC,1.05,5,
03/10/2023 00:00,WSK,942.9,1,
03/10/2023 00:00,US,0,0,
03/10/2023 00:00,VE,0,0,
03/10/2023 00:00,VIN,0,0,
03/10/2023 00:00,WE,0,0,
04/10/2023 00:00,,0,0,
04/10/2023 00:00,,0,0,
04/10/2023 00:00,AUN,0,0,
04/10/2023 00:00,BNR,0,0,
04/10/2023 00:00,BIR,1710.45,10,
04/10/2023 00:00,BS,0,0,
04/10/2023 00:00,BZ,0,0,
04/10/2023 00:00,CCS,0,0,
04/10/2023 00:00,CAD,1809.15,23,
04/10/2023 00:00,CG,2358.3,24,
04/10/2023 00:00,CMI,71.4,14,
04/10/2023 00:00,COQ,1081.5,20,
04/10/2023 00:00,EC,0,0,
04/10/2023 00:00,EG,0,0,
04/10/2023 00:00,ER,0,0,
04/10/2023 00:00,SFR,0,0,
04/10/2023 00:00,GAE,6181.35,23,
04/10/2023 00:00,GUT,0,0,
04/10/2023 00:00,IQ,0,0,
04/10/2023 00:00,LH,0,0,
04/10/2023 00:00,MIX,357,4,
04/10/2023 00:00,PE,0,0,
04/10/2023 00:00,SG,0,0,
04/10/2023 00:00,TOD,1920.45,12,
04/10/2023 00:00,TIN,357,1,
04/10/2023 00:00,TOR,54.6,5,
04/10/2023 00:00,TOTO,727.65,5,
04/10/2023 00:00,KFC,1.05,4,
04/10/2023 00:00,WSK,1005.9,2,
04/10/2023 00:00,US,0,0,
04/10/2023 00:00,VE,0,0,
04/10/2023 00:00,VIN,0,0,
04/10/2023 00:00,WE,0,0,
05/10/2023 00:00,,0,0,
05/10/2023 00:00,,0,0,
05/10/2023 00:00,AUN,0,0,
05/10/2023 00:00,BNR,0,0,
05/10/2023 00:00,BIR,1710.45,10,
05/10/2023 00:00,BS,0,0,
05/10/2023 00:00,BZ,0,0,
05/10/2023 00:00,CCS,0,0,
05/10/2023 00:00,CAD,1795.5,22,
05/10/2023 00:00,CG,2411.85,24,
05/10/2023 00:00,CMI,75.6,14,
05/10/2023 00:00,COQ,1081.5,20,
05/10/2023 00:00,EC,0,0,
05/10/2023 00:00,EG,0,0,
05/10/2023 00:00,ER,0,0,
05/10/2023 00:00,SFR,0,0,
05/10/2023 00:00,GAE,6028.05,23,
05/10/2023 00:00,GUT,0,0,
05/10/2023 00:00,IQ,0,0,
05/10/2023 00:00,LH,0,0,
05/10/2023 00:00,MIX,404.25,5,
05/10/2023 00:00,PE,0,0,
05/10/2023 00:00,SG,0,0,
05/10/2023 00:00,TOD,1964.55,12,
05/10/2023 00:00,TIN,357,1,
05/10/2023 00:00,TOR,54.6,5,
05/10/2023 00:00,TOTO,727.65,5,
05/10/2023 00:00,KFC,1.05,5,
05/10/2023 00:00,WSK,1005.9,2,
05/10/2023 00:00,US,0,0,
05/10/2023 00:00,VE,0,0,
05/10/2023 00:00,VIN,0,0,
05/10/2023 00:00,WE,0,0,
06/10/2023 00:00,,0,0,
06/10/2023 00:00,,0,0,
06/10/2023 00:00,AUN,0,0,
06/10/2023 00:00,BNR,0,0,
06/10/2023 00:00,BIR,1710.45,10,
06/10/2023 00:00,BS,0,0,
06/10/2023 00:00,BZ,0,0,
06/10/2023 00:00,CCS,0,0,
06/10/2023 00:00,CAD,1787.1,20,
06/10/2023 00:00,CG,2355.15,23,
06/10/2023 00:00,CMI,76.65,14,
06/10/2023 00:00,COQ,1092,20,
06/10/2023 00:00,EC,0,0,
06/10/2023 00:00,EG,0,0,
06/10/2023 00:00,ER,0,0,
06/10/2023 00:00,SFR,0,0,
06/10/2023 00:00,GAE,6222.3,23,
06/10/2023 00:00,GUT,0,0,
06/10/2023 00:00,IQ,0,0,
06/10/2023 00:00,LH,0,0,
06/10/2023 00:00,MIX,404.25,5,
06/10/2023 00:00,PE,0,0,
06/10/2023 00:00,SG,0,0,
06/10/2023 00:00,TOD,1914.15,12,
06/10/2023 00:00,TIN,357,1,
06/10/2023 00:00,TOR,54.6,5,
06/10/2023 00:00,TOTO,727.65,5,
06/10/2023 00:00,KFC,1.05,5,
06/10/2023 00:00,WSK,942.9,1,
06/10/2023 00:00,US,0,0,
06/10/2023 00:00,VE,0,0,
06/10/2023 00:00,VIN,0,0,
06/10/2023 00:00,WE,0,0,
07/10/2023 00:00,,0,0,
07/10/2023 00:00,,0,0,
07/10/2023 00:00,AUN,0,0,
07/10/2023 00:00,BNR,0,0,
07/10/2023 00:00,BIR,1710.45,10,
07/10/2023 00:00,BS,0,0,
07/10/2023 00:00,BZ,0,0,
07/10/2023 00:00,CCS,0,0,
07/10/2023 00:00,CAD,1902.6,22,
07/10/2023 00:00,CG,2355.15,23,
07/10/2023 00:00,CMI,86.1,14,
07/10/2023 00:00,COQ,1160.25,22,
07/10/2023 00:00,EC,0,0,
07/10/2023 00:00,EG,0,0,
07/10/2023 00:00,ER,0,0,
07/10/2023 00:00,SFR,0,0,
07/10/2023 00:00,GAE,6028.05,23,
07/10/2023 00:00,GUT,0,0,
07/10/2023 00:00,IQ,0,0,
07/10/2023 00:00,LH,0,0,
07/10/2023 00:00,MIX,404.25,5,
07/10/2023 00:00,PE,0,0,
07/10/2023 00:00,SG,0,0,
07/10/2023 00:00,TOD,1844.85,11,
07/10/2023 00:00,TIN,357,1,
07/10/2023 00:00,TOR,54.6,5,
07/10/2023 00:00,TOTO,727.65,5,
07/10/2023 00:00,KFC,1.05,5,
07/10/2023 00:00,WSK,870.45,1,
07/10/2023 00:00,US,0,0,
07/10/2023 00:00,VE,0,0,
07/10/2023 00:00,VIN,0,0,
07/10/2023 00:00,WE,0,0,
08/10/2023 00:00,,0,0,
08/10/2023 00:00,,0,0,
08/10/2023 00:00,AUN,0,0,
08/10/2023 00:00,BNR,0,0,
08/10/2023 00:00,BIR,1710.45,10,
08/10/2023 00:00,BS,0,0,
08/10/2023 00:00,BZ,0,0,
08/10/2023 00:00,CCS,0,0,
08/10/2023 00:00,CAD,2009.7,24,
08/10/2023 00:00,CG,2362.5,22,
08/10/2023 00:00,CMI,71.4,14,
08/10/2023 00:00,COQ,1160.25,22,
08/10/2023 00:00,EC,0,0,
08/10/2023 00:00,EG,0,0,
08/10/2023 00:00,ER,0,0,
08/10/2023 00:00,SFR,0,0,
08/10/2023 00:00,GAE,6137.25,22,
08/10/2023 00:00,GUT,0,0,
08/10/2023 00:00,IQ,0,0,
08/10/2023 00:00,LH,0,0,
08/10/2023 00:00,MIX,404.25,5,
08/10/2023 00:00,PE,0,0,
08/10/2023 00:00,SG,0,0,
08/10/2023 00:00,TOD,1844.85,11,
08/10/2023 00:00,TIN,357,1,
08/10/2023 00:00,TOR,54.6,5,
08/10/2023 00:00,TOTO,1439.55,6,
08/10/2023 00:00,KFC,1.05,5,
08/10/2023 00:00,WSK,870.45,1,
08/10/2023 00:00,US,0,0,
08/10/2023 00:00,VE,0,0,
08/10/2023 00:00,VIN,0,0,
08/10/2023 00:00,WE,0,0,
09/10/2023 00:00,,0,0,
09/10/2023 00:00,,0,0,
09/10/2023 00:00,AUN,0,0,
09/10/2023 00:00,BNR,0,0,
09/10/2023 00:00,BIR,1710.45,10,
09/10/2023 00:00,BS,0,0,
09/10/2023 00:00,BZ,0,0,
09/10/2023 00:00,CCS,0,0,
09/10/2023 00:00,CAD,1932,22,
09/10/2023 00:00,CG,2346.75,22,
09/10/2023 00:00,CMI,71.4,13,
09/10/2023 00:00,COQ,1150.8,20,
09/10/2023 00:00,EC,0,0,
09/10/2023 00:00,EG,0,0,
09/10/2023 00:00,ER,0,0,
09/10/2023 00:00,SFR,0,0,
09/10/2023 00:00,GAE,5846.4,20,
09/10/2023 00:00,GUT,0,0,
09/10/2023 00:00,IQ,0,0,
09/10/2023 00:00,LH,0,0,
09/10/2023 00:00,MIX,430.5,6,
09/10/2023 00:00,PE,0,0,
09/10/2023 00:00,SG,0,0,
09/10/2023 00:00,TOD,1859.55,12,
09/10/2023 00:00,TIN,357,1,
09/10/2023 00:00,TOR,54.6,5,
09/10/2023 00:00,TOTO,1439.55,6,
09/10/2023 00:00,KFC,1.05,5,
09/10/2023 00:00,WSK,870.45,1,
09/10/2023 00:00,US,0,0,
09/10/2023 00:00,VE,0,0,
09/10/2023 00:00,VIN,0,0,
09/10/2023 00:00,WE,0,0,
10/10/2023 00:00,,0,0,
10/10/2023 00:00,,0,0,
10/10/2023 00:00,AUN,0,0,
10/10/2023 00:00,BNR,0,0,
10/10/2023 00:00,BIR,2268,11,
10/10/2023 00:00,BS,0,0,
10/10/2023 00:00,BZ,0,0,
10/10/2023 00:00,CCS,0,0,
10/10/2023 00:00,CAD,1794.45,22,
10/10/2023 00:00,CG,2346.75,22,
10/10/2023 00:00,CMI,115.5,14,
10/10/2023 00:00,COQ,1081.5,20,
10/10/2023 00:00,EC,0,0,
10/10/2023 00:00,EG,0,0,
10/10/2023 00:00,ER,0,0,
10/10/2023 00:00,SFR,0,0,
10/10/2023 00:00,GAE,2377.2,19,
10/10/2023 00:00,GUT,0,0,
10/10/2023 00:00,IQ,0,0,
10/10/2023 00:00,LH,0,0,
10/10/2023 00:00,MIX,404.25,6,
10/10/2023 00:00,PE,0,0,
10/10/2023 00:00,SG,0,0,
10/10/2023 00:00,TOD,1954.05,12,
10/10/2023 00:00,TIN,357,1,
10/10/2023 00:00,TOR,54.6,5,
10/10/2023 00:00,TOTO,1439.55,6,
10/10/2023 00:00,KFC,1.05,6,
10/10/2023 00:00,WSK,870.45,1,
10/10/2023 00:00,US,0,0,
10/10/2023 00:00,VE,0,0,
10/10/2023 00:00,VIN,0,0,
10/10/2023 00:00,WE,0,0,
11/10/2023 00:00,,0,0,
11/10/2023 00:00,,0,0,
11/10/2023 00:00,AUN,0,0,
11/10/2023 00:00,BNR,0,0,
11/10/2023 00:00,BIR,2268,11,
11/10/2023 00:00,BS,0,0,
11/10/2023 00:00,BZ,0,0,
11/10/2023 00:00,CCS,0,0,
11/10/2023 00:00,CAD,1908.9,24,
11/10/2023 00:00,CG,2346.75,22,
11/10/2023 00:00,CMI,382.2,13,
11/10/2023 00:00,COQ,1081.5,20,
11/10/2023 00:00,EC,0,0,
11/10/2023 00:00,EG,0,0,
11/10/2023 00:00,ER,0,0,
11/10/2023 00:00,SFR,0,0,
11/10/2023 00:00,GAE,2049.6,20,
11/10/2023 00:00,GUT,0,0,
11/10/2023 00:00,IQ,0,0,
11/10/2023 00:00,LH,0,0,
11/10/2023 00:00,MIX,404.25,6,
11/10/2023 00:00,PE,0,0,
11/10/2023 00:00,SG,0,0,
11/10/2023 00:00,TOD,1782.9,12,
11/10/2023 00:00,TIN,357,1,
11/10/2023 00:00,TOR,54.6,5,
11/10/2023 00:00,TOTO,1439.55,6,
11/10/2023 00:00,KFC,1.05,5,
11/10/2023 00:00,WSK,870.45,1,
11/10/2023 00:00,US,0,0,
11/10/2023 00:00,VE,0,0,
11/10/2023 00:00,VIN,0,0,
11/10/2023 00:00,WE,0,0,
12/10/2023 00:00,,0,0,
12/10/2023 00:00,,0,0,
12/10/2023 00:00,AUN,0,0,
12/10/2023 00:00,BNR,0,0,
12/10/2023 00:00,BIR,2252.25,10,
12/10/2023 00:00,BS,0,0,
12/10/2023 00:00,BZ,0,0,
12/10/2023 00:00,CCS,0,0,
12/10/2023 00:00,CAD,1954.05,23,
12/10/2023 00:00,CG,2346.75,22,
12/10/2023 00:00,CMI,206.85,16,
12/10/2023 00:00,COQ,1081.5,20,
12/10/2023 00:00,EC,0,0,
12/10/2023 00:00,EG,0,0,
12/10/2023 00:00,ER,0,0,
12/10/2023 00:00,SFR,0,0,
12/10/2023 00:00,GAE,2049.6,20,
12/10/2023 00:00,GUT,0,0,
12/10/2023 00:00,IQ,0,0,
12/10/2023 00:00,LH,0,0,
12/10/2023 00:00,MIX,404.25,6,
12/10/2023 00:00,PE,0,0,
12/10/2023 00:00,SG,0,0,
12/10/2023 00:00,TOD,1703.1,11,
12/10/2023 00:00,TIN,357,1,
12/10/2023 00:00,TOR,54.6,5,
12/10/2023 00:00,TOTO,1439.55,6,
12/10/2023 00:00,KFC,1.05,5,
12/10/2023 00:00,WSK,954.45,1,
12/10/2023 00:00,US,0,0,
12/10/2023 00:00,VE,0,0,
12/10/2023 00:00,VIN,0,0,
12/10/2023 00:00,WE,0,0,
13/10/2023 00:00,,0,0,
13/10/2023 00:00,,0,0,
13/10/2023 00:00,AUN,0,0,
13/10/2023 00:00,BNR,0,0,
13/10/2023 00:00,BIR,2182.95,10,
13/10/2023 00:00,BS,0,0,
13/10/2023 00:00,BZ,0,0,
13/10/2023 00:00,CCS,0,0,
13/10/2023 00:00,CAD,1916.25,25,
13/10/2023 00:00,CG,2529.45,23,
13/10/2023 00:00,CMI,277.2,16,
13/10/2023 00:00,COQ,1081.5,20,
13/10/2023 00:00,EC,0,0,
13/10/2023 00:00,EG,0,0,
13/10/2023 00:00,ER,0,0,
13/10/2023 00:00,SFR,0,0,
13/10/2023 00:00,GAE,2095.8,20,
13/10/2023 00:00,GUT,0,0,
13/10/2023 00:00,IQ,0,0,
13/10/2023 00:00,LH,0,0,
13/10/2023 00:00,MIX,404.25,6,
13/10/2023 00:00,PE,0,0,
13/10/2023 00:00,SG,0,0,
13/10/2023 00:00,TOD,1534.05,10,
13/10/2023 00:00,TIN,357,1,
13/10/2023 00:00,TOR,54.6,5,
13/10/2023 00:00,TOTO,1340.85,5,
13/10/2023 00:00,KFC,1.05,6,
13/10/2023 00:00,WSK,1002.75,2,
13/10/2023 00:00,US,0,0,
13/10/2023 00:00,VE,0,0,
13/10/2023 00:00,VIN,0,0,
13/10/2023 00:00,WE,0,0,
14/10/2023 00:00,,0,0,
14/10/2023 00:00,,0,0,
14/10/2023 00:00,AUN,0,0,
14/10/2023 00:00,BNR,0,0,
14/10/2023 00:00,BIR,2098.95,8,
14/10/2023 00:00,BS,0,0,
14/10/2023 00:00,BZ,0,0,
14/10/2023 00:00,CCS,0,0,
14/10/2023 00:00,CAD,2044.35,26,
14/10/2023 00:00,CG,2510.55,22,
14/10/2023 00:00,CMI,363.3,16,
14/10/2023 00:00,COQ,1081.5,20,
14/10/2023 00:00,EC,0,0,
14/10/2023 00:00,EG,0,0,
14/10/2023 00:00,ER,0,0,
14/10/2023 00:00,SFR,0,0,
14/10/2023 00:00,GAE,2107.35,22,
14/10/2023 00:00,GUT,0,0,
14/10/2023 00:00,IQ,0,0,
14/10/2023 00:00,LH,0,0,
14/10/2023 00:00,MIX,404.25,6,
14/10/2023 00:00,PE,0,0,
14/10/2023 00:00,SG,0,0,
14/10/2023 00:00,TOD,1378.65,10,
14/10/2023 00:00,TIN,357,1,
14/10/2023 00:00,TOR,54.6,5,
14/10/2023 00:00,TOTO,1276.8,5,
14/10/2023 00:00,KFC,1.05,5,
14/10/2023 00:00,WSK,1002.75,2,
14/10/2023 00:00,US,0,0,
14/10/2023 00:00,VE,0,0,
14/10/2023 00:00,VIN,0,0,
14/10/2023 00:00,WE,0,0,
15/10/2023 00:00,,0,0,
15/10/2023 00:00,,0,0,
15/10/2023 00:00,AUN,0,0,
15/10/2023 00:00,BNR,0,0,
15/10/2023 00:00,BIR,1971.9,8,
15/10/2023 00:00,BS,0,0,
15/10/2023 00:00,BZ,0,0,
15/10/2023 00:00,CCS,0,0,
15/10/2023 00:00,CAD,1761.9,22,
15/10/2023 00:00,CG,2375.1,22,
15/10/2023 00:00,CMI,601.65,14,
15/10/2023 00:00,COQ,1081.5,20,
15/10/2023 00:00,EC,0,0,
15/10/2023 00:00,EG,0,0,
15/10/2023 00:00,ER,0,0,
15/10/2023 00:00,SFR,0,0,
15/10/2023 00:00,GAE,2136.75,20,
15/10/2023 00:00,GUT,0,0,
15/10/2023 00:00,IQ,0,0,
15/10/2023 00:00,LH,0,0,
15/10/2023 00:00,MIX,404.25,6,
15/10/2023 00:00,PE,0,0,
15/10/2023 00:00,SG,0,0,
15/10/2023 00:00,TOD,1378.65,10,
15/10/2023 00:00,TIN,357,1,
15/10/2023 00:00,TOR,54.6,5,
15/10/2023 00:00,TOTO,1276.8,5,
15/10/2023 00:00,KFC,1.05,5,
15/10/2023 00:00,WSK,1002.75,2,
15/10/2023 00:00,US,0,0,
15/10/2023 00:00,VE,0,0,
15/10/2023 00:00,VIN,0,0,
15/10/2023 00:00,WE,0,0,
16/10/2023 00:00,,0,0,
16/10/2023 00:00,,0,0,
16/10/2023 00:00,AUN,0,0,
16/10/2023 00:00,BNR,0,0,
16/10/2023 00:00,BIR,1971.9,8,
16/10/2023 00:00,BS,0,0,
16/10/2023 00:00,BZ,0,0,
16/10/2023 00:00,CCS,0,0,
16/10/2023 00:00,CAD,1896.3,24,
16/10/2023 00:00,CG,2469.6,23,
16/10/2023 00:00,CMI,484.05,16,
16/10/2023 00:00,COQ,1081.5,20,
16/10/2023 00:00,EC,0,0,
16/10/2023 00:00,EG,0,0,
16/10/2023 00:00,ER,0,0,
16/10/2023 00:00,SFR,0,0,
16/10/2023 00:00,GAE,2205,22,
16/10/2023 00:00,GUT,0,0,
16/10/2023 00:00,IQ,0,0,
16/10/2023 00:00,LH,0,0,
16/10/2023 00:00,MIX,404.25,6,
16/10/2023 00:00,PE,0,0,
16/10/2023 00:00,SG,0,0,
16/10/2023 00:00,TOD,1378.65,10,
16/10/2023 00:00,TIN,357,1,
16/10/2023 00:00,TOR,54.6,5,
16/10/2023 00:00,TOTO,1276.8,5,
16/10/2023 00:00,KFC,1.05,6,
16/10/2023 00:00,WSK,1002.75,2,
16/10/2023 00:00,US,0,0,
16/10/2023 00:00,VE,0,0,
16/10/2023 00:00,VIN,0,0,
16/10/2023 00:00,WE,0,0,
17/10/2023 00:00,,0,0,
17/10/2023 00:00,,0,0,
17/10/2023 00:00,AUN,0,0,
17/10/2023 00:00,BNR,0,0,
17/10/2023 00:00,BIR,1971.9,8,
17/10/2023 00:00,BS,0,0,
17/10/2023 00:00,BZ,0,0,
17/10/2023 00:00,CCS,0,0,
17/10/2023 00:00,CAD,1879.5,23,
17/10/2023 00:00,CG,2465.4,23,
17/10/2023 00:00,CMI,334.95,16,
17/10/2023 00:00,COQ,1081.5,20,
17/10/2023 00:00,EC,0,0,
17/10/2023 00:00,EG,0,0,
17/10/2023 00:00,ER,0,0,
17/10/2023 00:00,SFR,0,0,
17/10/2023 00:00,GAE,2213.4,22,
17/10/2023 00:00,GUT,0,0,
17/10/2023 00:00,IQ,0,0,
17/10/2023 00:00,LH,0,0,
17/10/2023 00:00,MIX,404.25,6,
17/10/2023 00:00,PE,0,0,
17/10/2023 00:00,SG,0,0,
17/10/2023 00:00,TOD,1378.65,10,
17/10/2023 00:00,TIN,357,1,
17/10/2023 00:00,TOR,54.6,5,
17/10/2023 00:00,TOTO,1276.8,5,
17/10/2023 00:00,KFC,1.05,5,
17/10/2023 00:00,WSK,1002.75,2,
17/10/2023 00:00,US,0,0,
17/10/2023 00:00,VE,0,0,
17/10/2023 00:00,VIN,0,0,
17/10/2023 00:00,WE,0,0,
18/10/2023 00:00,,0,0,
18/10/2023 00:00,,0,0,
18/10/2023 00:00,AUN,0,0,
18/10/2023 00:00,BNR,0,0,
18/10/2023 00:00,BIR,1971.9,8,
18/10/2023 00:00,BS,0,0,
18/10/2023 00:00,BZ,0,0,
18/10/2023 00:00,CCS,0,0,
18/10/2023 00:00,CAD,1739.85,23,
18/10/2023 00:00,CG,2453.85,22,
18/10/2023 00:00,CMI,502.95,16,
18/10/2023 00:00,COQ,1081.5,20,
18/10/2023 00:00,EC,0,0,
18/10/2023 00:00,EG,0,0,
18/10/2023 00:00,ER,0,0,
18/10/2023 00:00,SFR,0,0,
18/10/2023 00:00,GAE,2177.7,22,
18/10/2023 00:00,GUT,0,0,
18/10/2023 00:00,IQ,0,0,
18/10/2023 00:00,LH,0,0,
18/10/2023 00:00,MIX,404.25,6,
18/10/2023 00:00,PE,0,0,
18/10/2023 00:00,SG,0,0,
18/10/2023 00:00,TOD,1401.75,10,
18/10/2023 00:00,TIN,357,1,
18/10/2023 00:00,TOR,54.6,5,
18/10/2023 00:00,TOTO,1276.8,5,
18/10/2023 00:00,KFC,1.05,4,
18/10/2023 00:00,WSK,1002.75,2,
18/10/2023 00:00,US,0,0,
18/10/2023 00:00,VE,0,0,
18/10/2023 00:00,VIN,0,0,
18/10/2023 00:00,WE,0,0,
19/10/2023 00:00,,0,0,
19/10/2023 00:00,,0,0,
19/10/2023 00:00,AUN,0,0,
19/10/2023 00:00,BNR,0,0,
19/10/2023 00:00,BIR,1971.9,8,
19/10/2023 00:00,BS,0,0,
19/10/2023 00:00,BZ,0,0,
19/10/2023 00:00,CCS,0,0,
19/10/2023 00:00,CAD,1563.45,24,
19/10/2023 00:00,CG,2418.15,22,
19/10/2023 00:00,CMI,341.25,16,
19/10/2023 00:00,COQ,1081.5,20,
19/10/2023 00:00,EC,0,0,
19/10/2023 00:00,EG,0,0,
19/10/2023 00:00,ER,0,0,
19/10/2023 00:00,SFR,0,0,
19/10/2023 00:00,GAE,2520,20,
19/10/2023 00:00,GUT,0,0,
19/10/2023 00:00,IQ,0,0,
19/10/2023 00:00,LH,0,0,
19/10/2023 00:00,MIX,404.25,6,
19/10/2023 00:00,PE,0,0,
19/10/2023 00:00,SG,0,0,
19/10/2023 00:00,TOD,1444.8,10,
19/10/2023 00:00,TIN,357,1,
19/10/2023 00:00,TOR,54.6,5,
19/10/2023 00:00,TOTO,1276.8,5,
19/10/2023 00:00,KFC,1.05,5,
19/10/2023 00:00,WSK,0,0,
19/10/2023 00:00,US,0,0,
19/10/2023 00:00,VE,0,0,
19/10/2023 00:00,VIN,0,0,
19/10/2023 00:00,WE,0,0,
20/10/2023 00:00,,0,0,
20/10/2023 00:00,,0,0,
20/10/2023 00:00,AUN,0,0,
20/10/2023 00:00,BNR,0,0,
20/10/2023 00:00,BIR,2298.45,10,
20/10/2023 00:00,BS,0,0,
20/10/2023 00:00,BZ,0,0,
20/10/2023 00:00,CCS,0,0,
20/10/2023 00:00,CAD,798,22,
20/10/2023 00:00,CG,2279.55,20,
20/10/2023 00:00,CMI,166.95,16,
20/10/2023 00:00,COQ,1081.5,20,
20/10/2023 00:00,EC,0,0,
20/10/2023 00:00,EG,0,0,
20/10/2023 00:00,ER,0,0,
20/10/2023 00:00,SFR,0,0,
20/10/2023 00:00,GAE,2843.4,22,
20/10/2023 00:00,GUT,0,0,
20/10/2023 00:00,IQ,0,0,
20/10/2023 00:00,LH,0,0,
20/10/2023 00:00,MIX,404.25,6,
20/10/2023 00:00,PE,0,0,
20/10/2023 00:00,SG,0,0,
20/10/2023 00:00,TOD,1362.9,12,
20/10/2023 00:00,TIN,357,1,
20/10/2023 00:00,TOR,98.7,5,
20/10/2023 00:00,TOTO,1327.2,5,
20/10/2023 00:00,KFC,1.05,4,
20/10/2023 00:00,WSK,870.45,1,
20/10/2023 00:00,US,0,0,
20/10/2023 00:00,VE,0,0,
20/10/2023 00:00,VIN,0,0,
20/10/2023 00:00,WE,0,0,
21/10/2023 00:00,,0,0,
21/10/2023 00:00,,0,0,
21/10/2023 00:00,AUN,0,0,
21/10/2023 00:00,BNR,0,0,
21/10/2023 00:00,BIR,2230.2,8,
21/10/2023 00:00,BS,0,0,
21/10/2023 00:00,BZ,0,0,
21/10/2023 00:00,CCS,0,0,
21/10/2023 00:00,CAD,1171.8,23,
21/10/2023 00:00,CG,2693.25,22,
21/10/2023 00:00,CMI,166.95,16,
21/10/2023 00:00,COQ,1081.5,20,
21/10/2023 00:00,EC,0,0,
21/10/2023 00:00,EG,0,0,
21/10/2023 00:00,ER,0,0,
21/10/2023 00:00,SFR,0,0,
21/10/2023 00:00,GAE,2927.4,23,
21/10/2023 00:00,GUT,0,0,
21/10/2023 00:00,IQ,0,0,
21/10/2023 00:00,LH,0,0,
21/10/2023 00:00,MIX,404.25,6,
21/10/2023 00:00,PE,0,0,
21/10/2023 00:00,SG,0,0,
21/10/2023 00:00,TOD,1296.75,12,
21/10/2023 00:00,TIN,357,1,
21/10/2023 00:00,TOR,178.5,6,
21/10/2023 00:00,TOTO,1411.2,6,
21/10/2023 00:00,KFC,1.05,4,
21/10/2023 00:00,WSK,873.6,1,
21/10/2023 00:00,US,0,0,
21/10/2023 00:00,VE,0,0,
21/10/2023 00:00,VIN,0,0,
21/10/2023 00:00,WE,0,0,
22/10/2023 00:00,,0,0,
22/10/2023 00:00,,0,0,
22/10/2023 00:00,AUN,0,0,
22/10/2023 00:00,BNR,0,0,
22/10/2023 00:00,BIR,1971.9,8,
22/10/2023 00:00,BS,0,0,
22/10/2023 00:00,BZ,0,0,
22/10/2023 00:00,CCS,0,0,
22/10/2023 00:00,CAD,1789.2,29,
22/10/2023 00:00,CG,2419.2,22,
22/10/2023 00:00,CMI,166.95,16,
22/10/2023 00:00,COQ,1081.5,20,
22/10/2023 00:00,EC,0,0,
22/10/2023 00:00,EG,0,0,
22/10/2023 00:00,ER,0,0,
22/10/2023 00:00,SFR,0,0,
22/10/2023 00:00,GAE,3164.7,24,
22/10/2023 00:00,GUT,0,0,
22/10/2023 00:00,IQ,0,0,
22/10/2023 00:00,LH,0,0,
22/10/2023 00:00,MIX,404.25,6,
22/10/2023 00:00,PE,0,0,
22/10/2023 00:00,SG,0,0,
22/10/2023 00:00,TOD,1296.75,12,
22/10/2023 00:00,TIN,1218,2,
22/10/2023 00:00,TOR,178.5,6,
22/10/2023 00:00,TOTO,1208.55,5,
22/10/2023 00:00,KFC,1.05,5,
22/10/2023 00:00,WSK,874.65,2,
22/10/2023 00:00,US,0,0,
22/10/2023 00:00,VE,0,0,
22/10/2023 00:00,VIN,355.95,1,
22/10/2023 00:00,WE,0,0,
23/10/2023 00:00,,0,0,
23/10/2023 00:00,,0,0,
23/10/2023 00:00,AUN,0,0,
23/10/2023 00:00,BNR,0,0,
23/10/2023 00:00,BIR,1971.9,8,
23/10/2023 00:00,BS,0,0,
23/10/2023 00:00,BZ,0,0,
23/10/2023 00:00,CCS,0,0,
23/10/2023 00:00,CAD,1783.95,30,
23/10/2023 00:00,CG,2375.1,22,
23/10/2023 00:00,CMI,211.05,16,
23/10/2023 00:00,COQ,1081.5,20,
23/10/2023 00:00,EC,0,0,
23/10/2023 00:00,EG,0,0,
23/10/2023 00:00,ER,0,0,
23/10/2023 00:00,SFR,0,0,
23/10/2023 00:00,GAE,2845.5,22,
23/10/2023 00:00,GUT,0,0,
23/10/2023 00:00,IQ,0,0,
23/10/2023 00:00,LH,0,0,
23/10/2023 00:00,MIX,763.35,7,
23/10/2023 00:00,PE,0,0,
23/10/2023 00:00,SG,0,0,
23/10/2023 00:00,TOD,1296.75,12,
23/10/2023 00:00,TIN,1218,2,
23/10/2023 00:00,TOR,178.5,6,
23/10/2023 00:00,TOTO,1021.65,5,
23/10/2023 00:00,KFC,1.05,2,
23/10/2023 00:00,WSK,874.65,2,
23/10/2023 00:00,US,0,0,
23/10/2023 00:00,VE,0,0,
23/10/2023 00:00,VIN,355.95,1,
23/10/2023 00:00,WE,0,0,
24/10/2023 00:00,,0,0,
24/10/2023 00:00,,0,0,
24/10/2023 00:00,AUN,0,0,
24/10/2023 00:00,BNR,0,0,
24/10/2023 00:00,BIR,1971.9,8,
24/10/2023 00:00,BS,0,0,
24/10/2023 00:00,BZ,0,0,
24/10/2023 00:00,CCS,0,0,
24/10/2023 00:00,CAD,1835.4,30,
24/10/2023 00:00,CG,2940,22,
24/10/2023 00:00,CMI,248.85,17,
24/10/2023 00:00,COQ,1081.5,19,
24/10/2023 00:00,EC,0,0,
24/10/2023 00:00,EG,0,0,
24/10/2023 00:00,ER,0,0,
24/10/2023 00:00,SFR,0,0,
24/10/2023 00:00,GAE,3188.85,23,
24/10/2023 00:00,GUT,0,0,
24/10/2023 00:00,IQ,0,0,
24/10/2023 00:00,LH,0,0,
24/10/2023 00:00,MIX,919.8,8,
24/10/2023 00:00,PE,0,0,
24/10/2023 00:00,SG,0,0,
24/10/2023 00:00,TOD,1296.75,12,
24/10/2023 00:00,TIN,1218,2,
24/10/2023 00:00,TOR,178.5,6,
24/10/2023 00:00,TOTO,1021.65,5,
24/10/2023 00:00,KFC,1.05,4,
24/10/2023 00:00,WSK,874.65,2,
24/10/2023 00:00,US,0,0,
24/10/2023 00:00,VE,0,0,
24/10/2023 00:00,VIN,355.95,1,
24/10/2023 00:00,WE,0,0,
25/10/2023 00:00,,0,0,
25/10/2023 00:00,,0,0,
25/10/2023 00:00,AUN,0,0,
25/10/2023 00:00,BNR,0,0,
25/10/2023 00:00,BIR,1971.9,8,
25/10/2023 00:00,BS,0,0,
25/10/2023 00:00,BZ,0,0,
25/10/2023 00:00,CCS,0,0,
25/10/2023 00:00,CAD,1819.65,29,
25/10/2023 00:00,CG,2701.65,22,
25/10/2023 00:00,CMI,248.85,17,
25/10/2023 00:00,COQ,1081.5,20,
25/10/2023 00:00,EC,0,0,
25/10/2023 00:00,EG,0,0,
25/10/2023 00:00,ER,0,0,
25/10/2023 00:00,SFR,0,0,
25/10/2023 00:00,GAE,2866.5,23,
25/10/2023 00:00,GUT,0,0,
25/10/2023 00:00,IQ,0,0,
25/10/2023 00:00,LH,0,0,
25/10/2023 00:00,MIX,919.8,8,
25/10/2023 00:00,PE,0,0,
25/10/2023 00:00,SG,0,0,
25/10/2023 00:00,TOD,1296.75,12,
25/10/2023 00:00,TIN,1218,2,
25/10/2023 00:00,TOR,178.5,6,
25/10/2023 00:00,TOTO,1021.65,5,
25/10/2023 00:00,KFC,0,0,
25/10/2023 00:00,WSK,874.65,2,
25/10/2023 00:00,US,0,0,
25/10/2023 00:00,VE,0,0,
25/10/2023 00:00,VIN,355.95,1,
25/10/2023 00:00,WE,0,0,
26/10/2023 00:00,,0,0,
26/10/2023 00:00,,0,0,
26/10/2023 00:00,AUN,0,0,
26/10/2023 00:00,BNR,0,0,
26/10/2023 00:00,BIR,1970.85,7,
26/10/2023 00:00,BS,0,0,
26/10/2023 00:00,BZ,0,0,
26/10/2023 00:00,CCS,0,0,
26/10/2023 00:00,CAD,1780.8,28,
26/10/2023 00:00,CG,2733.15,23,
26/10/2023 00:00,CMI,292.95,17,
26/10/2023 00:00,COQ,1081.5,20,
26/10/2023 00:00,EC,0,0,
26/10/2023 00:00,EG,0,0,
26/10/2023 00:00,ER,0,0,
26/10/2023 00:00,SFR,0,0,
26/10/2023 00:00,GAE,3243.45,24,
26/10/2023 00:00,GUT,0,0,
26/10/2023 00:00,IQ,0,0,
26/10/2023 00:00,LH,0,0,
26/10/2023 00:00,MIX,919.8,7,
26/10/2023 00:00,PE,0,0,
26/10/2023 00:00,SG,0,0,
26/10/2023 00:00,TOD,1296.75,12,
26/10/2023 00:00,TIN,1218,2,
26/10/2023 00:00,TOR,178.5,6,
26/10/2023 00:00,TOTO,1021.65,5,
26/10/2023 00:00,KFC,0,0,
26/10/2023 00:00,WSK,874.65,2,
26/10/2023 00:00,US,0,0,
26/10/2023 00:00,VE,0,0,
26/10/2023 00:00,VIN,355.95,1,
26/10/2023 00:00,WE,0,0,
27/10/2023 00:00,,0,0,
27/10/2023 00:00,,0,0,
27/10/2023 00:00,AUN,0,0,
27/10/2023 00:00,BNR,0,0,
27/10/2023 00:00,BIR,1890,7,
27/10/2023 00:00,BS,0,0,
27/10/2023 00:00,BZ,0,0,
27/10/2023 00:00,CCS,0,0,
27/10/2023 00:00,CAD,1787.1,30,
27/10/2023 00:00,CG,2325.75,22,
27/10/2023 00:00,CMI,248.85,17,
27/10/2023 00:00,COQ,1081.5,20,
27/10/2023 00:00,EC,0,0,
27/10/2023 00:00,EG,0,0,
27/10/2023 00:00,ER,0,0,
27/10/2023 00:00,SFR,0,0,
27/10/2023 00:00,GAE,3219.3,25,
27/10/2023 00:00,GUT,0,0,
27/10/2023 00:00,IQ,0,0,
27/10/2023 00:00,LH,0,0,
27/10/2023 00:00,MIX,919.8,7,
27/10/2023 00:00,PE,0,0,
27/10/2023 00:00,SG,0,0,
27/10/2023 00:00,TOD,1608.6,11,
27/10/2023 00:00,TIN,1218,2,
27/10/2023 00:00,TOR,178.5,6,
27/10/2023 00:00,TOTO,1021.65,5,
27/10/2023 00:00,KFC,0,0,
27/10/2023 00:00,WSK,874.65,2,
27/10/2023 00:00,US,0,0,
27/10/2023 00:00,VE,0,0,
27/10/2023 00:00,VIN,355.95,1,
27/10/2023 00:00,WE,0,0,
28/10/2023 00:00,,0,0,
28/10/2023 00:00,,0,0,
28/10/2023 00:00,AUN,0,0,
28/10/2023 00:00,BNR,0,0,
28/10/2023 00:00,BIR,1890,7,
28/10/2023 00:00,BS,0,0,
28/10/2023 00:00,BZ,0,0,
28/10/2023 00:00,CCS,0,0,
28/10/2023 00:00,CAD,1818.6,30,
28/10/2023 00:00,CG,2453.85,22,
28/10/2023 00:00,CMI,248.85,17,
28/10/2023 00:00,COQ,1093.05,20,
28/10/2023 00:00,EC,0,0,
28/10/2023 00:00,EG,0,0,
28/10/2023 00:00,ER,0,0,
28/10/2023 00:00,SFR,0,0,
28/10/2023 00:00,GAE,3134.25,24,
28/10/2023 00:00,GUT,0,0,
28/10/2023 00:00,IQ,0,0,
28/10/2023 00:00,LH,0,0,
28/10/2023 00:00,MIX,919.8,7,
28/10/2023 00:00,PE,0,0,
28/10/2023 00:00,SG,0,0,
28/10/2023 00:00,TOD,1218,11,
28/10/2023 00:00,TIN,1218,2,
28/10/2023 00:00,TOR,178.5,6,
28/10/2023 00:00,TOTO,1021.65,5,
28/10/2023 00:00,KFC,0,1,
28/10/2023 00:00,WSK,874.65,2,
28/10/2023 00:00,US,0,0,
28/10/2023 00:00,VE,0,0,
28/10/2023 00:00,VIN,355.95,1,
28/10/2023 00:00,WE,0,0,
29/10/2023 00:00,,0,0,
29/10/2023 00:00,,0,0,
29/10/2023 00:00,AUN,0,0,
29/10/2023 00:00,BNR,0,0,
29/10/2023 00:00,BIR,1890,7,
29/10/2023 00:00,BS,0,0,
29/10/2023 00:00,BZ,0,0,
29/10/2023 00:00,CCS,0,0,
29/10/2023 00:00,CAD,1871.1,30,
29/10/2023 00:00,CG,1865.85,18,
29/10/2023 00:00,CMI,703.5,18,
29/10/2023 00:00,COQ,1088.85,20,
29/10/2023 00:00,EC,0,0,
29/10/2023 00:00,EG,0,0,
29/10/2023 00:00,ER,0,0,
29/10/2023 00:00,SFR,0,0,
29/10/2023 00:00,GAE,3681.3,25,
29/10/2023 00:00,GUT,0,0,
29/10/2023 00:00,IQ,0,0,
29/10/2023 00:00,LH,0,0,
29/10/2023 00:00,MIX,919.8,7,
29/10/2023 00:00,PE,0,0,
29/10/2023 00:00,SG,0,0,
29/10/2023 00:00,TOD,1218,11,
29/10/2023 00:00,TIN,1218,2,
29/10/2023 00:00,TOR,178.5,6,
29/10/2023 00:00,TOTO,1021.65,5,
29/10/2023 00:00,KFC,0,0,
29/10/2023 00:00,WSK,874.65,2,
29/10/2023 00:00,US,0,0,
29/10/2023 00:00,VE,0,0,
29/10/2023 00:00,VIN,355.95,1,
29/10/2023 00:00,WE,0,0,
30/10/2023 00:00,,0,0,
30/10/2023 00:00,,0,0,
30/10/2023 00:00,AUN,0,0,
30/10/2023 00:00,BNR,0,0,
30/10/2023 00:00,BIR,1890,7,
30/10/2023 00:00,BS,0,0,
30/10/2023 00:00,BZ,0,0,
30/10/2023 00:00,CCS,0,0,
30/10/2023 00:00,CAD,1849.05,30,
30/10/2023 00:00,CG,2280.6,23,
30/10/2023 00:00,CMI,270.9,17,
30/10/2023 00:00,COQ,1081.5,20,
30/10/2023 00:00,EC,0,0,
30/10/2023 00:00,EG,0,0,
30/10/2023 00:00,ER,0,0,
30/10/2023 00:00,SFR,0,0,
30/10/2023 00:00,GAE,3735.9,24,
30/10/2023 00:00,GUT,0,0,
30/10/2023 00:00,IQ,0,0,
30/10/2023 00:00,LH,0,0,
30/10/2023 00:00,MIX,952.35,7,
30/10/2023 00:00,PE,0,0,
30/10/2023 00:00,SG,0,0,
30/10/2023 00:00,TOD,1218,11,
30/10/2023 00:00,TIN,1218,2,
30/10/2023 00:00,TOR,178.5,6,
30/10/2023 00:00,TOTO,1021.65,5,
30/10/2023 00:00,KFC,1.05,2,
30/10/2023 00:00,WSK,874.65,2,
30/10/2023 00:00,US,0,0,
30/10/2023 00:00,VE,0,0,
30/10/2023 00:00,VIN,355.95,1,
30/10/2023 00:00,WE,0,0,
31/10/2023 00:00,,0,0,
31/10/2023 00:00,,0,0,
31/10/2023 00:00,AUN,0,0,
31/10/2023 00:00,BNR,0,0,
31/10/2023 00:00,BIR,1890,7,
31/10/2023 00:00,BS,0,0,
31/10/2023 00:00,BZ,0,0,
31/10/2023 00:00,CCS,0,0,
31/10/2023 00:00,CAD,1842.75,29,
31/10/2023 00:00,CG,2392.95,22,
31/10/2023 00:00,CMI,248.85,17,
31/10/2023 00:00,COQ,1101.45,20,
31/10/2023 00:00,EC,0,0,
31/10/2023 00:00,EG,0,0,
31/10/2023 00:00,ER,0,0,
31/10/2023 00:00,SFR,0,0,
31/10/2023 00:00,GAE,3655.05,24,
31/10/2023 00:00,GUT,0,0,
31/10/2023 00:00,IQ,0,0,
31/10/2023 00:00,LH,0,0,
31/10/2023 00:00,MIX,1012.2,8,
31/10/2023 00:00,PE,0,0,
31/10/2023 00:00,SG,0,0,
31/10/2023 00:00,TOD,1218,11,
31/10/2023 00:00,TIN,1218,2,
31/10/2023 00:00,TOR,178.5,6,
31/10/2023 00:00,TOTO,1021.65,5,
31/10/2023 00:00,KFC,1.05,2,
31/10/2023 00:00,WSK,922.95,2,
31/10/2023 00:00,US,0,0,
31/10/2023 00:00,VE,0,0,
31/10/2023 00:00,VIN,355.95,1,
31/10/2023 00:00,WE,0,0,
01/11/2023 00:00,,0,0,
01/11/2023 00:00,,0,0,
01/11/2023 00:00,AUN,0,0,
01/11/2023 00:00,BNR,0,0,
01/11/2023 00:00,BIR,2392.95,8,
01/11/2023 00:00,BS,0,0,
01/11/2023 00:00,BZ,0,0,
01/11/2023 00:00,CCS,0,0,
01/11/2023 00:00,CAD,1821.75,29,
01/11/2023 00:00,CG,2248.05,22,
01/11/2023 00:00,CMI,235.2,17,
01/11/2023 00:00,COQ,1081.5,22,
01/11/2023 00:00,EC,0,0,
01/11/2023 00:00,EG,0,0,
01/11/2023 00:00,ER,0,0,
01/11/2023 00:00,SFR,0,0,
01/11/2023 00:00,GAE,3645.6,23,
01/11/2023 00:00,GUT,0,0,
01/11/2023 00:00,IQ,0,0,
01/11/2023 00:00,LH,0,0,
01/11/2023 00:00,MIX,1025.85,8,
01/11/2023 00:00,PE,0,0,
01/11/2023 00:00,SG,0,0,
01/11/2023 00:00,TOD,1109.85,10,
01/11/2023 00:00,TIN,1218,2,
01/11/2023 00:00,TOR,178.5,6,
01/11/2023 00:00,TOTO,1021.65,5,
01/11/2023 00:00,KFC,1.05,2,
01/11/2023 00:00,WSK,928.2,2,
01/11/2023 00:00,US,0,0,
01/11/2023 00:00,VE,0,0,
01/11/2023 00:00,VIN,355.95,1,
01/11/2023 00:00,WE,0,0,
02/11/2023 00:00,,0,0,
02/11/2023 00:00,,0,0,
02/11/2023 00:00,AUN,0,0,
02/11/2023 00:00,BNR,0,0,
02/11/2023 00:00,BIR,2505.3,8,
02/11/2023 00:00,BS,0,0,
02/11/2023 00:00,BZ,0,0,
02/11/2023 00:00,CCS,0,0,
02/11/2023 00:00,CAD,1996.05,26,
02/11/2023 00:00,CG,2150.4,20,
02/11/2023 00:00,CMI,337.05,16,
02/11/2023 00:00,COQ,1081.5,20,
02/11/2023 00:00,EC,0,0,
02/11/2023 00:00,EG,0,0,
02/11/2023 00:00,ER,0,0,
02/11/2023 00:00,SFR,0,0,
02/11/2023 00:00,GAE,3637.2,23,
02/11/2023 00:00,GUT,0,0,
02/11/2023 00:00,IQ,0,0,
02/11/2023 00:00,LH,0,0,
02/11/2023 00:00,MIX,1021.65,8,
02/11/2023 00:00,PE,0,0,
02/11/2023 00:00,SG,0,0,
02/11/2023 00:00,TOD,1520.4,12,
02/11/2023 00:00,TIN,1218,2,
02/11/2023 00:00,TOR,178.5,6,
02/11/2023 00:00,TOTO,1021.65,5,
02/11/2023 00:00,KFC,1.05,2,
02/11/2023 00:00,WSK,937.65,4,
02/11/2023 00:00,US,0,0,
02/11/2023 00:00,VE,0,0,
02/11/2023 00:00,VIN,355.95,1,
02/11/2023 00:00,WE,0,0,
03/11/2023 00:00,,0,0,
03/11/2023 00:00,,0,0,
03/11/2023 00:00,AUN,0,0,
03/11/2023 00:00,BNR,0,0,
03/11/2023 00:00,BIR,2392.95,8,
03/11/2023 00:00,BS,0,0,
03/11/2023 00:00,BZ,0,0,
03/11/2023 00:00,CCS,0,0,
03/11/2023 00:00,CAD,2054.85,30,
03/11/2023 00:00,CG,1891.05,19,
03/11/2023 00:00,CMI,253.05,17,
03/11/2023 00:00,COQ,1081.5,22,
03/11/2023 00:00,EC,0,0,
03/11/2023 00:00,EG,0,0,
03/11/2023 00:00,ER,0,0,
03/11/2023 00:00,SFR,0,0,
03/11/2023 00:00,GAE,3605.7,22,
03/11/2023 00:00,GUT,0,0,
03/11/2023 00:00,IQ,0,0,
03/11/2023 00:00,LH,0,0,
03/11/2023 00:00,MIX,1012.2,8,
03/11/2023 00:00,PE,0,0,
03/11/2023 00:00,SG,0,0,
03/11/2023 00:00,TOD,1520.4,12,
03/11/2023 00:00,TIN,1218,2,
03/11/2023 00:00,TOR,178.5,6,
03/11/2023 00:00,TOTO,1021.65,5,
03/11/2023 00:00,KFC,1.05,2,
03/11/2023 00:00,WSK,1135.05,4,
03/11/2023 00:00,US,0,0,
03/11/2023 00:00,VE,0,0,
03/11/2023 00:00,VIN,355.95,1,
03/11/2023 00:00,WE,0,0,
04/11/2023 00:00,,0,0,
04/11/2023 00:00,,0,0,
04/11/2023 00:00,AUN,0,0,
04/11/2023 00:00,BNR,0,0,
04/11/2023 00:00,BIR,2357.25,7,
04/11/2023 00:00,BS,0,0,
04/11/2023 00:00,BZ,0,0,
04/11/2023 00:00,CCS,0,0,
04/11/2023 00:00,CAD,2003.4,30,
04/11/2023 00:00,CG,1891.05,19,
04/11/2023 00:00,CMI,204.75,17,
04/11/2023 00:00,COQ,1081.5,22,
04/11/2023 00:00,EC,0,0,
04/11/2023 00:00,EG,0,0,
04/11/2023 00:00,ER,0,0,
04/11/2023 00:00,SFR,0,0,
04/11/2023 00:00,GAE,3420.9,22,
04/11/2023 00:00,GUT,180.6,1,
04/11/2023 00:00,IQ,0,0,
04/11/2023 00:00,LH,0,0,
04/11/2023 00:00,MIX,1019.55,8,
04/11/2023 00:00,PE,0,0,
04/11/2023 00:00,SG,0,0,
04/11/2023 00:00,TOD,1520.4,12,
04/11/2023 00:00,TIN,1218,2,
04/11/2023 00:00,TOR,178.5,6,
04/11/2023 00:00,TOTO,1021.65,5,
04/11/2023 00:00,KFC,1.05,2,
04/11/2023 00:00,WSK,1167.6,5,
04/11/2023 00:00,US,0,0,
04/11/2023 00:00,VE,0,0,
04/11/2023 00:00,VIN,355.95,1,
04/11/2023 00:00,WE,0,0,
05/11/2023 00:00,,0,0,
05/11/2023 00:00,,0,0,
05/11/2023 00:00,AUN,0,0,
05/11/2023 00:00,BNR,0,0,
05/11/2023 00:00,BIR,1121.4,5,
05/11/2023 00:00,BS,0,0,
05/11/2023 00:00,BZ,0,0,
05/11/2023 00:00,CCS,0,0,
05/11/2023 00:00,CAD,1870.05,26,
05/11/2023 00:00,CG,1892.1,19,
05/11/2023 00:00,CMI,318.15,16,
05/11/2023 00:00,COQ,1081.5,22,
05/11/2023 00:00,EC,0,0,
05/11/2023 00:00,EG,0,0,
05/11/2023 00:00,ER,0,0,
05/11/2023 00:00,SFR,0,0,
05/11/2023 00:00,GAE,3398.85,23,
05/11/2023 00:00,GUT,179.55,1,
05/11/2023 00:00,IQ,0,0,
05/11/2023 00:00,LH,0,0,
05/11/2023 00:00,MIX,1023.75,8,
05/11/2023 00:00,PE,0,0,
05/11/2023 00:00,SG,0,0,
05/11/2023 00:00,TOD,1465.8,11,
05/11/2023 00:00,TIN,1218,2,
05/11/2023 00:00,TOR,178.5,6,
05/11/2023 00:00,TOTO,1021.65,5,
05/11/2023 00:00,KFC,1.05,2,
05/11/2023 00:00,WSK,1167.6,5,
05/11/2023 00:00,US,0,0,
05/11/2023 00:00,VE,0,0,
05/11/2023 00:00,VIN,355.95,1,
05/11/2023 00:00,WE,0,0,
06/11/2023 00:00,,0,0,
06/11/2023 00:00,,0,0,
06/11/2023 00:00,AUN,0,0,
06/11/2023 00:00,BNR,0,0,
06/11/2023 00:00,BIR,1835.4,7,
06/11/2023 00:00,BS,0,0,
06/11/2023 00:00,BZ,0,0,
06/11/2023 00:00,CCS,0,0,
06/11/2023 00:00,CAD,1832.25,30,
06/11/2023 00:00,CG,1893.15,20,
06/11/2023 00:00,CMI,543.9,17,
06/11/2023 00:00,COQ,1081.5,22,
06/11/2023 00:00,EC,0,0,
06/11/2023 00:00,EG,0,0,
06/11/2023 00:00,ER,0,0,
06/11/2023 00:00,SFR,0,0,
06/11/2023 00:00,GAE,3384.15,22,
06/11/2023 00:00,GUT,0,0,
06/11/2023 00:00,IQ,0,0,
06/11/2023 00:00,LH,0,0,
06/11/2023 00:00,MIX,1441.65,8,
06/11/2023 00:00,PE,0,0,
06/11/2023 00:00,SG,0,0,
06/11/2023 00:00,TOD,1390.2,11,
06/11/2023 00:00,TIN,1218,2,
06/11/2023 00:00,TOR,54.6,5,
06/11/2023 00:00,TOTO,1021.65,5,
06/11/2023 00:00,KFC,1.05,2,
06/11/2023 00:00,WSK,1170.75,6,
06/11/2023 00:00,US,0,0,
06/11/2023 00:00,VE,0,0,
06/11/2023 00:00,VIN,355.95,1,
06/11/2023 00:00,WE,0,0,
07/11/2023 00:00,,0,0,
07/11/2023 00:00,,0,0,
07/11/2023 00:00,AUN,0,0,
07/11/2023 00:00,BNR,0,0,
07/11/2023 00:00,BIR,1967.7,7,
07/11/2023 00:00,BS,0,0,
07/11/2023 00:00,BZ,0,0,
07/11/2023 00:00,CCS,0,0,
07/11/2023 00:00,CAD,2014.95,31,
07/11/2023 00:00,CG,1893.15,20,
07/11/2023 00:00,CMI,543.9,17,
07/11/2023 00:00,COQ,1081.5,22,
07/11/2023 00:00,EC,0,0,
07/11/2023 00:00,EG,0,0,
07/11/2023 00:00,ER,0,0,
07/11/2023 00:00,SFR,0,0,
07/11/2023 00:00,GAE,2817.15,20,
07/11/2023 00:00,GUT,0,0,
07/11/2023 00:00,IQ,0,0,
07/11/2023 00:00,LH,0,0,
07/11/2023 00:00,MIX,1026.9,8,
07/11/2023 00:00,PE,0,0,
07/11/2023 00:00,SG,0,0,
07/11/2023 00:00,TOD,1390.2,11,
07/11/2023 00:00,TIN,1218,2,
07/11/2023 00:00,TOR,54.6,5,
07/11/2023 00:00,TOTO,1021.65,5,
07/11/2023 00:00,KFC,1.05,4,
07/11/2023 00:00,WSK,1170.75,6,
07/11/2023 00:00,US,0,0,
07/11/2023 00:00,VE,0,0,
07/11/2023 00:00,VIN,355.95,1,
07/11/2023 00:00,WE,0,0,
08/11/2023 00:00,,0,0,
08/11/2023 00:00,,0,0,
08/11/2023 00:00,AUN,0,0,
08/11/2023 00:00,BNR,0,0,
08/11/2023 00:00,BIR,3946.95,8,
08/11/2023 00:00,BS,0,0,
08/11/2023 00:00,BZ,0,0,
08/11/2023 00:00,CCS,0,0,
08/11/2023 00:00,CAD,1935.15,31,
08/11/2023 00:00,CG,1893.15,20,
08/11/2023 00:00,CMI,543.9,17,
08/11/2023 00:00,COQ,1081.5,22,
08/11/2023 00:00,EC,0,0,
08/11/2023 00:00,EG,0,0,
08/11/2023 00:00,ER,0,0,
08/11/2023 00:00,SFR,0,0,
08/11/2023 00:00,GAE,3370.5,22,
08/11/2023 00:00,GUT,0,0,
08/11/2023 00:00,IQ,0,0,
08/11/2023 00:00,LH,0,0,
08/11/2023 00:00,MIX,1012.2,8,
08/11/2023 00:00,PE,0,0,
08/11/2023 00:00,SG,0,0,
08/11/2023 00:00,TOD,1390.2,11,
08/11/2023 00:00,TIN,1218,2,
08/11/2023 00:00,TOR,54.6,5,
08/11/2023 00:00,TOTO,1021.65,5,
08/11/2023 00:00,KFC,1.05,4,
08/11/2023 00:00,WSK,1170.75,6,
08/11/2023 00:00,US,0,0,
08/11/2023 00:00,VE,0,0,
08/11/2023 00:00,VIN,639.45,1,
08/11/2023 00:00,WE,0,0,
09/11/2023 00:00,,0,0,
09/11/2023 00:00,,0,0,
09/11/2023 00:00,AUN,0,0,
09/11/2023 00:00,BNR,0,0,
09/11/2023 00:00,BIR,3946.95,8,
09/11/2023 00:00,BS,0,0,
09/11/2023 00:00,BZ,0,0,
09/11/2023 00:00,CCS,0,0,
09/11/2023 00:00,CAD,1893.15,34,
09/11/2023 00:00,CG,1956.15,20,
09/11/2023 00:00,CMI,543.9,17,
09/11/2023 00:00,COQ,1081.5,22,
09/11/2023 00:00,EC,0,0,
09/11/2023 00:00,EG,0,0,
09/11/2023 00:00,ER,0,0,
09/11/2023 00:00,SFR,0,0,
09/11/2023 00:00,GAE,3269.7,20,
09/11/2023 00:00,GUT,0,0,
09/11/2023 00:00,IQ,0,0,
09/11/2023 00:00,LH,0,0,
09/11/2023 00:00,MIX,675.15,7,
09/11/2023 00:00,PE,0,0,
09/11/2023 00:00,SG,0,0,
09/11/2023 00:00,TOD,1390.2,11,
09/11/2023 00:00,TIN,1218,2,
09/11/2023 00:00,TOR,54.6,5,
09/11/2023 00:00,TOTO,1021.65,5,
09/11/2023 00:00,KFC,1.05,4,
09/11/2023 00:00,WSK,1170.75,6,
09/11/2023 00:00,US,0,0,
09/11/2023 00:00,VE,0,0,
09/11/2023 00:00,VIN,784.35,2,
09/11/2023 00:00,WE,0,0,
10/11/2023 00:00,,0,0,
10/11/2023 00:00,,0,0,
10/11/2023 00:00,AUN,0,0,
10/11/2023 00:00,BNR,0,0,
10/11/2023 00:00,BIR,3946.95,8,
10/11/2023 00:00,BS,0,0,
10/11/2023 00:00,BZ,0,0,
10/11/2023 00:00,CCS,0,0,
10/11/2023 00:00,CAD,1873.2,32,
10/11/2023 00:00,CG,1478.4,20,
10/11/2023 00:00,CMI,543.9,18,
10/11/2023 00:00,COQ,984.9,20,
10/11/2023 00:00,EC,0,0,
10/11/2023 00:00,EG,0,0,
10/11/2023 00:00,ER,0,0,
10/11/2023 00:00,SFR,0,0,
10/11/2023 00:00,GAE,3033.45,20,
10/11/2023 00:00,GUT,323.4,2,
10/11/2023 00:00,IQ,0,0,
10/11/2023 00:00,LH,0,0,
10/11/2023 00:00,MIX,496.65,7,
10/11/2023 00:00,PE,0,0,
10/11/2023 00:00,SG,0,0,
10/11/2023 00:00,TOD,1390.2,11,
10/11/2023 00:00,TIN,1218,2,
10/11/2023 00:00,TOR,54.6,5,
10/11/2023 00:00,TOTO,1038.45,5,
10/11/2023 00:00,KFC,1.05,4,
10/11/2023 00:00,WSK,1093.05,5,
10/11/2023 00:00,US,0,0,
10/11/2023 00:00,VE,0,0,
10/11/2023 00:00,VIN,577.5,1,
10/11/2023 00:00,WE,0,0,
11/11/2023 00:00,,0,0,
11/11/2023 00:00,,0,0,
11/11/2023 00:00,AUN,0,0,
11/11/2023 00:00,BNR,0,0,
11/11/2023 00:00,BIR,3946.95,8,
11/11/2023 00:00,BS,0,0,
11/11/2023 00:00,BZ,0,0,
11/11/2023 00:00,CCS,0,0,
11/11/2023 00:00,CAD,1921.5,30,
11/11/2023 00:00,CG,1419.6,20,
11/11/2023 00:00,CMI,543.9,18,
11/11/2023 00:00,COQ,984.9,20,
11/11/2023 00:00,EC,0,0,
11/11/2023 00:00,EG,0,0,
11/11/2023 00:00,ER,0,0,
11/11/2023 00:00,SFR,0,0,
11/11/2023 00:00,GAE,2279.55,17,
11/11/2023 00:00,GUT,323.4,2,
11/11/2023 00:00,IQ,0,0,
11/11/2023 00:00,LH,0,0,
11/11/2023 00:00,MIX,507.15,7,
11/11/2023 00:00,PE,0,0,
11/11/2023 00:00,SG,0,0,
11/11/2023 00:00,TOD,1390.2,11,
11/11/2023 00:00,TIN,1218,2,
11/11/2023 00:00,TOR,54.6,5,
11/11/2023 00:00,TOTO,1021.65,5,
11/11/2023 00:00,KFC,1.05,4,
11/11/2023 00:00,WSK,963.9,5,
11/11/2023 00:00,US,0,0,
11/11/2023 00:00,VE,0,0,
11/11/2023 00:00,VIN,428.4,1,
11/11/2023 00:00,WE,0,0,
12/11/2023 00:00,,0,0,
12/11/2023 00:00,,0,0,
12/11/2023 00:00,AUN,0,0,
12/11/2023 00:00,BNR,0,0,
12/11/2023 00:00,BIR,3946.95,8,
12/11/2023 00:00,BS,0,0,
12/11/2023 00:00,BZ,0,0,
12/11/2023 00:00,CCS,0,0,
12/11/2023 00:00,CAD,1747.2,30,
12/11/2023 00:00,CG,1495.2,22,
12/11/2023 00:00,CMI,543.9,18,
12/11/2023 00:00,COQ,984.9,20,
12/11/2023 00:00,EC,0,0,
12/11/2023 00:00,EG,0,0,
12/11/2023 00:00,ER,0,0,
12/11/2023 00:00,SFR,0,0,
12/11/2023 00:00,GAE,2843.4,19,
12/11/2023 00:00,GUT,323.4,2,
12/11/2023 00:00,IQ,0,0,
12/11/2023 00:00,LH,0,0,
12/11/2023 00:00,MIX,1182.3,6,
12/11/2023 00:00,PE,0,0,
12/11/2023 00:00,SG,0,0,
12/11/2023 00:00,TOD,1429.05,11,
12/11/2023 00:00,TIN,1218,2,
12/11/2023 00:00,TOR,54.6,5,
12/11/2023 00:00,TOTO,1250.55,6,
12/11/2023 00:00,KFC,1.05,4,
12/11/2023 00:00,WSK,963.9,5,
12/11/2023 00:00,US,0,0,
12/11/2023 00:00,VE,0,0,
12/11/2023 00:00,VIN,428.4,1,
12/11/2023 00:00,WE,0,0,
13/11/2023 00:00,,0,0,
13/11/2023 00:00,,0,0,
13/11/2023 00:00,AUN,0,0,
13/11/2023 00:00,BNR,0,0,
13/11/2023 00:00,BIR,3946.95,8,
13/11/2023 00:00,BS,0,0,
13/11/2023 00:00,BZ,0,0,
13/11/2023 00:00,CCS,0,0,
13/11/2023 00:00,CAD,1832.25,31,
13/11/2023 00:00,CG,1495.2,22,
13/11/2023 00:00,CMI,543.9,18,
13/11/2023 00:00,COQ,984.9,20,
13/11/2023 00:00,EC,0,0,
13/11/2023 00:00,EG,0,0,
13/11/2023 00:00,ER,0,0,
13/11/2023 00:00,SFR,0,0,
13/11/2023 00:00,GAE,2843.4,19,
13/11/2023 00:00,GUT,164.85,1,
13/11/2023 00:00,IQ,0,0,
13/11/2023 00:00,LH,0,0,
13/11/2023 00:00,MIX,522.9,6,
13/11/2023 00:00,PE,0,0,
13/11/2023 00:00,SG,0,0,
13/11/2023 00:00,TOD,1390.2,11,
13/11/2023 00:00,TIN,1218,2,
13/11/2023 00:00,TOR,54.6,5,
13/11/2023 00:00,TOTO,1250.55,6,
13/11/2023 00:00,KFC,1.05,2,
13/11/2023 00:00,WSK,962.85,4,
13/11/2023 00:00,US,0,0,
13/11/2023 00:00,VE,0,0,
13/11/2023 00:00,VIN,428.4,1,
13/11/2023 00:00,WE,0,0,
14/11/2023 00:00,,0,0,
14/11/2023 00:00,,0,0,
14/11/2023 00:00,AUN,0,0,
14/11/2023 00:00,BNR,0,0,
14/11/2023 00:00,BIR,3946.95,8,
14/11/2023 00:00,BS,0,0,
14/11/2023 00:00,BZ,0,0,
14/11/2023 00:00,CCS,0,0,
14/11/2023 00:00,CAD,1791.3,31,
14/11/2023 00:00,CG,1530.9,23,
14/11/2023 00:00,CMI,543.9,18,
14/11/2023 00:00,COQ,984.9,20,
14/11/2023 00:00,EC,0,0,
14/11/2023 00:00,EG,0,0,
14/11/2023 00:00,ER,0,0,
14/11/2023 00:00,SFR,0,0,
14/11/2023 00:00,GAE,2843.4,19,
14/11/2023 00:00,GUT,137.55,1,
14/11/2023 00:00,IQ,0,0,
14/11/2023 00:00,LH,0,0,
14/11/2023 00:00,MIX,496.65,6,
14/11/2023 00:00,PE,0,0,
14/11/2023 00:00,SG,0,0,
14/11/2023 00:00,TOD,1390.2,11,
14/11/2023 00:00,TIN,1218,2,
14/11/2023 00:00,TOR,54.6,5,
14/11/2023 00:00,TOTO,1250.55,6,
14/11/2023 00:00,KFC,1.05,2,
14/11/2023 00:00,WSK,959.7,4,
14/11/2023 00:00,US,0,0,
14/11/2023 00:00,VE,0,0,
14/11/2023 00:00,VIN,428.4,1,
14/11/2023 00:00,WE,0,0,
15/11/2023 00:00,,0,0,
15/11/2023 00:00,,0,0,
15/11/2023 00:00,AUN,0,0,
15/11/2023 00:00,BNR,0,0,
15/11/2023 00:00,BIR,3946.95,8,
15/11/2023 00:00,BS,0,0,
15/11/2023 00:00,BZ,0,0,
15/11/2023 00:00,CCS,0,0,
15/11/2023 00:00,CAD,1789.2,30,
15/11/2023 00:00,CG,1328.25,20,
15/11/2023 00:00,CMI,543.9,18,
15/11/2023 00:00,COQ,998.55,19,
15/11/2023 00:00,EC,0,0,
15/11/2023 00:00,EG,0,0,
15/11/2023 00:00,ER,0,0,
15/11/2023 00:00,SFR,0,0,
15/11/2023 00:00,GAE,4062.45,22,
15/11/2023 00:00,GUT,0,0,
15/11/2023 00:00,IQ,0,0,
15/11/2023 00:00,LH,0,0,
15/11/2023 00:00,MIX,526.05,6,
15/11/2023 00:00,PE,0,0,
15/11/2023 00:00,SG,0,0,
15/11/2023 00:00,TOD,1390.2,11,
15/11/2023 00:00,TIN,1218,2,
15/11/2023 00:00,TOR,54.6,5,
15/11/2023 00:00,TOTO,1352.4,7,
15/11/2023 00:00,KFC,2.1,2,
15/11/2023 00:00,WSK,959.7,4,
15/11/2023 00:00,US,0,0,
15/11/2023 00:00,VE,0,0,
15/11/2023 00:00,VIN,428.4,1,
15/11/2023 00:00,WE,0,0,
16/11/2023 00:00,,0,0,
16/11/2023 00:00,,0,0,
16/11/2023 00:00,AUN,0,0,
16/11/2023 00:00,BNR,0,0,
16/11/2023 00:00,BIR,3946.95,8,
16/11/2023 00:00,BS,0,0,
16/11/2023 00:00,BZ,0,0,
16/11/2023 00:00,CCS,0,0,
16/11/2023 00:00,CAD,1756.65,29,
16/11/2023 00:00,CG,1274.7,22,
16/11/2023 00:00,CMI,543.9,19,
16/11/2023 00:00,COQ,984.9,19,
16/11/2023 00:00,EC,0,0,
16/11/2023 00:00,EG,0,0,
16/11/2023 00:00,ER,0,0,
16/11/2023 00:00,SFR,0,0,
16/11/2023 00:00,GAE,4044.6,19,
16/11/2023 00:00,GUT,0,0,
16/11/2023 00:00,IQ,0,0,
16/11/2023 00:00,LH,0,0,
16/11/2023 00:00,MIX,496.65,6,
16/11/2023 00:00,PE,0,0,
16/11/2023 00:00,SG,0,0,
16/11/2023 00:00,TOD,1390.2,11,
16/11/2023 00:00,TIN,1218,2,
16/11/2023 00:00,TOR,54.6,5,
16/11/2023 00:00,TOTO,1352.4,7,
16/11/2023 00:00,KFC,2.1,2,
16/11/2023 00:00,WSK,959.7,4,
16/11/2023 00:00,US,0,0,
16/11/2023 00:00,VE,0,0,
16/11/2023 00:00,VIN,428.4,1,
16/11/2023 00:00,WE,0,0,
17/11/2023 00:00,,0,0,
17/11/2023 00:00,,0,0,
17/11/2023 00:00,AUN,0,0,
17/11/2023 00:00,BNR,0,0,
17/11/2023 00:00,BIR,3946.95,8,
17/11/2023 00:00,BS,0,0,
17/11/2023 00:00,BZ,0,0,
17/11/2023 00:00,CCS,0,0,
17/11/2023 00:00,CAD,1757.7,30,
17/11/2023 00:00,CG,1319.85,23,
17/11/2023 00:00,CMI,543.9,19,
17/11/2023 00:00,COQ,984.9,19,
17/11/2023 00:00,EC,0,0,
17/11/2023 00:00,EG,0,0,
17/11/2023 00:00,ER,0,0,
17/11/2023 00:00,SFR,0,0,
17/11/2023 00:00,GAE,3922.8,20,
17/11/2023 00:00,GUT,0,0,
17/11/2023 00:00,IQ,0,0,
17/11/2023 00:00,LH,0,0,
17/11/2023 00:00,MIX,510.3,6,
17/11/2023 00:00,PE,0,0,
17/11/2023 00:00,SG,0,0,
17/11/2023 00:00,TOD,1390.2,11,
17/11/2023 00:00,TIN,1218,2,
17/11/2023 00:00,TOR,54.6,5,
17/11/2023 00:00,TOTO,1218,6,
17/11/2023 00:00,KFC,2.1,1,
17/11/2023 00:00,WSK,959.7,4,
17/11/2023 00:00,US,0,0,
17/11/2023 00:00,VE,0,0,
17/11/2023 00:00,VIN,428.4,1,
17/11/2023 00:00,WE,0,0,
18/11/2023 00:00,,0,0,
18/11/2023 00:00,,0,0,
18/11/2023 00:00,AUN,0,0,
18/11/2023 00:00,BNR,0,0,
18/11/2023 00:00,BIR,3946.95,8,
18/11/2023 00:00,BS,0,0,
18/11/2023 00:00,BZ,0,0,
18/11/2023 00:00,CCS,0,0,
18/11/2023 00:00,CAD,1735.65,26,
18/11/2023 00:00,CG,1693.65,23,
18/11/2023 00:00,CMI,543.9,19,
18/11/2023 00:00,COQ,984.9,19,
18/11/2023 00:00,EC,0,0,
18/11/2023 00:00,EG,0,0,
18/11/2023 00:00,ER,0,0,
18/11/2023 00:00,SFR,0,0,
18/11/2023 00:00,GAE,3081.75,19,
18/11/2023 00:00,GUT,0,0,
18/11/2023 00:00,IQ,0,0,
18/11/2023 00:00,LH,0,0,
18/11/2023 00:00,MIX,534.45,6,
18/11/2023 00:00,PE,0,0,
18/11/2023 00:00,SG,0,0,
18/11/2023 00:00,TOD,1621.2,11,
18/11/2023 00:00,TIN,1218,2,
18/11/2023 00:00,TOR,54.6,5,
18/11/2023 00:00,TOTO,1218,6,
18/11/2023 00:00,KFC,1.05,1,
18/11/2023 00:00,WSK,959.7,4,
18/11/2023 00:00,US,0,0,
18/11/2023 00:00,VE,0,0,
18/11/2023 00:00,VIN,428.4,1,
18/11/2023 00:00,WE,0,0,
19/11/2023 00:00,,0,0,
19/11/2023 00:00,,0,0,
19/11/2023 00:00,AUN,0,0,
19/11/2023 00:00,BNR,0,0,
19/11/2023 00:00,BIR,3946.95,8,
19/11/2023 00:00,BS,0,0,
19/11/2023 00:00,BZ,0,0,
19/11/2023 00:00,CCS,0,0,
19/11/2023 00:00,CAD,1666.35,26,
19/11/2023 00:00,CG,1348.2,23,
19/11/2023 00:00,CMI,543.9,19,
19/11/2023 00:00,COQ,988.05,19,
19/11/2023 00:00,EC,0,0,
19/11/2023 00:00,EG,0,0,
19/11/2023 00:00,ER,0,0,
19/11/2023 00:00,SFR,0,0,
19/11/2023 00:00,GAE,4372.2,23,
19/11/2023 00:00,GUT,0,0,
19/11/2023 00:00,IQ,0,0,
19/11/2023 00:00,LH,0,0,
19/11/2023 00:00,MIX,496.65,6,
19/11/2023 00:00,PE,0,0,
19/11/2023 00:00,SG,0,0,
19/11/2023 00:00,TOD,1621.2,11,
19/11/2023 00:00,TIN,1218,2,
19/11/2023 00:00,TOR,54.6,5,
19/11/2023 00:00,TOTO,1218,6,
19/11/2023 00:00,KFC,1.05,2,
19/11/2023 00:00,WSK,959.7,4,
19/11/2023 00:00,US,0,0,
19/11/2023 00:00,VE,0,0,
19/11/2023 00:00,VIN,428.4,1,
19/11/2023 00:00,WE,0,0,
20/11/2023 00:00,,0,0,
20/11/2023 00:00,,0,0,
20/11/2023 00:00,AUN,0,0,
20/11/2023 00:00,BNR,0,0,
20/11/2023 00:00,BIR,3946.95,8,
20/11/2023 00:00,BS,0,0,
20/11/2023 00:00,BZ,0,0,
20/11/2023 00:00,CCS,0,0,
20/11/2023 00:00,CAD,1676.85,25,
20/11/2023 00:00,CG,1307.25,23,
20/11/2023 00:00,CMI,543.9,19,
20/11/2023 00:00,COQ,987,20,
20/11/2023 00:00,EC,0,0,
20/11/2023 00:00,EG,0,0,
20/11/2023 00:00,ER,0,0,
20/11/2023 00:00,SFR,0,0,
20/11/2023 00:00,GAE,4372.2,23,
20/11/2023 00:00,GUT,0,0,
20/11/2023 00:00,IQ,0,0,
20/11/2023 00:00,LH,0,0,
20/11/2023 00:00,MIX,510.3,6,
20/11/2023 00:00,PE,0,0,
20/11/2023 00:00,SG,0,0,
20/11/2023 00:00,TOD,1821.75,11,
20/11/2023 00:00,TIN,1218,2,
20/11/2023 00:00,TOR,70.35,6,
20/11/2023 00:00,TOTO,1218,6,
20/11/2023 00:00,KFC,1.05,2,
20/11/2023 00:00,WSK,975.45,4,
20/11/2023 00:00,US,0,0,
20/11/2023 00:00,VE,0,0,
20/11/2023 00:00,VIN,428.4,1,
20/11/2023 00:00,WE,0,0,
21/11/2023 00:00,,0,0,
21/11/2023 00:00,,0,0,
21/11/2023 00:00,AUN,0,0,
21/11/2023 00:00,BNR,0,0,
21/11/2023 00:00,BIR,3946.95,8,
21/11/2023 00:00,BS,0,0,
21/11/2023 00:00,BZ,0,0,
21/11/2023 00:00,CCS,0,0,
21/11/2023 00:00,CAD,1655.85,26,
21/11/2023 00:00,CG,1305.15,23,
21/11/2023 00:00,CMI,492.45,18,
21/11/2023 00:00,COQ,987,20,
21/11/2023 00:00,EC,0,0,
21/11/2023 00:00,EG,0,0,
21/11/2023 00:00,ER,0,0,
21/11/2023 00:00,SFR,0,0,
21/11/2023 00:00,GAE,4326,22,
21/11/2023 00:00,GUT,0,0,
21/11/2023 00:00,IQ,0,0,
21/11/2023 00:00,LH,0,0,
21/11/2023 00:00,MIX,496.65,6,
21/11/2023 00:00,PE,0,0,
21/11/2023 00:00,SG,0,0,
21/11/2023 00:00,TOD,1563.45,11,
21/11/2023 00:00,TIN,1218,2,
21/11/2023 00:00,TOR,89.25,6,
21/11/2023 00:00,TOTO,1218,6,
21/11/2023 00:00,KFC,1.05,2,
21/11/2023 00:00,WSK,1184.4,4,
21/11/2023 00:00,US,0,0,
21/11/2023 00:00,VE,0,0,
21/11/2023 00:00,VIN,428.4,1,
21/11/2023 00:00,WE,0,0,
22/11/2023 00:00,,0,0,
22/11/2023 00:00,,0,0,
22/11/2023 00:00,AUN,0,0,
22/11/2023 00:00,BNR,0,0,
22/11/2023 00:00,BIR,3946.95,8,
22/11/2023 00:00,BS,0,0,
22/11/2023 00:00,BZ,0,0,
22/11/2023 00:00,CCS,0,0,
22/11/2023 00:00,CAD,1686.3,28,
22/11/2023 00:00,CG,1567.65,25,
22/11/2023 00:00,CMI,492.45,18,
22/11/2023 00:00,COQ,987,20,
22/11/2023 00:00,EC,0,0,
22/11/2023 00:00,EG,0,0,
22/11/2023 00:00,ER,0,0,
22/11/2023 00:00,SFR,0,0,
22/11/2023 00:00,GAE,4372.2,23,
22/11/2023 00:00,GUT,0,0,
22/11/2023 00:00,IQ,0,0,
22/11/2023 00:00,LH,0,0,
22/11/2023 00:00,MIX,528.15,5,
22/11/2023 00:00,PE,0,0,
22/11/2023 00:00,SG,0,0,
22/11/2023 00:00,TOD,1851.15,12,
22/11/2023 00:00,TIN,1218,2,
22/11/2023 00:00,TOR,103.95,7,
22/11/2023 00:00,TOTO,1218,6,
22/11/2023 00:00,KFC,1.05,4,
22/11/2023 00:00,WSK,1215.9,5,
22/11/2023 00:00,US,0,0,
22/11/2023 00:00,VE,0,0,
22/11/2023 00:00,VIN,428.4,1,
22/11/2023 00:00,WE,0,0,
23/11/2023 00:00,,0,0,
23/11/2023 00:00,,0,0,
23/11/2023 00:00,AUN,0,0,
23/11/2023 00:00,BNR,0,0,
23/11/2023 00:00,BIR,3946.95,8,
23/11/2023 00:00,BS,0,0,
23/11/2023 00:00,BZ,0,0,
23/11/2023 00:00,CCS,0,0,
23/11/2023 00:00,CAD,1580.25,17,
23/11/2023 00:00,CG,1457.4,24,
23/11/2023 00:00,CMI,563.85,19,
23/11/2023 00:00,COQ,987,20,
23/11/2023 00:00,EC,0,0,
23/11/2023 00:00,EG,0,0,
23/11/2023 00:00,ER,0,0,
23/11/2023 00:00,SFR,0,0,
23/11/2023 00:00,GAE,4633.65,23,
23/11/2023 00:00,GUT,0,0,
23/11/2023 00:00,IQ,0,0,
23/11/2023 00:00,LH,0,0,
23/11/2023 00:00,MIX,514.5,5,
23/11/2023 00:00,PE,0,0,
23/11/2023 00:00,SG,0,0,
23/11/2023 00:00,TOD,1584.45,10,
23/11/2023 00:00,TIN,1218,2,
23/11/2023 00:00,TOR,103.95,7,
23/11/2023 00:00,TOTO,1218,6,
23/11/2023 00:00,KFC,1.05,4,
23/11/2023 00:00,WSK,1246.35,6,
23/11/2023 00:00,US,0,0,
23/11/2023 00:00,VE,0,0,
23/11/2023 00:00,VIN,428.4,1,
23/11/2023 00:00,WE,0,0,
24/11/2023 00:00,,0,0,
24/11/2023 00:00,,0,0,
24/11/2023 00:00,AUN,0,0,
24/11/2023 00:00,BNR,0,0,
24/11/2023 00:00,BIR,3946.95,8,
24/11/2023 00:00,BS,0,0,
24/11/2023 00:00,BZ,0,0,
24/11/2023 00:00,CCS,0,0,
24/11/2023 00:00,CAD,962.85,14,
24/11/2023 00:00,CG,1348.2,24,
24/11/2023 00:00,CMI,438.9,17,
24/11/2023 00:00,COQ,987,20,
24/11/2023 00:00,EC,0,0,
24/11/2023 00:00,EG,0,0,
24/11/2023 00:00,ER,0,0,
24/11/2023 00:00,SFR,0,0,
24/11/2023 00:00,GAE,4612.65,23,
24/11/2023 00:00,GUT,0,0,
24/11/2023 00:00,IQ,0,0,
24/11/2023 00:00,LH,0,0,
24/11/2023 00:00,MIX,506.1,6,
24/11/2023 00:00,PE,0,0,
24/11/2023 00:00,SG,0,0,
24/11/2023 00:00,TOD,1390.2,11,
24/11/2023 00:00,TIN,1218,2,
24/11/2023 00:00,TOR,103.95,7,
24/11/2023 00:00,TOTO,1218,6,
24/11/2023 00:00,KFC,1.05,4,
24/11/2023 00:00,WSK,1246.35,6,
24/11/2023 00:00,US,0,0,
24/11/2023 00:00,VE,0,0,
24/11/2023 00:00,VIN,428.4,1,
24/11/2023 00:00,WE,0,0,
25/11/2023 00:00,,0,0,
25/11/2023 00:00,,0,0,
25/11/2023 00:00,AUN,0,0,
25/11/2023 00:00,BNR,0,0,
25/11/2023 00:00,BIR,3946.95,8,
25/11/2023 00:00,BS,0,0,
25/11/2023 00:00,BZ,0,0,
25/11/2023 00:00,CCS,0,0,
25/11/2023 00:00,CAD,667.8,16,
25/11/2023 00:00,CG,1331.4,24,
25/11/2023 00:00,CMI,421.05,17,
25/11/2023 00:00,COQ,1020.6,22,
25/11/2023 00:00,EC,0,0,
25/11/2023 00:00,EG,0,0,
25/11/2023 00:00,ER,0,0,
25/11/2023 00:00,SFR,0,0,
25/11/2023 00:00,GAE,4602.15,23,
25/11/2023 00:00,GUT,0,0,
25/11/2023 00:00,IQ,0,0,
25/11/2023 00:00,LH,0,0,
25/11/2023 00:00,MIX,510.3,6,
25/11/2023 00:00,PE,0,0,
25/11/2023 00:00,SG,0,0,
25/11/2023 00:00,TOD,1390.2,11,
25/11/2023 00:00,TIN,1218,2,
25/11/2023 00:00,TOR,103.95,7,
25/11/2023 00:00,TOTO,1218,6,
25/11/2023 00:00,KFC,1.05,4,
25/11/2023 00:00,WSK,1246.35,6,
25/11/2023 00:00,US,0,0,
25/11/2023 00:00,VE,0,0,
25/11/2023 00:00,VIN,428.4,1,
25/11/2023 00:00,WE,0,0,
26/11/2023 00:00,,0,0,
26/11/2023 00:00,,0,0,
26/11/2023 00:00,AUN,0,0,
26/11/2023 00:00,BNR,0,0,
26/11/2023 00:00,BIR,3946.95,8,
26/11/2023 00:00,BS,0,0,
26/11/2023 00:00,BZ,0,0,
26/11/2023 00:00,CCS,0,0,
26/11/2023 00:00,CAD,745.5,17,
26/11/2023 00:00,CG,1348.2,24,
26/11/2023 00:00,CMI,421.05,17,
26/11/2023 00:00,COQ,1020.6,22,
26/11/2023 00:00,EC,0,0,
26/11/2023 00:00,EG,0,0,
26/11/2023 00:00,ER,0,0,
26/11/2023 00:00,SFR,0,0,
26/11/2023 00:00,GAE,4423.65,22,
26/11/2023 00:00,GUT,0,0,
26/11/2023 00:00,IQ,0,0,
26/11/2023 00:00,LH,0,0,
26/11/2023 00:00,MIX,507.15,6,
26/11/2023 00:00,PE,0,0,
26/11/2023 00:00,SG,0,0,
26/11/2023 00:00,TOD,1390.2,11,
26/11/2023 00:00,TIN,1218,2,
26/11/2023 00:00,TOR,103.95,7,
26/11/2023 00:00,TOTO,1341.9,6,
26/11/2023 00:00,KFC,1.05,1,
26/11/2023 00:00,WSK,1246.35,6,
26/11/2023 00:00,US,0,0,
26/11/2023 00:00,VE,0,0,
26/11/2023 00:00,VIN,428.4,1,
26/11/2023 00:00,WE,0,0,
27/11/2023 00:00,,0,0,
27/11/2023 00:00,,0,0,
27/11/2023 00:00,AUN,0,0,
27/11/2023 00:00,BNR,0,0,
27/11/2023 00:00,BIR,3944.85,7,
27/11/2023 00:00,BS,0,0,
27/11/2023 00:00,BZ,0,0,
27/11/2023 00:00,CCS,0,0,
27/11/2023 00:00,CAD,676.2,17,
27/11/2023 00:00,CG,1348.2,24,
27/11/2023 00:00,CMI,421.05,17,
27/11/2023 00:00,COQ,1020.6,23,
27/11/2023 00:00,EC,0,0,
27/11/2023 00:00,EG,0,0,
27/11/2023 00:00,ER,0,0,
27/11/2023 00:00,SFR,0,0,
27/11/2023 00:00,GAE,2648.1,19,
27/11/2023 00:00,GUT,0,0,
27/11/2023 00:00,IQ,0,0,
27/11/2023 00:00,LH,0,0,
27/11/2023 00:00,MIX,496.65,6,
27/11/2023 00:00,PE,0,0,
27/11/2023 00:00,SG,0,0,
27/11/2023 00:00,TOD,1782.9,11,
27/11/2023 00:00,TIN,1218,2,
27/11/2023 00:00,TOR,103.95,7,
27/11/2023 00:00,TOTO,1341.9,6,
27/11/2023 00:00,KFC,1.05,1,
27/11/2023 00:00,WSK,1246.35,6,
27/11/2023 00:00,US,0,0,
27/11/2023 00:00,VE,0,0,
27/11/2023 00:00,VIN,428.4,1,
27/11/2023 00:00,WE,0,0,
28/11/2023 00:00,,0,0,
28/11/2023 00:00,,0,0,
28/11/2023 00:00,AUN,0,0,
28/11/2023 00:00,BNR,0,0,
28/11/2023 00:00,BIR,3735.9,7,
28/11/2023 00:00,BS,0,0,
28/11/2023 00:00,BZ,0,0,
28/11/2023 00:00,CCS,0,0,
28/11/2023 00:00,CAD,706.65,17,
28/11/2023 00:00,CG,1348.2,24,
28/11/2023 00:00,CMI,421.05,17,
28/11/2023 00:00,COQ,1020.6,23,
28/11/2023 00:00,EC,0,0,
28/11/2023 00:00,EG,0,0,
28/11/2023 00:00,ER,0,0,
28/11/2023 00:00,SFR,0,0,
28/11/2023 00:00,GAE,3261.3,20,
28/11/2023 00:00,GUT,0,0,
28/11/2023 00:00,IQ,0,0,
28/11/2023 00:00,LH,0,0,
28/11/2023 00:00,MIX,496.65,6,
28/11/2023 00:00,PE,0,0,
28/11/2023 00:00,SG,0,0,
28/11/2023 00:00,TOD,1799.7,12,
28/11/2023 00:00,TIN,1218,2,
28/11/2023 00:00,TOR,103.95,7,
28/11/2023 00:00,TOTO,1341.9,6,
28/11/2023 00:00,KFC,1.05,1,
28/11/2023 00:00,WSK,1246.35,6,
28/11/2023 00:00,US,0,0,
28/11/2023 00:00,VE,0,0,
28/11/2023 00:00,VIN,428.4,1,
28/11/2023 00:00,WE,0,0,
29/11/2023 00:00,,0,0,
29/11/2023 00:00,,0,0,
29/11/2023 00:00,AUN,0,0,
29/11/2023 00:00,BNR,0,0,
29/11/2023 00:00,BIR,3735.9,7,
29/11/2023 00:00,BS,0,0,
29/11/2023 00:00,BZ,0,0,
29/11/2023 00:00,CCS,0,0,
29/11/2023 00:00,CAD,719.25,18,
29/11/2023 00:00,CG,1346.1,23,
29/11/2023 00:00,CMI,421.05,17,
29/11/2023 00:00,COQ,1020.6,23,
29/11/2023 00:00,EC,0,0,
29/11/2023 00:00,EG,0,0,
29/11/2023 00:00,ER,0,0,
29/11/2023 00:00,SFR,0,0,
29/11/2023 00:00,GAE,5320.35,26,
29/11/2023 00:00,GUT,0,0,
29/11/2023 00:00,IQ,0,0,
29/11/2023 00:00,LH,0,0,
29/11/2023 00:00,MIX,496.65,6,
29/11/2023 00:00,PE,0,0,
29/11/2023 00:00,SG,0,0,
29/11/2023 00:00,TOD,1799.7,12,
29/11/2023 00:00,TIN,1218,2,
29/11/2023 00:00,TOR,103.95,7,
29/11/2023 00:00,TOTO,1341.9,6,
29/11/2023 00:00,KFC,1.05,1,
29/11/2023 00:00,WSK,1246.35,6,
29/11/2023 00:00,US,0,0,
29/11/2023 00:00,VE,0,0,
29/11/2023 00:00,VIN,428.4,1,
29/11/2023 00:00,WE,0,0,
30/11/2023 00:00,,0,0,
30/11/2023 00:00,,0,0,
30/11/2023 00:00,AUN,0,0,
30/11/2023 00:00,BNR,0,0,
30/11/2023 00:00,BIR,3735.9,7,
30/11/2023 00:00,BS,0,0,
30/11/2023 00:00,BZ,0,0,
30/11/2023 00:00,CCS,0,0,
30/11/2023 00:00,CAD,780.15,19,
30/11/2023 00:00,CG,1335.6,24,
30/11/2023 00:00,CMI,421.05,17,
30/11/2023 00:00,COQ,1020.6,23,
30/11/2023 00:00,EC,0,0,
30/11/2023 00:00,EG,0,0,
30/11/2023 00:00,ER,0,0,
30/11/2023 00:00,SFR,0,0,
30/11/2023 00:00,GAE,4821.6,22,
30/11/2023 00:00,GUT,0,0,
30/11/2023 00:00,IQ,0,0,
30/11/2023 00:00,LH,0,0,
30/11/2023 00:00,MIX,496.65,6,
30/11/2023 00:00,PE,0,0,
30/11/2023 00:00,SG,0,0,
30/11/2023 00:00,TOD,1799.7,12,
30/11/2023 00:00,TIN,1218,2,
30/11/2023 00:00,TOR,103.95,7,
30/11/2023 00:00,TOTO,1341.9,6,
30/11/2023 00:00,KFC,1.05,1,
30/11/2023 00:00,WSK,1246.35,6,
30/11/2023 00:00,US,0,0,
30/11/2023 00:00,VE,0,0,
30/11/2023 00:00,VIN,428.4,1,
30/11/2023 00:00,WE,0,0,
01/12/2023 00:00,,0,0,
01/12/2023 00:00,,0,0,
01/12/2023 00:00,AUN,0,0,
01/12/2023 00:00,BNR,0,0,
01/12/2023 00:00,BIR,3735.9,7,
01/12/2023 00:00,BS,0,0,
01/12/2023 00:00,BZ,0,0,
01/12/2023 00:00,CCS,0,0,
01/12/2023 00:00,CAD,774.9,19,
01/12/2023 00:00,CG,1346.1,23,
01/12/2023 00:00,CMI,421.05,17,
01/12/2023 00:00,COQ,1020.6,23,
01/12/2023 00:00,EC,0,0,
01/12/2023 00:00,EG,0,0,
01/12/2023 00:00,ER,0,0,
01/12/2023 00:00,SFR,0,0,
01/12/2023 00:00,GAE,4492.95,23,
01/12/2023 00:00,GUT,0,0,
01/12/2023 00:00,IQ,0,0,
01/12/2023 00:00,LH,0,0,
01/12/2023 00:00,MIX,496.65,6,
01/12/2023 00:00,PE,0,0,
01/12/2023 00:00,SG,0,0,
01/12/2023 00:00,TOD,1799.7,12,
01/12/2023 00:00,TIN,1218,2,
01/12/2023 00:00,TOR,103.95,7,
01/12/2023 00:00,TOTO,1310.4,5,
01/12/2023 00:00,KFC,1.05,1,
01/12/2023 00:00,WSK,1246.35,6,
01/12/2023 00:00,US,0,0,
01/12/2023 00:00,VE,0,0,
01/12/2023 00:00,VIN,428.4,1,
01/12/2023 00:00,WE,0,0,
02/12/2023 00:00,,0,0,
02/12/2023 00:00,,0,0,
02/12/2023 00:00,AUN,0,0,
02/12/2023 00:00,BNR,0,0,
02/12/2023 00:00,BIR,3735.9,7,
02/12/2023 00:00,BS,0,0,
02/12/2023 00:00,BZ,0,0,
02/12/2023 00:00,CCS,0,0,
02/12/2023 00:00,CAD,901.95,20,
02/12/2023 00:00,CG,1346.1,23,
02/12/2023 00:00,CMI,421.05,17,
02/12/2023 00:00,COQ,1020.6,23,
02/12/2023 00:00,EC,0,0,
02/12/2023 00:00,EG,0,0,
02/12/2023 00:00,ER,0,0,
02/12/2023 00:00,SFR,0,0,
02/12/2023 00:00,GAE,4457.25,22,
02/12/2023 00:00,GUT,0,0,
02/12/2023 00:00,IQ,0,0,
02/12/2023 00:00,LH,0,0,
02/12/2023 00:00,MIX,496.65,6,
02/12/2023 00:00,PE,0,0,
02/12/2023 00:00,SG,0,0,
02/12/2023 00:00,TOD,1752.45,11,
02/12/2023 00:00,TIN,1218,2,
02/12/2023 00:00,TOR,115.5,7,
02/12/2023 00:00,TOTO,1310.4,5,
02/12/2023 00:00,KFC,1.05,1,
02/12/2023 00:00,WSK,1246.35,6,
02/12/2023 00:00,US,0,0,
02/12/2023 00:00,VE,0,0,
02/12/2023 00:00,VIN,0,0,
02/12/2023 00:00,WE,0,0,
03/12/2023 00:00,,0,0,
03/12/2023 00:00,,0,0,
03/12/2023 00:00,AUN,0,0,
03/12/2023 00:00,BNR,0,0,
03/12/2023 00:00,BIR,3735.9,7,
03/12/2023 00:00,BS,0,0,
03/12/2023 00:00,BZ,0,0,
03/12/2023 00:00,CCS,0,0,
03/12/2023 00:00,CAD,901.95,22,
03/12/2023 00:00,CG,1346.1,23,
03/12/2023 00:00,CMI,421.05,17,
03/12/2023 00:00,COQ,1020.6,23,
03/12/2023 00:00,EC,0,0,
03/12/2023 00:00,EG,0,0,
03/12/2023 00:00,ER,0,0,
03/12/2023 00:00,SFR,0,0,
03/12/2023 00:00,GAE,4532.85,24,
03/12/2023 00:00,GUT,0,0,
03/12/2023 00:00,IQ,0,0,
03/12/2023 00:00,LH,0,0,
03/12/2023 00:00,MIX,508.2,6,
03/12/2023 00:00,PE,0,0,
03/12/2023 00:00,SG,0,0,
03/12/2023 00:00,TOD,1510.95,11,
03/12/2023 00:00,TIN,1218,2,
03/12/2023 00:00,TOR,191.1,8,
03/12/2023 00:00,TOTO,1208.55,4,
03/12/2023 00:00,KFC,1.05,1,
03/12/2023 00:00,WSK,1246.35,6,
03/12/2023 00:00,US,0,0,
03/12/2023 00:00,VE,0,0,
03/12/2023 00:00,VIN,0,0,
03/12/2023 00:00,WE,0,0,
04/12/2023 00:00,,0,0,
04/12/2023 00:00,,0,0,
04/12/2023 00:00,AUN,0,0,
04/12/2023 00:00,BNR,0,0,
04/12/2023 00:00,BIR,3735.9,7,
04/12/2023 00:00,BS,0,0,
04/12/2023 00:00,BZ,0,0,
04/12/2023 00:00,CCS,0,0,
04/12/2023 00:00,CAD,932.4,26,
04/12/2023 00:00,CG,1329.3,23,
04/12/2023 00:00,CMI,421.05,17,
04/12/2023 00:00,COQ,1020.6,23,
04/12/2023 00:00,EC,0,0,
04/12/2023 00:00,EG,0,0,
04/12/2023 00:00,ER,0,0,
04/12/2023 00:00,SFR,0,0,
04/12/2023 00:00,GAE,4034.1,22,
04/12/2023 00:00,GUT,0,0,
04/12/2023 00:00,IQ,0,0,
04/12/2023 00:00,LH,0,0,
04/12/2023 00:00,MIX,509.25,6,
04/12/2023 00:00,PE,0,0,
04/12/2023 00:00,SG,0,0,
04/12/2023 00:00,TOD,1497.3,11,
04/12/2023 00:00,TIN,1218,2,
04/12/2023 00:00,TOR,182.7,7,
04/12/2023 00:00,TOTO,1208.55,4,
04/12/2023 00:00,KFC,0,0,
04/12/2023 00:00,WSK,1233.75,5,
04/12/2023 00:00,US,0,0,
04/12/2023 00:00,VE,0,0,
04/12/2023 00:00,VIN,0,0,
04/12/2023 00:00,WE,0,0,
05/12/2023 00:00,,0,0,
05/12/2023 00:00,,0,0,
05/12/2023 00:00,AUN,0,0,
05/12/2023 00:00,BNR,0,0,
05/12/2023 00:00,BIR,3735.9,7,
05/12/2023 00:00,BS,0,0,
05/12/2023 00:00,BZ,0,0,
05/12/2023 00:00,CCS,0,0,
05/12/2023 00:00,CAD,981.75,26,
05/12/2023 00:00,CG,1291.5,22,
05/12/2023 00:00,CMI,421.05,17,
05/12/2023 00:00,COQ,1020.6,23,
05/12/2023 00:00,EC,0,0,
05/12/2023 00:00,EG,0,0,
05/12/2023 00:00,ER,0,0,
05/12/2023 00:00,SFR,0,0,
05/12/2023 00:00,GAE,3258.15,23,
05/12/2023 00:00,GUT,0,0,
05/12/2023 00:00,IQ,0,0,
05/12/2023 00:00,LH,0,0,
05/12/2023 00:00,MIX,507.15,6,
05/12/2023 00:00,PE,0,0,
05/12/2023 00:00,SG,0,0,
05/12/2023 00:00,TOD,1497.3,11,
05/12/2023 00:00,TIN,1218,2,
05/12/2023 00:00,TOR,175.35,7,
05/12/2023 00:00,TOTO,1208.55,4,
05/12/2023 00:00,KFC,0,1,
05/12/2023 00:00,WSK,1230.6,4,
05/12/2023 00:00,US,0,0,
05/12/2023 00:00,VE,0,0,
05/12/2023 00:00,VIN,0,0,
05/12/2023 00:00,WE,0,0,
06/12/2023 00:00,,0,0,
06/12/2023 00:00,,0,0,
06/12/2023 00:00,AUN,0,0,
06/12/2023 00:00,BNR,0,0,
06/12/2023 00:00,BIR,3735.9,7,
06/12/2023 00:00,BS,0,0,
06/12/2023 00:00,BZ,0,0,
06/12/2023 00:00,CCS,0,0,
06/12/2023 00:00,CAD,1047.9,26,
06/12/2023 00:00,CG,1337.7,22,
06/12/2023 00:00,CMI,421.05,17,
06/12/2023 00:00,COQ,987,22,
06/12/2023 00:00,EC,0,0,
06/12/2023 00:00,EG,0,0,
06/12/2023 00:00,ER,0,0,
06/12/2023 00:00,SFR,0,0,
06/12/2023 00:00,GAE,3179.4,22,
06/12/2023 00:00,GUT,0,0,
06/12/2023 00:00,IQ,0,0,
06/12/2023 00:00,LH,0,0,
06/12/2023 00:00,MIX,504,6,
06/12/2023 00:00,PE,0,0,
06/12/2023 00:00,SG,0,0,
06/12/2023 00:00,TOD,1497.3,11,
06/12/2023 00:00,TIN,1218,2,
06/12/2023 00:00,TOR,175.35,7,
06/12/2023 00:00,TOTO,1207.5,2,
06/12/2023 00:00,KFC,0,1,
06/12/2023 00:00,WSK,1220.1,5,
06/12/2023 00:00,US,0,0,
06/12/2023 00:00,VE,0,0,
06/12/2023 00:00,VIN,0,0,
06/12/2023 00:00,WE,0,0,
07/12/2023 00:00,,0,0,
07/12/2023 00:00,,0,0,
07/12/2023 00:00,AUN,0,0,
07/12/2023 00:00,BNR,0,0,
07/12/2023 00:00,BIR,3735.9,7,
07/12/2023 00:00,BS,0,0,
07/12/2023 00:00,BZ,0,0,
07/12/2023 00:00,CCS,0,0,
07/12/2023 00:00,CAD,1024.8,26,
07/12/2023 00:00,CG,1230.6,22,
07/12/2023 00:00,CMI,421.05,17,
07/12/2023 00:00,COQ,987,22,
07/12/2023 00:00,EC,0,0,
07/12/2023 00:00,EG,0,0,
07/12/2023 00:00,ER,0,0,
07/12/2023 00:00,SFR,0,0,
07/12/2023 00:00,GAE,3386.25,22,
07/12/2023 00:00,GUT,0,0,
07/12/2023 00:00,IQ,0,0,
07/12/2023 00:00,LH,0,0,
07/12/2023 00:00,MIX,513.45,6,
07/12/2023 00:00,PE,0,0,
07/12/2023 00:00,SG,0,0,
07/12/2023 00:00,TOD,1497.3,11,
07/12/2023 00:00,TIN,1218,2,
07/12/2023 00:00,TOR,175.35,7,
07/12/2023 00:00,TOTO,1207.5,2,
07/12/2023 00:00,KFC,0,1,
07/12/2023 00:00,WSK,1220.1,5,
07/12/2023 00:00,US,0,0,
07/12/2023 00:00,VE,0,0,
07/12/2023 00:00,VIN,0,0,
07/12/2023 00:00,WE,0,0,
08/12/2023 00:00,,0,0,
08/12/2023 00:00,,0,0,
08/12/2023 00:00,AUN,0,0,
08/12/2023 00:00,BNR,0,0,
08/12/2023 00:00,BIR,3735.9,7,
08/12/2023 00:00,BS,0,0,
08/12/2023 00:00,BZ,0,0,
08/12/2023 00:00,CCS,0,0,
08/12/2023 00:00,CAD,1044.75,28,
08/12/2023 00:00,CG,1342.95,22,
08/12/2023 00:00,CMI,421.05,17,
08/12/2023 00:00,COQ,987,22,
08/12/2023 00:00,EC,0,0,
08/12/2023 00:00,EG,0,0,
08/12/2023 00:00,ER,0,0,
08/12/2023 00:00,SFR,0,0,
08/12/2023 00:00,GAE,3480.75,23,
08/12/2023 00:00,GUT,0,0,
08/12/2023 00:00,IQ,0,0,
08/12/2023 00:00,LH,0,0,
08/12/2023 00:00,MIX,489.3,5,
08/12/2023 00:00,PE,0,0,
08/12/2023 00:00,SG,0,0,
08/12/2023 00:00,TOD,1497.3,11,
08/12/2023 00:00,TIN,1218,2,
08/12/2023 00:00,TOR,175.35,7,
08/12/2023 00:00,TOTO,855.75,2,
08/12/2023 00:00,KFC,0,1,
08/12/2023 00:00,WSK,1220.1,5,
08/12/2023 00:00,US,0,0,
08/12/2023 00:00,VE,0,0,
08/12/2023 00:00,VIN,0,0,
08/12/2023 00:00,WE,0,0,
09/12/2023 00:00,,0,0,
09/12/2023 00:00,,0,0,
09/12/2023 00:00,AUN,0,0,
09/12/2023 00:00,BNR,0,0,
09/12/2023 00:00,BIR,3735.9,7,
09/12/2023 00:00,BS,0,0,
09/12/2023 00:00,BZ,0,0,
09/12/2023 00:00,CCS,0,0,
09/12/2023 00:00,CAD,1129.8,31,
09/12/2023 00:00,CG,1296.75,22,
09/12/2023 00:00,CMI,472.5,18,
09/12/2023 00:00,COQ,987,20,
09/12/2023 00:00,EC,0,0,
09/12/2023 00:00,EG,0,0,
09/12/2023 00:00,ER,0,0,
09/12/2023 00:00,SFR,0,0,
09/12/2023 00:00,GAE,3480.75,23,
09/12/2023 00:00,GUT,0,0,
09/12/2023 00:00,IQ,0,0,
09/12/2023 00:00,LH,0,0,
09/12/2023 00:00,MIX,449.4,5,
09/12/2023 00:00,PE,0,0,
09/12/2023 00:00,SG,0,0,
09/12/2023 00:00,TOD,1360.8,10,
09/12/2023 00:00,TIN,1218,2,
09/12/2023 00:00,TOR,175.35,7,
09/12/2023 00:00,TOTO,855.75,2,
09/12/2023 00:00,KFC,0,1,
09/12/2023 00:00,WSK,1220.1,5,
09/12/2023 00:00,US,0,0,
09/12/2023 00:00,VE,0,0,
09/12/2023 00:00,VIN,0,0,
09/12/2023 00:00,WE,0,0,
10/12/2023 00:00,,0,0,
10/12/2023 00:00,,0,0,
10/12/2023 00:00,AUN,0,0,
10/12/2023 00:00,BNR,0,0,
10/12/2023 00:00,BIR,3735.9,7,
10/12/2023 00:00,BS,0,0,
10/12/2023 00:00,BZ,0,0,
10/12/2023 00:00,CCS,0,0,
10/12/2023 00:00,CAD,1012.2,29,
10/12/2023 00:00,CG,2180.85,23,
10/12/2023 00:00,CMI,472.5,18,
10/12/2023 00:00,COQ,987,20,
10/12/2023 00:00,EC,0,0,
10/12/2023 00:00,EG,0,0,
10/12/2023 00:00,ER,0,0,
10/12/2023 00:00,SFR,0,0,
10/12/2023 00:00,GAE,3480.75,23,
10/12/2023 00:00,GUT,0,0,
10/12/2023 00:00,IQ,0,0,
10/12/2023 00:00,LH,0,0,
10/12/2023 00:00,MIX,459.9,5,
10/12/2023 00:00,PE,0,0,
10/12/2023 00:00,SG,0,0,
10/12/2023 00:00,TOD,1087.8,10,
10/12/2023 00:00,TIN,1218,2,
10/12/2023 00:00,TOR,175.35,8,
10/12/2023 00:00,TOTO,855.75,2,
10/12/2023 00:00,KFC,0,1,
10/12/2023 00:00,WSK,1220.1,5,
10/12/2023 00:00,US,0,0,
10/12/2023 00:00,VE,0,0,
10/12/2023 00:00,VIN,0,0,
10/12/2023 00:00,WE,0,0,
11/12/2023 00:00,,0,0,
11/12/2023 00:00,,0,0,
11/12/2023 00:00,AUN,0,0,
11/12/2023 00:00,BNR,0,0,
11/12/2023 00:00,BIR,2856,6,
11/12/2023 00:00,BS,0,0,
11/12/2023 00:00,BZ,0,0,
11/12/2023 00:00,CCS,0,0,
11/12/2023 00:00,CAD,1047.9,32,
11/12/2023 00:00,CG,2665.95,25,
11/12/2023 00:00,CMI,472.5,18,
11/12/2023 00:00,COQ,987,20,
11/12/2023 00:00,EC,0,0,
11/12/2023 00:00,EG,0,0,
11/12/2023 00:00,ER,0,0,
11/12/2023 00:00,SFR,0,0,
11/12/2023 00:00,GAE,3906,23,
11/12/2023 00:00,GUT,0,0,
11/12/2023 00:00,IQ,0,0,
11/12/2023 00:00,LH,0,0,
11/12/2023 00:00,MIX,459.9,5,
11/12/2023 00:00,PE,0,0,
11/12/2023 00:00,SG,0,0,
11/12/2023 00:00,TOD,1087.8,10,
11/12/2023 00:00,TIN,1218,2,
11/12/2023 00:00,TOR,175.35,8,
11/12/2023 00:00,TOTO,855.75,2,
11/12/2023 00:00,KFC,0,1,
11/12/2023 00:00,WSK,1220.1,5,
11/12/2023 00:00,US,0,0,
11/12/2023 00:00,VE,0,0,
11/12/2023 00:00,VIN,0,0,
11/12/2023 00:00,WE,0,0,
12/12/2023 00:00,,0,0,
12/12/2023 00:00,,0,0,
12/12/2023 00:00,AUN,0,0,
12/12/2023 00:00,BNR,0,0,
12/12/2023 00:00,BIR,1624.35,6,
12/12/2023 00:00,BS,0,0,
12/12/2023 00:00,BZ,0,0,
12/12/2023 00:00,CCS,0,0,
12/12/2023 00:00,CAD,1089.9,34,
12/12/2023 00:00,CG,2663.85,25,
12/12/2023 00:00,CMI,472.5,18,
12/12/2023 00:00,COQ,987,20,
12/12/2023 00:00,EC,0,0,
12/12/2023 00:00,EG,0,0,
12/12/2023 00:00,ER,0,0,
12/12/2023 00:00,SFR,0,0,
12/12/2023 00:00,GAE,3897.6,24,
12/12/2023 00:00,GUT,0,0,
12/12/2023 00:00,IQ,0,0,
12/12/2023 00:00,LH,0,0,
12/12/2023 00:00,MIX,463.05,5,
12/12/2023 00:00,PE,0,0,
12/12/2023 00:00,SG,0,0,
12/12/2023 00:00,TOD,1087.8,10,
12/12/2023 00:00,TIN,1218,2,
12/12/2023 00:00,TOR,175.35,7,
12/12/2023 00:00,TOTO,855.75,2,
12/12/2023 00:00,KFC,0,1,
12/12/2023 00:00,WSK,1220.1,5,
12/12/2023 00:00,US,0,0,
12/12/2023 00:00,VE,0,0,
12/12/2023 00:00,VIN,0,0,
12/12/2023 00:00,WE,0,0,
13/12/2023 00:00,,0,0,
13/12/2023 00:00,,0,0,
13/12/2023 00:00,AUN,0,0,
13/12/2023 00:00,BNR,0,0,
13/12/2023 00:00,BIR,1624.35,6,
13/12/2023 00:00,BS,0,0,
13/12/2023 00:00,BZ,0,0,
13/12/2023 00:00,CCS,0,0,
13/12/2023 00:00,CAD,1190.7,35,
13/12/2023 00:00,CG,2619.75,23,
13/12/2023 00:00,CMI,472.5,18,
13/12/2023 00:00,COQ,987,20,
13/12/2023 00:00,EC,0,0,
13/12/2023 00:00,EG,0,0,
13/12/2023 00:00,ER,0,0,
13/12/2023 00:00,SFR,0,0,
13/12/2023 00:00,GAE,3897.6,24,
13/12/2023 00:00,GUT,0,0,
13/12/2023 00:00,IQ,0,0,
13/12/2023 00:00,LH,0,0,
13/12/2023 00:00,MIX,724.5,6,
13/12/2023 00:00,PE,0,0,
13/12/2023 00:00,SG,0,0,
13/12/2023 00:00,TOD,1087.8,10,
13/12/2023 00:00,TIN,1218,2,
13/12/2023 00:00,TOR,198.45,8,
13/12/2023 00:00,TOTO,855.75,2,
13/12/2023 00:00,KFC,0,2,
13/12/2023 00:00,WSK,1220.1,5,
13/12/2023 00:00,US,0,0,
13/12/2023 00:00,VE,0,0,
13/12/2023 00:00,VIN,0,0,
13/12/2023 00:00,WE,0,0,
14/12/2023 00:00,,0,0,
14/12/2023 00:00,,0,0,
14/12/2023 00:00,AUN,0,0,
14/12/2023 00:00,BNR,0,0,
14/12/2023 00:00,BIR,1624.35,6,
14/12/2023 00:00,BS,0,0,
14/12/2023 00:00,BZ,0,0,
14/12/2023 00:00,CCS,0,0,
14/12/2023 00:00,CAD,1125.6,35,
14/12/2023 00:00,CG,2589.3,23,
14/12/2023 00:00,CMI,604.8,18,
14/12/2023 00:00,COQ,987,20,
14/12/2023 00:00,EC,0,0,
14/12/2023 00:00,EG,0,0,
14/12/2023 00:00,ER,0,0,
14/12/2023 00:00,SFR,0,0,
14/12/2023 00:00,GAE,3897.6,24,
14/12/2023 00:00,GUT,0,0,
14/12/2023 00:00,IQ,0,0,
14/12/2023 00:00,LH,0,0,
14/12/2023 00:00,MIX,731.85,6,
14/12/2023 00:00,PE,0,0,
14/12/2023 00:00,SG,0,0,
14/12/2023 00:00,TOD,1087.8,10,
14/12/2023 00:00,TIN,1218,2,
14/12/2023 00:00,TOR,276.15,10,
14/12/2023 00:00,TOTO,855.75,2,
14/12/2023 00:00,KFC,0,2,
14/12/2023 00:00,WSK,1220.1,5,
14/12/2023 00:00,US,0,0,
14/12/2023 00:00,VE,0,0,
14/12/2023 00:00,VIN,0,0,
14/12/2023 00:00,WE,0,0,
15/12/2023 00:00,,0,0,
15/12/2023 00:00,,0,0,
15/12/2023 00:00,AUN,0,0,
15/12/2023 00:00,BNR,0,0,
15/12/2023 00:00,BIR,1624.35,6,
15/12/2023 00:00,BS,0,0,
15/12/2023 00:00,BZ,0,0,
15/12/2023 00:00,CCS,0,0,
15/12/2023 00:00,CAD,1161.3,36,
15/12/2023 00:00,CG,2589.3,23,
15/12/2023 00:00,CMI,472.5,18,
15/12/2023 00:00,COQ,887.25,19,
15/12/2023 00:00,EC,0,0,
15/12/2023 00:00,EG,0,0,
15/12/2023 00:00,ER,0,0,
15/12/2023 00:00,SFR,0,0,
15/12/2023 00:00,GAE,3330.6,22,
15/12/2023 00:00,GUT,0,0,
15/12/2023 00:00,IQ,0,0,
15/12/2023 00:00,LH,0,0,
15/12/2023 00:00,MIX,677.25,6,
15/12/2023 00:00,PE,0,0,
15/12/2023 00:00,SG,0,0,
15/12/2023 00:00,TOD,1087.8,10,
15/12/2023 00:00,TIN,1218,2,
15/12/2023 00:00,TOR,302.4,11,
15/12/2023 00:00,TOTO,855.75,2,
15/12/2023 00:00,KFC,0,2,
15/12/2023 00:00,WSK,1220.1,5,
15/12/2023 00:00,US,0,0,
15/12/2023 00:00,VE,0,0,
15/12/2023 00:00,VIN,0,0,
15/12/2023 00:00,WE,0,0,
16/12/2023 00:00,,0,0,
16/12/2023 00:00,,0,0,
16/12/2023 00:00,AUN,0,0,
16/12/2023 00:00,BNR,0,0,
16/12/2023 00:00,BIR,1624.35,6,
16/12/2023 00:00,BS,0,0,
16/12/2023 00:00,BZ,0,0,
16/12/2023 00:00,CCS,0,0,
16/12/2023 00:00,CAD,1085.7,36,
16/12/2023 00:00,CG,2810.85,25,
16/12/2023 00:00,CMI,472.5,18,
16/12/2023 00:00,COQ,887.25,19,
16/12/2023 00:00,EC,0,0,
16/12/2023 00:00,EG,0,0,
16/12/2023 00:00,ER,0,0,
16/12/2023 00:00,SFR,0,0,
16/12/2023 00:00,GAE,3202.5,22,
16/12/2023 00:00,GUT,0,0,
16/12/2023 00:00,IQ,0,0,
16/12/2023 00:00,LH,0,0,
16/12/2023 00:00,MIX,725.55,6,
16/12/2023 00:00,PE,0,0,
16/12/2023 00:00,SG,0,0,
16/12/2023 00:00,TOD,1087.8,10,
16/12/2023 00:00,TIN,1218,2,
16/12/2023 00:00,TOR,302.4,11,
16/12/2023 00:00,TOTO,854.7,1,
16/12/2023 00:00,KFC,0,2,
16/12/2023 00:00,WSK,1220.1,5,
16/12/2023 00:00,US,0,0,
16/12/2023 00:00,VE,0,0,
16/12/2023 00:00,VIN,0,0,
16/12/2023 00:00,WE,0,0,
17/12/2023 00:00,,0,0,
17/12/2023 00:00,,0,0,
17/12/2023 00:00,AUN,0,0,
17/12/2023 00:00,BNR,0,0,
17/12/2023 00:00,BIR,1624.35,6,
17/12/2023 00:00,BS,0,0,
17/12/2023 00:00,BZ,0,0,
17/12/2023 00:00,CCS,0,0,
17/12/2023 00:00,CAD,1213.8,37,
17/12/2023 00:00,CG,2884.35,25,
17/12/2023 00:00,CMI,472.5,18,
17/12/2023 00:00,COQ,887.25,19,
17/12/2023 00:00,EC,0,0,
17/12/2023 00:00,EG,0,0,
17/12/2023 00:00,ER,0,0,
17/12/2023 00:00,SFR,0,0,
17/12/2023 00:00,GAE,3140.55,22,
17/12/2023 00:00,GUT,0,0,
17/12/2023 00:00,IQ,0,0,
17/12/2023 00:00,LH,0,0,
17/12/2023 00:00,MIX,727.65,6,
17/12/2023 00:00,PE,0,0,
17/12/2023 00:00,SG,0,0,
17/12/2023 00:00,TOD,1087.8,10,
17/12/2023 00:00,TIN,1218,2,
17/12/2023 00:00,TOR,198.45,8,
17/12/2023 00:00,TOTO,855.75,2,
17/12/2023 00:00,KFC,0,2,
17/12/2023 00:00,WSK,1220.1,5,
17/12/2023 00:00,US,0,0,
17/12/2023 00:00,VE,0,0,
17/12/2023 00:00,VIN,0,0,
17/12/2023 00:00,WE,0,0,
18/12/2023 00:00,,0,0,
18/12/2023 00:00,,0,0,
18/12/2023 00:00,AUN,0,0,
18/12/2023 00:00,BNR,0,0,
18/12/2023 00:00,BIR,1624.35,6,
18/12/2023 00:00,BS,0,0,
18/12/2023 00:00,BZ,0,0,
18/12/2023 00:00,CCS,0,0,
18/12/2023 00:00,CAD,1160.25,36,
18/12/2023 00:00,CG,2849.7,26,
18/12/2023 00:00,CMI,472.5,18,
18/12/2023 00:00,COQ,887.25,19,
18/12/2023 00:00,EC,0,0,
18/12/2023 00:00,EG,0,0,
18/12/2023 00:00,ER,0,0,
18/12/2023 00:00,SFR,0,0,
18/12/2023 00:00,GAE,3131.1,20,
18/12/2023 00:00,GUT,0,0,
18/12/2023 00:00,IQ,0,0,
18/12/2023 00:00,LH,0,0,
18/12/2023 00:00,MIX,684.6,6,
18/12/2023 00:00,PE,0,0,
18/12/2023 00:00,SG,0,0,
18/12/2023 00:00,TOD,1087.8,10,
18/12/2023 00:00,TIN,1218,2,
18/12/2023 00:00,TOR,175.35,8,
18/12/2023 00:00,TOTO,854.7,1,
18/12/2023 00:00,KFC,0,1,
18/12/2023 00:00,WSK,1220.1,5,
18/12/2023 00:00,US,0,0,
18/12/2023 00:00,VE,0,0,
18/12/2023 00:00,VIN,0,0,
18/12/2023 00:00,WE,0,0,
19/12/2023 00:00,,0,0,
19/12/2023 00:00,,0,0,
19/12/2023 00:00,AUN,0,0,
19/12/2023 00:00,BNR,0,0,
19/12/2023 00:00,BIR,1624.35,6,
19/12/2023 00:00,BS,0,0,
19/12/2023 00:00,BZ,0,0,
19/12/2023 00:00,CCS,0,0,
19/12/2023 00:00,CAD,1158.15,35,
19/12/2023 00:00,CG,2849.7,26,
19/12/2023 00:00,CMI,472.5,18,
19/12/2023 00:00,COQ,887.25,19,
19/12/2023 00:00,EC,0,0,
19/12/2023 00:00,EG,0,0,
19/12/2023 00:00,ER,0,0,
19/12/2023 00:00,SFR,0,0,
19/12/2023 00:00,GAE,3389.4,20,
19/12/2023 00:00,GUT,0,0,
19/12/2023 00:00,IQ,0,0,
19/12/2023 00:00,LH,0,0,
19/12/2023 00:00,MIX,691.95,6,
19/12/2023 00:00,PE,0,0,
19/12/2023 00:00,SG,0,0,
19/12/2023 00:00,TOD,1087.8,10,
19/12/2023 00:00,TIN,1218,2,
19/12/2023 00:00,TOR,175.35,8,
19/12/2023 00:00,TOTO,855.75,2,
19/12/2023 00:00,KFC,0,2,
19/12/2023 00:00,WSK,1476.3,5,
19/12/2023 00:00,US,0,0,
19/12/2023 00:00,VE,0,0,
19/12/2023 00:00,VIN,0,0,
19/12/2023 00:00,WE,0,0,
20/12/2023 00:00,,0,0,
20/12/2023 00:00,,0,0,
20/12/2023 00:00,AUN,0,0,
20/12/2023 00:00,BNR,0,0,
20/12/2023 00:00,BIR,1624.35,6,
20/12/2023 00:00,BS,0,0,
20/12/2023 00:00,BZ,0,0,
20/12/2023 00:00,CCS,0,0,
20/12/2023 00:00,CAD,1130.85,37,
20/12/2023 00:00,CG,2895.9,26,
20/12/2023 00:00,CMI,472.5,18,
20/12/2023 00:00,COQ,887.25,19,
20/12/2023 00:00,EC,0,0,
20/12/2023 00:00,EG,0,0,
20/12/2023 00:00,ER,0,0,
20/12/2023 00:00,SFR,0,0,
20/12/2023 00:00,GAE,3140.55,22,
20/12/2023 00:00,GUT,0,0,
20/12/2023 00:00,IQ,0,0,
20/12/2023 00:00,LH,0,0,
20/12/2023 00:00,MIX,741.3,6,
20/12/2023 00:00,PE,0,0,
20/12/2023 00:00,SG,0,0,
20/12/2023 00:00,TOD,1087.8,10,
20/12/2023 00:00,TIN,1218,2,
20/12/2023 00:00,TOR,175.35,7,
20/12/2023 00:00,TOTO,855.75,2,
20/12/2023 00:00,KFC,0,2,
20/12/2023 00:00,WSK,1484.7,5,
20/12/2023 00:00,US,0,0,
20/12/2023 00:00,VE,0,0,
20/12/2023 00:00,VIN,0,0,
20/12/2023 00:00,WE,0,0,
21/12/2023 00:00,,0,0,
21/12/2023 00:00,,0,0,
21/12/2023 00:00,AUN,0,0,
21/12/2023 00:00,BNR,0,0,
21/12/2023 00:00,BIR,1624.35,6,
21/12/2023 00:00,BS,0,0,
21/12/2023 00:00,BZ,0,0,
21/12/2023 00:00,CCS,0,0,
21/12/2023 00:00,CAD,1143.45,37,
21/12/2023 00:00,CG,2908.5,28,
21/12/2023 00:00,CMI,472.5,18,
21/12/2023 00:00,COQ,887.25,19,
21/12/2023 00:00,EC,0,0,
21/12/2023 00:00,EG,0,0,
21/12/2023 00:00,ER,0,0,
21/12/2023 00:00,SFR,0,0,
21/12/2023 00:00,GAE,3652.95,23,
21/12/2023 00:00,GUT,0,0,
21/12/2023 00:00,IQ,0,0,
21/12/2023 00:00,LH,0,0,
21/12/2023 00:00,MIX,704.55,6,
21/12/2023 00:00,PE,0,0,
21/12/2023 00:00,SG,0,0,
21/12/2023 00:00,TOD,1087.8,10,
21/12/2023 00:00,TIN,1218,2,
21/12/2023 00:00,TOR,168,7,
21/12/2023 00:00,TOTO,855.75,2,
21/12/2023 00:00,KFC,0,2,
21/12/2023 00:00,WSK,1220.1,5,
21/12/2023 00:00,US,0,0,
21/12/2023 00:00,VE,0,0,
21/12/2023 00:00,VIN,0,0,
21/12/2023 00:00,WE,0,0,
22/12/2023 00:00,,0,0,
22/12/2023 00:00,,0,0,
22/12/2023 00:00,AUN,0,0,
22/12/2023 00:00,BNR,0,0,
22/12/2023 00:00,BIR,1706.25,6,
22/12/2023 00:00,BS,0,0,
22/12/2023 00:00,BZ,0,0,
22/12/2023 00:00,CCS,0,0,
22/12/2023 00:00,CAD,1109.85,36,
22/12/2023 00:00,CG,2908.5,28,
22/12/2023 00:00,CMI,495.6,18,
22/12/2023 00:00,COQ,887.25,19,
22/12/2023 00:00,EC,0,0,
22/12/2023 00:00,EG,0,0,
22/12/2023 00:00,ER,0,0,
22/12/2023 00:00,SFR,0,0,
22/12/2023 00:00,GAE,3753.75,22,
22/12/2023 00:00,GUT,0,0,
22/12/2023 00:00,IQ,0,0,
22/12/2023 00:00,LH,0,0,
22/12/2023 00:00,MIX,669.9,6,
22/12/2023 00:00,PE,0,0,
22/12/2023 00:00,SG,0,0,
22/12/2023 00:00,TOD,1106.7,10,
22/12/2023 00:00,TIN,1218,2,
22/12/2023 00:00,TOR,163.8,7,
22/12/2023 00:00,TOTO,855.75,2,
22/12/2023 00:00,KFC,0,2,
22/12/2023 00:00,WSK,1220.1,5,
22/12/2023 00:00,US,0,0,
22/12/2023 00:00,VE,0,0,
22/12/2023 00:00,VIN,0,0,
22/12/2023 00:00,WE,0,0,
23/12/2023 00:00,,0,0,
23/12/2023 00:00,,0,0,
23/12/2023 00:00,AUN,0,0,
23/12/2023 00:00,BNR,0,0,
23/12/2023 00:00,BIR,1738.8,7,
23/12/2023 00:00,BS,0,0,
23/12/2023 00:00,BZ,0,0,
23/12/2023 00:00,CCS,0,0,
23/12/2023 00:00,CAD,1078.35,35,
23/12/2023 00:00,CG,2908.5,28,
23/12/2023 00:00,CMI,507.15,18,
23/12/2023 00:00,COQ,887.25,19,
23/12/2023 00:00,EC,0,0,
23/12/2023 00:00,EG,0,0,
23/12/2023 00:00,ER,0,0,
23/12/2023 00:00,SFR,0,0,
23/12/2023 00:00,GAE,3465,22,
23/12/2023 00:00,GUT,0,0,
23/12/2023 00:00,IQ,0,0,
23/12/2023 00:00,LH,0,0,
23/12/2023 00:00,MIX,700.35,5,
23/12/2023 00:00,PE,0,0,
23/12/2023 00:00,SG,0,0,
23/12/2023 00:00,TOD,1087.8,10,
23/12/2023 00:00,TIN,1218,2,
23/12/2023 00:00,TOR,163.8,7,
23/12/2023 00:00,TOTO,855.75,2,
23/12/2023 00:00,KFC,0,2,
23/12/2023 00:00,WSK,703.5,4,
23/12/2023 00:00,US,0,0,
23/12/2023 00:00,VE,0,0,
23/12/2023 00:00,VIN,0,0,
23/12/2023 00:00,WE,0,0,
24/12/2023 00:00,,0,0,
24/12/2023 00:00,,0,0,
24/12/2023 00:00,AUN,0,0,
24/12/2023 00:00,BNR,0,0,
24/12/2023 00:00,BIR,1738.8,7,
24/12/2023 00:00,BS,0,0,
24/12/2023 00:00,BZ,0,0,
24/12/2023 00:00,CCS,0,0,
24/12/2023 00:00,CAD,990.15,30,
24/12/2023 00:00,CG,2908.5,28,
24/12/2023 00:00,CMI,472.5,18,
24/12/2023 00:00,COQ,887.25,19,
24/12/2023 00:00,EC,0,0,
24/12/2023 00:00,EG,0,0,
24/12/2023 00:00,ER,0,0,
24/12/2023 00:00,SFR,0,0,
24/12/2023 00:00,GAE,3447.15,22,
24/12/2023 00:00,GUT,0,0,
24/12/2023 00:00,IQ,0,0,
24/12/2023 00:00,LH,0,0,
24/12/2023 00:00,MIX,508.2,5,
24/12/2023 00:00,PE,0,0,
24/12/2023 00:00,SG,0,0,
24/12/2023 00:00,TOD,1087.8,10,
24/12/2023 00:00,TIN,1218,2,
24/12/2023 00:00,TOR,160.65,6,
24/12/2023 00:00,TOTO,854.7,1,
24/12/2023 00:00,KFC,0,2,
24/12/2023 00:00,WSK,349.65,4,
24/12/2023 00:00,US,0,0,
24/12/2023 00:00,VE,0,0,
24/12/2023 00:00,VIN,0,0,
24/12/2023 00:00,WE,0,0,
25/12/2023 00:00,,0,0,
25/12/2023 00:00,,0,0,
25/12/2023 00:00,AUN,0,0,
25/12/2023 00:00,BNR,0,0,
25/12/2023 00:00,BIR,1738.8,7,
25/12/2023 00:00,BS,0,0,
25/12/2023 00:00,BZ,0,0,
25/12/2023 00:00,CCS,0,0,
25/12/2023 00:00,CAD,972.3,31,
25/12/2023 00:00,CG,2908.5,28,
25/12/2023 00:00,CMI,472.5,18,
25/12/2023 00:00,COQ,887.25,19,
25/12/2023 00:00,EC,0,0,
25/12/2023 00:00,EG,0,0,
25/12/2023 00:00,ER,0,0,
25/12/2023 00:00,SFR,0,0,
25/12/2023 00:00,GAE,4752.3,23,
25/12/2023 00:00,GUT,0,0,
25/12/2023 00:00,IQ,0,0,
25/12/2023 00:00,LH,0,0,
25/12/2023 00:00,MIX,458.85,5,
25/12/2023 00:00,PE,0,0,
25/12/2023 00:00,SG,0,0,
25/12/2023 00:00,TOD,1087.8,10,
25/12/2023 00:00,TIN,1218,2,
25/12/2023 00:00,TOR,76.65,6,
25/12/2023 00:00,TOTO,855.75,2,
25/12/2023 00:00,KFC,0,2,
25/12/2023 00:00,WSK,349.65,4,
25/12/2023 00:00,US,0,0,
25/12/2023 00:00,VE,0,0,
25/12/2023 00:00,VIN,0,0,
25/12/2023 00:00,WE,0,0,
26/12/2023 00:00,,0,0,
26/12/2023 00:00,,0,0,
26/12/2023 00:00,AUN,0,0,
26/12/2023 00:00,BNR,0,0,
26/12/2023 00:00,BIR,1738.8,7,
26/12/2023 00:00,BS,0,0,
26/12/2023 00:00,BZ,0,0,
26/12/2023 00:00,CCS,0,0,
26/12/2023 00:00,CAD,880.95,24,
26/12/2023 00:00,CG,3306.45,26,
26/12/2023 00:00,CMI,472.5,18,
26/12/2023 00:00,COQ,887.25,19,
26/12/2023 00:00,EC,0,0,
26/12/2023 00:00,EG,0,0,
26/12/2023 00:00,ER,0,0,
26/12/2023 00:00,SFR,0,0,
26/12/2023 00:00,GAE,4708.2,23,
26/12/2023 00:00,GUT,0,0,
26/12/2023 00:00,IQ,0,0,
26/12/2023 00:00,LH,0,0,
26/12/2023 00:00,MIX,449.4,5,
26/12/2023 00:00,PE,0,0,
26/12/2023 00:00,SG,0,0,
26/12/2023 00:00,TOD,1087.8,10,
26/12/2023 00:00,TIN,1218,2,
26/12/2023 00:00,TOR,76.65,6,
26/12/2023 00:00,TOTO,855.75,2,
26/12/2023 00:00,KFC,0,2,
26/12/2023 00:00,WSK,349.65,4,
26/12/2023 00:00,US,0,0,
26/12/2023 00:00,VE,0,0,
26/12/2023 00:00,VIN,0,0,
26/12/2023 00:00,WE,0,0,
27/12/2023 00:00,,0,0,
27/12/2023 00:00,,0,0,
27/12/2023 00:00,AUN,0,0,
27/12/2023 00:00,BNR,0,0,
27/12/2023 00:00,BIR,1738.8,7,
27/12/2023 00:00,BS,0,0,
27/12/2023 00:00,BZ,0,0,
27/12/2023 00:00,CCS,0,0,
27/12/2023 00:00,CAD,929.25,24,
27/12/2023 00:00,CG,3273.9,28,
27/12/2023 00:00,CMI,472.5,17,
27/12/2023 00:00,COQ,929.25,20,
27/12/2023 00:00,EC,0,0,
27/12/2023 00:00,EG,0,0,
27/12/2023 00:00,ER,0,0,
27/12/2023 00:00,SFR,0,0,
27/12/2023 00:00,GAE,5565,23,
27/12/2023 00:00,GUT,0,0,
27/12/2023 00:00,IQ,0,0,
27/12/2023 00:00,LH,0,0,
27/12/2023 00:00,MIX,460.95,5,
27/12/2023 00:00,PE,0,0,
27/12/2023 00:00,SG,0,0,
27/12/2023 00:00,TOD,1087.8,10,
27/12/2023 00:00,TIN,1218,2,
27/12/2023 00:00,TOR,76.65,6,
27/12/2023 00:00,TOTO,855.75,2,
27/12/2023 00:00,KFC,0,2,
27/12/2023 00:00,WSK,349.65,4,
27/12/2023 00:00,US,0,0,
27/12/2023 00:00,VE,0,0,
27/12/2023 00:00,VIN,0,0,
27/12/2023 00:00,WE,0,0,
28/12/2023 00:00,,0,0,
28/12/2023 00:00,,0,0,
28/12/2023 00:00,AUN,0,0,
28/12/2023 00:00,BNR,0,0,
28/12/2023 00:00,BIR,1624.35,6,
28/12/2023 00:00,BS,0,0,
28/12/2023 00:00,BZ,0,0,
28/12/2023 00:00,CCS,0,0,
28/12/2023 00:00,CAD,905.1,24,
28/12/2023 00:00,CG,3273.9,28,
28/12/2023 00:00,CMI,484.05,17,
28/12/2023 00:00,COQ,597.45,20,
28/12/2023 00:00,EC,0,0,
28/12/2023 00:00,EG,0,0,
28/12/2023 00:00,ER,0,0,
28/12/2023 00:00,SFR,0,0,
28/12/2023 00:00,GAE,6436.5,24,
28/12/2023 00:00,GUT,0,0,
28/12/2023 00:00,IQ,0,0,
28/12/2023 00:00,LH,0,0,
28/12/2023 00:00,MIX,449.4,5,
28/12/2023 00:00,PE,0,0,
28/12/2023 00:00,SG,0,0,
28/12/2023 00:00,TOD,1038.45,8,
28/12/2023 00:00,TIN,1218,2,
28/12/2023 00:00,TOR,76.65,6,
28/12/2023 00:00,TOTO,855.75,2,
28/12/2023 00:00,KFC,0,2,
28/12/2023 00:00,WSK,349.65,4,
28/12/2023 00:00,US,0,0,
28/12/2023 00:00,VE,0,0,
28/12/2023 00:00,VIN,0,0,
28/12/2023 00:00,WE,0,0,
29/12/2023 00:00,,0,0,
29/12/2023 00:00,,0,0,
29/12/2023 00:00,AUN,0,0,
29/12/2023 00:00,BNR,0,0,
29/12/2023 00:00,BIR,2039.1,7,
29/12/2023 00:00,BS,0,0,
29/12/2023 00:00,BZ,0,0,
29/12/2023 00:00,CCS,0,0,
29/12/2023 00:00,CAD,858.9,23,
29/12/2023 00:00,CG,3273.9,28,
29/12/2023 00:00,CMI,505.05,18,
29/12/2023 00:00,COQ,959.7,23,
29/12/2023 00:00,EC,0,0,
29/12/2023 00:00,EG,0,0,
29/12/2023 00:00,ER,0,0,
29/12/2023 00:00,SFR,0,0,
29/12/2023 00:00,GAE,7186.2,24,
29/12/2023 00:00,GUT,0,0,
29/12/2023 00:00,IQ,0,0,
29/12/2023 00:00,LH,0,0,
29/12/2023 00:00,MIX,456.75,5,
29/12/2023 00:00,PE,0,0,
29/12/2023 00:00,SG,0,0,
29/12/2023 00:00,TOD,1005.9,8,
29/12/2023 00:00,TIN,1218,2,
29/12/2023 00:00,TOR,76.65,6,
29/12/2023 00:00,TOTO,855.75,2,
29/12/2023 00:00,KFC,0,2,
29/12/2023 00:00,WSK,349.65,4,
29/12/2023 00:00,US,0,0,
29/12/2023 00:00,VE,0,0,
29/12/2023 00:00,VIN,0,0,
29/12/2023 00:00,WE,0,0,
30/12/2023 00:00,,0,0,
30/12/2023 00:00,,0,0,
30/12/2023 00:00,AUN,0,0,
30/12/2023 00:00,BNR,0,0,
30/12/2023 00:00,BIR,2039.1,7,
30/12/2023 00:00,BS,0,0,
30/12/2023 00:00,BZ,0,0,
30/12/2023 00:00,CCS,0,0,
30/12/2023 00:00,CAD,954.45,24,
30/12/2023 00:00,CG,3345.3,28,
30/12/2023 00:00,CMI,547.05,19,
30/12/2023 00:00,COQ,959.7,23,
30/12/2023 00:00,EC,0,0,
30/12/2023 00:00,EG,0,0,
30/12/2023 00:00,ER,0,0,
30/12/2023 00:00,SFR,0,0,
30/12/2023 00:00,GAE,6801.9,25,
30/12/2023 00:00,GUT,0,0,
30/12/2023 00:00,IQ,0,0,
30/12/2023 00:00,LH,0,0,
30/12/2023 00:00,MIX,449.4,5,
30/12/2023 00:00,PE,0,0,
30/12/2023 00:00,SG,0,0,
30/12/2023 00:00,TOD,956.55,8,
30/12/2023 00:00,TIN,1218,2,
30/12/2023 00:00,TOR,76.65,6,
30/12/2023 00:00,TOTO,855.75,2,
30/12/2023 00:00,KFC,0,2,
30/12/2023 00:00,WSK,349.65,4,
30/12/2023 00:00,US,0,0,
30/12/2023 00:00,VE,0,0,
30/12/2023 00:00,VIN,0,0,
30/12/2023 00:00,WE,0,0,
31/12/2023 00:00,,0,0,
31/12/2023 00:00,,0,0,
31/12/2023 00:00,AUN,0,0,
31/12/2023 00:00,BNR,0,0,
31/12/2023 00:00,BIR,2039.1,7,
31/12/2023 00:00,BS,0,0,
31/12/2023 00:00,BZ,0,0,
31/12/2023 00:00,CCS,0,0,
31/12/2023 00:00,CAD,823.2,24,
31/12/2023 00:00,CG,2342.55,28,
31/12/2023 00:00,CMI,669.9,18,
31/12/2023 00:00,COQ,959.7,23,
31/12/2023 00:00,EC,0,0,
31/12/2023 00:00,EG,0,0,
31/12/2023 00:00,ER,0,0,
31/12/2023 00:00,SFR,0,0,
31/12/2023 00:00,GAE,7007.7,26,
31/12/2023 00:00,GUT,0,0,
31/12/2023 00:00,IQ,0,0,
31/12/2023 00:00,LH,0,0,
31/12/2023 00:00,MIX,462,5,
31/12/2023 00:00,PE,0,0,
31/12/2023 00:00,SG,0,0,
31/12/2023 00:00,TOD,956.55,8,
31/12/2023 00:00,TIN,1218,2,
31/12/2023 00:00,TOR,76.65,6,
31/12/2023 00:00,TOTO,855.75,2,
31/12/2023 00:00,KFC,0,2,
31/12/2023 00:00,WSK,349.65,4,
31/12/2023 00:00,US,0,0,
31/12/2023 00:00,VE,0,0,
31/12/2023 00:00,VIN,0,0,
31/12/2023 00:00,WE,0,0,
01/01/2024 00:00,,0,0,
01/01/2024 00:00,,0,0,
01/01/2024 00:00,AUN,0,0,
01/01/2024 00:00,BNR,0,0,
01/01/2024 00:00,BIR,1370.25,4,
01/01/2024 00:00,BS,0,0,
01/01/2024 00:00,BZ,0,0,
01/01/2024 00:00,CCS,0,0,
01/01/2024 00:00,CAD,788.55,23,
01/01/2024 00:00,CG,2392.95,26,
01/01/2024 00:00,CMI,518.7,18,
01/01/2024 00:00,COQ,959.7,23,
01/01/2024 00:00,EC,0,0,
01/01/2024 00:00,EG,0,0,
01/01/2024 00:00,ER,0,0,
01/01/2024 00:00,SFR,0,0,
01/01/2024 00:00,GAE,6948.9,25,
01/01/2024 00:00,GUT,0,0,
01/01/2024 00:00,IQ,0,0,
01/01/2024 00:00,LH,0,0,
01/01/2024 00:00,MIX,449.4,5,
01/01/2024 00:00,PE,0,0,
01/01/2024 00:00,SG,0,0,
01/01/2024 00:00,TOD,956.55,8,
01/01/2024 00:00,TIN,1218,2,
01/01/2024 00:00,TOR,76.65,6,
01/01/2024 00:00,TOTO,0,0,
01/01/2024 00:00,KFC,1.05,5,
01/01/2024 00:00,WSK,349.65,4,
01/01/2024 00:00,US,0,0,
01/01/2024 00:00,VE,0,0,
01/01/2024 00:00,VIN,0,0,
01/01/2024 00:00,WE,0,0,
02/01/2024 00:00,,0,0,
02/01/2024 00:00,,0,0,
02/01/2024 00:00,AUN,0,0,
02/01/2024 00:00,BNR,0,0,
02/01/2024 00:00,BIR,1601.25,2,
02/01/2024 00:00,BS,0,0,
02/01/2024 00:00,BZ,0,0,
02/01/2024 00:00,CCS,0,0,
02/01/2024 00:00,CAD,946.05,23,
02/01/2024 00:00,CG,2333.1,28,
02/01/2024 00:00,CMI,518.7,18,
02/01/2024 00:00,COQ,959.7,23,
02/01/2024 00:00,EC,0,0,
02/01/2024 00:00,EG,0,0,
02/01/2024 00:00,ER,0,0,
02/01/2024 00:00,SFR,0,0,
02/01/2024 00:00,GAE,6533.1,23,
02/01/2024 00:00,GUT,0,0,
02/01/2024 00:00,IQ,0,0,
02/01/2024 00:00,LH,0,0,
02/01/2024 00:00,MIX,462,5,
02/01/2024 00:00,PE,0,0,
02/01/2024 00:00,SG,0,0,
02/01/2024 00:00,TOD,956.55,8,
02/01/2024 00:00,TIN,1218,2,
02/01/2024 00:00,TOR,76.65,6,
02/01/2024 00:00,TOTO,0,0,
02/01/2024 00:00,KFC,1.05,5,
02/01/2024 00:00,WSK,349.65,4,
02/01/2024 00:00,US,0,0,
02/01/2024 00:00,VE,0,0,
02/01/2024 00:00,VIN,0,0,
02/01/2024 00:00,WE,0,0,
03/01/2024 00:00,,0,0,
03/01/2024 00:00,,0,0,
03/01/2024 00:00,AUN,0,0,
03/01/2024 00:00,BNR,0,0,
03/01/2024 00:00,BIR,1189.65,2,
03/01/2024 00:00,BS,0,0,
03/01/2024 00:00,BZ,0,0,
03/01/2024 00:00,CCS,0,0,
03/01/2024 00:00,CAD,939.75,22,
03/01/2024 00:00,CG,2303.7,28,
03/01/2024 00:00,CMI,518.7,18,
03/01/2024 00:00,COQ,959.7,23,
03/01/2024 00:00,EC,0,0,
03/01/2024 00:00,EG,0,0,
03/01/2024 00:00,ER,0,0,
03/01/2024 00:00,SFR,0,0,
03/01/2024 00:00,GAE,6250.65,23,
03/01/2024 00:00,GUT,0,0,
03/01/2024 00:00,IQ,0,0,
03/01/2024 00:00,LH,0,0,
03/01/2024 00:00,MIX,449.4,5,
03/01/2024 00:00,PE,0,0,
03/01/2024 00:00,SG,0,0,
03/01/2024 00:00,TOD,956.55,8,
03/01/2024 00:00,TIN,1218,2,
03/01/2024 00:00,TOR,76.65,5,
03/01/2024 00:00,TOTO,0,0,
03/01/2024 00:00,KFC,1.05,5,
03/01/2024 00:00,WSK,349.65,4,
03/01/2024 00:00,US,0,0,
03/01/2024 00:00,VE,0,0,
03/01/2024 00:00,VIN,0,0,
03/01/2024 00:00,WE,0,0,
04/01/2024 00:00,,0,0,
04/01/2024 00:00,,0,0,
04/01/2024 00:00,AUN,0,0,
04/01/2024 00:00,BNR,0,0,
04/01/2024 00:00,BIR,867.3,2,
04/01/2024 00:00,BS,0,0,
04/01/2024 00:00,BZ,0,0,
04/01/2024 00:00,CCS,0,0,
04/01/2024 00:00,CAD,858.9,18,
04/01/2024 00:00,CG,2303.7,28,
04/01/2024 00:00,CMI,579.6,18,
04/01/2024 00:00,COQ,959.7,23,
04/01/2024 00:00,EC,0,0,
04/01/2024 00:00,EG,0,0,
04/01/2024 00:00,ER,0,0,
04/01/2024 00:00,SFR,0,0,
04/01/2024 00:00,GAE,6438.6,25,
04/01/2024 00:00,GUT,0,0,
04/01/2024 00:00,IQ,0,0,
04/01/2024 00:00,LH,0,0,
04/01/2024 00:00,MIX,460.95,5,
04/01/2024 00:00,PE,0,0,
04/01/2024 00:00,SG,0,0,
04/01/2024 00:00,TOD,949.2,7,
04/01/2024 00:00,TIN,1218,2,
04/01/2024 00:00,TOR,76.65,6,
04/01/2024 00:00,TOTO,0,0,
04/01/2024 00:00,KFC,1.05,5,
04/01/2024 00:00,WSK,349.65,4,
04/01/2024 00:00,US,0,0,
04/01/2024 00:00,VE,0,0,
04/01/2024 00:00,VIN,0,0,
04/01/2024 00:00,WE,0,0,
05/01/2024 00:00,,0,0,
05/01/2024 00:00,,0,0,
05/01/2024 00:00,AUN,0,0,
05/01/2024 00:00,BNR,0,0,
05/01/2024 00:00,BIR,867.3,2,
05/01/2024 00:00,BS,0,0,
05/01/2024 00:00,BZ,0,0,
05/01/2024 00:00,CCS,0,0,
05/01/2024 00:00,CAD,695.1,18,
05/01/2024 00:00,CG,3405.15,29,
05/01/2024 00:00,CMI,553.35,17,
05/01/2024 00:00,COQ,959.7,23,
05/01/2024 00:00,EC,0,0,
05/01/2024 00:00,EG,0,0,
05/01/2024 00:00,ER,0,0,
05/01/2024 00:00,SFR,0,0,
05/01/2024 00:00,GAE,5406.45,22,
05/01/2024 00:00,GUT,0,0,
05/01/2024 00:00,IQ,0,0,
05/01/2024 00:00,LH,0,0,
05/01/2024 00:00,MIX,449.4,5,
05/01/2024 00:00,PE,0,0,
05/01/2024 00:00,SG,0,0,
05/01/2024 00:00,TOD,913.5,7,
05/01/2024 00:00,TIN,1218,2,
05/01/2024 00:00,TOR,76.65,6,
05/01/2024 00:00,TOTO,0,0,
05/01/2024 00:00,KFC,1.05,6,
05/01/2024 00:00,WSK,354.9,4,
05/01/2024 00:00,US,0,0,
05/01/2024 00:00,VE,0,0,
05/01/2024 00:00,VIN,0,0,
05/01/2024 00:00,WE,0,0,
06/01/2024 00:00,,0,0,
06/01/2024 00:00,,0,0,
06/01/2024 00:00,AUN,0,0,
06/01/2024 00:00,BNR,0,0,
06/01/2024 00:00,BIR,1482.6,4,
06/01/2024 00:00,BS,0,0,
06/01/2024 00:00,BZ,0,0,
06/01/2024 00:00,CCS,0,0,
06/01/2024 00:00,CAD,773.85,18,
06/01/2024 00:00,CG,4232.55,29,
06/01/2024 00:00,CMI,674.1,17,
06/01/2024 00:00,COQ,959.7,23,
06/01/2024 00:00,EC,0,0,
06/01/2024 00:00,EG,0,0,
06/01/2024 00:00,ER,0,0,
06/01/2024 00:00,SFR,0,0,
06/01/2024 00:00,GAE,6219.15,25,
06/01/2024 00:00,GUT,0,0,
06/01/2024 00:00,IQ,0,0,
06/01/2024 00:00,LH,0,0,
06/01/2024 00:00,MIX,449.4,5,
06/01/2024 00:00,PE,0,0,
06/01/2024 00:00,SG,0,0,
06/01/2024 00:00,TOD,916.65,7,
06/01/2024 00:00,TIN,1218,2,
06/01/2024 00:00,TOR,76.65,6,
06/01/2024 00:00,TOTO,0,0,
06/01/2024 00:00,KFC,1.05,5,
06/01/2024 00:00,WSK,412.65,5,
06/01/2024 00:00,US,0,0,
06/01/2024 00:00,VE,0,0,
06/01/2024 00:00,VIN,0,0,
06/01/2024 00:00,WE,0,0,
07/01/2024 00:00,,0,0,
07/01/2024 00:00,,0,0,
07/01/2024 00:00,AUN,0,0,
07/01/2024 00:00,BNR,0,0,
07/01/2024 00:00,BIR,1482.6,4,
07/01/2024 00:00,BS,0,0,
07/01/2024 00:00,BZ,0,0,
07/01/2024 00:00,CCS,0,0,
07/01/2024 00:00,CAD,896.7,22,
07/01/2024 00:00,CG,5679.45,32,
07/01/2024 00:00,CMI,518.7,17,
07/01/2024 00:00,COQ,959.7,23,
07/01/2024 00:00,EC,0,0,
07/01/2024 00:00,EG,0,0,
07/01/2024 00:00,ER,0,0,
07/01/2024 00:00,SFR,0,0,
07/01/2024 00:00,GAE,6024.9,24,
07/01/2024 00:00,GUT,0,0,
07/01/2024 00:00,IQ,0,0,
07/01/2024 00:00,LH,0,0,
07/01/2024 00:00,MIX,456.75,5,
07/01/2024 00:00,PE,0,0,
07/01/2024 00:00,SG,0,0,
07/01/2024 00:00,TOD,916.65,7,
07/01/2024 00:00,TIN,1218,2,
07/01/2024 00:00,TOR,76.65,6,
07/01/2024 00:00,TOTO,0,0,
07/01/2024 00:00,KFC,1.05,6,
07/01/2024 00:00,WSK,412.65,5,
07/01/2024 00:00,US,0,0,
07/01/2024 00:00,VE,0,0,
07/01/2024 00:00,VIN,0,0,
07/01/2024 00:00,WE,0,0,
08/01/2024 00:00,,0,0,
08/01/2024 00:00,,0,0,
08/01/2024 00:00,AUN,0,0,
08/01/2024 00:00,BNR,0,0,
08/01/2024 00:00,BIR,1482.6,4,
08/01/2024 00:00,BS,0,0,
08/01/2024 00:00,BZ,0,0,
08/01/2024 00:00,CCS,0,0,
08/01/2024 00:00,CAD,756,18,
08/01/2024 00:00,CG,5836.95,32,
08/01/2024 00:00,CMI,518.7,17,
08/01/2024 00:00,COQ,959.7,23,
08/01/2024 00:00,EC,0,0,
08/01/2024 00:00,EG,0,0,
08/01/2024 00:00,ER,0,0,
08/01/2024 00:00,SFR,0,0,
08/01/2024 00:00,GAE,5887.35,23,
08/01/2024 00:00,GUT,0,0,
08/01/2024 00:00,IQ,0,0,
08/01/2024 00:00,LH,0,0,
08/01/2024 00:00,MIX,477.75,5,
08/01/2024 00:00,PE,0,0,
08/01/2024 00:00,SG,0,0,
08/01/2024 00:00,TOD,913.5,7,
08/01/2024 00:00,TIN,1218,2,
08/01/2024 00:00,TOR,76.65,6,
08/01/2024 00:00,TOTO,0,0,
08/01/2024 00:00,KFC,1.05,6,
08/01/2024 00:00,WSK,392.7,4,
08/01/2024 00:00,US,0,0,
08/01/2024 00:00,VE,0,0,
08/01/2024 00:00,VIN,0,0,
08/01/2024 00:00,WE,0,0,
09/01/2024 00:00,,0,0,
09/01/2024 00:00,,0,0,
09/01/2024 00:00,AUN,0,0,
09/01/2024 00:00,BNR,0,0,
09/01/2024 00:00,BIR,1482.6,4,
09/01/2024 00:00,BS,0,0,
09/01/2024 00:00,BZ,0,0,
09/01/2024 00:00,CCS,0,0,
09/01/2024 00:00,CAD,678.3,19,
09/01/2024 00:00,CG,5799.15,32,
09/01/2024 00:00,CMI,518.7,17,
09/01/2024 00:00,COQ,959.7,23,
09/01/2024 00:00,EC,0,0,
09/01/2024 00:00,EG,0,0,
09/01/2024 00:00,ER,0,0,
09/01/2024 00:00,SFR,0,0,
09/01/2024 00:00,GAE,5871.6,23,
09/01/2024 00:00,GUT,0,0,
09/01/2024 00:00,IQ,0,0,
09/01/2024 00:00,LH,0,0,
09/01/2024 00:00,MIX,449.4,5,
09/01/2024 00:00,PE,0,0,
09/01/2024 00:00,SG,0,0,
09/01/2024 00:00,TOD,913.5,7,
09/01/2024 00:00,TIN,1218,2,
09/01/2024 00:00,TOR,76.65,6,
09/01/2024 00:00,TOTO,0,0,
09/01/2024 00:00,KFC,1.05,6,
09/01/2024 00:00,WSK,627.9,4,
09/01/2024 00:00,US,0,0,
09/01/2024 00:00,VE,0,0,
09/01/2024 00:00,VIN,0,0,
09/01/2024 00:00,WE,0,0,
10/01/2024 00:00,,0,0,
10/01/2024 00:00,,0,0,
10/01/2024 00:00,AUN,0,0,
10/01/2024 00:00,BNR,0,0,
10/01/2024 00:00,BIR,1482.6,4,
10/01/2024 00:00,BS,0,0,
10/01/2024 00:00,BZ,0,0,
10/01/2024 00:00,CCS,0,0,
10/01/2024 00:00,CAD,626.85,19,
10/01/2024 00:00,CG,6077.4,32,
10/01/2024 00:00,CMI,518.7,17,
10/01/2024 00:00,COQ,959.7,23,
10/01/2024 00:00,EC,0,0,
10/01/2024 00:00,EG,0,0,
10/01/2024 00:00,ER,0,0,
10/01/2024 00:00,SFR,0,0,
10/01/2024 00:00,GAE,4861.5,19,
10/01/2024 00:00,GUT,0,0,
10/01/2024 00:00,IQ,0,0,
10/01/2024 00:00,LH,0,0,
10/01/2024 00:00,MIX,483,5,
10/01/2024 00:00,PE,0,0,
10/01/2024 00:00,SG,0,0,
10/01/2024 00:00,TOD,913.5,7,
10/01/2024 00:00,TIN,1218,2,
10/01/2024 00:00,TOR,76.65,6,
10/01/2024 00:00,TOTO,0,0,
10/01/2024 00:00,KFC,1.05,6,
10/01/2024 00:00,WSK,854.7,5,
10/01/2024 00:00,US,0,0,
10/01/2024 00:00,VE,0,0,
10/01/2024 00:00,VIN,0,0,
10/01/2024 00:00,WE,0,0,
11/01/2024 00:00,,0,0,
11/01/2024 00:00,,0,0,
11/01/2024 00:00,AUN,0,0,
11/01/2024 00:00,BNR,0,0,
11/01/2024 00:00,BIR,1482.6,4,
11/01/2024 00:00,BS,0,0,
11/01/2024 00:00,BZ,0,0,
11/01/2024 00:00,CCS,0,0,
11/01/2024 00:00,CAD,628.95,18,
11/01/2024 00:00,CG,6753.6,34,
11/01/2024 00:00,CMI,518.7,17,
11/01/2024 00:00,COQ,959.7,23,
11/01/2024 00:00,EC,0,0,
11/01/2024 00:00,EG,0,0,
11/01/2024 00:00,ER,0,0,
11/01/2024 00:00,SFR,0,0,
11/01/2024 00:00,GAE,5814.9,22,
11/01/2024 00:00,GUT,0,0,
11/01/2024 00:00,IQ,0,0,
11/01/2024 00:00,LH,0,0,
11/01/2024 00:00,MIX,465.15,5,
11/01/2024 00:00,PE,0,0,
11/01/2024 00:00,SG,0,0,
11/01/2024 00:00,TOD,913.5,7,
11/01/2024 00:00,TIN,1218,2,
11/01/2024 00:00,TOR,76.65,6,
11/01/2024 00:00,TOTO,0,0,
11/01/2024 00:00,KFC,1.05,6,
11/01/2024 00:00,WSK,854.7,5,
11/01/2024 00:00,US,0,0,
11/01/2024 00:00,VE,0,0,
11/01/2024 00:00,VIN,0,0,
11/01/2024 00:00,WE,0,0,
12/01/2024 00:00,,0,0,
12/01/2024 00:00,,0,0,
12/01/2024 00:00,AUN,0,0,
12/01/2024 00:00,BNR,0,0,
12/01/2024 00:00,BIR,1482.6,4,
12/01/2024 00:00,BS,0,0,
12/01/2024 00:00,BZ,0,0,
12/01/2024 00:00,CCS,0,0,
12/01/2024 00:00,CAD,638.4,18,
12/01/2024 00:00,CG,6901.65,34,
12/01/2024 00:00,CMI,509.25,16,
12/01/2024 00:00,COQ,959.7,23,
12/01/2024 00:00,EC,0,0,
12/01/2024 00:00,EG,0,0,
12/01/2024 00:00,ER,0,0,
12/01/2024 00:00,SFR,0,0,
12/01/2024 00:00,GAE,5765.55,20,
12/01/2024 00:00,GUT,0,0,
12/01/2024 00:00,IQ,0,0,
12/01/2024 00:00,LH,0,0,
12/01/2024 00:00,MIX,468.3,5,
12/01/2024 00:00,PE,0,0,
12/01/2024 00:00,SG,0,0,
12/01/2024 00:00,TOD,913.5,7,
12/01/2024 00:00,TIN,1218,2,
12/01/2024 00:00,TOR,76.65,6,
12/01/2024 00:00,TOTO,0,0,
12/01/2024 00:00,KFC,1.05,6,
12/01/2024 00:00,WSK,854.7,5,
12/01/2024 00:00,US,0,0,
12/01/2024 00:00,VE,0,0,
12/01/2024 00:00,VIN,0,0,
12/01/2024 00:00,WE,0,0,
13/01/2024 00:00,,0,0,
13/01/2024 00:00,,0,0,
13/01/2024 00:00,AUN,0,0,
13/01/2024 00:00,BNR,0,0,
13/01/2024 00:00,BIR,1482.6,4,
13/01/2024 00:00,BS,0,0,
13/01/2024 00:00,BZ,0,0,
13/01/2024 00:00,CCS,0,0,
13/01/2024 00:00,CAD,665.7,17,
13/01/2024 00:00,CG,6805.05,34,
13/01/2024 00:00,CMI,509.25,16,
13/01/2024 00:00,COQ,959.7,23,
13/01/2024 00:00,EC,0,0,
13/01/2024 00:00,EG,0,0,
13/01/2024 00:00,ER,0,0,
13/01/2024 00:00,SFR,0,0,
13/01/2024 00:00,GAE,5740.35,19,
13/01/2024 00:00,GUT,0,0,
13/01/2024 00:00,IQ,0,0,
13/01/2024 00:00,LH,0,0,
13/01/2024 00:00,MIX,449.4,5,
13/01/2024 00:00,PE,0,0,
13/01/2024 00:00,SG,0,0,
13/01/2024 00:00,TOD,913.5,7,
13/01/2024 00:00,TIN,1218,2,
13/01/2024 00:00,TOR,76.65,6,
13/01/2024 00:00,TOTO,0,0,
13/01/2024 00:00,KFC,1.05,6,
13/01/2024 00:00,WSK,854.7,5,
13/01/2024 00:00,US,0,0,
13/01/2024 00:00,VE,0,0,
13/01/2024 00:00,VIN,0,0,
13/01/2024 00:00,WE,0,0,
14/01/2024 00:00,,0,0,
14/01/2024 00:00,,0,0,
14/01/2024 00:00,AUN,0,0,
14/01/2024 00:00,BNR,0,0,
14/01/2024 00:00,BIR,4389,5,
14/01/2024 00:00,BS,0,0,
14/01/2024 00:00,BZ,0,0,
14/01/2024 00:00,CCS,0,0,
14/01/2024 00:00,CAD,1236.9,23,
14/01/2024 00:00,CG,6857.55,35,
14/01/2024 00:00,CMI,603.75,17,
14/01/2024 00:00,COQ,959.7,23,
14/01/2024 00:00,EC,0,0,
14/01/2024 00:00,EG,0,0,
14/01/2024 00:00,ER,0,0,
14/01/2024 00:00,SFR,0,0,
14/01/2024 00:00,GAE,3994.2,18,
14/01/2024 00:00,GUT,0,0,
14/01/2024 00:00,IQ,0,0,
14/01/2024 00:00,LH,0,0,
14/01/2024 00:00,MIX,463.05,5,
14/01/2024 00:00,PE,0,0,
14/01/2024 00:00,SG,0,0,
14/01/2024 00:00,TOD,924,7,
14/01/2024 00:00,TIN,1218,2,
14/01/2024 00:00,TOR,76.65,6,
14/01/2024 00:00,TOTO,0,0,
14/01/2024 00:00,KFC,1.05,6,
14/01/2024 00:00,WSK,854.7,5,
14/01/2024 00:00,US,0,0,
14/01/2024 00:00,VE,0,0,
14/01/2024 00:00,VIN,0,0,
14/01/2024 00:00,WE,0,0,
15/01/2024 00:00,,0,0,
15/01/2024 00:00,,0,0,
15/01/2024 00:00,AUN,0,0,
15/01/2024 00:00,BNR,0,0,
15/01/2024 00:00,BIR,4389,5,
15/01/2024 00:00,BS,0,0,
15/01/2024 00:00,BZ,0,0,
15/01/2024 00:00,CCS,0,0,
15/01/2024 00:00,CAD,796.95,22,
15/01/2024 00:00,CG,6857.55,35,
15/01/2024 00:00,CMI,472.5,17,
15/01/2024 00:00,COQ,959.7,23,
15/01/2024 00:00,EC,0,0,
15/01/2024 00:00,EG,0,0,
15/01/2024 00:00,ER,0,0,
15/01/2024 00:00,SFR,0,0,
15/01/2024 00:00,GAE,4046.7,18,
15/01/2024 00:00,GUT,0,0,
15/01/2024 00:00,IQ,0,0,
15/01/2024 00:00,LH,0,0,
15/01/2024 00:00,MIX,449.4,5,
15/01/2024 00:00,PE,0,0,
15/01/2024 00:00,SG,0,0,
15/01/2024 00:00,TOD,929.25,7,
15/01/2024 00:00,TIN,1218,2,
15/01/2024 00:00,TOR,76.65,5,
15/01/2024 00:00,TOTO,0,0,
15/01/2024 00:00,KFC,1.05,6,
15/01/2024 00:00,WSK,854.7,5,
15/01/2024 00:00,US,0,0,
15/01/2024 00:00,VE,0,0,
15/01/2024 00:00,VIN,0,0,
15/01/2024 00:00,WE,0,0,
16/01/2024 00:00,,0,0,
16/01/2024 00:00,,0,0,
16/01/2024 00:00,AUN,0,0,
16/01/2024 00:00,BNR,0,0,
16/01/2024 00:00,BIR,4389,6,
16/01/2024 00:00,BS,0,0,
16/01/2024 00:00,BZ,0,0,
16/01/2024 00:00,CCS,0,0,
16/01/2024 00:00,CAD,853.65,19,
16/01/2024 00:00,CG,6857.55,35,
16/01/2024 00:00,CMI,518.7,17,
16/01/2024 00:00,COQ,959.7,23,
16/01/2024 00:00,EC,0,0,
16/01/2024 00:00,EG,0,0,
16/01/2024 00:00,ER,0,0,
16/01/2024 00:00,SFR,0,0,
16/01/2024 00:00,GAE,3927,18,
16/01/2024 00:00,GUT,0,0,
16/01/2024 00:00,IQ,0,0,
16/01/2024 00:00,LH,0,0,
16/01/2024 00:00,MIX,449.4,5,
16/01/2024 00:00,PE,0,0,
16/01/2024 00:00,SG,0,0,
16/01/2024 00:00,TOD,934.5,8,
16/01/2024 00:00,TIN,1218,2,
16/01/2024 00:00,TOR,76.65,6,
16/01/2024 00:00,TOTO,0,0,
16/01/2024 00:00,KFC,1.05,6,
16/01/2024 00:00,WSK,854.7,5,
16/01/2024 00:00,US,0,0,
16/01/2024 00:00,VE,0,0,
16/01/2024 00:00,VIN,0,0,
16/01/2024 00:00,WE,0,0,
17/01/2024 00:00,,0,0,
17/01/2024 00:00,,0,0,
17/01/2024 00:00,AUN,0,0,
17/01/2024 00:00,BNR,0,0,
17/01/2024 00:00,BIR,4389,6,
17/01/2024 00:00,BS,0,0,
17/01/2024 00:00,BZ,0,0,
17/01/2024 00:00,CCS,0,0,
17/01/2024 00:00,CAD,788.55,18,
17/01/2024 00:00,CG,7417.2,36,
17/01/2024 00:00,CMI,481.95,16,
17/01/2024 00:00,COQ,959.7,23,
17/01/2024 00:00,EC,0,0,
17/01/2024 00:00,EG,0,0,
17/01/2024 00:00,ER,0,0,
17/01/2024 00:00,SFR,0,0,
17/01/2024 00:00,GAE,4001.55,19,
17/01/2024 00:00,GUT,0,0,
17/01/2024 00:00,IQ,0,0,
17/01/2024 00:00,LH,0,0,
17/01/2024 00:00,MIX,506.1,5,
17/01/2024 00:00,PE,0,0,
17/01/2024 00:00,SG,0,0,
17/01/2024 00:00,TOD,934.5,8,
17/01/2024 00:00,TIN,1218,2,
17/01/2024 00:00,TOR,76.65,6,
17/01/2024 00:00,TOTO,0,0,
17/01/2024 00:00,KFC,1.05,6,
17/01/2024 00:00,WSK,854.7,5,
17/01/2024 00:00,US,0,0,
17/01/2024 00:00,VE,0,0,
17/01/2024 00:00,VIN,0,0,
17/01/2024 00:00,WE,0,0,
18/01/2024 00:00,,0,0,
18/01/2024 00:00,,0,0,
18/01/2024 00:00,AUN,0,0,
18/01/2024 00:00,BNR,0,0,
18/01/2024 00:00,BIR,4597.95,7,
18/01/2024 00:00,BS,0,0,
18/01/2024 00:00,BZ,0,0,
18/01/2024 00:00,CCS,0,0,
18/01/2024 00:00,CAD,718.2,16,
18/01/2024 00:00,CG,7417.2,36,
18/01/2024 00:00,CMI,616.35,16,
18/01/2024 00:00,COQ,959.7,23,
18/01/2024 00:00,EC,0,0,
18/01/2024 00:00,EG,0,0,
18/01/2024 00:00,ER,0,0,
18/01/2024 00:00,SFR,0,0,
18/01/2024 00:00,GAE,4033.05,19,
18/01/2024 00:00,GUT,0,0,
18/01/2024 00:00,IQ,0,0,
18/01/2024 00:00,LH,0,0,
18/01/2024 00:00,MIX,449.4,5,
18/01/2024 00:00,PE,0,0,
18/01/2024 00:00,SG,0,0,
18/01/2024 00:00,TOD,934.5,8,
18/01/2024 00:00,TIN,1218,2,
18/01/2024 00:00,TOR,76.65,6,
18/01/2024 00:00,TOTO,0,0,
18/01/2024 00:00,KFC,1.05,6,
18/01/2024 00:00,WSK,854.7,5,
18/01/2024 00:00,US,0,0,
18/01/2024 00:00,VE,0,0,
18/01/2024 00:00,VIN,0,0,
18/01/2024 00:00,WE,0,0,
19/01/2024 00:00,,0,0,
19/01/2024 00:00,,0,0,
19/01/2024 00:00,AUN,0,0,
19/01/2024 00:00,BNR,0,0,
19/01/2024 00:00,BIR,4593.75,6,
19/01/2024 00:00,BS,0,0,
19/01/2024 00:00,BZ,0,0,
19/01/2024 00:00,CCS,0,0,
19/01/2024 00:00,CAD,863.1,17,
19/01/2024 00:00,CG,7417.2,36,
19/01/2024 00:00,CMI,655.2,16,
19/01/2024 00:00,COQ,959.7,22,
19/01/2024 00:00,EC,0,0,
19/01/2024 00:00,EG,0,0,
19/01/2024 00:00,ER,0,0,
19/01/2024 00:00,SFR,0,0,
19/01/2024 00:00,GAE,4033.05,19,
19/01/2024 00:00,GUT,0,0,
19/01/2024 00:00,IQ,0,0,
19/01/2024 00:00,LH,0,0,
19/01/2024 00:00,MIX,477.75,5,
19/01/2024 00:00,PE,0,0,
19/01/2024 00:00,SG,0,0,
19/01/2024 00:00,TOD,934.5,8,
19/01/2024 00:00,TIN,1218,2,
19/01/2024 00:00,TOR,76.65,6,
19/01/2024 00:00,TOTO,0,0,
19/01/2024 00:00,KFC,1.05,6,
19/01/2024 00:00,WSK,854.7,5,
19/01/2024 00:00,US,0,0,
19/01/2024 00:00,VE,0,0,
19/01/2024 00:00,VIN,0,0,
19/01/2024 00:00,WE,0,0,
20/01/2024 00:00,,0,0,
20/01/2024 00:00,,0,0,
20/01/2024 00:00,AUN,0,0,
20/01/2024 00:00,BNR,0,0,
20/01/2024 00:00,BIR,4389,6,
20/01/2024 00:00,BS,0,0,
20/01/2024 00:00,BZ,0,0,
20/01/2024 00:00,CCS,0,0,
20/01/2024 00:00,CAD,754.95,19,
20/01/2024 00:00,CG,6462.75,35,
20/01/2024 00:00,CMI,607.95,16,
20/01/2024 00:00,COQ,959.7,22,
20/01/2024 00:00,EC,0,0,
20/01/2024 00:00,EG,0,0,
20/01/2024 00:00,ER,0,0,
20/01/2024 00:00,SFR,0,0,
20/01/2024 00:00,GAE,4055.1,20,
20/01/2024 00:00,GUT,0,0,
20/01/2024 00:00,IQ,0,0,
20/01/2024 00:00,LH,0,0,
20/01/2024 00:00,MIX,485.1,5,
20/01/2024 00:00,PE,0,0,
20/01/2024 00:00,SG,0,0,
20/01/2024 00:00,TOD,934.5,8,
20/01/2024 00:00,TIN,1218,2,
20/01/2024 00:00,TOR,76.65,6,
20/01/2024 00:00,TOTO,0,0,
20/01/2024 00:00,KFC,1.05,6,
20/01/2024 00:00,WSK,854.7,5,
20/01/2024 00:00,US,0,0,
20/01/2024 00:00,VE,0,0,
20/01/2024 00:00,VIN,0,0,
20/01/2024 00:00,WE,0,0,
21/01/2024 00:00,,0,0,
21/01/2024 00:00,,0,0,
21/01/2024 00:00,AUN,0,0,
21/01/2024 00:00,BNR,0,0,
21/01/2024 00:00,BIR,4389,6,
21/01/2024 00:00,BS,0,0,
21/01/2024 00:00,BZ,0,0,
21/01/2024 00:00,CCS,0,0,
21/01/2024 00:00,CAD,744.45,19,
21/01/2024 00:00,CG,6462.75,35,
21/01/2024 00:00,CMI,598.5,16,
21/01/2024 00:00,COQ,959.7,22,
21/01/2024 00:00,EC,0,0,
21/01/2024 00:00,EG,0,0,
21/01/2024 00:00,ER,0,0,
21/01/2024 00:00,SFR,0,0,
21/01/2024 00:00,GAE,4055.1,20,
21/01/2024 00:00,GUT,0,0,
21/01/2024 00:00,IQ,0,0,
21/01/2024 00:00,LH,0,0,
21/01/2024 00:00,MIX,479.85,5,
21/01/2024 00:00,PE,0,0,
21/01/2024 00:00,SG,0,0,
21/01/2024 00:00,TOD,934.5,8,
21/01/2024 00:00,TIN,1218,2,
21/01/2024 00:00,TOR,76.65,6,
21/01/2024 00:00,TOTO,0,0,
21/01/2024 00:00,KFC,1.05,6,
21/01/2024 00:00,WSK,854.7,5,
21/01/2024 00:00,US,0,0,
21/01/2024 00:00,VE,0,0,
21/01/2024 00:00,VIN,0,0,
21/01/2024 00:00,WE,0,0,
22/01/2024 00:00,,0,0,
22/01/2024 00:00,,0,0,
22/01/2024 00:00,AUN,0,0,
22/01/2024 00:00,BNR,0,0,
22/01/2024 00:00,BIR,4266.15,5,
22/01/2024 00:00,BS,0,0,
22/01/2024 00:00,BZ,0,0,
22/01/2024 00:00,CCS,0,0,
22/01/2024 00:00,CAD,850.5,19,
22/01/2024 00:00,CG,6462.75,35,
22/01/2024 00:00,CMI,598.5,16,
22/01/2024 00:00,COQ,959.7,22,
22/01/2024 00:00,EC,0,0,
22/01/2024 00:00,EG,0,0,
22/01/2024 00:00,ER,0,0,
22/01/2024 00:00,SFR,0,0,
22/01/2024 00:00,GAE,4266.15,22,
22/01/2024 00:00,GUT,0,0,
22/01/2024 00:00,IQ,0,0,
22/01/2024 00:00,LH,0,0,
22/01/2024 00:00,MIX,486.15,5,
22/01/2024 00:00,PE,0,0,
22/01/2024 00:00,SG,0,0,
22/01/2024 00:00,TOD,934.5,8,
22/01/2024 00:00,TIN,1218,2,
22/01/2024 00:00,TOR,76.65,6,
22/01/2024 00:00,TOTO,0,0,
22/01/2024 00:00,KFC,1.05,6,
22/01/2024 00:00,WSK,854.7,5,
22/01/2024 00:00,US,0,0,
22/01/2024 00:00,VE,0,0,
22/01/2024 00:00,VIN,0,0,
22/01/2024 00:00,WE,0,0,
23/01/2024 00:00,,0,0,
23/01/2024 00:00,,0,0,
23/01/2024 00:00,AUN,0,0,
23/01/2024 00:00,BNR,0,0,
23/01/2024 00:00,BIR,3936.45,5,
23/01/2024 00:00,BS,0,0,
23/01/2024 00:00,BZ,0,0,
23/01/2024 00:00,CCS,0,0,
23/01/2024 00:00,CAD,991.2,19,
23/01/2024 00:00,CG,6455.4,34,
23/01/2024 00:00,CMI,339.15,13,
23/01/2024 00:00,COQ,959.7,22,
23/01/2024 00:00,EC,0,0,
23/01/2024 00:00,EG,0,0,
23/01/2024 00:00,ER,0,0,
23/01/2024 00:00,SFR,0,0,
23/01/2024 00:00,GAE,4507.65,22,
23/01/2024 00:00,GUT,0,0,
23/01/2024 00:00,IQ,0,0,
23/01/2024 00:00,LH,0,0,
23/01/2024 00:00,MIX,507.15,5,
23/01/2024 00:00,PE,0,0,
23/01/2024 00:00,SG,0,0,
23/01/2024 00:00,TOD,934.5,8,
23/01/2024 00:00,TIN,1218,2,
23/01/2024 00:00,TOR,76.65,5,
23/01/2024 00:00,TOTO,0,0,
23/01/2024 00:00,KFC,1.05,6,
23/01/2024 00:00,WSK,663.6,4,
23/01/2024 00:00,US,0,0,
23/01/2024 00:00,VE,0,0,
23/01/2024 00:00,VIN,0,0,
23/01/2024 00:00,WE,0,0,
24/01/2024 00:00,,0,0,
24/01/2024 00:00,,0,0,
24/01/2024 00:00,AUN,0,0,
24/01/2024 00:00,BNR,0,0,
24/01/2024 00:00,BIR,3936.45,5,
24/01/2024 00:00,BS,0,0,
24/01/2024 00:00,BZ,0,0,
24/01/2024 00:00,CCS,0,0,
24/01/2024 00:00,CAD,915.6,19,
24/01/2024 00:00,CG,6485.85,34,
24/01/2024 00:00,CMI,551.25,14,
24/01/2024 00:00,COQ,959.7,22,
24/01/2024 00:00,EC,0,0,
24/01/2024 00:00,EG,0,0,
24/01/2024 00:00,ER,0,0,
24/01/2024 00:00,SFR,0,0,
24/01/2024 00:00,GAE,4645.2,23,
24/01/2024 00:00,GUT,0,0,
24/01/2024 00:00,IQ,0,0,
24/01/2024 00:00,LH,0,0,
24/01/2024 00:00,MIX,518.7,5,
24/01/2024 00:00,PE,0,0,
24/01/2024 00:00,SG,0,0,
24/01/2024 00:00,TOD,934.5,8,
24/01/2024 00:00,TIN,1218,2,
24/01/2024 00:00,TOR,76.65,6,
24/01/2024 00:00,TOTO,0,0,
24/01/2024 00:00,KFC,1.05,6,
24/01/2024 00:00,WSK,359.1,4,
24/01/2024 00:00,US,0,0,
24/01/2024 00:00,VE,0,0,
24/01/2024 00:00,VIN,0,0,
24/01/2024 00:00,WE,0,0,
25/01/2024 00:00,,0,0,
25/01/2024 00:00,,0,0,
25/01/2024 00:00,AUN,0,0,
25/01/2024 00:00,BNR,0,0,
25/01/2024 00:00,BIR,3936.45,5,
25/01/2024 00:00,BS,0,0,
25/01/2024 00:00,BZ,0,0,
25/01/2024 00:00,CCS,0,0,
25/01/2024 00:00,CAD,1107.75,20,
25/01/2024 00:00,CG,6578.25,35,
25/01/2024 00:00,CMI,593.25,16,
25/01/2024 00:00,COQ,959.7,22,
25/01/2024 00:00,EC,0,0,
25/01/2024 00:00,EG,0,0,
25/01/2024 00:00,ER,0,0,
25/01/2024 00:00,SFR,0,0,
25/01/2024 00:00,GAE,4875.15,25,
25/01/2024 00:00,GUT,0,0,
25/01/2024 00:00,IQ,0,0,
25/01/2024 00:00,LH,0,0,
25/01/2024 00:00,MIX,449.4,5,
25/01/2024 00:00,PE,0,0,
25/01/2024 00:00,SG,0,0,
25/01/2024 00:00,TOD,934.5,8,
25/01/2024 00:00,TIN,1218,2,
25/01/2024 00:00,TOR,76.65,6,
25/01/2024 00:00,TOTO,0,0,
25/01/2024 00:00,KFC,1.05,7,
25/01/2024 00:00,WSK,359.1,4,
25/01/2024 00:00,US,0,0,
25/01/2024 00:00,VE,0,0,
25/01/2024 00:00,VIN,0,0,
25/01/2024 00:00,WE,0,0,
26/01/2024 00:00,,0,0,
26/01/2024 00:00,,0,0,
26/01/2024 00:00,AUN,0,0,
26/01/2024 00:00,BNR,0,0,
26/01/2024 00:00,BIR,3936.45,5,
26/01/2024 00:00,BS,0,0,
26/01/2024 00:00,BZ,0,0,
26/01/2024 00:00,CCS,0,0,
26/01/2024 00:00,CAD,892.5,20,
26/01/2024 00:00,CG,6578.25,35,
26/01/2024 00:00,CMI,593.25,16,
26/01/2024 00:00,COQ,959.7,20,
26/01/2024 00:00,EC,0,0,
26/01/2024 00:00,EG,0,0,
26/01/2024 00:00,ER,0,0,
26/01/2024 00:00,SFR,0,0,
26/01/2024 00:00,GAE,4875.15,25,
26/01/2024 00:00,GUT,0,0,
26/01/2024 00:00,IQ,0,0,
26/01/2024 00:00,LH,0,0,
26/01/2024 00:00,MIX,449.4,5,
26/01/2024 00:00,PE,0,0,
26/01/2024 00:00,SG,0,0,
26/01/2024 00:00,TOD,934.5,8,
26/01/2024 00:00,TIN,1218,2,
26/01/2024 00:00,TOR,76.65,6,
26/01/2024 00:00,TOTO,0,0,
26/01/2024 00:00,KFC,1.05,7,
26/01/2024 00:00,WSK,359.1,4,
26/01/2024 00:00,US,0,0,
26/01/2024 00:00,VE,0,0,
26/01/2024 00:00,VIN,0,0,
26/01/2024 00:00,WE,0,0,
27/01/2024 00:00,,0,0,
27/01/2024 00:00,,0,0,
27/01/2024 00:00,AUN,0,0,
27/01/2024 00:00,BNR,0,0,
27/01/2024 00:00,BIR,1156.05,2,
27/01/2024 00:00,BS,0,0,
27/01/2024 00:00,BZ,0,0,
27/01/2024 00:00,CCS,0,0,
27/01/2024 00:00,CAD,764.4,18,
27/01/2024 00:00,CG,6578.25,35,
27/01/2024 00:00,CMI,593.25,16,
27/01/2024 00:00,COQ,1149.75,20,
27/01/2024 00:00,EC,0,0,
27/01/2024 00:00,EG,0,0,
27/01/2024 00:00,ER,0,0,
27/01/2024 00:00,SFR,0,0,
27/01/2024 00:00,GAE,4729.2,23,
27/01/2024 00:00,GUT,0,0,
27/01/2024 00:00,IQ,0,0,
27/01/2024 00:00,LH,0,0,
27/01/2024 00:00,MIX,449.4,5,
27/01/2024 00:00,PE,0,0,
27/01/2024 00:00,SG,0,0,
27/01/2024 00:00,TOD,934.5,8,
27/01/2024 00:00,TIN,1218,2,
27/01/2024 00:00,TOR,76.65,6,
27/01/2024 00:00,TOTO,0,0,
27/01/2024 00:00,KFC,1.05,7,
27/01/2024 00:00,WSK,359.1,4,
27/01/2024 00:00,US,0,0,
27/01/2024 00:00,VE,0,0,
27/01/2024 00:00,VIN,0,0,
27/01/2024 00:00,WE,0,0,
28/01/2024 00:00,,0,0,
28/01/2024 00:00,,0,0,
28/01/2024 00:00,AUN,0,0,
28/01/2024 00:00,BNR,0,0,
28/01/2024 00:00,BIR,615.3,2,
28/01/2024 00:00,BS,0,0,
28/01/2024 00:00,BZ,0,0,
28/01/2024 00:00,CCS,0,0,
28/01/2024 00:00,CAD,1201.2,19,
28/01/2024 00:00,CG,6637.05,32,
28/01/2024 00:00,CMI,593.25,16,
28/01/2024 00:00,COQ,992.25,20,
28/01/2024 00:00,EC,0,0,
28/01/2024 00:00,EG,0,0,
28/01/2024 00:00,ER,0,0,
28/01/2024 00:00,SFR,0,0,
28/01/2024 00:00,GAE,4647.3,23,
28/01/2024 00:00,GUT,0,0,
28/01/2024 00:00,IQ,0,0,
28/01/2024 00:00,LH,0,0,
28/01/2024 00:00,MIX,456.75,5,
28/01/2024 00:00,PE,0,0,
28/01/2024 00:00,SG,0,0,
28/01/2024 00:00,TOD,1009.05,8,
28/01/2024 00:00,TIN,1218,2,
28/01/2024 00:00,TOR,76.65,6,
28/01/2024 00:00,TOTO,0,0,
28/01/2024 00:00,KFC,1.05,6,
28/01/2024 00:00,WSK,359.1,4,
28/01/2024 00:00,US,0,0,
28/01/2024 00:00,VE,0,0,
28/01/2024 00:00,VIN,0,0,
28/01/2024 00:00,WE,0,0,
29/01/2024 00:00,,0,0,
29/01/2024 00:00,,0,0,
29/01/2024 00:00,AUN,0,0,
29/01/2024 00:00,BNR,0,0,
29/01/2024 00:00,BIR,615.3,2,
29/01/2024 00:00,BS,0,0,
29/01/2024 00:00,BZ,0,0,
29/01/2024 00:00,CCS,0,0,
29/01/2024 00:00,CAD,783.3,16,
29/01/2024 00:00,CG,6465.9,34,
29/01/2024 00:00,CMI,579.6,14,
29/01/2024 00:00,COQ,959.7,22,
29/01/2024 00:00,EC,0,0,
29/01/2024 00:00,EG,0,0,
29/01/2024 00:00,ER,0,0,
29/01/2024 00:00,SFR,0,0,
29/01/2024 00:00,GAE,4643.1,23,
29/01/2024 00:00,GUT,0,0,
29/01/2024 00:00,IQ,0,0,
29/01/2024 00:00,LH,0,0,
29/01/2024 00:00,MIX,472.5,5,
29/01/2024 00:00,PE,0,0,
29/01/2024 00:00,SG,0,0,
29/01/2024 00:00,TOD,1019.55,8,
29/01/2024 00:00,TIN,1218,2,
29/01/2024 00:00,TOR,76.65,6,
29/01/2024 00:00,TOTO,0,0,
29/01/2024 00:00,KFC,1.05,6,
29/01/2024 00:00,WSK,359.1,4,
29/01/2024 00:00,US,0,0,
29/01/2024 00:00,VE,0,0,
29/01/2024 00:00,VIN,0,0,
29/01/2024 00:00,WE,0,0,
30/01/2024 00:00,,0,0,
30/01/2024 00:00,,0,0,
30/01/2024 00:00,AUN,0,0,
30/01/2024 00:00,BNR,0,0,
30/01/2024 00:00,BIR,756,2,
30/01/2024 00:00,BS,0,0,
30/01/2024 00:00,BZ,0,0,
30/01/2024 00:00,CCS,0,0,
30/01/2024 00:00,CAD,861,18,
30/01/2024 00:00,CG,6076.35,34,
30/01/2024 00:00,CMI,593.25,16,
30/01/2024 00:00,COQ,959.7,22,
30/01/2024 00:00,EC,0,0,
30/01/2024 00:00,EG,0,0,
30/01/2024 00:00,ER,0,0,
30/01/2024 00:00,SFR,0,0,
30/01/2024 00:00,GAE,4582.2,22,
30/01/2024 00:00,GUT,0,0,
30/01/2024 00:00,IQ,0,0,
30/01/2024 00:00,LH,0,0,
30/01/2024 00:00,MIX,487.2,5,
30/01/2024 00:00,PE,0,0,
30/01/2024 00:00,SG,0,0,
30/01/2024 00:00,TOD,934.5,8,
30/01/2024 00:00,TIN,1218,2,
30/01/2024 00:00,TOR,76.65,6,
30/01/2024 00:00,TOTO,0,0,
30/01/2024 00:00,KFC,1.05,6,
30/01/2024 00:00,WSK,359.1,4,
30/01/2024 00:00,US,0,0,
30/01/2024 00:00,VE,0,0,
30/01/2024 00:00,VIN,0,0,
30/01/2024 00:00,WE,0,0,
31/01/2024 00:00,,0,0,
31/01/2024 00:00,,0,0,
31/01/2024 00:00,AUN,0,0,
31/01/2024 00:00,BNR,0,0,
31/01/2024 00:00,BIR,865.2,4,
31/01/2024 00:00,BS,0,0,
31/01/2024 00:00,BZ,0,0,
31/01/2024 00:00,CCS,0,0,
31/01/2024 00:00,CAD,852.6,19,
31/01/2024 00:00,CG,6234.9,35,
31/01/2024 00:00,CMI,579.6,14,
31/01/2024 00:00,COQ,959.7,22,
31/01/2024 00:00,EC,0,0,
31/01/2024 00:00,EG,0,0,
31/01/2024 00:00,ER,0,0,
31/01/2024 00:00,SFR,0,0,
31/01/2024 00:00,GAE,4462.5,22,
31/01/2024 00:00,GUT,0,0,
31/01/2024 00:00,IQ,0,0,
31/01/2024 00:00,LH,0,0,
31/01/2024 00:00,MIX,498.75,5,
31/01/2024 00:00,PE,0,0,
31/01/2024 00:00,SG,0,0,
31/01/2024 00:00,TOD,934.5,8,
31/01/2024 00:00,TIN,1218,2,
31/01/2024 00:00,TOR,76.65,5,
31/01/2024 00:00,TOTO,0,0,
31/01/2024 00:00,KFC,1.05,6,
31/01/2024 00:00,WSK,359.1,4,
31/01/2024 00:00,US,0,0,
31/01/2024 00:00,VE,0,0,
31/01/2024 00:00,VIN,0,0,
31/01/2024 00:00,WE,0,0,
01/02/2024 00:00,,0,0,
01/02/2024 00:00,,0,0,
01/02/2024 00:00,AUN,0,0,
01/02/2024 00:00,BNR,0,0,
01/02/2024 00:00,BIR,865.2,4,
01/02/2024 00:00,BS,0,0,
01/02/2024 00:00,BZ,0,0,
01/02/2024 00:00,CCS,0,0,
01/02/2024 00:00,CAD,787.5,17,
01/02/2024 00:00,CG,6235.95,36,
01/02/2024 00:00,CMI,593.25,16,
01/02/2024 00:00,COQ,959.7,22,
01/02/2024 00:00,EC,0,0,
01/02/2024 00:00,EG,0,0,
01/02/2024 00:00,ER,0,0,
01/02/2024 00:00,SFR,0,0,
01/02/2024 00:00,GAE,4830,24,
01/02/2024 00:00,GUT,0,0,
01/02/2024 00:00,IQ,0,0,
01/02/2024 00:00,LH,0,0,
01/02/2024 00:00,MIX,532.35,5,
01/02/2024 00:00,PE,0,0,
01/02/2024 00:00,SG,0,0,
01/02/2024 00:00,TOD,981.75,10,
01/02/2024 00:00,TIN,1218,2,
01/02/2024 00:00,TOR,76.65,6,
01/02/2024 00:00,TOTO,0,0,
01/02/2024 00:00,KFC,1.05,6,
01/02/2024 00:00,WSK,359.1,4,
01/02/2024 00:00,US,0,0,
01/02/2024 00:00,VE,0,0,
01/02/2024 00:00,VIN,0,0,
01/02/2024 00:00,WE,0,0,
02/02/2024 00:00,,0,0,
02/02/2024 00:00,,0,0,
02/02/2024 00:00,AUN,0,0,
02/02/2024 00:00,BNR,0,0,
02/02/2024 00:00,BIR,1044.75,5,
02/02/2024 00:00,BS,0,0,
02/02/2024 00:00,BZ,0,0,
02/02/2024 00:00,CCS,0,0,
02/02/2024 00:00,CAD,764.4,17,
02/02/2024 00:00,CG,6315.75,36,
02/02/2024 00:00,CMI,593.25,16,
02/02/2024 00:00,COQ,959.7,22,
02/02/2024 00:00,EC,0,0,
02/02/2024 00:00,EG,0,0,
02/02/2024 00:00,ER,0,0,
02/02/2024 00:00,SFR,0,0,
02/02/2024 00:00,GAE,5104.05,24,
02/02/2024 00:00,GUT,0,0,
02/02/2024 00:00,IQ,0,0,
02/02/2024 00:00,LH,0,0,
02/02/2024 00:00,MIX,491.4,5,
02/02/2024 00:00,PE,0,0,
02/02/2024 00:00,SG,0,0,
02/02/2024 00:00,TOD,934.5,8,
02/02/2024 00:00,TIN,1218,2,
02/02/2024 00:00,TOR,76.65,6,
02/02/2024 00:00,TOTO,0,0,
02/02/2024 00:00,KFC,1.05,7,
02/02/2024 00:00,WSK,359.1,4,
02/02/2024 00:00,US,0,0,
02/02/2024 00:00,VE,0,0,
02/02/2024 00:00,VIN,0,0,
02/02/2024 00:00,WE,0,0,
03/02/2024 00:00,,0,0,
03/02/2024 00:00,,0,0,
03/02/2024 00:00,AUN,0,0,
03/02/2024 00:00,BNR,0,0,
03/02/2024 00:00,BIR,1044.75,5,
03/02/2024 00:00,BS,0,0,
03/02/2024 00:00,BZ,0,0,
03/02/2024 00:00,CCS,0,0,
03/02/2024 00:00,CAD,846.3,18,
03/02/2024 00:00,CG,6439.65,37,
03/02/2024 00:00,CMI,536.55,14,
03/02/2024 00:00,COQ,959.7,22,
03/02/2024 00:00,EC,0,0,
03/02/2024 00:00,EG,0,0,
03/02/2024 00:00,ER,0,0,
03/02/2024 00:00,SFR,0,0,
03/02/2024 00:00,GAE,5237.4,25,
03/02/2024 00:00,GUT,0,0,
03/02/2024 00:00,IQ,0,0,
03/02/2024 00:00,LH,0,0,
03/02/2024 00:00,MIX,492.45,5,
03/02/2024 00:00,PE,0,0,
03/02/2024 00:00,SG,0,0,
03/02/2024 00:00,TOD,934.5,8,
03/02/2024 00:00,TIN,1218,2,
03/02/2024 00:00,TOR,76.65,6,
03/02/2024 00:00,TOTO,0,0,
03/02/2024 00:00,KFC,1.05,7,
03/02/2024 00:00,WSK,359.1,4,
03/02/2024 00:00,US,0,0,
03/02/2024 00:00,VE,0,0,
03/02/2024 00:00,VIN,0,0,
03/02/2024 00:00,WE,0,0,
04/02/2024 00:00,,0,0,
04/02/2024 00:00,,0,0,
04/02/2024 00:00,AUN,0,0,
04/02/2024 00:00,BNR,0,0,
04/02/2024 00:00,BIR,1044.75,5,
04/02/2024 00:00,BS,0,0,
04/02/2024 00:00,BZ,0,0,
04/02/2024 00:00,CCS,0,0,
04/02/2024 00:00,CAD,841.05,18,
04/02/2024 00:00,CG,6419.7,38,
04/02/2024 00:00,CMI,670.95,16,
04/02/2024 00:00,COQ,959.7,23,
04/02/2024 00:00,EC,0,0,
04/02/2024 00:00,EG,0,0,
04/02/2024 00:00,ER,0,0,
04/02/2024 00:00,SFR,0,0,
04/02/2024 00:00,GAE,5370.75,24,
04/02/2024 00:00,GUT,0,0,
04/02/2024 00:00,IQ,0,0,
04/02/2024 00:00,LH,0,0,
04/02/2024 00:00,MIX,488.25,5,
04/02/2024 00:00,PE,0,0,
04/02/2024 00:00,SG,0,0,
04/02/2024 00:00,TOD,934.5,8,
04/02/2024 00:00,TIN,1218,2,
04/02/2024 00:00,TOR,76.65,6,
04/02/2024 00:00,TOTO,0,0,
04/02/2024 00:00,KFC,1.05,8,
04/02/2024 00:00,WSK,359.1,4,
04/02/2024 00:00,US,0,0,
04/02/2024 00:00,VE,0,0,
04/02/2024 00:00,VIN,0,0,
04/02/2024 00:00,WE,0,0,
05/02/2024 00:00,,0,0,
05/02/2024 00:00,,0,0,
05/02/2024 00:00,AUN,0,0,
05/02/2024 00:00,BNR,0,0,
05/02/2024 00:00,BIR,1044.75,5,
05/02/2024 00:00,BS,0,0,
05/02/2024 00:00,BZ,0,0,
05/02/2024 00:00,CCS,0,0,
05/02/2024 00:00,CAD,828.45,18,
05/02/2024 00:00,CG,7068.6,40,
05/02/2024 00:00,CMI,501.9,16,
05/02/2024 00:00,COQ,959.7,23,
05/02/2024 00:00,EC,0,0,
05/02/2024 00:00,EG,0,0,
05/02/2024 00:00,ER,0,0,
05/02/2024 00:00,SFR,0,0,
05/02/2024 00:00,GAE,4932.9,23,
05/02/2024 00:00,GUT,0,0,
05/02/2024 00:00,IQ,0,0,
05/02/2024 00:00,LH,0,0,
05/02/2024 00:00,MIX,551.25,6,
05/02/2024 00:00,PE,0,0,
05/02/2024 00:00,SG,0,0,
05/02/2024 00:00,TOD,934.5,8,
05/02/2024 00:00,TIN,1218,2,
05/02/2024 00:00,TOR,76.65,6,
05/02/2024 00:00,TOTO,0,0,
05/02/2024 00:00,KFC,1.05,8,
05/02/2024 00:00,WSK,359.1,4,
05/02/2024 00:00,US,0,0,
05/02/2024 00:00,VE,0,0,
05/02/2024 00:00,VIN,0,0,
05/02/2024 00:00,WE,0,0,
06/02/2024 00:00,,0,0,
06/02/2024 00:00,,0,0,
06/02/2024 00:00,AUN,0,0,
06/02/2024 00:00,BNR,0,0,
06/02/2024 00:00,BIR,1044.75,4,
06/02/2024 00:00,BS,0,0,
06/02/2024 00:00,BZ,0,0,
06/02/2024 00:00,CCS,0,0,
06/02/2024 00:00,CAD,989.1,28,
06/02/2024 00:00,CG,6555.15,40,
06/02/2024 00:00,CMI,501.9,16,
06/02/2024 00:00,COQ,959.7,23,
06/02/2024 00:00,EC,0,0,
06/02/2024 00:00,EG,0,0,
06/02/2024 00:00,ER,0,0,
06/02/2024 00:00,SFR,0,0,
06/02/2024 00:00,GAE,4941.3,23,
06/02/2024 00:00,GUT,0,0,
06/02/2024 00:00,IQ,0,0,
06/02/2024 00:00,LH,0,0,
06/02/2024 00:00,MIX,538.65,6,
06/02/2024 00:00,PE,0,0,
06/02/2024 00:00,SG,0,0,
06/02/2024 00:00,TOD,934.5,8,
06/02/2024 00:00,TIN,1218,2,
06/02/2024 00:00,TOR,76.65,6,
06/02/2024 00:00,TOTO,0,0,
06/02/2024 00:00,KFC,1.05,7,
06/02/2024 00:00,WSK,359.1,4,
06/02/2024 00:00,US,0,0,
06/02/2024 00:00,VE,0,0,
06/02/2024 00:00,VIN,0,0,
06/02/2024 00:00,WE,0,0,
07/02/2024 00:00,,0,0,
07/02/2024 00:00,,0,0,
07/02/2024 00:00,AUN,0,0,
07/02/2024 00:00,BNR,0,0,
07/02/2024 00:00,BIR,1044.75,4,
07/02/2024 00:00,BS,0,0,
07/02/2024 00:00,BZ,0,0,
07/02/2024 00:00,CCS,0,0,
07/02/2024 00:00,CAD,988.05,26,
07/02/2024 00:00,CG,6485.85,38,
07/02/2024 00:00,CMI,501.9,16,
07/02/2024 00:00,COQ,959.7,23,
07/02/2024 00:00,EC,0,0,
07/02/2024 00:00,EG,0,0,
07/02/2024 00:00,ER,0,0,
07/02/2024 00:00,SFR,0,0,
07/02/2024 00:00,GAE,4943.4,23,
07/02/2024 00:00,GUT,0,0,
07/02/2024 00:00,IQ,0,0,
07/02/2024 00:00,LH,0,0,
07/02/2024 00:00,MIX,574.35,6,
07/02/2024 00:00,PE,0,0,
07/02/2024 00:00,SG,0,0,
07/02/2024 00:00,TOD,934.5,8,
07/02/2024 00:00,TIN,1218,2,
07/02/2024 00:00,TOR,76.65,5,
07/02/2024 00:00,TOTO,0,0,
07/02/2024 00:00,KFC,16.8,7,
07/02/2024 00:00,WSK,359.1,4,
07/02/2024 00:00,US,0,0,
07/02/2024 00:00,VE,0,0,
07/02/2024 00:00,VIN,0,0,
07/02/2024 00:00,WE,0,0,
08/02/2024 00:00,,0,0,
08/02/2024 00:00,,0,0,
08/02/2024 00:00,AUN,0,0,
08/02/2024 00:00,BNR,0,0,
08/02/2024 00:00,BIR,1044.75,4,
08/02/2024 00:00,BS,0,0,
08/02/2024 00:00,BZ,0,0,
08/02/2024 00:00,CCS,0,0,
08/02/2024 00:00,CAD,1281,28,
08/02/2024 00:00,CG,6628.65,38,
08/02/2024 00:00,CMI,501.9,14,
08/02/2024 00:00,COQ,959.7,23,
08/02/2024 00:00,EC,0,0,
08/02/2024 00:00,EG,0,0,
08/02/2024 00:00,ER,0,0,
08/02/2024 00:00,SFR,0,0,
08/02/2024 00:00,GAE,4919.25,22,
08/02/2024 00:00,GUT,0,0,
08/02/2024 00:00,IQ,0,0,
08/02/2024 00:00,LH,0,0,
08/02/2024 00:00,MIX,935.55,6,
08/02/2024 00:00,PE,0,0,
08/02/2024 00:00,SG,0,0,
08/02/2024 00:00,TOD,934.5,8,
08/02/2024 00:00,TIN,1218,2,
08/02/2024 00:00,TOR,76.65,5,
08/02/2024 00:00,TOTO,0,0,
08/02/2024 00:00,KFC,3.15,7,
08/02/2024 00:00,WSK,359.1,4,
08/02/2024 00:00,US,0,0,
08/02/2024 00:00,VE,0,0,
08/02/2024 00:00,VIN,0,0,
08/02/2024 00:00,WE,0,0,
09/02/2024 00:00,,0,0,
09/02/2024 00:00,,0,0,
09/02/2024 00:00,AUN,0,0,
09/02/2024 00:00,BNR,0,0,
09/02/2024 00:00,BIR,1044.75,4,
09/02/2024 00:00,BS,0,0,
09/02/2024 00:00,BZ,0,0,
09/02/2024 00:00,CCS,0,0,
09/02/2024 00:00,CAD,1203.3,30,
09/02/2024 00:00,CG,6839.7,41,
09/02/2024 00:00,CMI,501.9,14,
09/02/2024 00:00,COQ,959.7,23,
09/02/2024 00:00,EC,0,0,
09/02/2024 00:00,EG,0,0,
09/02/2024 00:00,ER,0,0,
09/02/2024 00:00,SFR,0,0,
09/02/2024 00:00,GAE,4981.2,23,
09/02/2024 00:00,GUT,0,0,
09/02/2024 00:00,IQ,0,0,
09/02/2024 00:00,LH,0,0,
09/02/2024 00:00,MIX,548.1,6,
09/02/2024 00:00,PE,0,0,
09/02/2024 00:00,SG,0,0,
09/02/2024 00:00,TOD,934.5,8,
09/02/2024 00:00,TIN,1218,2,
09/02/2024 00:00,TOR,76.65,5,
09/02/2024 00:00,TOTO,0,0,
09/02/2024 00:00,KFC,11.55,7,
09/02/2024 00:00,WSK,359.1,4,
09/02/2024 00:00,US,0,0,
09/02/2024 00:00,VE,0,0,
09/02/2024 00:00,VIN,0,0,
09/02/2024 00:00,WE,0,0,
10/02/2024 00:00,,0,0,
10/02/2024 00:00,,0,0,
10/02/2024 00:00,AUN,0,0,
10/02/2024 00:00,BNR,0,0,
10/02/2024 00:00,BIR,1044.75,4,
10/02/2024 00:00,BS,0,0,
10/02/2024 00:00,BZ,0,0,
10/02/2024 00:00,CCS,0,0,
10/02/2024 00:00,CAD,1171.8,30,
10/02/2024 00:00,CG,6852.3,41,
10/02/2024 00:00,CMI,501.9,14,
10/02/2024 00:00,COQ,916.65,22,
10/02/2024 00:00,EC,0,0,
10/02/2024 00:00,EG,0,0,
10/02/2024 00:00,ER,0,0,
10/02/2024 00:00,SFR,0,0,
10/02/2024 00:00,GAE,5007.45,24,
10/02/2024 00:00,GUT,0,0,
10/02/2024 00:00,IQ,0,0,
10/02/2024 00:00,LH,0,0,
10/02/2024 00:00,MIX,542.85,6,
10/02/2024 00:00,PE,0,0,
10/02/2024 00:00,SG,0,0,
10/02/2024 00:00,TOD,916.65,7,
10/02/2024 00:00,TIN,1218,2,
10/02/2024 00:00,TOR,76.65,5,
10/02/2024 00:00,TOTO,0,0,
10/02/2024 00:00,KFC,16.8,8,
10/02/2024 00:00,WSK,359.1,4,
10/02/2024 00:00,US,0,0,
10/02/2024 00:00,VE,0,0,
10/02/2024 00:00,VIN,0,0,
10/02/2024 00:00,WE,0,0,
11/02/2024 00:00,,0,0,
11/02/2024 00:00,,0,0,
11/02/2024 00:00,AUN,0,0,
11/02/2024 00:00,BNR,0,0,
11/02/2024 00:00,BIR,904.05,2,
11/02/2024 00:00,BS,0,0,
11/02/2024 00:00,BZ,0,0,
11/02/2024 00:00,CCS,0,0,
11/02/2024 00:00,CAD,1376.55,29,
11/02/2024 00:00,CG,7216.65,42,
11/02/2024 00:00,CMI,561.75,16,
11/02/2024 00:00,COQ,916.65,22,
11/02/2024 00:00,EC,0,0,
11/02/2024 00:00,EG,0,0,
11/02/2024 00:00,ER,0,0,
11/02/2024 00:00,SFR,0,0,
11/02/2024 00:00,GAE,5007.45,24,
11/02/2024 00:00,GUT,0,0,
11/02/2024 00:00,IQ,0,0,
11/02/2024 00:00,LH,0,0,
11/02/2024 00:00,MIX,754.95,6,
11/02/2024 00:00,PE,0,0,
11/02/2024 00:00,SG,0,0,
11/02/2024 00:00,TOD,898.8,7,
11/02/2024 00:00,TIN,1218,2,
11/02/2024 00:00,TOR,53.55,4,
11/02/2024 00:00,TOTO,0,0,
11/02/2024 00:00,KFC,16.8,8,
11/02/2024 00:00,WSK,359.1,4,
11/02/2024 00:00,US,0,0,
11/02/2024 00:00,VE,0,0,
11/02/2024 00:00,VIN,0,0,
11/02/2024 00:00,WE,0,0,
12/02/2024 00:00,,0,0,
12/02/2024 00:00,,0,0,
12/02/2024 00:00,AUN,0,0,
12/02/2024 00:00,BNR,0,0,
12/02/2024 00:00,BIR,429.45,2,
12/02/2024 00:00,BS,0,0,
12/02/2024 00:00,BZ,0,0,
12/02/2024 00:00,CCS,0,0,
12/02/2024 00:00,CAD,1113,25,
12/02/2024 00:00,CG,7723.8,43,
12/02/2024 00:00,CMI,559.65,14,
12/02/2024 00:00,COQ,916.65,22,
12/02/2024 00:00,EC,0,0,
12/02/2024 00:00,EG,0,0,
12/02/2024 00:00,ER,0,0,
12/02/2024 00:00,SFR,0,0,
12/02/2024 00:00,GAE,3561.6,23,
12/02/2024 00:00,GUT,0,0,
12/02/2024 00:00,IQ,0,0,
12/02/2024 00:00,LH,0,0,
12/02/2024 00:00,MIX,894.6,6,
12/02/2024 00:00,PE,0,0,
12/02/2024 00:00,SG,0,0,
12/02/2024 00:00,TOD,873.6,7,
12/02/2024 00:00,TIN,1218,2,
12/02/2024 00:00,TOR,53.55,4,
12/02/2024 00:00,TOTO,54.6,1,
12/02/2024 00:00,KFC,16.8,8,
12/02/2024 00:00,WSK,359.1,4,
12/02/2024 00:00,US,0,0,
12/02/2024 00:00,VE,0,0,
12/02/2024 00:00,VIN,0,0,
12/02/2024 00:00,WE,0,0,
13/02/2024 00:00,,0,0,
13/02/2024 00:00,,0,0,
13/02/2024 00:00,AUN,0,0,
13/02/2024 00:00,BNR,0,0,
13/02/2024 00:00,BIR,429.45,2,
13/02/2024 00:00,BS,0,0,
13/02/2024 00:00,BZ,0,0,
13/02/2024 00:00,CCS,0,0,
13/02/2024 00:00,CAD,912.45,24,
13/02/2024 00:00,CG,6873.3,42,
13/02/2024 00:00,CMI,561.75,16,
13/02/2024 00:00,COQ,916.65,22,
13/02/2024 00:00,EC,0,0,
13/02/2024 00:00,EG,0,0,
13/02/2024 00:00,ER,0,0,
13/02/2024 00:00,SFR,0,0,
13/02/2024 00:00,GAE,2755.2,20,
13/02/2024 00:00,GUT,0,0,
13/02/2024 00:00,IQ,0,0,
13/02/2024 00:00,LH,0,0,
13/02/2024 00:00,MIX,630,6,
13/02/2024 00:00,PE,0,0,
13/02/2024 00:00,SG,0,0,
13/02/2024 00:00,TOD,873.6,7,
13/02/2024 00:00,TIN,1218,2,
13/02/2024 00:00,TOR,53.55,4,
13/02/2024 00:00,TOTO,54.6,1,
13/02/2024 00:00,KFC,16.8,8,
13/02/2024 00:00,WSK,296.1,2,
13/02/2024 00:00,US,0,0,
13/02/2024 00:00,VE,0,0,
13/02/2024 00:00,VIN,0,0,
13/02/2024 00:00,WE,0,0,
14/02/2024 00:00,,0,0,
14/02/2024 00:00,,0,0,
14/02/2024 00:00,AUN,0,0,
14/02/2024 00:00,BNR,0,0,
14/02/2024 00:00,BIR,823.2,2,
14/02/2024 00:00,BS,0,0,
14/02/2024 00:00,BZ,0,0,
14/02/2024 00:00,CCS,0,0,
14/02/2024 00:00,CAD,774.9,28,
14/02/2024 00:00,CG,6873.3,42,
14/02/2024 00:00,CMI,561.75,16,
14/02/2024 00:00,COQ,916.65,22,
14/02/2024 00:00,EC,0,0,
14/02/2024 00:00,EG,0,0,
14/02/2024 00:00,ER,0,0,
14/02/2024 00:00,SFR,0,0,
14/02/2024 00:00,GAE,2688,20,
14/02/2024 00:00,GUT,0,0,
14/02/2024 00:00,IQ,0,0,
14/02/2024 00:00,LH,0,0,
14/02/2024 00:00,MIX,531.3,6,
14/02/2024 00:00,PE,0,0,
14/02/2024 00:00,SG,0,0,
14/02/2024 00:00,TOD,934.5,8,
14/02/2024 00:00,TIN,1218,2,
14/02/2024 00:00,TOR,53.55,4,
14/02/2024 00:00,TOTO,54.6,1,
14/02/2024 00:00,KFC,16.8,8,
14/02/2024 00:00,WSK,296.1,2,
14/02/2024 00:00,US,0,0,
14/02/2024 00:00,VE,0,0,
14/02/2024 00:00,VIN,0,0,
14/02/2024 00:00,WE,0,0,
15/02/2024 00:00,,0,0,
15/02/2024 00:00,,0,0,
15/02/2024 00:00,AUN,0,0,
15/02/2024 00:00,BNR,0,0,
15/02/2024 00:00,BIR,1459.5,2,
15/02/2024 00:00,BS,0,0,
15/02/2024 00:00,BZ,0,0,
15/02/2024 00:00,CCS,0,0,
15/02/2024 00:00,CAD,768.6,28,
15/02/2024 00:00,CG,6873.3,42,
15/02/2024 00:00,CMI,714,17,
15/02/2024 00:00,COQ,916.65,22,
15/02/2024 00:00,EC,0,0,
15/02/2024 00:00,EG,0,0,
15/02/2024 00:00,ER,0,0,
15/02/2024 00:00,SFR,0,0,
15/02/2024 00:00,GAE,3216.15,22,
15/02/2024 00:00,GUT,0,0,
15/02/2024 00:00,IQ,0,0,
15/02/2024 00:00,LH,0,0,
15/02/2024 00:00,MIX,575.4,6,
15/02/2024 00:00,PE,0,0,
15/02/2024 00:00,SG,0,0,
15/02/2024 00:00,TOD,934.5,8,
15/02/2024 00:00,TIN,1218,2,
15/02/2024 00:00,TOR,53.55,4,
15/02/2024 00:00,TOTO,54.6,1,
15/02/2024 00:00,KFC,16.8,8,
15/02/2024 00:00,WSK,296.1,2,
15/02/2024 00:00,US,0,0,
15/02/2024 00:00,VE,0,0,
15/02/2024 00:00,VIN,0,0,
15/02/2024 00:00,WE,0,0,
16/02/2024 00:00,,0,0,
16/02/2024 00:00,,0,0,
16/02/2024 00:00,AUN,0,0,
16/02/2024 00:00,BNR,0,0,
16/02/2024 00:00,BIR,1540.35,4,
16/02/2024 00:00,BS,0,0,
16/02/2024 00:00,BZ,0,0,
16/02/2024 00:00,CCS,0,0,
16/02/2024 00:00,CAD,614.25,29,
16/02/2024 00:00,CG,6856.5,41,
16/02/2024 00:00,CMI,761.25,17,
16/02/2024 00:00,COQ,916.65,22,
16/02/2024 00:00,EC,0,0,
16/02/2024 00:00,EG,0,0,
16/02/2024 00:00,ER,0,0,
16/02/2024 00:00,SFR,0,0,
16/02/2024 00:00,GAE,3662.4,23,
16/02/2024 00:00,GUT,0,0,
16/02/2024 00:00,IQ,0,0,
16/02/2024 00:00,LH,0,0,
16/02/2024 00:00,MIX,555.45,6,
16/02/2024 00:00,PE,0,0,
16/02/2024 00:00,SG,0,0,
16/02/2024 00:00,TOD,934.5,8,
16/02/2024 00:00,TIN,1218,2,
16/02/2024 00:00,TOR,53.55,4,
16/02/2024 00:00,TOTO,54.6,1,
16/02/2024 00:00,KFC,16.8,8,
16/02/2024 00:00,WSK,296.1,2,
16/02/2024 00:00,US,0,0,
16/02/2024 00:00,VE,0,0,
16/02/2024 00:00,VIN,0,0,
16/02/2024 00:00,WE,0,0,
17/02/2024 00:00,,0,0,
17/02/2024 00:00,,0,0,
17/02/2024 00:00,AUN,0,0,
17/02/2024 00:00,BNR,0,0,
17/02/2024 00:00,BIR,1540.35,4,
17/02/2024 00:00,BS,0,0,
17/02/2024 00:00,BZ,0,0,
17/02/2024 00:00,CCS,0,0,
17/02/2024 00:00,CAD,593.25,28,
17/02/2024 00:00,CG,6641.25,40,
17/02/2024 00:00,CMI,716.1,18,
17/02/2024 00:00,COQ,916.65,22,
17/02/2024 00:00,EC,0,0,
17/02/2024 00:00,EG,0,0,
17/02/2024 00:00,ER,0,0,
17/02/2024 00:00,SFR,0,0,
17/02/2024 00:00,GAE,3678.15,25,
17/02/2024 00:00,GUT,0,0,
17/02/2024 00:00,IQ,0,0,
17/02/2024 00:00,LH,0,0,
17/02/2024 00:00,MIX,716.1,6,
17/02/2024 00:00,PE,0,0,
17/02/2024 00:00,SG,0,0,
17/02/2024 00:00,TOD,934.5,8,
17/02/2024 00:00,TIN,1218,2,
17/02/2024 00:00,TOR,53.55,4,
17/02/2024 00:00,TOTO,54.6,1,
17/02/2024 00:00,KFC,5.25,7,
17/02/2024 00:00,WSK,296.1,2,
17/02/2024 00:00,US,0,0,
17/02/2024 00:00,VE,0,0,
17/02/2024 00:00,VIN,0,0,
17/02/2024 00:00,WE,0,0,
18/02/2024 00:00,,0,0,
18/02/2024 00:00,,0,0,
18/02/2024 00:00,AUN,0,0,
18/02/2024 00:00,BNR,0,0,
18/02/2024 00:00,BIR,1540.35,4,
18/02/2024 00:00,BS,0,0,
18/02/2024 00:00,BZ,0,0,
18/02/2024 00:00,CCS,0,0,
18/02/2024 00:00,CAD,596.4,28,
18/02/2024 00:00,CG,5853.75,40,
18/02/2024 00:00,CMI,763.35,18,
18/02/2024 00:00,COQ,786.45,20,
18/02/2024 00:00,EC,0,0,
18/02/2024 00:00,EG,0,0,
18/02/2024 00:00,ER,0,0,
18/02/2024 00:00,SFR,0,0,
18/02/2024 00:00,GAE,3720.15,25,
18/02/2024 00:00,GUT,0,0,
18/02/2024 00:00,IQ,0,0,
18/02/2024 00:00,LH,0,0,
18/02/2024 00:00,MIX,590.1,6,
18/02/2024 00:00,PE,0,0,
18/02/2024 00:00,SG,0,0,
18/02/2024 00:00,TOD,934.5,8,
18/02/2024 00:00,TIN,1218,2,
18/02/2024 00:00,TOR,53.55,4,
18/02/2024 00:00,TOTO,0,0,
18/02/2024 00:00,KFC,1.05,6,
18/02/2024 00:00,WSK,296.1,2,
18/02/2024 00:00,US,0,0,
18/02/2024 00:00,VE,0,0,
18/02/2024 00:00,VIN,0,0,
18/02/2024 00:00,WE,0,0,
19/02/2024 00:00,,0,0,
19/02/2024 00:00,,0,0,
19/02/2024 00:00,AUN,0,0,
19/02/2024 00:00,BNR,0,0,
19/02/2024 00:00,BIR,1540.35,4,
19/02/2024 00:00,BS,0,0,
19/02/2024 00:00,BZ,0,0,
19/02/2024 00:00,CCS,0,0,
19/02/2024 00:00,CAD,555.45,29,
19/02/2024 00:00,CG,5866.35,40,
19/02/2024 00:00,CMI,699.3,17,
19/02/2024 00:00,COQ,773.85,20,
19/02/2024 00:00,EC,0,0,
19/02/2024 00:00,EG,0,0,
19/02/2024 00:00,ER,0,0,
19/02/2024 00:00,SFR,0,0,
19/02/2024 00:00,GAE,3570,24,
19/02/2024 00:00,GUT,0,0,
19/02/2024 00:00,IQ,0,0,
19/02/2024 00:00,LH,0,0,
19/02/2024 00:00,MIX,567,6,
19/02/2024 00:00,PE,0,0,
19/02/2024 00:00,SG,0,0,
19/02/2024 00:00,TOD,934.5,8,
19/02/2024 00:00,TIN,1218,2,
19/02/2024 00:00,TOR,53.55,4,
19/02/2024 00:00,TOTO,54.6,1,
19/02/2024 00:00,KFC,1.05,6,
19/02/2024 00:00,WSK,296.1,2,
19/02/2024 00:00,US,0,0,
19/02/2024 00:00,VE,0,0,
19/02/2024 00:00,VIN,0,0,
19/02/2024 00:00,WE,0,0,
20/02/2024 00:00,,0,0,
20/02/2024 00:00,,0,0,
20/02/2024 00:00,AUN,0,0,
20/02/2024 00:00,BNR,0,0,
20/02/2024 00:00,BIR,1540.35,4,
20/02/2024 00:00,BS,0,0,
20/02/2024 00:00,BZ,0,0,
20/02/2024 00:00,CCS,0,0,
20/02/2024 00:00,CAD,536.55,29,
20/02/2024 00:00,CG,6174,40,
20/02/2024 00:00,CMI,543.9,16,
20/02/2024 00:00,COQ,773.85,19,
20/02/2024 00:00,EC,0,0,
20/02/2024 00:00,EG,0,0,
20/02/2024 00:00,ER,0,0,
20/02/2024 00:00,SFR,0,0,
20/02/2024 00:00,GAE,3883.95,30,
20/02/2024 00:00,GUT,0,0,
20/02/2024 00:00,IQ,0,0,
20/02/2024 00:00,LH,0,0,
20/02/2024 00:00,MIX,537.6,6,
20/02/2024 00:00,PE,0,0,
20/02/2024 00:00,SG,0,0,
20/02/2024 00:00,TOD,934.5,8,
20/02/2024 00:00,TIN,1218,2,
20/02/2024 00:00,TOR,53.55,5,
20/02/2024 00:00,TOTO,54.6,1,
20/02/2024 00:00,KFC,1.05,7,
20/02/2024 00:00,WSK,296.1,2,
20/02/2024 00:00,US,0,0,
20/02/2024 00:00,VE,0,0,
20/02/2024 00:00,VIN,0,0,
20/02/2024 00:00,WE,0,0,
21/02/2024 00:00,,0,0,
21/02/2024 00:00,,0,0,
21/02/2024 00:00,AUN,0,0,
21/02/2024 00:00,BNR,0,0,
21/02/2024 00:00,BIR,1540.35,4,
21/02/2024 00:00,BS,0,0,
21/02/2024 00:00,BZ,0,0,
21/02/2024 00:00,CCS,0,0,
21/02/2024 00:00,CAD,684.6,28,
21/02/2024 00:00,CG,6427.05,43,
21/02/2024 00:00,CMI,780.15,17,
21/02/2024 00:00,COQ,773.85,19,
21/02/2024 00:00,EC,0,0,
21/02/2024 00:00,EG,0,0,
21/02/2024 00:00,ER,0,0,
21/02/2024 00:00,SFR,0,0,
21/02/2024 00:00,GAE,3944.85,31,
21/02/2024 00:00,GUT,0,0,
21/02/2024 00:00,IQ,0,0,
21/02/2024 00:00,LH,0,0,
21/02/2024 00:00,MIX,559.65,6,
21/02/2024 00:00,PE,0,0,
21/02/2024 00:00,SG,0,0,
21/02/2024 00:00,TOD,955.5,8,
21/02/2024 00:00,TIN,1218,2,
21/02/2024 00:00,TOR,53.55,5,
21/02/2024 00:00,TOTO,54.6,1,
21/02/2024 00:00,KFC,1.05,6,
21/02/2024 00:00,WSK,296.1,2,
21/02/2024 00:00,US,0,0,
21/02/2024 00:00,VE,0,0,
21/02/2024 00:00,VIN,0,0,
21/02/2024 00:00,WE,0,0,
22/02/2024 00:00,,0,0,
22/02/2024 00:00,,0,0,
22/02/2024 00:00,AUN,0,0,
22/02/2024 00:00,BNR,0,0,
22/02/2024 00:00,BIR,1540.35,4,
22/02/2024 00:00,BS,0,0,
22/02/2024 00:00,BZ,0,0,
22/02/2024 00:00,CCS,0,0,
22/02/2024 00:00,CAD,628.95,29,
22/02/2024 00:00,CG,6524.7,44,
22/02/2024 00:00,CMI,534.45,17,
22/02/2024 00:00,COQ,773.85,19,
22/02/2024 00:00,EC,0,0,
22/02/2024 00:00,EG,0,0,
22/02/2024 00:00,ER,0,0,
22/02/2024 00:00,SFR,0,0,
22/02/2024 00:00,GAE,3960.6,31,
22/02/2024 00:00,GUT,0,0,
22/02/2024 00:00,IQ,0,0,
22/02/2024 00:00,LH,0,0,
22/02/2024 00:00,MIX,540.75,6,
22/02/2024 00:00,PE,0,0,
22/02/2024 00:00,SG,0,0,
22/02/2024 00:00,TOD,934.5,8,
22/02/2024 00:00,TIN,1218,2,
22/02/2024 00:00,TOR,53.55,5,
22/02/2024 00:00,TOTO,54.6,1,
22/02/2024 00:00,KFC,1.05,7,
22/02/2024 00:00,WSK,296.1,2,
22/02/2024 00:00,US,0,0,
22/02/2024 00:00,VE,0,0,
22/02/2024 00:00,VIN,0,0,
22/02/2024 00:00,WE,0,0,
23/02/2024 00:00,,0,0,
23/02/2024 00:00,,0,0,
23/02/2024 00:00,AUN,0,0,
23/02/2024 00:00,BNR,0,0,
23/02/2024 00:00,BIR,1540.35,4,
23/02/2024 00:00,BS,0,0,
23/02/2024 00:00,BZ,0,0,
23/02/2024 00:00,CCS,0,0,
23/02/2024 00:00,CAD,647.85,29,
23/02/2024 00:00,CG,7283.85,46,
23/02/2024 00:00,CMI,501.9,16,
23/02/2024 00:00,COQ,773.85,19,
23/02/2024 00:00,EC,0,0,
23/02/2024 00:00,EG,0,0,
23/02/2024 00:00,ER,0,0,
23/02/2024 00:00,SFR,0,0,
23/02/2024 00:00,GAE,3352.65,26,
23/02/2024 00:00,GUT,0,0,
23/02/2024 00:00,IQ,0,0,
23/02/2024 00:00,LH,0,0,
23/02/2024 00:00,MIX,579.6,6,
23/02/2024 00:00,PE,0,0,
23/02/2024 00:00,SG,0,0,
23/02/2024 00:00,TOD,980.7,8,
23/02/2024 00:00,TIN,1218,2,
23/02/2024 00:00,TOR,84,5,
23/02/2024 00:00,TOTO,54.6,1,
23/02/2024 00:00,KFC,1.05,6,
23/02/2024 00:00,WSK,296.1,2,
23/02/2024 00:00,US,0,0,
23/02/2024 00:00,VE,0,0,
23/02/2024 00:00,VIN,0,0,
23/02/2024 00:00,WE,0,0,
24/02/2024 00:00,,0,0,
24/02/2024 00:00,,0,0,
24/02/2024 00:00,AUN,0,0,
24/02/2024 00:00,BNR,0,0,
24/02/2024 00:00,BIR,1540.35,4,
24/02/2024 00:00,BS,0,0,
24/02/2024 00:00,BZ,0,0,
24/02/2024 00:00,CCS,0,0,
24/02/2024 00:00,CAD,635.25,29,
24/02/2024 00:00,CG,7231.35,44,
24/02/2024 00:00,CMI,497.7,16,
24/02/2024 00:00,COQ,773.85,19,
24/02/2024 00:00,EC,0,0,
24/02/2024 00:00,EG,0,0,
24/02/2024 00:00,ER,0,0,
24/02/2024 00:00,SFR,0,0,
24/02/2024 00:00,GAE,3655.05,30,
24/02/2024 00:00,GUT,0,0,
24/02/2024 00:00,IQ,0,0,
24/02/2024 00:00,LH,0,0,
24/02/2024 00:00,MIX,610.05,6,
24/02/2024 00:00,PE,0,0,
24/02/2024 00:00,SG,0,0,
24/02/2024 00:00,TOD,373.8,4,
24/02/2024 00:00,TIN,1218,2,
24/02/2024 00:00,TOR,96.6,5,
24/02/2024 00:00,TOTO,54.6,1,
24/02/2024 00:00,KFC,1.05,6,
24/02/2024 00:00,WSK,296.1,2,
24/02/2024 00:00,US,0,0,
24/02/2024 00:00,VE,0,0,
24/02/2024 00:00,VIN,0,0,
24/02/2024 00:00,WE,0,0,
25/02/2024 00:00,,0,0,
25/02/2024 00:00,,0,0,
25/02/2024 00:00,AUN,0,0,
25/02/2024 00:00,BNR,0,0,
25/02/2024 00:00,BIR,1540.35,4,
25/02/2024 00:00,BS,0,0,
25/02/2024 00:00,BZ,0,0,
25/02/2024 00:00,CCS,0,0,
25/02/2024 00:00,CAD,476.7,29,
25/02/2024 00:00,CG,7208.25,44,
25/02/2024 00:00,CMI,497.7,16,
25/02/2024 00:00,COQ,773.85,19,
25/02/2024 00:00,EC,0,0,
25/02/2024 00:00,EG,0,0,
25/02/2024 00:00,ER,0,0,
25/02/2024 00:00,SFR,0,0,
25/02/2024 00:00,GAE,4853.1,30,
25/02/2024 00:00,GUT,0,0,
25/02/2024 00:00,IQ,0,0,
25/02/2024 00:00,LH,0,0,
25/02/2024 00:00,MIX,615.3,6,
25/02/2024 00:00,PE,0,0,
25/02/2024 00:00,SG,0,0,
25/02/2024 00:00,TOD,934.5,8,
25/02/2024 00:00,TIN,1218,2,
25/02/2024 00:00,TOR,130.2,6,
25/02/2024 00:00,TOTO,54.6,1,
25/02/2024 00:00,KFC,1.05,6,
25/02/2024 00:00,WSK,296.1,2,
25/02/2024 00:00,US,0,0,
25/02/2024 00:00,VE,0,0,
25/02/2024 00:00,VIN,0,0,
25/02/2024 00:00,WE,0,0,
26/02/2024 00:00,,0,0,
26/02/2024 00:00,,0,0,
26/02/2024 00:00,AUN,0,0,
26/02/2024 00:00,BNR,0,0,
26/02/2024 00:00,BIR,1540.35,4,
26/02/2024 00:00,BS,0,0,
26/02/2024 00:00,BZ,0,0,
26/02/2024 00:00,CCS,0,0,
26/02/2024 00:00,CAD,445.2,29,
26/02/2024 00:00,CG,7208.25,44,
26/02/2024 00:00,CMI,313.95,14,
26/02/2024 00:00,COQ,773.85,19,
26/02/2024 00:00,EC,0,0,
26/02/2024 00:00,EG,0,0,
26/02/2024 00:00,ER,0,0,
26/02/2024 00:00,SFR,0,0,
26/02/2024 00:00,GAE,5110.35,34,
26/02/2024 00:00,GUT,0,0,
26/02/2024 00:00,IQ,0,0,
26/02/2024 00:00,LH,0,0,
26/02/2024 00:00,MIX,601.65,6,
26/02/2024 00:00,PE,0,0,
26/02/2024 00:00,SG,0,0,
26/02/2024 00:00,TOD,981.75,10,
26/02/2024 00:00,TIN,1218,2,
26/02/2024 00:00,TOR,96.6,6,
26/02/2024 00:00,TOTO,54.6,1,
26/02/2024 00:00,KFC,1.05,6,
26/02/2024 00:00,WSK,325.5,2,
26/02/2024 00:00,US,0,0,
26/02/2024 00:00,VE,0,0,
26/02/2024 00:00,VIN,598.5,1,
26/02/2024 00:00,WE,0,0,
27/02/2024 00:00,,0,0,
27/02/2024 00:00,,0,0,
27/02/2024 00:00,AUN,0,0,
27/02/2024 00:00,BNR,0,0,
27/02/2024 00:00,BIR,1540.35,4,
27/02/2024 00:00,BS,0,0,
27/02/2024 00:00,BZ,0,0,
27/02/2024 00:00,CCS,0,0,
27/02/2024 00:00,CAD,471.45,29,
27/02/2024 00:00,CG,7208.25,44,
27/02/2024 00:00,CMI,155.4,13,
27/02/2024 00:00,COQ,826.35,18,
27/02/2024 00:00,EC,0,0,
27/02/2024 00:00,EG,0,0,
27/02/2024 00:00,ER,0,0,
27/02/2024 00:00,SFR,0,0,
27/02/2024 00:00,GAE,5995.5,34,
27/02/2024 00:00,GUT,0,0,
27/02/2024 00:00,IQ,0,0,
27/02/2024 00:00,LH,0,0,
27/02/2024 00:00,MIX,581.7,6,
27/02/2024 00:00,PE,0,0,
27/02/2024 00:00,SG,0,0,
27/02/2024 00:00,TOD,981.75,10,
27/02/2024 00:00,TIN,1218,2,
27/02/2024 00:00,TOR,96.6,5,
27/02/2024 00:00,TOTO,54.6,1,
27/02/2024 00:00,KFC,1.05,6,
27/02/2024 00:00,WSK,337.05,4,
27/02/2024 00:00,US,0,0,
27/02/2024 00:00,VE,0,0,
27/02/2024 00:00,VIN,598.5,1,
27/02/2024 00:00,WE,0,0,
28/02/2024 00:00,,0,0,
28/02/2024 00:00,,0,0,
28/02/2024 00:00,AUN,0,0,
28/02/2024 00:00,BNR,0,0,
28/02/2024 00:00,BIR,1540.35,4,
28/02/2024 00:00,BS,0,0,
28/02/2024 00:00,BZ,0,0,
28/02/2024 00:00,CCS,0,0,
28/02/2024 00:00,CAD,512.4,30,
28/02/2024 00:00,CG,7168.35,44,
28/02/2024 00:00,CMI,51.45,14,
28/02/2024 00:00,COQ,773.85,18,
28/02/2024 00:00,EC,0,0,
28/02/2024 00:00,EG,0,0,
28/02/2024 00:00,ER,0,0,
28/02/2024 00:00,SFR,0,0,
28/02/2024 00:00,GAE,6309.45,35,
28/02/2024 00:00,GUT,0,0,
28/02/2024 00:00,IQ,0,0,
28/02/2024 00:00,LH,0,0,
28/02/2024 00:00,MIX,596.4,6,
28/02/2024 00:00,PE,0,0,
28/02/2024 00:00,SG,0,0,
28/02/2024 00:00,TOD,961.8,8,
28/02/2024 00:00,TIN,1218,2,
28/02/2024 00:00,TOR,96.6,5,
28/02/2024 00:00,TOTO,54.6,1,
28/02/2024 00:00,KFC,1.05,6,
28/02/2024 00:00,WSK,337.05,4,
28/02/2024 00:00,US,0,0,
28/02/2024 00:00,VE,0,0,
28/02/2024 00:00,VIN,598.5,1,
28/02/2024 00:00,WE,0,0,
29/02/2024 00:00,,0,0,
29/02/2024 00:00,,0,0,
29/02/2024 00:00,AUN,0,0,
29/02/2024 00:00,BNR,0,0,
29/02/2024 00:00,BIR,1540.35,4,
29/02/2024 00:00,BS,0,0,
29/02/2024 00:00,BZ,0,0,
29/02/2024 00:00,CCS,0,0,
29/02/2024 00:00,CAD,415.8,28,
29/02/2024 00:00,CG,7192.5,44,
29/02/2024 00:00,CMI,103.95,14,
29/02/2024 00:00,COQ,773.85,18,
29/02/2024 00:00,EC,0,0,
29/02/2024 00:00,EG,0,0,
29/02/2024 00:00,ER,0,0,
29/02/2024 00:00,SFR,0,0,
29/02/2024 00:00,GAE,6408.15,35,
29/02/2024 00:00,GUT,0,0,
29/02/2024 00:00,IQ,0,0,
29/02/2024 00:00,LH,0,0,
29/02/2024 00:00,MIX,559.65,6,
29/02/2024 00:00,PE,0,0,
29/02/2024 00:00,SG,0,0,
29/02/2024 00:00,TOD,934.5,8,
29/02/2024 00:00,TIN,1218,2,
29/02/2024 00:00,TOR,96.6,4,
29/02/2024 00:00,TOTO,54.6,1,
29/02/2024 00:00,KFC,1.05,6,
29/02/2024 00:00,WSK,841.05,4,
29/02/2024 00:00,US,0,0,
29/02/2024 00:00,VE,0,0,
29/02/2024 00:00,VIN,598.5,1,
29/02/2024 00:00,WE,0,0,
01/03/2024 00:00,,0,0,
01/03/2024 00:00,,0,0,
01/03/2024 00:00,AUN,0,0,
01/03/2024 00:00,BNR,0,0,
01/03/2024 00:00,BIR,1540.35,4,
01/03/2024 00:00,BS,0,0,
01/03/2024 00:00,BZ,0,0,
01/03/2024 00:00,CCS,0,0,
01/03/2024 00:00,CAD,448.35,29,
01/03/2024 00:00,CG,8270.85,46,
01/03/2024 00:00,CMI,75.6,13,
01/03/2024 00:00,COQ,773.85,17,
01/03/2024 00:00,EC,0,0,
01/03/2024 00:00,EG,0,0,
01/03/2024 00:00,ER,0,0,
01/03/2024 00:00,SFR,0,0,
01/03/2024 00:00,GAE,7359.45,35,
01/03/2024 00:00,GUT,0,0,
01/03/2024 00:00,IQ,0,0,
01/03/2024 00:00,LH,0,0,
01/03/2024 00:00,MIX,534.45,6,
01/03/2024 00:00,PE,0,0,
01/03/2024 00:00,SG,0,0,
01/03/2024 00:00,TOD,934.5,8,
01/03/2024 00:00,TIN,1218,2,
01/03/2024 00:00,TOR,96.6,5,
01/03/2024 00:00,TOTO,54.6,1,
01/03/2024 00:00,KFC,1.05,6,
01/03/2024 00:00,WSK,856.8,4,
01/03/2024 00:00,US,0,0,
01/03/2024 00:00,VE,0,0,
01/03/2024 00:00,VIN,598.5,1,
01/03/2024 00:00,WE,0,0,
02/03/2024 00:00,,0,0,
02/03/2024 00:00,,0,0,
02/03/2024 00:00,AUN,0,0,
02/03/2024 00:00,BNR,0,0,
02/03/2024 00:00,BIR,2100,5,
02/03/2024 00:00,BS,0,0,
02/03/2024 00:00,BZ,0,0,
02/03/2024 00:00,CCS,0,0,
02/03/2024 00:00,CAD,459.9,31,
02/03/2024 00:00,CG,8270.85,46,
02/03/2024 00:00,CMI,54.6,13,
02/03/2024 00:00,COQ,773.85,18,
02/03/2024 00:00,EC,0,0,
02/03/2024 00:00,EG,0,0,
02/03/2024 00:00,ER,0,0,
02/03/2024 00:00,SFR,0,0,
02/03/2024 00:00,GAE,7163.1,35,
02/03/2024 00:00,GUT,0,0,
02/03/2024 00:00,IQ,0,0,
02/03/2024 00:00,LH,0,0,
02/03/2024 00:00,MIX,531.3,6,
02/03/2024 00:00,PE,0,0,
02/03/2024 00:00,SG,0,0,
02/03/2024 00:00,TOD,934.5,8,
02/03/2024 00:00,TIN,1218,2,
02/03/2024 00:00,TOR,96.6,5,
02/03/2024 00:00,TOTO,54.6,1,
02/03/2024 00:00,KFC,1.05,6,
02/03/2024 00:00,WSK,868.35,5,
02/03/2024 00:00,US,0,0,
02/03/2024 00:00,VE,0,0,
02/03/2024 00:00,VIN,598.5,1,
02/03/2024 00:00,WE,0,0,
03/03/2024 00:00,,0,0,
03/03/2024 00:00,,0,0,
03/03/2024 00:00,AUN,0,0,
03/03/2024 00:00,BNR,0,0,
03/03/2024 00:00,BIR,2100,5,
03/03/2024 00:00,BS,0,0,
03/03/2024 00:00,BZ,0,0,
03/03/2024 00:00,CCS,0,0,
03/03/2024 00:00,CAD,449.4,31,
03/03/2024 00:00,CG,7711.2,44,
03/03/2024 00:00,CMI,111.3,14,
03/03/2024 00:00,COQ,802.2,17,
03/03/2024 00:00,EC,0,0,
03/03/2024 00:00,EG,0,0,
03/03/2024 00:00,ER,0,0,
03/03/2024 00:00,SFR,0,0,
03/03/2024 00:00,GAE,7156.8,35,
03/03/2024 00:00,GUT,0,0,
03/03/2024 00:00,IQ,0,0,
03/03/2024 00:00,LH,0,0,
03/03/2024 00:00,MIX,1203.3,7,
03/03/2024 00:00,PE,0,0,
03/03/2024 00:00,SG,0,0,
03/03/2024 00:00,TOD,934.5,8,
03/03/2024 00:00,TIN,1218,2,
03/03/2024 00:00,TOR,96.6,5,
03/03/2024 00:00,TOTO,54.6,1,
03/03/2024 00:00,KFC,1.05,6,
03/03/2024 00:00,WSK,868.35,5,
03/03/2024 00:00,US,0,0,
03/03/2024 00:00,VE,0,0,
03/03/2024 00:00,VIN,598.5,1,
03/03/2024 00:00,WE,0,0,
04/03/2024 00:00,,0,0,
04/03/2024 00:00,,0,0,
04/03/2024 00:00,AUN,0,0,
04/03/2024 00:00,BNR,0,0,
04/03/2024 00:00,BIR,2100,5,
04/03/2024 00:00,BS,0,0,
04/03/2024 00:00,BZ,0,0,
04/03/2024 00:00,CCS,0,0,
04/03/2024 00:00,CAD,476.7,32,
04/03/2024 00:00,CG,7490.7,42,
04/03/2024 00:00,CMI,91.35,13,
04/03/2024 00:00,COQ,825.3,19,
04/03/2024 00:00,EC,0,0,
04/03/2024 00:00,EG,0,0,
04/03/2024 00:00,ER,0,0,
04/03/2024 00:00,SFR,0,0,
04/03/2024 00:00,GAE,6936.3,35,
04/03/2024 00:00,GUT,0,0,
04/03/2024 00:00,IQ,0,0,
04/03/2024 00:00,LH,0,0,
04/03/2024 00:00,MIX,523.95,6,
04/03/2024 00:00,PE,0,0,
04/03/2024 00:00,SG,0,0,
04/03/2024 00:00,TOD,934.5,8,
04/03/2024 00:00,TIN,1218,2,
04/03/2024 00:00,TOR,96.6,5,
04/03/2024 00:00,TOTO,54.6,1,
04/03/2024 00:00,KFC,1.05,7,
04/03/2024 00:00,WSK,856.8,4,
04/03/2024 00:00,US,0,0,
04/03/2024 00:00,VE,0,0,
04/03/2024 00:00,VIN,598.5,1,
04/03/2024 00:00,WE,0,0,
05/03/2024 00:00,,0,0,
05/03/2024 00:00,,0,0,
05/03/2024 00:00,AUN,0,0,
05/03/2024 00:00,BNR,0,0,
05/03/2024 00:00,BIR,2100,5,
05/03/2024 00:00,BS,0,0,
05/03/2024 00:00,BZ,0,0,
05/03/2024 00:00,CCS,0,0,
05/03/2024 00:00,CAD,460.95,31,
05/03/2024 00:00,CG,7452.9,42,
05/03/2024 00:00,CMI,80.85,13,
05/03/2024 00:00,COQ,825.3,19,
05/03/2024 00:00,EC,0,0,
05/03/2024 00:00,EG,0,0,
05/03/2024 00:00,ER,0,0,
05/03/2024 00:00,SFR,0,0,
05/03/2024 00:00,GAE,6900.6,34,
05/03/2024 00:00,GUT,0,0,
05/03/2024 00:00,IQ,0,0,
05/03/2024 00:00,LH,0,0,
05/03/2024 00:00,MIX,522.9,6,
05/03/2024 00:00,PE,0,0,
05/03/2024 00:00,SG,0,0,
05/03/2024 00:00,TOD,934.5,8,
05/03/2024 00:00,TIN,1218,2,
05/03/2024 00:00,TOR,96.6,5,
05/03/2024 00:00,TOTO,54.6,1,
05/03/2024 00:00,KFC,1.05,7,
05/03/2024 00:00,WSK,868.35,5,
05/03/2024 00:00,US,0,0,
05/03/2024 00:00,VE,0,0,
05/03/2024 00:00,VIN,598.5,1,
05/03/2024 00:00,WE,0,0,
06/03/2024 00:00,,0,0,
06/03/2024 00:00,,0,0,
06/03/2024 00:00,AUN,0,0,
06/03/2024 00:00,BNR,0,0,
06/03/2024 00:00,BIR,1761.9,5,
06/03/2024 00:00,BS,0,0,
06/03/2024 00:00,BZ,0,0,
06/03/2024 00:00,CCS,0,0,
06/03/2024 00:00,CAD,610.05,36,
06/03/2024 00:00,CG,7452.9,42,
06/03/2024 00:00,CMI,121.8,14,
06/03/2024 00:00,COQ,825.3,19,
06/03/2024 00:00,EC,0,0,
06/03/2024 00:00,EG,0,0,
06/03/2024 00:00,ER,0,0,
06/03/2024 00:00,SFR,0,0,
06/03/2024 00:00,GAE,6812.4,34,
06/03/2024 00:00,GUT,0,0,
06/03/2024 00:00,IQ,0,0,
06/03/2024 00:00,LH,0,0,
06/03/2024 00:00,MIX,512.4,6,
06/03/2024 00:00,PE,0,0,
06/03/2024 00:00,SG,0,0,
06/03/2024 00:00,TOD,934.5,8,
06/03/2024 00:00,TIN,1218,2,
06/03/2024 00:00,TOR,96.6,5,
06/03/2024 00:00,TOTO,54.6,1,
06/03/2024 00:00,KFC,1.05,7,
06/03/2024 00:00,WSK,868.35,5,
06/03/2024 00:00,US,0,0,
06/03/2024 00:00,VE,0,0,
06/03/2024 00:00,VIN,598.5,1,
06/03/2024 00:00,WE,0,0,
07/03/2024 00:00,,0,0,
07/03/2024 00:00,,0,0,
07/03/2024 00:00,AUN,0,0,
07/03/2024 00:00,BNR,0,0,
07/03/2024 00:00,BIR,1761.9,5,
07/03/2024 00:00,BS,0,0,
07/03/2024 00:00,BZ,0,0,
07/03/2024 00:00,CCS,0,0,
07/03/2024 00:00,CAD,628.95,36,
07/03/2024 00:00,CG,7452.9,42,
07/03/2024 00:00,CMI,243.6,16,
07/03/2024 00:00,COQ,825.3,19,
07/03/2024 00:00,EC,0,0,
07/03/2024 00:00,EG,0,0,
07/03/2024 00:00,ER,0,0,
07/03/2024 00:00,SFR,0,0,
07/03/2024 00:00,GAE,6790.35,32,
07/03/2024 00:00,GUT,0,0,
07/03/2024 00:00,IQ,0,0,
07/03/2024 00:00,LH,0,0,
07/03/2024 00:00,MIX,529.2,6,
07/03/2024 00:00,PE,0,0,
07/03/2024 00:00,SG,0,0,
07/03/2024 00:00,TOD,934.5,8,
07/03/2024 00:00,TIN,1218,2,
07/03/2024 00:00,TOR,96.6,5,
07/03/2024 00:00,TOTO,54.6,1,
07/03/2024 00:00,KFC,1.05,7,
07/03/2024 00:00,WSK,868.35,5,
07/03/2024 00:00,US,0,0,
07/03/2024 00:00,VE,0,0,
07/03/2024 00:00,VIN,598.5,1,
07/03/2024 00:00,WE,0,0,
08/03/2024 00:00,,0,0,
08/03/2024 00:00,,0,0,
08/03/2024 00:00,AUN,0,0,
08/03/2024 00:00,BNR,0,0,
08/03/2024 00:00,BIR,1761.9,5,
08/03/2024 00:00,BS,0,0,
08/03/2024 00:00,BZ,0,0,
08/03/2024 00:00,CCS,0,0,
08/03/2024 00:00,CAD,760.2,41,
08/03/2024 00:00,CG,7245,41,
08/03/2024 00:00,CMI,255.15,17,
08/03/2024 00:00,COQ,825.3,19,
08/03/2024 00:00,EC,0,0,
08/03/2024 00:00,EG,0,0,
08/03/2024 00:00,ER,0,0,
08/03/2024 00:00,SFR,0,0,
08/03/2024 00:00,GAE,8979.6,32,
08/03/2024 00:00,GUT,0,0,
08/03/2024 00:00,IQ,0,0,
08/03/2024 00:00,LH,0,0,
08/03/2024 00:00,MIX,525,6,
08/03/2024 00:00,PE,0,0,
08/03/2024 00:00,SG,0,0,
08/03/2024 00:00,TOD,934.5,8,
08/03/2024 00:00,TIN,1218,2,
08/03/2024 00:00,TOR,96.6,5,
08/03/2024 00:00,TOTO,54.6,1,
08/03/2024 00:00,KFC,1.05,7,
08/03/2024 00:00,WSK,856.8,4,
08/03/2024 00:00,US,0,0,
08/03/2024 00:00,VE,0,0,
08/03/2024 00:00,VIN,598.5,1,
08/03/2024 00:00,WE,0,0,
09/03/2024 00:00,,0,0,
09/03/2024 00:00,,0,0,
09/03/2024 00:00,AUN,0,0,
09/03/2024 00:00,BNR,0,0,
09/03/2024 00:00,BIR,1761.9,5,
09/03/2024 00:00,BS,0,0,
09/03/2024 00:00,BZ,0,0,
09/03/2024 00:00,CCS,0,0,
09/03/2024 00:00,CAD,722.4,41,
09/03/2024 00:00,CG,7037.1,41,
09/03/2024 00:00,CMI,51.45,14,
09/03/2024 00:00,COQ,825.3,19,
09/03/2024 00:00,EC,0,0,
09/03/2024 00:00,EG,0,0,
09/03/2024 00:00,ER,0,0,
09/03/2024 00:00,SFR,0,0,
09/03/2024 00:00,GAE,9023.7,31,
09/03/2024 00:00,GUT,0,0,
09/03/2024 00:00,IQ,0,0,
09/03/2024 00:00,LH,0,0,
09/03/2024 00:00,MIX,604.8,6,
09/03/2024 00:00,PE,0,0,
09/03/2024 00:00,SG,0,0,
09/03/2024 00:00,TOD,934.5,8,
09/03/2024 00:00,TIN,1218,2,
09/03/2024 00:00,TOR,96.6,5,
09/03/2024 00:00,TOTO,54.6,1,
09/03/2024 00:00,KFC,1.05,7,
09/03/2024 00:00,WSK,868.35,5,
09/03/2024 00:00,US,0,0,
09/03/2024 00:00,VE,0,0,
09/03/2024 00:00,VIN,598.5,1,
09/03/2024 00:00,WE,0,0,
10/03/2024 00:00,,0,0,
10/03/2024 00:00,,0,0,
10/03/2024 00:00,AUN,0,0,
10/03/2024 00:00,BNR,0,0,
10/03/2024 00:00,BIR,1761.9,5,
10/03/2024 00:00,BS,0,0,
10/03/2024 00:00,BZ,0,0,
10/03/2024 00:00,CCS,0,0,
10/03/2024 00:00,CAD,763.35,42,
10/03/2024 00:00,CG,5323.5,40,
10/03/2024 00:00,CMI,61.95,14,
10/03/2024 00:00,COQ,825.3,19,
10/03/2024 00:00,EC,0,0,
10/03/2024 00:00,EG,0,0,
10/03/2024 00:00,ER,0,0,
10/03/2024 00:00,SFR,0,0,
10/03/2024 00:00,GAE,9710.4,31,
10/03/2024 00:00,GUT,0,0,
10/03/2024 00:00,IQ,0,0,
10/03/2024 00:00,LH,0,0,
10/03/2024 00:00,MIX,699.3,7,
10/03/2024 00:00,PE,0,0,
10/03/2024 00:00,SG,0,0,
10/03/2024 00:00,TOD,934.5,8,
10/03/2024 00:00,TIN,1218,2,
10/03/2024 00:00,TOR,96.6,5,
10/03/2024 00:00,TOTO,54.6,1,
10/03/2024 00:00,KFC,1.05,7,
10/03/2024 00:00,WSK,868.35,5,
10/03/2024 00:00,US,0,0,
10/03/2024 00:00,VE,0,0,
10/03/2024 00:00,VIN,598.5,1,
10/03/2024 00:00,WE,0,0,
11/03/2024 00:00,,0,0,
11/03/2024 00:00,,0,0,
11/03/2024 00:00,AUN,0,0,
11/03/2024 00:00,BNR,0,0,
11/03/2024 00:00,BIR,1761.9,5,
11/03/2024 00:00,BS,0,0,
11/03/2024 00:00,BZ,0,0,
11/03/2024 00:00,CCS,0,0,
11/03/2024 00:00,CAD,748.65,40,
11/03/2024 00:00,CG,5288.85,40,
11/03/2024 00:00,CMI,61.95,14,
11/03/2024 00:00,COQ,825.3,19,
11/03/2024 00:00,EC,0,0,
11/03/2024 00:00,EG,0,0,
11/03/2024 00:00,ER,0,0,
11/03/2024 00:00,SFR,0,0,
11/03/2024 00:00,GAE,9576,31,
11/03/2024 00:00,GUT,0,0,
11/03/2024 00:00,IQ,0,0,
11/03/2024 00:00,LH,0,0,
11/03/2024 00:00,MIX,699.3,7,
11/03/2024 00:00,PE,0,0,
11/03/2024 00:00,SG,0,0,
11/03/2024 00:00,TOD,934.5,8,
11/03/2024 00:00,TIN,1218,2,
11/03/2024 00:00,TOR,96.6,5,
11/03/2024 00:00,TOTO,54.6,1,
11/03/2024 00:00,KFC,1.05,7,
11/03/2024 00:00,WSK,863.1,4,
11/03/2024 00:00,US,0,0,
11/03/2024 00:00,VE,0,0,
11/03/2024 00:00,VIN,598.5,1,
11/03/2024 00:00,WE,0,0,
12/03/2024 00:00,,0,0,
12/03/2024 00:00,,0,0,
12/03/2024 00:00,AUN,0,0,
12/03/2024 00:00,BNR,0,0,
12/03/2024 00:00,BIR,1761.9,5,
12/03/2024 00:00,BS,0,0,
12/03/2024 00:00,BZ,0,0,
12/03/2024 00:00,CCS,0,0,
12/03/2024 00:00,CAD,698.25,37,
12/03/2024 00:00,CG,6281.1,46,
12/03/2024 00:00,CMI,69.3,16,
12/03/2024 00:00,COQ,825.3,19,
12/03/2024 00:00,EC,0,0,
12/03/2024 00:00,EG,0,0,
12/03/2024 00:00,ER,0,0,
12/03/2024 00:00,SFR,0,0,
12/03/2024 00:00,GAE,9549.75,30,
12/03/2024 00:00,GUT,0,0,
12/03/2024 00:00,IQ,0,0,
12/03/2024 00:00,LH,0,0,
12/03/2024 00:00,MIX,732.9,7,
12/03/2024 00:00,PE,0,0,
12/03/2024 00:00,SG,0,0,
12/03/2024 00:00,TOD,873.6,7,
12/03/2024 00:00,TIN,1218,2,
12/03/2024 00:00,TOR,96.6,5,
12/03/2024 00:00,TOTO,54.6,1,
12/03/2024 00:00,KFC,1.05,6,
12/03/2024 00:00,WSK,868.35,5,
12/03/2024 00:00,US,0,0,
12/03/2024 00:00,VE,0,0,
12/03/2024 00:00,VIN,598.5,1,
12/03/2024 00:00,WE,0,0,
13/03/2024 00:00,,0,0,
13/03/2024 00:00,,0,0,
13/03/2024 00:00,AUN,0,0,
13/03/2024 00:00,BNR,0,0,
13/03/2024 00:00,BIR,1761.9,5,
13/03/2024 00:00,BS,0,0,
13/03/2024 00:00,BZ,0,0,
13/03/2024 00:00,CCS,0,0,
13/03/2024 00:00,CAD,604.8,34,
13/03/2024 00:00,CG,6325.2,47,
13/03/2024 00:00,CMI,51.45,14,
13/03/2024 00:00,COQ,825.3,19,
13/03/2024 00:00,EC,0,0,
13/03/2024 00:00,EG,0,0,
13/03/2024 00:00,ER,0,0,
13/03/2024 00:00,SFR,0,0,
13/03/2024 00:00,GAE,9569.7,30,
13/03/2024 00:00,GUT,0,0,
13/03/2024 00:00,IQ,0,0,
13/03/2024 00:00,LH,0,0,
13/03/2024 00:00,MIX,711.9,7,
13/03/2024 00:00,PE,0,0,
13/03/2024 00:00,SG,0,0,
13/03/2024 00:00,TOD,873.6,7,
13/03/2024 00:00,TIN,1218,2,
13/03/2024 00:00,TOR,96.6,5,
13/03/2024 00:00,TOTO,54.6,1,
13/03/2024 00:00,KFC,1.05,6,
13/03/2024 00:00,WSK,868.35,5,
13/03/2024 00:00,US,0,0,
13/03/2024 00:00,VE,0,0,
13/03/2024 00:00,VIN,598.5,1,
13/03/2024 00:00,WE,0,0,
14/03/2024 00:00,,0,0,
14/03/2024 00:00,,0,0,
14/03/2024 00:00,AUN,0,0,
14/03/2024 00:00,BNR,0,0,
14/03/2024 00:00,BIR,1761.9,5,
14/03/2024 00:00,BS,0,0,
14/03/2024 00:00,BZ,0,0,
14/03/2024 00:00,CCS,0,0,
14/03/2024 00:00,CAD,693,46,
14/03/2024 00:00,CG,6680.1,47,
14/03/2024 00:00,CMI,51.45,14,
14/03/2024 00:00,COQ,852.6,19,
14/03/2024 00:00,EC,0,0,
14/03/2024 00:00,EG,0,0,
14/03/2024 00:00,ER,0,0,
14/03/2024 00:00,SFR,0,0,
14/03/2024 00:00,GAE,9560.25,30,
14/03/2024 00:00,GUT,0,0,
14/03/2024 00:00,IQ,0,0,
14/03/2024 00:00,LH,0,0,
14/03/2024 00:00,MIX,699.3,7,
14/03/2024 00:00,PE,0,0,
14/03/2024 00:00,SG,0,0,
14/03/2024 00:00,TOD,873.6,7,
14/03/2024 00:00,TIN,1218,2,
14/03/2024 00:00,TOR,96.6,6,
14/03/2024 00:00,TOTO,54.6,1,
14/03/2024 00:00,KFC,1.05,6,
14/03/2024 00:00,WSK,868.35,5,
14/03/2024 00:00,US,0,0,
14/03/2024 00:00,VE,0,0,
14/03/2024 00:00,VIN,598.5,1,
14/03/2024 00:00,WE,0,0,
15/03/2024 00:00,,0,0,
15/03/2024 00:00,,0,0,
15/03/2024 00:00,AUN,0,0,
15/03/2024 00:00,BNR,0,0,
15/03/2024 00:00,BIR,1657.95,4,
15/03/2024 00:00,BS,0,0,
15/03/2024 00:00,BZ,0,0,
15/03/2024 00:00,CCS,0,0,
15/03/2024 00:00,CAD,712.95,47,
15/03/2024 00:00,CG,6443.85,48,
15/03/2024 00:00,CMI,51.45,14,
15/03/2024 00:00,COQ,880.95,19,
15/03/2024 00:00,EC,0,0,
15/03/2024 00:00,EG,0,0,
15/03/2024 00:00,ER,0,0,
15/03/2024 00:00,SFR,0,0,
15/03/2024 00:00,GAE,9663.15,31,
15/03/2024 00:00,GUT,0,0,
15/03/2024 00:00,IQ,0,0,
15/03/2024 00:00,LH,0,0,
15/03/2024 00:00,MIX,714,7,
15/03/2024 00:00,PE,0,0,
15/03/2024 00:00,SG,0,0,
15/03/2024 00:00,TOD,1160.25,7,
15/03/2024 00:00,TIN,1218,2,
15/03/2024 00:00,TOR,96.6,6,
15/03/2024 00:00,TOTO,54.6,1,
15/03/2024 00:00,KFC,1.05,6,
15/03/2024 00:00,WSK,868.35,5,
15/03/2024 00:00,US,0,0,
15/03/2024 00:00,VE,0,0,
15/03/2024 00:00,VIN,598.5,1,
15/03/2024 00:00,WE,0,0,
16/03/2024 00:00,,0,0,
16/03/2024 00:00,,0,0,
16/03/2024 00:00,AUN,0,0,
16/03/2024 00:00,BNR,0,0,
16/03/2024 00:00,BIR,1512,4,
16/03/2024 00:00,BS,0,0,
16/03/2024 00:00,BZ,0,0,
16/03/2024 00:00,CCS,0,0,
16/03/2024 00:00,CAD,684.6,46,
16/03/2024 00:00,CG,6443.85,48,
16/03/2024 00:00,CMI,51.45,14,
16/03/2024 00:00,COQ,910.35,19,
16/03/2024 00:00,EC,0,0,
16/03/2024 00:00,EG,0,0,
16/03/2024 00:00,ER,0,0,
16/03/2024 00:00,SFR,0,0,
16/03/2024 00:00,GAE,9902.55,32,
16/03/2024 00:00,GUT,0,0,
16/03/2024 00:00,IQ,0,0,
16/03/2024 00:00,LH,0,0,
16/03/2024 00:00,MIX,699.3,7,
16/03/2024 00:00,PE,0,0,
16/03/2024 00:00,SG,0,0,
16/03/2024 00:00,TOD,1232.7,7,
16/03/2024 00:00,TIN,1218,2,
16/03/2024 00:00,TOR,96.6,6,
16/03/2024 00:00,TOTO,54.6,1,
16/03/2024 00:00,KFC,1.05,6,
16/03/2024 00:00,WSK,868.35,5,
16/03/2024 00:00,US,0,0,
16/03/2024 00:00,VE,0,0,
16/03/2024 00:00,VIN,598.5,1,
16/03/2024 00:00,WE,0,0,
17/03/2024 00:00,,0,0,
17/03/2024 00:00,,0,0,
17/03/2024 00:00,AUN,0,0,
17/03/2024 00:00,BNR,0,0,
17/03/2024 00:00,BIR,1444.8,2,
17/03/2024 00:00,BS,0,0,
17/03/2024 00:00,BZ,0,0,
17/03/2024 00:00,CCS,0,0,
17/03/2024 00:00,CAD,697.2,49,
17/03/2024 00:00,CG,6454.35,47,
17/03/2024 00:00,CMI,0,13,
17/03/2024 00:00,COQ,884.1,19,
17/03/2024 00:00,EC,0,0,
17/03/2024 00:00,EG,0,0,
17/03/2024 00:00,ER,0,0,
17/03/2024 00:00,SFR,0,0,
17/03/2024 00:00,GAE,9951.9,32,
17/03/2024 00:00,GUT,70.35,1,
17/03/2024 00:00,IQ,0,0,
17/03/2024 00:00,LH,0,0,
17/03/2024 00:00,MIX,711.9,7,
17/03/2024 00:00,PE,0,0,
17/03/2024 00:00,SG,0,0,
17/03/2024 00:00,TOD,873.6,7,
17/03/2024 00:00,TIN,1218,2,
17/03/2024 00:00,TOR,96.6,6,
17/03/2024 00:00,TOTO,54.6,1,
17/03/2024 00:00,KFC,1.05,6,
17/03/2024 00:00,WSK,868.35,5,
17/03/2024 00:00,US,0,0,
17/03/2024 00:00,VE,0,0,
17/03/2024 00:00,VIN,598.5,1,
17/03/2024 00:00,WE,0,0,
18/03/2024 00:00,,0,0,
18/03/2024 00:00,,0,0,
18/03/2024 00:00,AUN,0,0,
18/03/2024 00:00,BNR,0,0,
18/03/2024 00:00,BIR,739.2,2,
18/03/2024 00:00,BS,0,0,
18/03/2024 00:00,BZ,0,0,
18/03/2024 00:00,CCS,0,0,
18/03/2024 00:00,CAD,703.5,50,
18/03/2024 00:00,CG,6479.55,49,
18/03/2024 00:00,CMI,102.9,14,
18/03/2024 00:00,COQ,884.1,19,
18/03/2024 00:00,EC,0,0,
18/03/2024 00:00,EG,0,0,
18/03/2024 00:00,ER,0,0,
18/03/2024 00:00,SFR,0,0,
18/03/2024 00:00,GAE,9850.05,31,
18/03/2024 00:00,GUT,70.35,1,
18/03/2024 00:00,IQ,0,0,
18/03/2024 00:00,LH,0,0,
18/03/2024 00:00,MIX,699.3,7,
18/03/2024 00:00,PE,0,0,
18/03/2024 00:00,SG,0,0,
18/03/2024 00:00,TOD,873.6,7,
18/03/2024 00:00,TIN,1218,2,
18/03/2024 00:00,TOR,96.6,5,
18/03/2024 00:00,TOTO,0,0,
18/03/2024 00:00,KFC,1.05,6,
18/03/2024 00:00,WSK,868.35,5,
18/03/2024 00:00,US,0,0,
18/03/2024 00:00,VE,0,0,
18/03/2024 00:00,VIN,598.5,1,
18/03/2024 00:00,WE,0,0,
19/03/2024 00:00,,0,0,
19/03/2024 00:00,,0,0,
19/03/2024 00:00,AUN,0,0,
19/03/2024 00:00,BNR,0,0,
19/03/2024 00:00,BIR,739.2,2,
19/03/2024 00:00,BS,0,0,
19/03/2024 00:00,BZ,0,0,
19/03/2024 00:00,CCS,0,0,
19/03/2024 00:00,CAD,731.85,49,
19/03/2024 00:00,CG,6456.45,48,
19/03/2024 00:00,CMI,0,13,
19/03/2024 00:00,COQ,884.1,18,
19/03/2024 00:00,EC,0,0,
19/03/2024 00:00,EG,0,0,
19/03/2024 00:00,ER,0,0,
19/03/2024 00:00,SFR,0,0,
19/03/2024 00:00,GAE,9817.5,31,
19/03/2024 00:00,GUT,0,0,
19/03/2024 00:00,IQ,0,0,
19/03/2024 00:00,LH,0,0,
19/03/2024 00:00,MIX,567,6,
19/03/2024 00:00,PE,0,0,
19/03/2024 00:00,SG,0,0,
19/03/2024 00:00,TOD,873.6,7,
19/03/2024 00:00,TIN,1218,2,
19/03/2024 00:00,TOR,96.6,6,
19/03/2024 00:00,TOTO,0,0,
19/03/2024 00:00,KFC,1.05,6,
19/03/2024 00:00,WSK,868.35,5,
19/03/2024 00:00,US,0,0,
19/03/2024 00:00,VE,0,0,
19/03/2024 00:00,VIN,598.5,1,
19/03/2024 00:00,WE,0,0,
20/03/2024 00:00,,0,0,
20/03/2024 00:00,,0,0,
20/03/2024 00:00,AUN,0,0,
20/03/2024 00:00,BNR,0,0,
20/03/2024 00:00,BIR,739.2,2,
20/03/2024 00:00,BS,0,0,
20/03/2024 00:00,BZ,0,0,
20/03/2024 00:00,CCS,0,0,
20/03/2024 00:00,CAD,647.85,48,
20/03/2024 00:00,CG,6452.25,47,
20/03/2024 00:00,CMI,0,13,
20/03/2024 00:00,COQ,884.1,19,
20/03/2024 00:00,EC,0,0,
20/03/2024 00:00,EG,0,0,
20/03/2024 00:00,ER,0,0,
20/03/2024 00:00,SFR,0,0,
20/03/2024 00:00,GAE,6731.55,29,
20/03/2024 00:00,GUT,0,0,
20/03/2024 00:00,IQ,0,0,
20/03/2024 00:00,LH,0,0,
20/03/2024 00:00,MIX,531.3,6,
20/03/2024 00:00,PE,0,0,
20/03/2024 00:00,SG,0,0,
20/03/2024 00:00,TOD,873.6,7,
20/03/2024 00:00,TIN,1218,2,
20/03/2024 00:00,TOR,96.6,6,
20/03/2024 00:00,TOTO,0,0,
20/03/2024 00:00,KFC,1.05,6,
20/03/2024 00:00,WSK,868.35,5,
20/03/2024 00:00,US,0,0,
20/03/2024 00:00,VE,0,0,
20/03/2024 00:00,VIN,598.5,1,
20/03/2024 00:00,WE,0,0,
21/03/2024 00:00,,0,0,
21/03/2024 00:00,,0,0,
21/03/2024 00:00,AUN,0,0,
21/03/2024 00:00,BNR,0,0,
21/03/2024 00:00,BIR,739.2,2,
21/03/2024 00:00,BS,0,0,
21/03/2024 00:00,BZ,0,0,
21/03/2024 00:00,CCS,0,0,
21/03/2024 00:00,CAD,637.35,48,
21/03/2024 00:00,CG,6571.95,48,
21/03/2024 00:00,CMI,0,13,
21/03/2024 00:00,COQ,829.5,18,
21/03/2024 00:00,EC,0,0,
21/03/2024 00:00,EG,0,0,
21/03/2024 00:00,ER,0,0,
21/03/2024 00:00,SFR,0,0,
21/03/2024 00:00,GAE,7473.9,30,
21/03/2024 00:00,GUT,0,0,
21/03/2024 00:00,IQ,0,0,
21/03/2024 00:00,LH,0,0,
21/03/2024 00:00,MIX,512.4,6,
21/03/2024 00:00,PE,0,0,
21/03/2024 00:00,SG,0,0,
21/03/2024 00:00,TOD,873.6,8,
21/03/2024 00:00,TIN,1218,2,
21/03/2024 00:00,TOR,96.6,6,
21/03/2024 00:00,TOTO,0,0,
21/03/2024 00:00,KFC,1.05,6,
21/03/2024 00:00,WSK,746.55,4,
21/03/2024 00:00,US,0,0,
21/03/2024 00:00,VE,0,0,
21/03/2024 00:00,VIN,598.5,1,
21/03/2024 00:00,WE,0,0,
22/03/2024 00:00,,0,0,
22/03/2024 00:00,,0,0,
22/03/2024 00:00,AUN,0,0,
22/03/2024 00:00,BNR,0,0,
22/03/2024 00:00,BIR,739.2,2,
22/03/2024 00:00,BS,0,0,
22/03/2024 00:00,BZ,0,0,
22/03/2024 00:00,CCS,0,0,
22/03/2024 00:00,CAD,638.4,48,
22/03/2024 00:00,CG,6706.35,48,
22/03/2024 00:00,CMI,106.05,14,
22/03/2024 00:00,COQ,829.5,18,
22/03/2024 00:00,EC,0,0,
22/03/2024 00:00,EG,0,0,
22/03/2024 00:00,ER,0,0,
22/03/2024 00:00,SFR,0,0,
22/03/2024 00:00,GAE,9757.65,32,
22/03/2024 00:00,GUT,0,0,
22/03/2024 00:00,IQ,0,0,
22/03/2024 00:00,LH,0,0,
22/03/2024 00:00,MIX,536.55,6,
22/03/2024 00:00,PE,0,0,
22/03/2024 00:00,SG,0,0,
22/03/2024 00:00,TOD,858.9,7,
22/03/2024 00:00,TIN,1218,2,
22/03/2024 00:00,TOR,96.6,6,
22/03/2024 00:00,TOTO,0,0,
22/03/2024 00:00,KFC,1.05,7,
22/03/2024 00:00,WSK,851.55,4,
22/03/2024 00:00,US,0,0,
22/03/2024 00:00,VE,0,0,
22/03/2024 00:00,VIN,598.5,1,
22/03/2024 00:00,WE,0,0,
23/03/2024 00:00,,0,0,
23/03/2024 00:00,,0,0,
23/03/2024 00:00,AUN,0,0,
23/03/2024 00:00,BNR,0,0,
23/03/2024 00:00,BIR,739.2,2,
23/03/2024 00:00,BS,0,0,
23/03/2024 00:00,BZ,0,0,
23/03/2024 00:00,CCS,0,0,
23/03/2024 00:00,CAD,681.45,47,
23/03/2024 00:00,CG,6774.6,49,
23/03/2024 00:00,CMI,102.9,13,
23/03/2024 00:00,COQ,829.5,18,
23/03/2024 00:00,EC,0,0,
23/03/2024 00:00,EG,0,0,
23/03/2024 00:00,ER,0,0,
23/03/2024 00:00,SFR,0,0,
23/03/2024 00:00,GAE,9757.65,32,
23/03/2024 00:00,GUT,0,0,
23/03/2024 00:00,IQ,0,0,
23/03/2024 00:00,LH,0,0,
23/03/2024 00:00,MIX,529.2,6,
23/03/2024 00:00,PE,0,0,
23/03/2024 00:00,SG,0,0,
23/03/2024 00:00,TOD,804.3,7,
23/03/2024 00:00,TIN,1218,2,
23/03/2024 00:00,TOR,96.6,6,
23/03/2024 00:00,TOTO,0,0,
23/03/2024 00:00,KFC,1.05,7,
23/03/2024 00:00,WSK,910.35,5,
23/03/2024 00:00,US,0,0,
23/03/2024 00:00,VE,0,0,
23/03/2024 00:00,VIN,598.5,1,
23/03/2024 00:00,WE,0,0,
24/03/2024 00:00,,0,0,
24/03/2024 00:00,,0,0,
24/03/2024 00:00,AUN,0,0,
24/03/2024 00:00,BNR,0,0,
24/03/2024 00:00,BIR,739.2,2,
24/03/2024 00:00,BS,0,0,
24/03/2024 00:00,BZ,0,0,
24/03/2024 00:00,CCS,0,0,
24/03/2024 00:00,CAD,978.6,49,
24/03/2024 00:00,CG,5743.5,48,
24/03/2024 00:00,CMI,102.9,13,
24/03/2024 00:00,COQ,829.5,18,
24/03/2024 00:00,EC,0,0,
24/03/2024 00:00,EG,0,0,
24/03/2024 00:00,ER,0,0,
24/03/2024 00:00,SFR,0,0,
24/03/2024 00:00,GAE,9757.65,32,
24/03/2024 00:00,GUT,0,0,
24/03/2024 00:00,IQ,0,0,
24/03/2024 00:00,LH,0,0,
24/03/2024 00:00,MIX,512.4,6,
24/03/2024 00:00,PE,0,0,
24/03/2024 00:00,SG,0,0,
24/03/2024 00:00,TOD,804.3,7,
24/03/2024 00:00,TIN,1218,2,
24/03/2024 00:00,TOR,96.6,6,
24/03/2024 00:00,TOTO,0,0,
24/03/2024 00:00,KFC,1.05,7,
24/03/2024 00:00,WSK,1008,5,
24/03/2024 00:00,US,0,0,
24/03/2024 00:00,VE,0,0,
24/03/2024 00:00,VIN,598.5,1,
24/03/2024 00:00,WE,0,0,
25/03/2024 00:00,,0,0,
25/03/2024 00:00,,0,0,
25/03/2024 00:00,AUN,0,0,
25/03/2024 00:00,BNR,0,0,
25/03/2024 00:00,BIR,739.2,2,
25/03/2024 00:00,BS,0,0,
25/03/2024 00:00,BZ,0,0,
25/03/2024 00:00,CCS,0,0,
25/03/2024 00:00,CAD,866.25,49,
25/03/2024 00:00,CG,5742.45,47,
25/03/2024 00:00,CMI,102.9,13,
25/03/2024 00:00,COQ,829.5,18,
25/03/2024 00:00,EC,0,0,
25/03/2024 00:00,EG,0,0,
25/03/2024 00:00,ER,0,0,
25/03/2024 00:00,SFR,0,0,
25/03/2024 00:00,GAE,9757.65,32,
25/03/2024 00:00,GUT,0,0,
25/03/2024 00:00,IQ,0,0,
25/03/2024 00:00,LH,0,0,
25/03/2024 00:00,MIX,528.15,6,
25/03/2024 00:00,PE,0,0,
25/03/2024 00:00,SG,0,0,
25/03/2024 00:00,TOD,856.8,7,
25/03/2024 00:00,TIN,1218,2,
25/03/2024 00:00,TOR,96.6,5,
25/03/2024 00:00,TOTO,0,0,
25/03/2024 00:00,KFC,1.05,6,
25/03/2024 00:00,WSK,889.35,5,
25/03/2024 00:00,US,0,0,
25/03/2024 00:00,VE,0,0,
25/03/2024 00:00,VIN,598.5,1,
25/03/2024 00:00,WE,0,0,
26/03/2024 00:00,,0,0,
26/03/2024 00:00,,0,0,
26/03/2024 00:00,AUN,0,0,
26/03/2024 00:00,BNR,0,0,
26/03/2024 00:00,BIR,494.55,1,
26/03/2024 00:00,BS,0,0,
26/03/2024 00:00,BZ,0,0,
26/03/2024 00:00,CCS,0,0,
26/03/2024 00:00,CAD,932.4,52,
26/03/2024 00:00,CG,5742.45,47,
26/03/2024 00:00,CMI,102.9,13,
26/03/2024 00:00,COQ,829.5,18,
26/03/2024 00:00,EC,0,0,
26/03/2024 00:00,EG,0,0,
26/03/2024 00:00,ER,0,0,
26/03/2024 00:00,SFR,0,0,
26/03/2024 00:00,GAE,9757.65,32,
26/03/2024 00:00,GUT,0,0,
26/03/2024 00:00,IQ,0,0,
26/03/2024 00:00,LH,0,0,
26/03/2024 00:00,MIX,517.65,6,
26/03/2024 00:00,PE,0,0,
26/03/2024 00:00,SG,0,0,
26/03/2024 00:00,TOD,804.3,7,
26/03/2024 00:00,TIN,1218,2,
26/03/2024 00:00,TOR,96.6,6,
26/03/2024 00:00,TOTO,0,0,
26/03/2024 00:00,KFC,1.05,6,
26/03/2024 00:00,WSK,868.35,5,
26/03/2024 00:00,US,0,0,
26/03/2024 00:00,VE,0,0,
26/03/2024 00:00,VIN,598.5,1,
26/03/2024 00:00,WE,0,0,
27/03/2024 00:00,,0,0,
27/03/2024 00:00,,0,0,
27/03/2024 00:00,AUN,0,0,
27/03/2024 00:00,BNR,0,0,
27/03/2024 00:00,BIR,179.55,1,
27/03/2024 00:00,BS,0,0,
27/03/2024 00:00,BZ,0,0,
27/03/2024 00:00,CCS,0,0,
27/03/2024 00:00,CAD,964.95,52,
27/03/2024 00:00,CG,5743.5,47,
27/03/2024 00:00,CMI,186.9,14,
27/03/2024 00:00,COQ,829.5,18,
27/03/2024 00:00,EC,0,0,
27/03/2024 00:00,EG,0,0,
27/03/2024 00:00,ER,0,0,
27/03/2024 00:00,SFR,0,0,
27/03/2024 00:00,GAE,9757.65,32,
27/03/2024 00:00,GUT,0,0,
27/03/2024 00:00,IQ,0,0,
27/03/2024 00:00,LH,0,0,
27/03/2024 00:00,MIX,512.4,6,
27/03/2024 00:00,PE,0,0,
27/03/2024 00:00,SG,0,0,
27/03/2024 00:00,TOD,812.7,7,
27/03/2024 00:00,TIN,1218,2,
27/03/2024 00:00,TOR,96.6,6,
27/03/2024 00:00,TOTO,0,0,
27/03/2024 00:00,KFC,1.05,6,
27/03/2024 00:00,WSK,972.3,4,
27/03/2024 00:00,US,0,0,
27/03/2024 00:00,VE,0,0,
27/03/2024 00:00,VIN,598.5,1,
27/03/2024 00:00,WE,0,0,
28/03/2024 00:00,,0,0,
28/03/2024 00:00,,0,0,
28/03/2024 00:00,AUN,0,0,
28/03/2024 00:00,BNR,0,0,
28/03/2024 00:00,BIR,179.55,1,
28/03/2024 00:00,BS,0,0,
28/03/2024 00:00,BZ,0,0,
28/03/2024 00:00,CCS,0,0,
28/03/2024 00:00,CAD,846.3,52,
28/03/2024 00:00,CG,5743.5,48,
28/03/2024 00:00,CMI,349.65,14,
28/03/2024 00:00,COQ,829.5,18,
28/03/2024 00:00,EC,0,0,
28/03/2024 00:00,EG,0,0,
28/03/2024 00:00,ER,0,0,
28/03/2024 00:00,SFR,0,0,
28/03/2024 00:00,GAE,9772.35,32,
28/03/2024 00:00,GUT,0,0,
28/03/2024 00:00,IQ,0,0,
28/03/2024 00:00,LH,0,0,
28/03/2024 00:00,MIX,531.3,6,
28/03/2024 00:00,PE,0,0,
28/03/2024 00:00,SG,0,0,
28/03/2024 00:00,TOD,812.7,7,
28/03/2024 00:00,TIN,1218,2,
28/03/2024 00:00,TOR,96.6,6,
28/03/2024 00:00,TOTO,0,0,
28/03/2024 00:00,KFC,1.05,6,
28/03/2024 00:00,WSK,827.4,5,
28/03/2024 00:00,US,0,0,
28/03/2024 00:00,VE,0,0,
28/03/2024 00:00,VIN,0,0,
28/03/2024 00:00,WE,0,0,
29/03/2024 00:00,,0,0,
29/03/2024 00:00,,0,0,
29/03/2024 00:00,AUN,0,0,
29/03/2024 00:00,BNR,0,0,
29/03/2024 00:00,BIR,179.55,1,
29/03/2024 00:00,BS,0,0,
29/03/2024 00:00,BZ,0,0,
29/03/2024 00:00,CCS,0,0,
29/03/2024 00:00,CAD,824.25,49,
29/03/2024 00:00,CG,5743.5,48,
29/03/2024 00:00,CMI,138.6,16,
29/03/2024 00:00,COQ,829.5,18,
29/03/2024 00:00,EC,0,0,
29/03/2024 00:00,EG,0,0,
29/03/2024 00:00,ER,0,0,
29/03/2024 00:00,SFR,0,0,
29/03/2024 00:00,GAE,9940.35,32,
29/03/2024 00:00,GUT,0,0,
29/03/2024 00:00,IQ,0,0,
29/03/2024 00:00,LH,0,0,
29/03/2024 00:00,MIX,520.8,6,
29/03/2024 00:00,PE,0,0,
29/03/2024 00:00,SG,0,0,
29/03/2024 00:00,TOD,804.3,7,
29/03/2024 00:00,TIN,1218,2,
29/03/2024 00:00,TOR,96.6,6,
29/03/2024 00:00,TOTO,0,0,
29/03/2024 00:00,KFC,1.05,7,
29/03/2024 00:00,WSK,827.4,5,
29/03/2024 00:00,US,0,0,
29/03/2024 00:00,VE,0,0,
29/03/2024 00:00,VIN,0,0,
29/03/2024 00:00,WE,0,0,
30/03/2024 00:00,,0,0,
30/03/2024 00:00,,0,0,
30/03/2024 00:00,AUN,0,0,
30/03/2024 00:00,BNR,0,0,
30/03/2024 00:00,BIR,179.55,1,
30/03/2024 00:00,BS,0,0,
30/03/2024 00:00,BZ,0,0,
30/03/2024 00:00,CCS,0,0,
30/03/2024 00:00,CAD,857.85,49,
30/03/2024 00:00,CG,5895.75,49,
30/03/2024 00:00,CMI,124.95,16,
30/03/2024 00:00,COQ,829.5,18,
30/03/2024 00:00,EC,0,0,
30/03/2024 00:00,EG,0,0,
30/03/2024 00:00,ER,0,0,
30/03/2024 00:00,SFR,0,0,
30/03/2024 00:00,GAE,9055.2,30,
30/03/2024 00:00,GUT,0,0,
30/03/2024 00:00,IQ,0,0,
30/03/2024 00:00,LH,0,0,
30/03/2024 00:00,MIX,520.8,6,
30/03/2024 00:00,PE,0,0,
30/03/2024 00:00,SG,0,0,
30/03/2024 00:00,TOD,804.3,7,
30/03/2024 00:00,TIN,1218,2,
30/03/2024 00:00,TOR,96.6,6,
30/03/2024 00:00,TOTO,0,0,
30/03/2024 00:00,KFC,1.05,7,
30/03/2024 00:00,WSK,337.05,4,
30/03/2024 00:00,US,0,0,
30/03/2024 00:00,VE,0,0,
30/03/2024 00:00,VIN,0,0,
30/03/2024 00:00,WE,0,0,
31/03/2024 00:00,,0,0,
31/03/2024 00:00,,0,0,
31/03/2024 00:00,AUN,0,0,
31/03/2024 00:00,BNR,0,0,
31/03/2024 00:00,BIR,179.55,1,
31/03/2024 00:00,BS,0,0,
31/03/2024 00:00,BZ,0,0,
31/03/2024 00:00,CCS,0,0,
31/03/2024 00:00,CAD,1004.85,52,
31/03/2024 00:00,CG,6003.9,48,
31/03/2024 00:00,CMI,124.95,14,
31/03/2024 00:00,COQ,829.5,18,
31/03/2024 00:00,EC,0,0,
31/03/2024 00:00,EG,0,0,
31/03/2024 00:00,ER,0,0,
31/03/2024 00:00,SFR,0,0,
31/03/2024 00:00,GAE,9856.35,32,
31/03/2024 00:00,GUT,0,0,
31/03/2024 00:00,IQ,0,0,
31/03/2024 00:00,LH,0,0,
31/03/2024 00:00,MIX,512.4,6,
31/03/2024 00:00,PE,0,0,
31/03/2024 00:00,SG,0,0,
31/03/2024 00:00,TOD,804.3,7,
31/03/2024 00:00,TIN,1218,2,
31/03/2024 00:00,TOR,96.6,6,
31/03/2024 00:00,TOTO,0,0,
31/03/2024 00:00,KFC,1.05,7,
31/03/2024 00:00,WSK,374.85,4,
31/03/2024 00:00,US,0,0,
31/03/2024 00:00,VE,0,0,
31/03/2024 00:00,VIN,0,0,
31/03/2024 00:00,WE,0,0,
01/04/2024 00:00,,0,0,
01/04/2024 00:00,,0,0,
01/04/2024 00:00,AUN,0,0,
01/04/2024 00:00,BNR,0,0,
01/04/2024 00:00,BIR,1117.2,1,
01/04/2024 00:00,BS,0,0,
01/04/2024 00:00,BZ,0,0,
01/04/2024 00:00,CCS,0,0,
01/04/2024 00:00,CAD,962.85,53,
01/04/2024 00:00,CG,5894.7,48,
01/04/2024 00:00,CMI,249.9,14,
01/04/2024 00:00,COQ,829.5,18,
01/04/2024 00:00,EC,0,0,
01/04/2024 00:00,EG,0,0,
01/04/2024 00:00,ER,0,0,
01/04/2024 00:00,SFR,0,0,
01/04/2024 00:00,GAE,10556.7,34,
01/04/2024 00:00,GUT,0,0,
01/04/2024 00:00,IQ,0,0,
01/04/2024 00:00,LH,0,0,
01/04/2024 00:00,MIX,512.4,6,
01/04/2024 00:00,PE,0,0,
01/04/2024 00:00,SG,0,0,
01/04/2024 00:00,TOD,804.3,7,
01/04/2024 00:00,TIN,1218,2,
01/04/2024 00:00,TOR,130.2,6,
01/04/2024 00:00,TOTO,0,0,
01/04/2024 00:00,KFC,1.05,8,
01/04/2024 00:00,WSK,563.85,4,
01/04/2024 00:00,US,0,0,
01/04/2024 00:00,VE,0,0,
01/04/2024 00:00,VIN,0,0,
01/04/2024 00:00,WE,0,0,
02/04/2024 00:00,,0,0,
02/04/2024 00:00,,0,0,
02/04/2024 00:00,AUN,0,0,
02/04/2024 00:00,BNR,0,0,
02/04/2024 00:00,BIR,1290.45,2,
02/04/2024 00:00,BS,0,0,
02/04/2024 00:00,BZ,0,0,
02/04/2024 00:00,CCS,0,0,
02/04/2024 00:00,CAD,934.5,54,
02/04/2024 00:00,CG,5894.7,48,
02/04/2024 00:00,CMI,152.25,14,
02/04/2024 00:00,COQ,829.5,17,
02/04/2024 00:00,EC,0,0,
02/04/2024 00:00,EG,0,0,
02/04/2024 00:00,ER,0,0,
02/04/2024 00:00,SFR,0,0,
02/04/2024 00:00,GAE,10577.7,35,
02/04/2024 00:00,GUT,0,0,
02/04/2024 00:00,IQ,0,0,
02/04/2024 00:00,LH,0,0,
02/04/2024 00:00,MIX,512.4,6,
02/04/2024 00:00,PE,0,0,
02/04/2024 00:00,SG,0,0,
02/04/2024 00:00,TOD,804.3,7,
02/04/2024 00:00,TIN,1218,2,
02/04/2024 00:00,TOR,135.45,6,
02/04/2024 00:00,TOTO,0,0,
02/04/2024 00:00,KFC,0,7,
02/04/2024 00:00,WSK,565.95,5,
02/04/2024 00:00,US,0,0,
02/04/2024 00:00,VE,0,0,
02/04/2024 00:00,VIN,0,0,
02/04/2024 00:00,WE,0,0,
03/04/2024 00:00,,0,0,
03/04/2024 00:00,,0,0,
03/04/2024 00:00,AUN,0,0,
03/04/2024 00:00,BNR,0,0,
03/04/2024 00:00,BIR,1290.45,2,
03/04/2024 00:00,BS,0,0,
03/04/2024 00:00,BZ,0,0,
03/04/2024 00:00,CCS,0,0,
03/04/2024 00:00,CAD,927.15,54,
03/04/2024 00:00,CG,5894.7,48,
03/04/2024 00:00,CMI,439.95,14,
03/04/2024 00:00,COQ,903,18,
03/04/2024 00:00,EC,0,0,
03/04/2024 00:00,EG,0,0,
03/04/2024 00:00,ER,0,0,
03/04/2024 00:00,SFR,0,0,
03/04/2024 00:00,GAE,7604.1,31,
03/04/2024 00:00,GUT,0,0,
03/04/2024 00:00,IQ,0,0,
03/04/2024 00:00,LH,0,0,
03/04/2024 00:00,MIX,512.4,6,
03/04/2024 00:00,PE,0,0,
03/04/2024 00:00,SG,0,0,
03/04/2024 00:00,TOD,804.3,7,
03/04/2024 00:00,TIN,1218,2,
03/04/2024 00:00,TOR,136.5,7,
03/04/2024 00:00,TOTO,0,0,
03/04/2024 00:00,KFC,0,7,
03/04/2024 00:00,WSK,565.95,5,
03/04/2024 00:00,US,0,0,
03/04/2024 00:00,VE,0,0,
03/04/2024 00:00,VIN,0,0,
03/04/2024 00:00,WE,0,0,
04/04/2024 00:00,,0,0,
04/04/2024 00:00,,0,0,
04/04/2024 00:00,AUN,0,0,
04/04/2024 00:00,BNR,0,0,
04/04/2024 00:00,BIR,1290.45,2,
04/04/2024 00:00,BS,0,0,
04/04/2024 00:00,BZ,0,0,
04/04/2024 00:00,CCS,0,0,
04/04/2024 00:00,CAD,937.65,54,
04/04/2024 00:00,CG,6208.65,49,
04/04/2024 00:00,CMI,460.95,14,
04/04/2024 00:00,COQ,951.3,18,
04/04/2024 00:00,EC,0,0,
04/04/2024 00:00,EG,0,0,
04/04/2024 00:00,ER,0,0,
04/04/2024 00:00,SFR,0,0,
04/04/2024 00:00,GAE,6860.7,29,
04/04/2024 00:00,GUT,0,0,
04/04/2024 00:00,IQ,0,0,
04/04/2024 00:00,LH,0,0,
04/04/2024 00:00,MIX,512.4,6,
04/04/2024 00:00,PE,0,0,
04/04/2024 00:00,SG,0,0,
04/04/2024 00:00,TOD,804.3,7,
04/04/2024 00:00,TIN,1218,2,
04/04/2024 00:00,TOR,137.55,8,
04/04/2024 00:00,TOTO,54.6,1,
04/04/2024 00:00,KFC,0,6,
04/04/2024 00:00,WSK,565.95,5,
04/04/2024 00:00,US,0,0,
04/04/2024 00:00,VE,0,0,
04/04/2024 00:00,VIN,0,0,
04/04/2024 00:00,WE,0,0,
05/04/2024 00:00,,0,0,
05/04/2024 00:00,,0,0,
05/04/2024 00:00,AUN,0,0,
05/04/2024 00:00,BNR,0,0,
05/04/2024 00:00,BIR,1290.45,2,
05/04/2024 00:00,BS,0,0,
05/04/2024 00:00,BZ,0,0,
05/04/2024 00:00,CCS,0,0,
05/04/2024 00:00,CAD,913.5,54,
05/04/2024 00:00,CG,6506.85,49,
05/04/2024 00:00,CMI,0,14,
05/04/2024 00:00,COQ,903,18,
05/04/2024 00:00,EC,0,0,
05/04/2024 00:00,EG,0,0,
05/04/2024 00:00,ER,0,0,
05/04/2024 00:00,SFR,0,0,
05/04/2024 00:00,GAE,7584.15,34,
05/04/2024 00:00,GUT,0,0,
05/04/2024 00:00,IQ,0,0,
05/04/2024 00:00,LH,0,0,
05/04/2024 00:00,MIX,512.4,6,
05/04/2024 00:00,PE,0,0,
05/04/2024 00:00,SG,0,0,
05/04/2024 00:00,TOD,804.3,7,
05/04/2024 00:00,TIN,1218,2,
05/04/2024 00:00,TOR,137.55,8,
05/04/2024 00:00,TOTO,54.6,1,
05/04/2024 00:00,KFC,0,6,
05/04/2024 00:00,WSK,565.95,5,
05/04/2024 00:00,US,0,0,
05/04/2024 00:00,VE,0,0,
05/04/2024 00:00,VIN,0,0,
05/04/2024 00:00,WE,0,0,
06/04/2024 00:00,,0,0,
06/04/2024 00:00,,0,0,
06/04/2024 00:00,AUN,0,0,
06/04/2024 00:00,BNR,0,0,
06/04/2024 00:00,BIR,1615.95,4,
06/04/2024 00:00,BS,0,0,
06/04/2024 00:00,BZ,0,0,
06/04/2024 00:00,CCS,0,0,
06/04/2024 00:00,CAD,1073.1,56,
06/04/2024 00:00,CG,6936.3,50,
06/04/2024 00:00,CMI,308.7,16,
06/04/2024 00:00,COQ,903,18,
06/04/2024 00:00,EC,0,0,
06/04/2024 00:00,EG,0,0,
06/04/2024 00:00,ER,0,0,
06/04/2024 00:00,SFR,0,0,
06/04/2024 00:00,GAE,7584.15,35,
06/04/2024 00:00,GUT,0,0,
06/04/2024 00:00,IQ,0,0,
06/04/2024 00:00,LH,0,0,
06/04/2024 00:00,MIX,512.4,6,
06/04/2024 00:00,PE,0,0,
06/04/2024 00:00,SG,0,0,
06/04/2024 00:00,TOD,804.3,7,
06/04/2024 00:00,TIN,1218,2,
06/04/2024 00:00,TOR,137.55,8,
06/04/2024 00:00,TOTO,54.6,1,
06/04/2024 00:00,KFC,0,6,
06/04/2024 00:00,WSK,565.95,5,
06/04/2024 00:00,US,0,0,
06/04/2024 00:00,VE,0,0,
06/04/2024 00:00,VIN,0,0,
06/04/2024 00:00,WE,0,0,
07/04/2024 00:00,,0,0,
07/04/2024 00:00,,0,0,
07/04/2024 00:00,AUN,0,0,
07/04/2024 00:00,BNR,0,0,
07/04/2024 00:00,BIR,1801.8,5,
07/04/2024 00:00,BS,0,0,
07/04/2024 00:00,BZ,0,0,
07/04/2024 00:00,CCS,0,0,
07/04/2024 00:00,CAD,1141.35,59,
07/04/2024 00:00,CG,6239.1,50,
07/04/2024 00:00,CMI,258.3,16,
07/04/2024 00:00,COQ,903,18,
07/04/2024 00:00,EC,0,0,
07/04/2024 00:00,EG,0,0,
07/04/2024 00:00,ER,0,0,
07/04/2024 00:00,SFR,0,0,
07/04/2024 00:00,GAE,7584.15,35,
07/04/2024 00:00,GUT,0,0,
07/04/2024 00:00,IQ,0,0,
07/04/2024 00:00,LH,0,0,
07/04/2024 00:00,MIX,512.4,6,
07/04/2024 00:00,PE,0,0,
07/04/2024 00:00,SG,0,0,
07/04/2024 00:00,TOD,804.3,7,
07/04/2024 00:00,TIN,1218,2,
07/04/2024 00:00,TOR,137.55,8,
07/04/2024 00:00,TOTO,54.6,1,
07/04/2024 00:00,KFC,0,6,
07/04/2024 00:00,WSK,565.95,5,
07/04/2024 00:00,US,0,0,
07/04/2024 00:00,VE,0,0,
07/04/2024 00:00,VIN,0,0,
07/04/2024 00:00,WE,0,0,
08/04/2024 00:00,,0,0,
08/04/2024 00:00,,0,0,
08/04/2024 00:00,AUN,0,0,
08/04/2024 00:00,BNR,0,0,
08/04/2024 00:00,BIR,1725.15,4,
08/04/2024 00:00,BS,0,0,
08/04/2024 00:00,BZ,0,0,
08/04/2024 00:00,CCS,0,0,
08/04/2024 00:00,CAD,1172.85,60,
08/04/2024 00:00,CG,6387.15,53,
08/04/2024 00:00,CMI,203.7,16,
08/04/2024 00:00,COQ,903,18,
08/04/2024 00:00,EC,0,0,
08/04/2024 00:00,EG,0,0,
08/04/2024 00:00,ER,0,0,
08/04/2024 00:00,SFR,0,0,
08/04/2024 00:00,GAE,7746.9,35,
08/04/2024 00:00,GUT,0,0,
08/04/2024 00:00,IQ,0,0,
08/04/2024 00:00,LH,0,0,
08/04/2024 00:00,MIX,512.4,6,
08/04/2024 00:00,PE,0,0,
08/04/2024 00:00,SG,0,0,
08/04/2024 00:00,TOD,804.3,7,
08/04/2024 00:00,TIN,1218,2,
08/04/2024 00:00,TOR,137.55,7,
08/04/2024 00:00,TOTO,54.6,1,
08/04/2024 00:00,KFC,0,6,
08/04/2024 00:00,WSK,565.95,5,
08/04/2024 00:00,US,0,0,
08/04/2024 00:00,VE,0,0,
08/04/2024 00:00,VIN,0,0,
08/04/2024 00:00,WE,0,0,
09/04/2024 00:00,,0,0,
09/04/2024 00:00,,0,0,
09/04/2024 00:00,AUN,0,0,
09/04/2024 00:00,BNR,0,0,
09/04/2024 00:00,BIR,1201.2,4,
09/04/2024 00:00,BS,0,0,
09/04/2024 00:00,BZ,0,0,
09/04/2024 00:00,CCS,0,0,
09/04/2024 00:00,CAD,1172.85,60,
09/04/2024 00:00,CG,6387.15,53,
09/04/2024 00:00,CMI,173.25,16,
09/04/2024 00:00,COQ,903,18,
09/04/2024 00:00,EC,0,0,
09/04/2024 00:00,EG,0,0,
09/04/2024 00:00,ER,0,0,
09/04/2024 00:00,SFR,0,0,
09/04/2024 00:00,GAE,7808.85,34,
09/04/2024 00:00,GUT,0,0,
09/04/2024 00:00,IQ,0,0,
09/04/2024 00:00,LH,0,0,
09/04/2024 00:00,MIX,512.4,6,
09/04/2024 00:00,PE,0,0,
09/04/2024 00:00,SG,0,0,
09/04/2024 00:00,TOD,939.75,7,
09/04/2024 00:00,TIN,1218,2,
09/04/2024 00:00,TOR,137.55,8,
09/04/2024 00:00,TOTO,54.6,1,
09/04/2024 00:00,KFC,0,6,
09/04/2024 00:00,WSK,565.95,5,
09/04/2024 00:00,US,0,0,
09/04/2024 00:00,VE,0,0,
09/04/2024 00:00,VIN,0,0,
09/04/2024 00:00,WE,0,0,
10/04/2024 00:00,,0,0,
10/04/2024 00:00,,0,0,
10/04/2024 00:00,AUN,0,0,
10/04/2024 00:00,BNR,0,0,
10/04/2024 00:00,BIR,1554,4,
10/04/2024 00:00,BS,0,0,
10/04/2024 00:00,BZ,0,0,
10/04/2024 00:00,CCS,0,0,
10/04/2024 00:00,CAD,1084.65,59,
10/04/2024 00:00,CG,6387.15,53,
10/04/2024 00:00,CMI,143.85,16,
10/04/2024 00:00,COQ,903,18,
10/04/2024 00:00,EC,0,0,
10/04/2024 00:00,EG,0,0,
10/04/2024 00:00,ER,0,0,
10/04/2024 00:00,SFR,0,0,
10/04/2024 00:00,GAE,7647.15,35,
10/04/2024 00:00,GUT,0,0,
10/04/2024 00:00,IQ,0,0,
10/04/2024 00:00,LH,0,0,
10/04/2024 00:00,MIX,521.85,6,
10/04/2024 00:00,PE,0,0,
10/04/2024 00:00,SG,0,0,
10/04/2024 00:00,TOD,939.75,7,
10/04/2024 00:00,TIN,1218,2,
10/04/2024 00:00,TOR,137.55,8,
10/04/2024 00:00,TOTO,54.6,1,
10/04/2024 00:00,KFC,0,6,
10/04/2024 00:00,WSK,565.95,5,
10/04/2024 00:00,US,0,0,
10/04/2024 00:00,VE,0,0,
10/04/2024 00:00,VIN,0,0,
10/04/2024 00:00,WE,0,0,
11/04/2024 00:00,,0,0,
11/04/2024 00:00,,0,0,
11/04/2024 00:00,AUN,0,0,
11/04/2024 00:00,BNR,0,0,
11/04/2024 00:00,BIR,1705.2,4,
11/04/2024 00:00,BS,0,0,
11/04/2024 00:00,BZ,0,0,
11/04/2024 00:00,CCS,0,0,
11/04/2024 00:00,CAD,1131.9,60,
11/04/2024 00:00,CG,6387.15,53,
11/04/2024 00:00,CMI,143.85,16,
11/04/2024 00:00,COQ,903,18,
11/04/2024 00:00,EC,0,0,
11/04/2024 00:00,EG,0,0,
11/04/2024 00:00,ER,0,0,
11/04/2024 00:00,SFR,0,0,
11/04/2024 00:00,GAE,8151.15,36,
11/04/2024 00:00,GUT,0,0,
11/04/2024 00:00,IQ,0,0,
11/04/2024 00:00,LH,0,0,
11/04/2024 00:00,MIX,512.4,6,
11/04/2024 00:00,PE,0,0,
11/04/2024 00:00,SG,0,0,
11/04/2024 00:00,TOD,804.3,7,
11/04/2024 00:00,TIN,1218,2,
11/04/2024 00:00,TOR,137.55,8,
11/04/2024 00:00,TOTO,54.6,1,
11/04/2024 00:00,KFC,0,6,
11/04/2024 00:00,WSK,565.95,5,
11/04/2024 00:00,US,0,0,
11/04/2024 00:00,VE,0,0,
11/04/2024 00:00,VIN,0,0,
11/04/2024 00:00,WE,0,0,
12/04/2024 00:00,,0,0,
12/04/2024 00:00,,0,0,
12/04/2024 00:00,AUN,0,0,
12/04/2024 00:00,BNR,0,0,
12/04/2024 00:00,BIR,1539.3,4,
12/04/2024 00:00,BS,0,0,
12/04/2024 00:00,BZ,0,0,
12/04/2024 00:00,CCS,0,0,
12/04/2024 00:00,CAD,1146.6,62,
12/04/2024 00:00,CG,6387.15,53,
12/04/2024 00:00,CMI,206.85,16,
12/04/2024 00:00,COQ,903,18,
12/04/2024 00:00,EC,0,0,
12/04/2024 00:00,EG,0,0,
12/04/2024 00:00,ER,0,0,
12/04/2024 00:00,SFR,0,0,
12/04/2024 00:00,GAE,8184.75,37,
12/04/2024 00:00,GUT,0,0,
12/04/2024 00:00,IQ,0,0,
12/04/2024 00:00,LH,0,0,
12/04/2024 00:00,MIX,512.4,6,
12/04/2024 00:00,PE,0,0,
12/04/2024 00:00,SG,0,0,
12/04/2024 00:00,TOD,804.3,7,
12/04/2024 00:00,TIN,1218,2,
12/04/2024 00:00,TOR,137.55,8,
12/04/2024 00:00,TOTO,54.6,1,
12/04/2024 00:00,KFC,0,6,
12/04/2024 00:00,WSK,565.95,5,
12/04/2024 00:00,US,0,0,
12/04/2024 00:00,VE,0,0,
12/04/2024 00:00,VIN,0,0,
12/04/2024 00:00,WE,0,0,
13/04/2024 00:00,,0,0,
13/04/2024 00:00,,0,0,
13/04/2024 00:00,AUN,0,0,
13/04/2024 00:00,BNR,0,0,
13/04/2024 00:00,BIR,1539.3,4,
13/04/2024 00:00,BS,0,0,
13/04/2024 00:00,BZ,0,0,
13/04/2024 00:00,CCS,0,0,
13/04/2024 00:00,CAD,1261.05,70,
13/04/2024 00:00,CG,6387.15,53,
13/04/2024 00:00,CMI,169.05,16,
13/04/2024 00:00,COQ,903,18,
13/04/2024 00:00,EC,0,0,
13/04/2024 00:00,EG,0,0,
13/04/2024 00:00,ER,0,0,
13/04/2024 00:00,SFR,0,0,
13/04/2024 00:00,GAE,8716.05,38,
13/04/2024 00:00,GUT,0,0,
13/04/2024 00:00,IQ,0,0,
13/04/2024 00:00,LH,0,0,
13/04/2024 00:00,MIX,512.4,6,
13/04/2024 00:00,PE,0,0,
13/04/2024 00:00,SG,0,0,
13/04/2024 00:00,TOD,957.6,8,
13/04/2024 00:00,TIN,1218,2,
13/04/2024 00:00,TOR,137.55,8,
13/04/2024 00:00,TOTO,54.6,1,
13/04/2024 00:00,KFC,0,6,
13/04/2024 00:00,WSK,565.95,5,
13/04/2024 00:00,US,0,0,
13/04/2024 00:00,VE,0,0,
13/04/2024 00:00,VIN,0,0,
13/04/2024 00:00,WE,0,0,
14/04/2024 00:00,,0,0,
14/04/2024 00:00,,0,0,
14/04/2024 00:00,AUN,0,0,
14/04/2024 00:00,BNR,0,0,
14/04/2024 00:00,BIR,1539.3,4,
14/04/2024 00:00,BS,0,0,
14/04/2024 00:00,BZ,0,0,
14/04/2024 00:00,CCS,0,0,
14/04/2024 00:00,CAD,1289.4,70,
14/04/2024 00:00,CG,6387.15,53,
14/04/2024 00:00,CMI,169.05,16,
14/04/2024 00:00,COQ,903,18,
14/04/2024 00:00,EC,0,0,
14/04/2024 00:00,EG,0,0,
14/04/2024 00:00,ER,0,0,
14/04/2024 00:00,SFR,0,0,
14/04/2024 00:00,GAE,7840.35,36,
14/04/2024 00:00,GUT,0,0,
14/04/2024 00:00,IQ,0,0,
14/04/2024 00:00,LH,0,0,
14/04/2024 00:00,MIX,512.4,6,
14/04/2024 00:00,PE,0,0,
14/04/2024 00:00,SG,0,0,
14/04/2024 00:00,TOD,804.3,7,
14/04/2024 00:00,TIN,1218,2,
14/04/2024 00:00,TOR,137.55,8,
14/04/2024 00:00,TOTO,54.6,1,
14/04/2024 00:00,KFC,0,5,
14/04/2024 00:00,WSK,565.95,5,
14/04/2024 00:00,US,0,0,
14/04/2024 00:00,VE,0,0,
14/04/2024 00:00,VIN,0,0,
14/04/2024 00:00,WE,0,0,
15/04/2024 00:00,,0,0,
15/04/2024 00:00,,0,0,
15/04/2024 00:00,AUN,0,0,
15/04/2024 00:00,BNR,0,0,
15/04/2024 00:00,BIR,1539.3,4,
15/04/2024 00:00,BS,0,0,
15/04/2024 00:00,BZ,0,0,
15/04/2024 00:00,CCS,0,0,
15/04/2024 00:00,CAD,1337.7,71,
15/04/2024 00:00,CG,6387.15,53,
15/04/2024 00:00,CMI,131.25,16,
15/04/2024 00:00,COQ,903,18,
15/04/2024 00:00,EC,0,0,
15/04/2024 00:00,EG,0,0,
15/04/2024 00:00,ER,0,0,
15/04/2024 00:00,SFR,0,0,
15/04/2024 00:00,GAE,8716.05,38,
15/04/2024 00:00,GUT,0,0,
15/04/2024 00:00,IQ,0,0,
15/04/2024 00:00,LH,0,0,
15/04/2024 00:00,MIX,527.1,6,
15/04/2024 00:00,PE,0,0,
15/04/2024 00:00,SG,0,0,
15/04/2024 00:00,TOD,804.3,7,
15/04/2024 00:00,TIN,1218,2,
15/04/2024 00:00,TOR,137.55,8,
15/04/2024 00:00,TOTO,54.6,1,
15/04/2024 00:00,KFC,0,4,
15/04/2024 00:00,WSK,565.95,5,
15/04/2024 00:00,US,0,0,
15/04/2024 00:00,VE,0,0,
15/04/2024 00:00,VIN,0,0,
15/04/2024 00:00,WE,0,0,
16/04/2024 00:00,,0,0,
16/04/2024 00:00,,0,0,
16/04/2024 00:00,AUN,0,0,
16/04/2024 00:00,BNR,0,0,
16/04/2024 00:00,BIR,1811.25,4,
16/04/2024 00:00,BS,0,0,
16/04/2024 00:00,BZ,0,0,
16/04/2024 00:00,CCS,0,0,
16/04/2024 00:00,CAD,1369.2,74,
16/04/2024 00:00,CG,7986.3,54,
16/04/2024 00:00,CMI,577.5,16,
16/04/2024 00:00,COQ,884.1,18,
16/04/2024 00:00,EC,0,0,
16/04/2024 00:00,EG,0,0,
16/04/2024 00:00,ER,0,0,
16/04/2024 00:00,SFR,0,0,
16/04/2024 00:00,GAE,8658.3,37,
16/04/2024 00:00,GUT,0,0,
16/04/2024 00:00,IQ,0,0,
16/04/2024 00:00,LH,0,0,
16/04/2024 00:00,MIX,512.4,6,
16/04/2024 00:00,PE,0,0,
16/04/2024 00:00,SG,0,0,
16/04/2024 00:00,TOD,804.3,7,
16/04/2024 00:00,TIN,1218,2,
16/04/2024 00:00,TOR,137.55,7,
16/04/2024 00:00,TOTO,54.6,1,
16/04/2024 00:00,KFC,0,4,
16/04/2024 00:00,WSK,565.95,5,
16/04/2024 00:00,US,0,0,
16/04/2024 00:00,VE,0,0,
16/04/2024 00:00,VIN,0,0,
16/04/2024 00:00,WE,0,0,
17/04/2024 00:00,,0,0,
17/04/2024 00:00,,0,0,
17/04/2024 00:00,AUN,0,0,
17/04/2024 00:00,BNR,0,0,
17/04/2024 00:00,BIR,1829.1,5,
17/04/2024 00:00,BS,0,0,
17/04/2024 00:00,BZ,0,0,
17/04/2024 00:00,CCS,0,0,
17/04/2024 00:00,CAD,1381.8,74,
17/04/2024 00:00,CG,7533.75,54,
17/04/2024 00:00,CMI,816.9,16,
17/04/2024 00:00,COQ,989.1,19,
17/04/2024 00:00,EC,0,0,
17/04/2024 00:00,EG,0,0,
17/04/2024 00:00,ER,0,0,
17/04/2024 00:00,SFR,0,0,
17/04/2024 00:00,GAE,8658.3,37,
17/04/2024 00:00,GUT,0,0,
17/04/2024 00:00,IQ,0,0,
17/04/2024 00:00,LH,0,0,
17/04/2024 00:00,MIX,512.4,6,
17/04/2024 00:00,PE,0,0,
17/04/2024 00:00,SG,0,0,
17/04/2024 00:00,TOD,815.85,7,
17/04/2024 00:00,TIN,1218,2,
17/04/2024 00:00,TOR,137.55,8,
17/04/2024 00:00,TOTO,54.6,1,
17/04/2024 00:00,KFC,0,4,
17/04/2024 00:00,WSK,565.95,5,
17/04/2024 00:00,US,0,0,
17/04/2024 00:00,VE,0,0,
17/04/2024 00:00,VIN,0,0,
17/04/2024 00:00,WE,0,0,
18/04/2024 00:00,,0,0,
18/04/2024 00:00,,0,0,
18/04/2024 00:00,AUN,0,0,
18/04/2024 00:00,BNR,0,0,
18/04/2024 00:00,BIR,1829.1,5,
18/04/2024 00:00,BS,0,0,
18/04/2024 00:00,BZ,0,0,
18/04/2024 00:00,CCS,0,0,
18/04/2024 00:00,CAD,1369.2,74,
18/04/2024 00:00,CG,7531.65,54,
18/04/2024 00:00,CMI,885.15,16,
18/04/2024 00:00,COQ,957.6,19,
18/04/2024 00:00,EC,0,0,
18/04/2024 00:00,EG,0,0,
18/04/2024 00:00,ER,0,0,
18/04/2024 00:00,SFR,0,0,
18/04/2024 00:00,GAE,8658.3,37,
18/04/2024 00:00,GUT,0,0,
18/04/2024 00:00,IQ,0,0,
18/04/2024 00:00,LH,0,0,
18/04/2024 00:00,MIX,512.4,6,
18/04/2024 00:00,PE,0,0,
18/04/2024 00:00,SG,0,0,
18/04/2024 00:00,TOD,804.3,7,
18/04/2024 00:00,TIN,1218,2,
18/04/2024 00:00,TOR,137.55,8,
18/04/2024 00:00,TOTO,54.6,1,
18/04/2024 00:00,KFC,0,4,
18/04/2024 00:00,WSK,565.95,5,
18/04/2024 00:00,US,0,0,
18/04/2024 00:00,VE,0,0,
18/04/2024 00:00,VIN,0,0,
18/04/2024 00:00,WE,0,0,
19/04/2024 00:00,,0,0,
19/04/2024 00:00,,0,0,
19/04/2024 00:00,AUN,0,0,
19/04/2024 00:00,BNR,0,0,
19/04/2024 00:00,BIR,1863.75,5,
19/04/2024 00:00,BS,0,0,
19/04/2024 00:00,BZ,0,0,
19/04/2024 00:00,CCS,0,0,
19/04/2024 00:00,CAD,1369.2,74,
19/04/2024 00:00,CG,7509.6,54,
19/04/2024 00:00,CMI,852.6,16,
19/04/2024 00:00,COQ,961.8,19,
19/04/2024 00:00,EC,0,0,
19/04/2024 00:00,EG,0,0,
19/04/2024 00:00,ER,0,0,
19/04/2024 00:00,SFR,0,0,
19/04/2024 00:00,GAE,8658.3,37,
19/04/2024 00:00,GUT,0,0,
19/04/2024 00:00,IQ,0,0,
19/04/2024 00:00,LH,0,0,
19/04/2024 00:00,MIX,512.4,6,
19/04/2024 00:00,PE,0,0,
19/04/2024 00:00,SG,0,0,
19/04/2024 00:00,TOD,804.3,7,
19/04/2024 00:00,TIN,1218,2,
19/04/2024 00:00,TOR,137.55,8,
19/04/2024 00:00,TOTO,54.6,1,
19/04/2024 00:00,KFC,0,5,
19/04/2024 00:00,WSK,565.95,5,
19/04/2024 00:00,US,0,0,
19/04/2024 00:00,VE,0,0,
19/04/2024 00:00,VIN,0,0,
19/04/2024 00:00,WE,0,0,
20/04/2024 00:00,,0,0,
20/04/2024 00:00,,0,0,
20/04/2024 00:00,AUN,0,0,
20/04/2024 00:00,BNR,0,0,
20/04/2024 00:00,BIR,1816.5,4,
20/04/2024 00:00,BS,0,0,
20/04/2024 00:00,BZ,0,0,
20/04/2024 00:00,CCS,0,0,
20/04/2024 00:00,CAD,1374.45,74,
20/04/2024 00:00,CG,7509.6,54,
20/04/2024 00:00,CMI,115.5,16,
20/04/2024 00:00,COQ,957.6,19,
20/04/2024 00:00,EC,0,0,
20/04/2024 00:00,EG,0,0,
20/04/2024 00:00,ER,0,0,
20/04/2024 00:00,SFR,0,0,
20/04/2024 00:00,GAE,9749.25,40,
20/04/2024 00:00,GUT,0,0,
20/04/2024 00:00,IQ,0,0,
20/04/2024 00:00,LH,0,0,
20/04/2024 00:00,MIX,512.4,6,
20/04/2024 00:00,PE,0,0,
20/04/2024 00:00,SG,0,0,
20/04/2024 00:00,TOD,834.75,7,
20/04/2024 00:00,TIN,1218,2,
20/04/2024 00:00,TOR,137.55,8,
20/04/2024 00:00,TOTO,54.6,1,
20/04/2024 00:00,KFC,0,5,
20/04/2024 00:00,WSK,565.95,5,
20/04/2024 00:00,US,0,0,
20/04/2024 00:00,VE,0,0,
20/04/2024 00:00,VIN,0,0,
20/04/2024 00:00,WE,0,0,
21/04/2024 00:00,,0,0,
21/04/2024 00:00,,0,0,
21/04/2024 00:00,AUN,0,0,
21/04/2024 00:00,BNR,0,0,
21/04/2024 00:00,BIR,1874.25,4,
21/04/2024 00:00,BS,0,0,
21/04/2024 00:00,BZ,0,0,
21/04/2024 00:00,CCS,0,0,
21/04/2024 00:00,CAD,1442.7,74,
21/04/2024 00:00,CG,7509.6,54,
21/04/2024 00:00,CMI,55.65,16,
21/04/2024 00:00,COQ,957.6,19,
21/04/2024 00:00,EC,0,0,
21/04/2024 00:00,EG,0,0,
21/04/2024 00:00,ER,0,0,
21/04/2024 00:00,SFR,0,0,
21/04/2024 00:00,GAE,10070.55,42,
21/04/2024 00:00,GUT,0,0,
21/04/2024 00:00,IQ,0,0,
21/04/2024 00:00,LH,0,0,
21/04/2024 00:00,MIX,519.75,6,
21/04/2024 00:00,PE,0,0,
21/04/2024 00:00,SG,0,0,
21/04/2024 00:00,TOD,869.4,7,
21/04/2024 00:00,TIN,1218,2,
21/04/2024 00:00,TOR,136.5,7,
21/04/2024 00:00,TOTO,54.6,1,
21/04/2024 00:00,KFC,0,5,
21/04/2024 00:00,WSK,565.95,5,
21/04/2024 00:00,US,0,0,
21/04/2024 00:00,VE,0,0,
21/04/2024 00:00,VIN,0,0,
21/04/2024 00:00,WE,0,0,
22/04/2024 00:00,,0,0,
22/04/2024 00:00,,0,0,
22/04/2024 00:00,AUN,0,0,
22/04/2024 00:00,BNR,0,0,
22/04/2024 00:00,BIR,2316.3,6,
22/04/2024 00:00,BS,0,0,
22/04/2024 00:00,BZ,0,0,
22/04/2024 00:00,CCS,0,0,
22/04/2024 00:00,CAD,1453.2,76,
22/04/2024 00:00,CG,7509.6,54,
22/04/2024 00:00,CMI,274.05,17,
22/04/2024 00:00,COQ,957.6,19,
22/04/2024 00:00,EC,0,0,
22/04/2024 00:00,EG,0,0,
22/04/2024 00:00,ER,0,0,
22/04/2024 00:00,SFR,0,0,
22/04/2024 00:00,GAE,9542.4,40,
22/04/2024 00:00,GUT,0,0,
22/04/2024 00:00,IQ,0,0,
22/04/2024 00:00,LH,0,0,
22/04/2024 00:00,MIX,521.85,6,
22/04/2024 00:00,PE,0,0,
22/04/2024 00:00,SG,0,0,
22/04/2024 00:00,TOD,854.7,7,
22/04/2024 00:00,TIN,1218,2,
22/04/2024 00:00,TOR,118.65,8,
22/04/2024 00:00,TOTO,54.6,1,
22/04/2024 00:00,KFC,0,5,
22/04/2024 00:00,WSK,565.95,5,
22/04/2024 00:00,US,0,0,
22/04/2024 00:00,VE,0,0,
22/04/2024 00:00,VIN,0,0,
22/04/2024 00:00,WE,0,0,
23/04/2024 00:00,,0,0,
23/04/2024 00:00,,0,0,
23/04/2024 00:00,AUN,0,0,
23/04/2024 00:00,BNR,0,0,
23/04/2024 00:00,BIR,1940.4,6,
23/04/2024 00:00,BS,0,0,
23/04/2024 00:00,BZ,0,0,
23/04/2024 00:00,CCS,0,0,
23/04/2024 00:00,CAD,1443.75,76,
23/04/2024 00:00,CG,7191.45,49,
23/04/2024 00:00,CMI,58.8,16,
23/04/2024 00:00,COQ,884.1,18,
23/04/2024 00:00,EC,0,0,
23/04/2024 00:00,EG,0,0,
23/04/2024 00:00,ER,0,0,
23/04/2024 00:00,SFR,0,0,
23/04/2024 00:00,GAE,10564.05,40,
23/04/2024 00:00,GUT,0,0,
23/04/2024 00:00,IQ,0,0,
23/04/2024 00:00,LH,0,0,
23/04/2024 00:00,MIX,520.8,6,
23/04/2024 00:00,PE,0,0,
23/04/2024 00:00,SG,0,0,
23/04/2024 00:00,TOD,942.9,10,
23/04/2024 00:00,TIN,1218,2,
23/04/2024 00:00,TOR,118.65,8,
23/04/2024 00:00,TOTO,54.6,1,
23/04/2024 00:00,KFC,0,5,
23/04/2024 00:00,WSK,565.95,5,
23/04/2024 00:00,US,0,0,
23/04/2024 00:00,VE,0,0,
23/04/2024 00:00,VIN,0,0,
23/04/2024 00:00,WE,0,0,
24/04/2024 00:00,,0,0,
24/04/2024 00:00,,0,0,
24/04/2024 00:00,AUN,0,0,
24/04/2024 00:00,BNR,0,0,
24/04/2024 00:00,BIR,1940.4,6,
24/04/2024 00:00,BS,0,0,
24/04/2024 00:00,BZ,0,0,
24/04/2024 00:00,CCS,0,0,
24/04/2024 00:00,CAD,1370.25,76,
24/04/2024 00:00,CG,8023.05,55,
24/04/2024 00:00,CMI,55.65,16,
24/04/2024 00:00,COQ,914.55,18,
24/04/2024 00:00,EC,0,0,
24/04/2024 00:00,EG,0,0,
24/04/2024 00:00,ER,0,0,
24/04/2024 00:00,SFR,0,0,
24/04/2024 00:00,GAE,5953.5,36,
24/04/2024 00:00,GUT,0,0,
24/04/2024 00:00,IQ,0,0,
24/04/2024 00:00,LH,0,0,
24/04/2024 00:00,MIX,512.4,6,
24/04/2024 00:00,PE,0,0,
24/04/2024 00:00,SG,0,0,
24/04/2024 00:00,TOD,896.7,8,
24/04/2024 00:00,TIN,1246.35,2,
24/04/2024 00:00,TOR,118.65,8,
24/04/2024 00:00,TOTO,54.6,1,
24/04/2024 00:00,KFC,0,5,
24/04/2024 00:00,WSK,565.95,5,
24/04/2024 00:00,US,0,0,
24/04/2024 00:00,VE,0,0,
24/04/2024 00:00,VIN,0,0,
24/04/2024 00:00,WE,0,0,
25/04/2024 00:00,,0,0,
25/04/2024 00:00,,0,0,
25/04/2024 00:00,AUN,0,0,
25/04/2024 00:00,BNR,0,0,
25/04/2024 00:00,BIR,1940.4,6,
25/04/2024 00:00,BS,0,0,
25/04/2024 00:00,BZ,0,0,
25/04/2024 00:00,CCS,0,0,
25/04/2024 00:00,CAD,1473.15,74,
25/04/2024 00:00,CG,8023.05,55,
25/04/2024 00:00,CMI,55.65,16,
25/04/2024 00:00,COQ,916.65,19,
25/04/2024 00:00,EC,0,0,
25/04/2024 00:00,EG,0,0,
25/04/2024 00:00,ER,0,0,
25/04/2024 00:00,SFR,0,0,
25/04/2024 00:00,GAE,5989.2,38,
25/04/2024 00:00,GUT,0,0,
25/04/2024 00:00,IQ,0,0,
25/04/2024 00:00,LH,0,0,
25/04/2024 00:00,MIX,512.4,6,
25/04/2024 00:00,PE,0,0,
25/04/2024 00:00,SG,0,0,
25/04/2024 00:00,TOD,942.9,10,
25/04/2024 00:00,TIN,1517.25,4,
25/04/2024 00:00,TOR,126,7,
25/04/2024 00:00,TOTO,0,0,
25/04/2024 00:00,KFC,0,5,
25/04/2024 00:00,WSK,565.95,5,
25/04/2024 00:00,US,0,0,
25/04/2024 00:00,VE,0,0,
25/04/2024 00:00,VIN,0,0,
25/04/2024 00:00,WE,0,0,
26/04/2024 00:00,,0,0,
26/04/2024 00:00,,0,0,
26/04/2024 00:00,AUN,0,0,
26/04/2024 00:00,BNR,0,0,
26/04/2024 00:00,BIR,1951.95,6,
26/04/2024 00:00,BS,0,0,
26/04/2024 00:00,BZ,0,0,
26/04/2024 00:00,CCS,0,0,
26/04/2024 00:00,CAD,1449,76,
26/04/2024 00:00,CG,8023.05,55,
26/04/2024 00:00,CMI,0,14,
26/04/2024 00:00,COQ,916.65,19,
26/04/2024 00:00,EC,0,0,
26/04/2024 00:00,EG,0,0,
26/04/2024 00:00,ER,0,0,
26/04/2024 00:00,SFR,0,0,
26/04/2024 00:00,GAE,6044.85,37,
26/04/2024 00:00,GUT,0,0,
26/04/2024 00:00,IQ,0,0,
26/04/2024 00:00,LH,0,0,
26/04/2024 00:00,MIX,512.4,6,
26/04/2024 00:00,PE,0,0,
26/04/2024 00:00,SG,0,0,
26/04/2024 00:00,TOD,942.9,10,
26/04/2024 00:00,TIN,1517.25,4,
26/04/2024 00:00,TOR,118.65,8,
26/04/2024 00:00,TOTO,54.6,1,
26/04/2024 00:00,KFC,0,4,
26/04/2024 00:00,WSK,565.95,5,
26/04/2024 00:00,US,0,0,
26/04/2024 00:00,VE,0,0,
26/04/2024 00:00,VIN,0,0,
26/04/2024 00:00,WE,0,0,
27/04/2024 00:00,,0,0,
27/04/2024 00:00,,0,0,
27/04/2024 00:00,AUN,0,0,
27/04/2024 00:00,BNR,0,0,
27/04/2024 00:00,BIR,2014.95,6,
27/04/2024 00:00,BS,0,0,
27/04/2024 00:00,BZ,0,0,
27/04/2024 00:00,CCS,0,0,
27/04/2024 00:00,CAD,1413.3,74,
27/04/2024 00:00,CG,8023.05,55,
27/04/2024 00:00,CMI,98.7,16,
27/04/2024 00:00,COQ,916.65,19,
27/04/2024 00:00,EC,0,0,
27/04/2024 00:00,EG,0,0,
27/04/2024 00:00,ER,0,0,
27/04/2024 00:00,SFR,0,0,
27/04/2024 00:00,GAE,6642.3,36,
27/04/2024 00:00,GUT,0,0,
27/04/2024 00:00,IQ,0,0,
27/04/2024 00:00,LH,0,0,
27/04/2024 00:00,MIX,512.4,6,
27/04/2024 00:00,PE,0,0,
27/04/2024 00:00,SG,0,0,
27/04/2024 00:00,TOD,850.5,8,
27/04/2024 00:00,TIN,1517.25,4,
27/04/2024 00:00,TOR,130.2,10,
27/04/2024 00:00,TOTO,54.6,1,
27/04/2024 00:00,KFC,0,4,
27/04/2024 00:00,WSK,565.95,5,
27/04/2024 00:00,US,0,0,
27/04/2024 00:00,VE,0,0,
27/04/2024 00:00,VIN,0,0,
27/04/2024 00:00,WE,0,0,
28/04/2024 00:00,,0,0,
28/04/2024 00:00,,0,0,
28/04/2024 00:00,AUN,0,0,
28/04/2024 00:00,BNR,0,0,
28/04/2024 00:00,BIR,1940.4,6,
28/04/2024 00:00,BS,0,0,
28/04/2024 00:00,BZ,0,0,
28/04/2024 00:00,CCS,0,0,
28/04/2024 00:00,CAD,1422.75,74,
28/04/2024 00:00,CG,8029.35,55,
28/04/2024 00:00,CMI,98.7,16,
28/04/2024 00:00,COQ,919.8,19,
28/04/2024 00:00,EC,0,0,
28/04/2024 00:00,EG,0,0,
28/04/2024 00:00,ER,0,0,
28/04/2024 00:00,SFR,0,0,
28/04/2024 00:00,GAE,9652.65,42,
28/04/2024 00:00,GUT,0,0,
28/04/2024 00:00,IQ,0,0,
28/04/2024 00:00,LH,0,0,
28/04/2024 00:00,MIX,512.4,6,
28/04/2024 00:00,PE,0,0,
28/04/2024 00:00,SG,0,0,
28/04/2024 00:00,TOD,850.5,8,
28/04/2024 00:00,TIN,1517.25,4,
28/04/2024 00:00,TOR,130.2,10,
28/04/2024 00:00,TOTO,54.6,1,
28/04/2024 00:00,KFC,0,4,
28/04/2024 00:00,WSK,565.95,5,
28/04/2024 00:00,US,0,0,
28/04/2024 00:00,VE,0,0,
28/04/2024 00:00,VIN,0,0,
28/04/2024 00:00,WE,0,0,
29/04/2024 00:00,,0,0,
29/04/2024 00:00,,0,0,
29/04/2024 00:00,AUN,0,0,
29/04/2024 00:00,BNR,0,0,
29/04/2024 00:00,BIR,1940.4,6,
29/04/2024 00:00,BS,0,0,
29/04/2024 00:00,BZ,0,0,
29/04/2024 00:00,CCS,0,0,
29/04/2024 00:00,CAD,1657.95,78,
29/04/2024 00:00,CG,8111.25,55,
29/04/2024 00:00,CMI,133.35,16,
29/04/2024 00:00,COQ,919.8,19,
29/04/2024 00:00,EC,0,0,
29/04/2024 00:00,EG,0,0,
29/04/2024 00:00,ER,0,0,
29/04/2024 00:00,SFR,0,0,
29/04/2024 00:00,GAE,9718.8,42,
29/04/2024 00:00,GUT,0,0,
29/04/2024 00:00,IQ,0,0,
29/04/2024 00:00,LH,0,0,
29/04/2024 00:00,MIX,520.8,6,
29/04/2024 00:00,PE,0,0,
29/04/2024 00:00,SG,0,0,
29/04/2024 00:00,TOD,850.5,8,
29/04/2024 00:00,TIN,1517.25,4,
29/04/2024 00:00,TOR,130.2,10,
29/04/2024 00:00,TOTO,54.6,1,
29/04/2024 00:00,KFC,0,4,
29/04/2024 00:00,WSK,565.95,5,
29/04/2024 00:00,US,0,0,
29/04/2024 00:00,VE,0,0,
29/04/2024 00:00,VIN,0,0,
29/04/2024 00:00,WE,0,0,
30/04/2024 00:00,,0,0,
30/04/2024 00:00,,0,0,
30/04/2024 00:00,AUN,0,0,
30/04/2024 00:00,BNR,0,0,
30/04/2024 00:00,BIR,1940.4,6,
30/04/2024 00:00,BS,0,0,
30/04/2024 00:00,BZ,0,0,
30/04/2024 00:00,CCS,0,0,
30/04/2024 00:00,CAD,1673.7,78,
30/04/2024 00:00,CG,8185.8,56,
30/04/2024 00:00,CMI,74.55,17,
30/04/2024 00:00,COQ,919.8,19,
30/04/2024 00:00,EC,0,0,
30/04/2024 00:00,EG,0,0,
30/04/2024 00:00,ER,0,0,
30/04/2024 00:00,SFR,0,0,
30/04/2024 00:00,GAE,10557.75,43,
30/04/2024 00:00,GUT,0,0,
30/04/2024 00:00,IQ,0,0,
30/04/2024 00:00,LH,0,0,
30/04/2024 00:00,MIX,512.4,6,
30/04/2024 00:00,PE,0,0,
30/04/2024 00:00,SG,0,0,
30/04/2024 00:00,TOD,850.5,8,
30/04/2024 00:00,TIN,1517.25,4,
30/04/2024 00:00,TOR,130.2,10,
30/04/2024 00:00,TOTO,54.6,1,
30/04/2024 00:00,KFC,0,4,
30/04/2024 00:00,WSK,565.95,5,
30/04/2024 00:00,US,0,0,
30/04/2024 00:00,VE,0,0,
30/04/2024 00:00,VIN,0,0,
30/04/2024 00:00,WE,0,0,
01/05/2024 00:00,,0,0,
01/05/2024 00:00,,0,0,
01/05/2024 00:00,AUN,0,0,
01/05/2024 00:00,BNR,0,0,
01/05/2024 00:00,BIR,4043.55,6,
01/05/2024 00:00,BS,0,0,
01/05/2024 00:00,BZ,0,0,
01/05/2024 00:00,CCS,0,0,
01/05/2024 00:00,CAD,2208.15,80,
01/05/2024 00:00,CG,8201.55,58,
01/05/2024 00:00,CMI,160.65,16,
01/05/2024 00:00,COQ,919.8,20,
01/05/2024 00:00,EC,0,0,
01/05/2024 00:00,EG,0,0,
01/05/2024 00:00,ER,0,0,
01/05/2024 00:00,SFR,0,0,
01/05/2024 00:00,GAE,9996,42,
01/05/2024 00:00,GUT,269.85,1,
01/05/2024 00:00,IQ,0,0,
01/05/2024 00:00,LH,0,0,
01/05/2024 00:00,MIX,512.4,6,
01/05/2024 00:00,PE,0,0,
01/05/2024 00:00,SG,0,0,
01/05/2024 00:00,TOD,850.5,8,
01/05/2024 00:00,TIN,1517.25,4,
01/05/2024 00:00,TOR,130.2,8,
01/05/2024 00:00,TOTO,54.6,1,
01/05/2024 00:00,KFC,0,4,
01/05/2024 00:00,WSK,565.95,5,
01/05/2024 00:00,US,0,0,
01/05/2024 00:00,VE,0,0,
01/05/2024 00:00,VIN,0,0,
01/05/2024 00:00,WE,0,0,
02/05/2024 00:00,,0,0,
02/05/2024 00:00,,0,0,
02/05/2024 00:00,AUN,0,0,
02/05/2024 00:00,BNR,0,0,
02/05/2024 00:00,BIR,4880.4,8,
02/05/2024 00:00,BS,0,0,
02/05/2024 00:00,BZ,0,0,
02/05/2024 00:00,CCS,0,0,
02/05/2024 00:00,CAD,1729.35,79,
02/05/2024 00:00,CG,8201.55,58,
02/05/2024 00:00,CMI,105,16,
02/05/2024 00:00,COQ,919.8,20,
02/05/2024 00:00,EC,0,0,
02/05/2024 00:00,EG,0,0,
02/05/2024 00:00,ER,0,0,
02/05/2024 00:00,SFR,0,0,
02/05/2024 00:00,GAE,10026.45,42,
02/05/2024 00:00,GUT,269.85,1,
02/05/2024 00:00,IQ,0,0,
02/05/2024 00:00,LH,0,0,
02/05/2024 00:00,MIX,512.4,6,
02/05/2024 00:00,PE,0,0,
02/05/2024 00:00,SG,0,0,
02/05/2024 00:00,TOD,863.1,10,
02/05/2024 00:00,TIN,1517.25,4,
02/05/2024 00:00,TOR,130.2,8,
02/05/2024 00:00,TOTO,54.6,1,
02/05/2024 00:00,KFC,0,4,
02/05/2024 00:00,WSK,649.95,6,
02/05/2024 00:00,US,0,0,
02/05/2024 00:00,VE,0,0,
02/05/2024 00:00,VIN,0,0,
02/05/2024 00:00,WE,0,0,
03/05/2024 00:00,,0,0,
03/05/2024 00:00,,0,0,
03/05/2024 00:00,AUN,0,0,
03/05/2024 00:00,BNR,0,0,
03/05/2024 00:00,BIR,4880.4,8,
03/05/2024 00:00,BS,0,0,
03/05/2024 00:00,BZ,0,0,
03/05/2024 00:00,CCS,0,0,
03/05/2024 00:00,CAD,1698.9,80,
03/05/2024 00:00,CG,7649.25,56,
03/05/2024 00:00,CMI,0,14,
03/05/2024 00:00,COQ,919.8,20,
03/05/2024 00:00,EC,0,0,
03/05/2024 00:00,EG,0,0,
03/05/2024 00:00,ER,0,0,
03/05/2024 00:00,SFR,0,0,
03/05/2024 00:00,GAE,10084.2,43,
03/05/2024 00:00,GUT,269.85,1,
03/05/2024 00:00,IQ,0,0,
03/05/2024 00:00,LH,0,0,
03/05/2024 00:00,MIX,646.8,6,
03/05/2024 00:00,PE,0,0,
03/05/2024 00:00,SG,0,0,
03/05/2024 00:00,TOD,850.5,8,
03/05/2024 00:00,TIN,1517.25,4,
03/05/2024 00:00,TOR,130.2,8,
03/05/2024 00:00,TOTO,54.6,1,
03/05/2024 00:00,KFC,0,4,
03/05/2024 00:00,WSK,701.4,7,
03/05/2024 00:00,US,0,0,
03/05/2024 00:00,VE,0,0,
03/05/2024 00:00,VIN,0,0,
03/05/2024 00:00,WE,0,0,
04/05/2024 00:00,,0,0,
04/05/2024 00:00,,0,0,
04/05/2024 00:00,AUN,0,0,
04/05/2024 00:00,BNR,0,0,
04/05/2024 00:00,BIR,4970.7,8,
04/05/2024 00:00,BS,0,0,
04/05/2024 00:00,BZ,0,0,
04/05/2024 00:00,CCS,0,0,
04/05/2024 00:00,CAD,1681.05,80,
04/05/2024 00:00,CG,7536.9,55,
04/05/2024 00:00,CMI,90.3,16,
04/05/2024 00:00,COQ,919.8,20,
04/05/2024 00:00,EC,0,0,
04/05/2024 00:00,EG,0,0,
04/05/2024 00:00,ER,0,0,
04/05/2024 00:00,SFR,0,0,
04/05/2024 00:00,GAE,10083.15,42,
04/05/2024 00:00,GUT,269.85,1,
04/05/2024 00:00,IQ,0,0,
04/05/2024 00:00,LH,0,0,
04/05/2024 00:00,MIX,512.4,6,
04/05/2024 00:00,PE,0,0,
04/05/2024 00:00,SG,0,0,
04/05/2024 00:00,TOD,850.5,8,
04/05/2024 00:00,TIN,1517.25,4,
04/05/2024 00:00,TOR,130.2,8,
04/05/2024 00:00,TOTO,54.6,1,
04/05/2024 00:00,KFC,0,4,
04/05/2024 00:00,WSK,701.4,7,
04/05/2024 00:00,US,0,0,
04/05/2024 00:00,VE,0,0,
04/05/2024 00:00,VIN,0,0,
04/05/2024 00:00,WE,0,0,
05/05/2024 00:00,,0,0,
05/05/2024 00:00,,0,0,
05/05/2024 00:00,AUN,0,0,
05/05/2024 00:00,BNR,0,0,
05/05/2024 00:00,BIR,4880.4,8,
05/05/2024 00:00,BS,0,0,
05/05/2024 00:00,BZ,0,0,
05/05/2024 00:00,CCS,0,0,
05/05/2024 00:00,CAD,2387.7,83,
05/05/2024 00:00,CG,7524.3,55,
05/05/2024 00:00,CMI,115.5,16,
05/05/2024 00:00,COQ,919.8,20,
05/05/2024 00:00,EC,0,0,
05/05/2024 00:00,EG,0,0,
05/05/2024 00:00,ER,0,0,
05/05/2024 00:00,SFR,0,0,
05/05/2024 00:00,GAE,10130.4,44,
05/05/2024 00:00,GUT,269.85,1,
05/05/2024 00:00,IQ,0,0,
05/05/2024 00:00,LH,0,0,
05/05/2024 00:00,MIX,512.4,6,
05/05/2024 00:00,PE,0,0,
05/05/2024 00:00,SG,0,0,
05/05/2024 00:00,TOD,850.5,8,
05/05/2024 00:00,TIN,1517.25,4,
05/05/2024 00:00,TOR,130.2,8,
05/05/2024 00:00,TOTO,54.6,1,
05/05/2024 00:00,KFC,0,4,
05/05/2024 00:00,WSK,701.4,7,
05/05/2024 00:00,US,0,0,
05/05/2024 00:00,VE,0,0,
05/05/2024 00:00,VIN,0,0,
05/05/2024 00:00,WE,0,0,
06/05/2024 00:00,,0,0,
06/05/2024 00:00,,0,0,
06/05/2024 00:00,AUN,0,0,
06/05/2024 00:00,BNR,0,0,
06/05/2024 00:00,BIR,5569.2,8,
06/05/2024 00:00,BS,0,0,
06/05/2024 00:00,BZ,0,0,
06/05/2024 00:00,CCS,0,0,
06/05/2024 00:00,CAD,2370.9,79,
06/05/2024 00:00,CG,7524.3,55,
06/05/2024 00:00,CMI,74.55,16,
06/05/2024 00:00,COQ,815.85,17,
06/05/2024 00:00,EC,0,0,
06/05/2024 00:00,EG,0,0,
06/05/2024 00:00,ER,0,0,
06/05/2024 00:00,SFR,0,0,
06/05/2024 00:00,GAE,10130.4,44,
06/05/2024 00:00,GUT,269.85,1,
06/05/2024 00:00,IQ,0,0,
06/05/2024 00:00,LH,0,0,
06/05/2024 00:00,MIX,512.4,6,
06/05/2024 00:00,PE,0,0,
06/05/2024 00:00,SG,0,0,
06/05/2024 00:00,TOD,850.5,8,
06/05/2024 00:00,TIN,1517.25,4,
06/05/2024 00:00,TOR,130.2,8,
06/05/2024 00:00,TOTO,54.6,1,
06/05/2024 00:00,KFC,0,2,
06/05/2024 00:00,WSK,701.4,7,
06/05/2024 00:00,US,0,0,
06/05/2024 00:00,VE,0,0,
06/05/2024 00:00,VIN,0,0,
06/05/2024 00:00,WE,0,0,
07/05/2024 00:00,,0,0,
07/05/2024 00:00,,0,0,
07/05/2024 00:00,AUN,0,0,
07/05/2024 00:00,BNR,0,0,
07/05/2024 00:00,BIR,6345.15,8,
07/05/2024 00:00,BS,0,0,
07/05/2024 00:00,BZ,0,0,
07/05/2024 00:00,CCS,0,0,
07/05/2024 00:00,CAD,2332.05,79,
07/05/2024 00:00,CG,7524.3,55,
07/05/2024 00:00,CMI,103.95,16,
07/05/2024 00:00,COQ,777,17,
07/05/2024 00:00,EC,0,0,
07/05/2024 00:00,EG,0,0,
07/05/2024 00:00,ER,0,0,
07/05/2024 00:00,SFR,0,0,
07/05/2024 00:00,GAE,10130.4,44,
07/05/2024 00:00,GUT,269.85,1,
07/05/2024 00:00,IQ,0,0,
07/05/2024 00:00,LH,0,0,
07/05/2024 00:00,MIX,512.4,6,
07/05/2024 00:00,PE,0,0,
07/05/2024 00:00,SG,0,0,
07/05/2024 00:00,TOD,850.5,8,
07/05/2024 00:00,TIN,1517.25,4,
07/05/2024 00:00,TOR,130.2,7,
07/05/2024 00:00,TOTO,54.6,1,
07/05/2024 00:00,KFC,0,4,
07/05/2024 00:00,WSK,701.4,7,
07/05/2024 00:00,US,0,0,
07/05/2024 00:00,VE,0,0,
07/05/2024 00:00,VIN,0,0,
07/05/2024 00:00,WE,0,0,
08/05/2024 00:00,,0,0,
08/05/2024 00:00,,0,0,
08/05/2024 00:00,AUN,0,0,
08/05/2024 00:00,BNR,0,0,
08/05/2024 00:00,BIR,5874.75,8,
08/05/2024 00:00,BS,0,0,
08/05/2024 00:00,BZ,0,0,
08/05/2024 00:00,CCS,0,0,
08/05/2024 00:00,CAD,2316.3,78,
08/05/2024 00:00,CG,7524.3,55,
08/05/2024 00:00,CMI,121.8,16,
08/05/2024 00:00,COQ,777,18,
08/05/2024 00:00,EC,0,0,
08/05/2024 00:00,EG,0,0,
08/05/2024 00:00,ER,0,0,
08/05/2024 00:00,SFR,0,0,
08/05/2024 00:00,GAE,10369.8,47,
08/05/2024 00:00,GUT,269.85,1,
08/05/2024 00:00,IQ,0,0,
08/05/2024 00:00,LH,0,0,
08/05/2024 00:00,MIX,512.4,6,
08/05/2024 00:00,PE,0,0,
08/05/2024 00:00,SG,0,0,
08/05/2024 00:00,TOD,850.5,8,
08/05/2024 00:00,TIN,1517.25,4,
08/05/2024 00:00,TOR,118.65,7,
08/05/2024 00:00,TOTO,54.6,1,
08/05/2024 00:00,KFC,0,4,
08/05/2024 00:00,WSK,669.9,6,
08/05/2024 00:00,US,0,0,
08/05/2024 00:00,VE,0,0,
08/05/2024 00:00,VIN,0,0,
08/05/2024 00:00,WE,0,0,
09/05/2024 00:00,,0,0,
09/05/2024 00:00,,0,0,
09/05/2024 00:00,AUN,0,0,
09/05/2024 00:00,BNR,0,0,
09/05/2024 00:00,BIR,5874.75,8,
09/05/2024 00:00,BS,0,0,
09/05/2024 00:00,BZ,0,0,
09/05/2024 00:00,CCS,0,0,
09/05/2024 00:00,CAD,2332.05,79,
09/05/2024 00:00,CG,7524.3,55,
09/05/2024 00:00,CMI,110.25,16,
09/05/2024 00:00,COQ,824.25,18,
09/05/2024 00:00,EC,0,0,
09/05/2024 00:00,EG,0,0,
09/05/2024 00:00,ER,0,0,
09/05/2024 00:00,SFR,0,0,
09/05/2024 00:00,GAE,10293.15,46,
09/05/2024 00:00,GUT,269.85,1,
09/05/2024 00:00,IQ,0,0,
09/05/2024 00:00,LH,0,0,
09/05/2024 00:00,MIX,512.4,6,
09/05/2024 00:00,PE,0,0,
09/05/2024 00:00,SG,0,0,
09/05/2024 00:00,TOD,850.5,8,
09/05/2024 00:00,TIN,1517.25,4,
09/05/2024 00:00,TOR,118.65,7,
09/05/2024 00:00,TOTO,54.6,1,
09/05/2024 00:00,KFC,0,4,
09/05/2024 00:00,WSK,691.95,6,
09/05/2024 00:00,US,0,0,
09/05/2024 00:00,VE,0,0,
09/05/2024 00:00,VIN,0,0,
09/05/2024 00:00,WE,0,0,
10/05/2024 00:00,,0,0,
10/05/2024 00:00,,0,0,
10/05/2024 00:00,AUN,0,0,
10/05/2024 00:00,BNR,0,0,
10/05/2024 00:00,BIR,5874.75,8,
10/05/2024 00:00,BS,0,0,
10/05/2024 00:00,BZ,0,0,
10/05/2024 00:00,CCS,0,0,
10/05/2024 00:00,CAD,2352,78,
10/05/2024 00:00,CG,7524.3,55,
10/05/2024 00:00,CMI,0,12,
10/05/2024 00:00,COQ,999.6,18,
10/05/2024 00:00,EC,0,0,
10/05/2024 00:00,EG,0,0,
10/05/2024 00:00,ER,0,0,
10/05/2024 00:00,SFR,0,0,
10/05/2024 00:00,GAE,10264.8,47,
10/05/2024 00:00,GUT,269.85,1,
10/05/2024 00:00,IQ,0,0,
10/05/2024 00:00,LH,0,0,
10/05/2024 00:00,MIX,512.4,6,
10/05/2024 00:00,PE,0,0,
10/05/2024 00:00,SG,0,0,
10/05/2024 00:00,TOD,863.1,10,
10/05/2024 00:00,TIN,1517.25,4,
10/05/2024 00:00,TOR,118.65,7,
10/05/2024 00:00,TOTO,54.6,1,
10/05/2024 00:00,KFC,0,4,
10/05/2024 00:00,WSK,701.4,7,
10/05/2024 00:00,US,0,0,
10/05/2024 00:00,VE,0,0,
10/05/2024 00:00,VIN,0,0,
10/05/2024 00:00,WE,0,0,
11/05/2024 00:00,,0,0,
11/05/2024 00:00,,0,0,
11/05/2024 00:00,AUN,0,0,
11/05/2024 00:00,BNR,0,0,
11/05/2024 00:00,BIR,5452.65,7,
11/05/2024 00:00,BS,0,0,
11/05/2024 00:00,BZ,0,0,
11/05/2024 00:00,CCS,0,0,
11/05/2024 00:00,CAD,2252.25,78,
11/05/2024 00:00,CG,7854,55,
11/05/2024 00:00,CMI,0,12,
11/05/2024 00:00,COQ,999.6,18,
11/05/2024 00:00,EC,0,0,
11/05/2024 00:00,EG,0,0,
11/05/2024 00:00,ER,0,0,
11/05/2024 00:00,SFR,0,0,
11/05/2024 00:00,GAE,10264.8,47,
11/05/2024 00:00,GUT,269.85,1,
11/05/2024 00:00,IQ,0,0,
11/05/2024 00:00,LH,0,0,
11/05/2024 00:00,MIX,512.4,6,
11/05/2024 00:00,PE,0,0,
11/05/2024 00:00,SG,0,0,
11/05/2024 00:00,TOD,850.5,8,
11/05/2024 00:00,TIN,1517.25,4,
11/05/2024 00:00,TOR,118.65,7,
11/05/2024 00:00,TOTO,54.6,1,
11/05/2024 00:00,KFC,0,4,
11/05/2024 00:00,WSK,701.4,7,
11/05/2024 00:00,US,0,0,
11/05/2024 00:00,VE,0,0,
11/05/2024 00:00,VIN,0,0,
11/05/2024 00:00,WE,0,0,
12/05/2024 00:00,,0,0,
12/05/2024 00:00,,0,0,
12/05/2024 00:00,AUN,0,0,
12/05/2024 00:00,BNR,0,0,
12/05/2024 00:00,BIR,5874.75,8,
12/05/2024 00:00,BS,0,0,
12/05/2024 00:00,BZ,0,0,
12/05/2024 00:00,CCS,0,0,
12/05/2024 00:00,CAD,2241.75,78,
12/05/2024 00:00,CG,7947.45,56,
12/05/2024 00:00,CMI,0,12,
12/05/2024 00:00,COQ,999.6,18,
12/05/2024 00:00,EC,0,0,
12/05/2024 00:00,EG,0,0,
12/05/2024 00:00,ER,0,0,
12/05/2024 00:00,SFR,0,0,
12/05/2024 00:00,GAE,10264.8,47,
12/05/2024 00:00,GUT,269.85,1,
12/05/2024 00:00,IQ,0,0,
12/05/2024 00:00,LH,0,0,
12/05/2024 00:00,MIX,512.4,6,
12/05/2024 00:00,PE,0,0,
12/05/2024 00:00,SG,0,0,
12/05/2024 00:00,TOD,936.6,10,
12/05/2024 00:00,TIN,1517.25,4,
12/05/2024 00:00,TOR,118.65,7,
12/05/2024 00:00,TOTO,54.6,1,
12/05/2024 00:00,KFC,0,4,
12/05/2024 00:00,WSK,701.4,7,
12/05/2024 00:00,US,0,0,
12/05/2024 00:00,VE,0,0,
12/05/2024 00:00,VIN,0,0,
12/05/2024 00:00,WE,0,0,
13/05/2024 00:00,,0,0,
13/05/2024 00:00,,0,0,
13/05/2024 00:00,AUN,0,0,
13/05/2024 00:00,BNR,0,0,
13/05/2024 00:00,BIR,5917.8,8,
13/05/2024 00:00,BS,0,0,
13/05/2024 00:00,BZ,0,0,
13/05/2024 00:00,CCS,0,0,
13/05/2024 00:00,CAD,2196.6,77,
13/05/2024 00:00,CG,8288.7,56,
13/05/2024 00:00,CMI,87.15,13,
13/05/2024 00:00,COQ,999.6,18,
13/05/2024 00:00,EC,0,0,
13/05/2024 00:00,EG,0,0,
13/05/2024 00:00,ER,0,0,
13/05/2024 00:00,SFR,0,0,
13/05/2024 00:00,GAE,10264.8,47,
13/05/2024 00:00,GUT,269.85,1,
13/05/2024 00:00,IQ,0,0,
13/05/2024 00:00,LH,0,0,
13/05/2024 00:00,MIX,512.4,6,
13/05/2024 00:00,PE,0,0,
13/05/2024 00:00,SG,0,0,
13/05/2024 00:00,TOD,899.85,8,
13/05/2024 00:00,TIN,1517.25,4,
13/05/2024 00:00,TOR,34.65,4,
13/05/2024 00:00,TOTO,54.6,1,
13/05/2024 00:00,KFC,0,4,
13/05/2024 00:00,WSK,701.4,7,
13/05/2024 00:00,US,0,0,
13/05/2024 00:00,VE,0,0,
13/05/2024 00:00,VIN,0,0,
13/05/2024 00:00,WE,0,0,
14/05/2024 00:00,,0,0,
14/05/2024 00:00,,0,0,
14/05/2024 00:00,AUN,0,0,
14/05/2024 00:00,BNR,0,0,
14/05/2024 00:00,BIR,6336.75,10,
14/05/2024 00:00,BS,0,0,
14/05/2024 00:00,BZ,0,0,
14/05/2024 00:00,CCS,0,0,
14/05/2024 00:00,CAD,2166.15,77,
14/05/2024 00:00,CG,8434.65,58,
14/05/2024 00:00,CMI,94.5,13,
14/05/2024 00:00,COQ,999.6,18,
14/05/2024 00:00,EC,0,0,
14/05/2024 00:00,EG,0,0,
14/05/2024 00:00,ER,0,0,
14/05/2024 00:00,SFR,0,0,
14/05/2024 00:00,GAE,10264.8,47,
14/05/2024 00:00,GUT,269.85,1,
14/05/2024 00:00,IQ,0,0,
14/05/2024 00:00,LH,0,0,
14/05/2024 00:00,MIX,512.4,6,
14/05/2024 00:00,PE,0,0,
14/05/2024 00:00,SG,0,0,
14/05/2024 00:00,TOD,850.5,8,
14/05/2024 00:00,TIN,1517.25,4,
14/05/2024 00:00,TOR,34.65,4,
14/05/2024 00:00,TOTO,54.6,2,
14/05/2024 00:00,KFC,0,5,
14/05/2024 00:00,WSK,701.4,7,
14/05/2024 00:00,US,0,0,
14/05/2024 00:00,VE,0,0,
14/05/2024 00:00,VIN,0,0,
14/05/2024 00:00,WE,0,0,
15/05/2024 00:00,,0,0,
15/05/2024 00:00,,0,0,
15/05/2024 00:00,AUN,0,0,
15/05/2024 00:00,BNR,0,0,
15/05/2024 00:00,BIR,6336.75,10,
15/05/2024 00:00,BS,0,0,
15/05/2024 00:00,BZ,0,0,
15/05/2024 00:00,CCS,0,0,
15/05/2024 00:00,CAD,2400.3,72,
15/05/2024 00:00,CG,8434.65,58,
15/05/2024 00:00,CMI,0,12,
15/05/2024 00:00,COQ,999.6,18,
15/05/2024 00:00,EC,0,0,
15/05/2024 00:00,EG,0,0,
15/05/2024 00:00,ER,0,0,
15/05/2024 00:00,SFR,0,0,
15/05/2024 00:00,GAE,10903.2,47,
15/05/2024 00:00,GUT,269.85,1,
15/05/2024 00:00,IQ,0,0,
15/05/2024 00:00,LH,0,0,
15/05/2024 00:00,MIX,512.4,6,
15/05/2024 00:00,PE,0,0,
15/05/2024 00:00,SG,0,0,
15/05/2024 00:00,TOD,863.1,10,
15/05/2024 00:00,TIN,1517.25,4,
15/05/2024 00:00,TOR,34.65,4,
15/05/2024 00:00,TOTO,54.6,1,
15/05/2024 00:00,KFC,0,5,
15/05/2024 00:00,WSK,701.4,7,
15/05/2024 00:00,US,0,0,
15/05/2024 00:00,VE,0,0,
15/05/2024 00:00,VIN,0,0,
15/05/2024 00:00,WE,0,0,
16/05/2024 00:00,,0,0,
16/05/2024 00:00,,0,0,
16/05/2024 00:00,AUN,0,0,
16/05/2024 00:00,BNR,0,0,
16/05/2024 00:00,BIR,6336.75,10,
16/05/2024 00:00,BS,0,0,
16/05/2024 00:00,BZ,0,0,
16/05/2024 00:00,CCS,0,0,
16/05/2024 00:00,CAD,2025.45,73,
16/05/2024 00:00,CG,8655.15,58,
16/05/2024 00:00,CMI,0,12,
16/05/2024 00:00,COQ,999.6,18,
16/05/2024 00:00,EC,0,0,
16/05/2024 00:00,EG,0,0,
16/05/2024 00:00,ER,0,0,
16/05/2024 00:00,SFR,0,0,
16/05/2024 00:00,GAE,10947.3,49,
16/05/2024 00:00,GUT,269.85,1,
16/05/2024 00:00,IQ,0,0,
16/05/2024 00:00,LH,0,0,
16/05/2024 00:00,MIX,512.4,6,
16/05/2024 00:00,PE,0,0,
16/05/2024 00:00,SG,0,0,
16/05/2024 00:00,TOD,863.1,10,
16/05/2024 00:00,TIN,1517.25,4,
16/05/2024 00:00,TOR,34.65,4,
16/05/2024 00:00,TOTO,54.6,1,
16/05/2024 00:00,KFC,0,5,
16/05/2024 00:00,WSK,687.75,6,
16/05/2024 00:00,US,0,0,
16/05/2024 00:00,VE,0,0,
16/05/2024 00:00,VIN,0,0,
16/05/2024 00:00,WE,0,0,
17/05/2024 00:00,,0,0,
17/05/2024 00:00,,0,0,
17/05/2024 00:00,AUN,0,0,
17/05/2024 00:00,BNR,0,0,
17/05/2024 00:00,BIR,6336.75,10,
17/05/2024 00:00,BS,0,0,
17/05/2024 00:00,BZ,0,0,
17/05/2024 00:00,CCS,0,0,
17/05/2024 00:00,CAD,1968.75,73,
17/05/2024 00:00,CG,8998.5,58,
17/05/2024 00:00,CMI,0,12,
17/05/2024 00:00,COQ,999.6,18,
17/05/2024 00:00,EC,0,0,
17/05/2024 00:00,EG,0,0,
17/05/2024 00:00,ER,0,0,
17/05/2024 00:00,SFR,0,0,
17/05/2024 00:00,GAE,10947.3,49,
17/05/2024 00:00,GUT,269.85,1,
17/05/2024 00:00,IQ,0,0,
17/05/2024 00:00,LH,0,0,
17/05/2024 00:00,MIX,512.4,6,
17/05/2024 00:00,PE,0,0,
17/05/2024 00:00,SG,0,0,
17/05/2024 00:00,TOD,745.5,8,
17/05/2024 00:00,TIN,1517.25,4,
17/05/2024 00:00,TOR,34.65,4,
17/05/2024 00:00,TOTO,54.6,1,
17/05/2024 00:00,KFC,0,5,
17/05/2024 00:00,WSK,660.45,6,
17/05/2024 00:00,US,0,0,
17/05/2024 00:00,VE,0,0,
17/05/2024 00:00,VIN,0,0,
17/05/2024 00:00,WE,0,0,
18/05/2024 00:00,,0,0,
18/05/2024 00:00,,0,0,
18/05/2024 00:00,AUN,0,0,
18/05/2024 00:00,BNR,0,0,
18/05/2024 00:00,BIR,6336.75,10,
18/05/2024 00:00,BS,0,0,
18/05/2024 00:00,BZ,0,0,
18/05/2024 00:00,CCS,0,0,
18/05/2024 00:00,CAD,2486.4,73,
18/05/2024 00:00,CG,9096.15,59,
18/05/2024 00:00,CMI,0,12,
18/05/2024 00:00,COQ,999.6,18,
18/05/2024 00:00,EC,0,0,
18/05/2024 00:00,EG,0,0,
18/05/2024 00:00,ER,0,0,
18/05/2024 00:00,SFR,0,0,
18/05/2024 00:00,GAE,10822.35,48,
18/05/2024 00:00,GUT,269.85,1,
18/05/2024 00:00,IQ,0,0,
18/05/2024 00:00,LH,0,0,
18/05/2024 00:00,MIX,512.4,6,
18/05/2024 00:00,PE,0,0,
18/05/2024 00:00,SG,0,0,
18/05/2024 00:00,TOD,745.5,8,
18/05/2024 00:00,TIN,1517.25,4,
18/05/2024 00:00,TOR,34.65,4,
18/05/2024 00:00,TOTO,54.6,2,
18/05/2024 00:00,KFC,0,5,
18/05/2024 00:00,WSK,660.45,6,
18/05/2024 00:00,US,0,0,
18/05/2024 00:00,VE,0,0,
18/05/2024 00:00,VIN,0,0,
18/05/2024 00:00,WE,0,0,
19/05/2024 00:00,,0,0,
19/05/2024 00:00,,0,0,
19/05/2024 00:00,AUN,0,0,
19/05/2024 00:00,BNR,0,0,
19/05/2024 00:00,BIR,6336.75,10,
19/05/2024 00:00,BS,0,0,
19/05/2024 00:00,BZ,0,0,
19/05/2024 00:00,CCS,0,0,
19/05/2024 00:00,CAD,2035.95,70,
19/05/2024 00:00,CG,9120.3,60,
19/05/2024 00:00,CMI,0,12,
19/05/2024 00:00,COQ,999.6,18,
19/05/2024 00:00,EC,0,0,
19/05/2024 00:00,EG,0,0,
19/05/2024 00:00,ER,0,0,
19/05/2024 00:00,SFR,0,0,
19/05/2024 00:00,GAE,10975.65,52,
19/05/2024 00:00,GUT,269.85,1,
19/05/2024 00:00,IQ,0,0,
19/05/2024 00:00,LH,0,0,
19/05/2024 00:00,MIX,512.4,6,
19/05/2024 00:00,PE,0,0,
19/05/2024 00:00,SG,0,0,
19/05/2024 00:00,TOD,739.2,7,
19/05/2024 00:00,TIN,1517.25,4,
19/05/2024 00:00,TOR,34.65,4,
19/05/2024 00:00,TOTO,54.6,2,
19/05/2024 00:00,KFC,0,5,
19/05/2024 00:00,WSK,660.45,6,
19/05/2024 00:00,US,0,0,
19/05/2024 00:00,VE,0,0,
19/05/2024 00:00,VIN,0,0,
19/05/2024 00:00,WE,0,0,
20/05/2024 00:00,,0,0,
20/05/2024 00:00,,0,0,
20/05/2024 00:00,AUN,0,0,
20/05/2024 00:00,BNR,0,0,
20/05/2024 00:00,BIR,6044.85,7,
20/05/2024 00:00,BS,0,0,
20/05/2024 00:00,BZ,0,0,
20/05/2024 00:00,CCS,0,0,
20/05/2024 00:00,CAD,2629.2,76,
20/05/2024 00:00,CG,9120.3,60,
20/05/2024 00:00,CMI,0,12,
20/05/2024 00:00,COQ,999.6,18,
20/05/2024 00:00,EC,0,0,
20/05/2024 00:00,EG,0,0,
20/05/2024 00:00,ER,0,0,
20/05/2024 00:00,SFR,0,0,
20/05/2024 00:00,GAE,10976.7,50,
20/05/2024 00:00,GUT,269.85,1,
20/05/2024 00:00,IQ,0,0,
20/05/2024 00:00,LH,0,0,
20/05/2024 00:00,MIX,512.4,6,
20/05/2024 00:00,PE,0,0,
20/05/2024 00:00,SG,0,0,
20/05/2024 00:00,TOD,732.9,7,
20/05/2024 00:00,TIN,1517.25,4,
20/05/2024 00:00,TOR,34.65,4,
20/05/2024 00:00,TOTO,54.6,2,
20/05/2024 00:00,KFC,0,5,
20/05/2024 00:00,WSK,660.45,6,
20/05/2024 00:00,US,0,0,
20/05/2024 00:00,VE,0,0,
20/05/2024 00:00,VIN,0,0,
20/05/2024 00:00,WE,0,0,
21/05/2024 00:00,,0,0,
21/05/2024 00:00,,0,0,
21/05/2024 00:00,AUN,0,0,
21/05/2024 00:00,BNR,0,0,
21/05/2024 00:00,BIR,5053.65,7,
21/05/2024 00:00,BS,0,0,
21/05/2024 00:00,BZ,0,0,
21/05/2024 00:00,CCS,0,0,
21/05/2024 00:00,CAD,2629.2,76,
21/05/2024 00:00,CG,9120.3,60,
21/05/2024 00:00,CMI,0,12,
21/05/2024 00:00,COQ,999.6,18,
21/05/2024 00:00,EC,0,0,
21/05/2024 00:00,EG,0,0,
21/05/2024 00:00,ER,0,0,
21/05/2024 00:00,SFR,0,0,
21/05/2024 00:00,GAE,10980.9,52,
21/05/2024 00:00,GUT,269.85,1,
21/05/2024 00:00,IQ,0,0,
21/05/2024 00:00,LH,0,0,
21/05/2024 00:00,MIX,512.4,6,
21/05/2024 00:00,PE,0,0,
21/05/2024 00:00,SG,0,0,
21/05/2024 00:00,TOD,732.9,7,
21/05/2024 00:00,TIN,1517.25,4,
21/05/2024 00:00,TOR,34.65,4,
21/05/2024 00:00,TOTO,54.6,2,
21/05/2024 00:00,KFC,0,4,
21/05/2024 00:00,WSK,660.45,6,
21/05/2024 00:00,US,0,0,
21/05/2024 00:00,VE,0,0,
21/05/2024 00:00,VIN,0,0,
21/05/2024 00:00,WE,0,0,
22/05/2024 00:00,,0,0,
22/05/2024 00:00,,0,0,
22/05/2024 00:00,AUN,0,0,
22/05/2024 00:00,BNR,0,0,
22/05/2024 00:00,BIR,5592.3,7,
22/05/2024 00:00,BS,0,0,
22/05/2024 00:00,BZ,0,0,
22/05/2024 00:00,CCS,0,0,
22/05/2024 00:00,CAD,3101.7,80,
22/05/2024 00:00,CG,9405.9,59,
22/05/2024 00:00,CMI,0,12,
22/05/2024 00:00,COQ,1013.25,19,
22/05/2024 00:00,EC,0,0,
22/05/2024 00:00,EG,0,0,
22/05/2024 00:00,ER,0,0,
22/05/2024 00:00,SFR,0,0,
22/05/2024 00:00,GAE,11036.55,53,
22/05/2024 00:00,GUT,269.85,1,
22/05/2024 00:00,IQ,0,0,
22/05/2024 00:00,LH,0,0,
22/05/2024 00:00,MIX,512.4,6,
22/05/2024 00:00,PE,0,0,
22/05/2024 00:00,SG,0,0,
22/05/2024 00:00,TOD,732.9,7,
22/05/2024 00:00,TIN,1517.25,4,
22/05/2024 00:00,TOR,34.65,4,
22/05/2024 00:00,TOTO,54.6,2,
22/05/2024 00:00,KFC,0,5,
22/05/2024 00:00,WSK,660.45,6,
22/05/2024 00:00,US,0,0,
22/05/2024 00:00,VE,0,0,
22/05/2024 00:00,VIN,0,0,
22/05/2024 00:00,WE,0,0,
23/05/2024 00:00,,0,0,
23/05/2024 00:00,,0,0,
23/05/2024 00:00,AUN,0,0,
23/05/2024 00:00,BNR,0,0,
23/05/2024 00:00,BIR,5046.3,7,
23/05/2024 00:00,BS,0,0,
23/05/2024 00:00,BZ,0,0,
23/05/2024 00:00,CCS,0,0,
23/05/2024 00:00,CAD,3097.5,79,
23/05/2024 00:00,CG,8893.5,60,
23/05/2024 00:00,CMI,176.4,13,
23/05/2024 00:00,COQ,1013.25,19,
23/05/2024 00:00,EC,0,0,
23/05/2024 00:00,EG,0,0,
23/05/2024 00:00,ER,0,0,
23/05/2024 00:00,SFR,0,0,
23/05/2024 00:00,GAE,10981.95,53,
23/05/2024 00:00,GUT,0,0,
23/05/2024 00:00,IQ,0,0,
23/05/2024 00:00,LH,0,0,
23/05/2024 00:00,MIX,512.4,6,
23/05/2024 00:00,PE,0,0,
23/05/2024 00:00,SG,0,0,
23/05/2024 00:00,TOD,732.9,7,
23/05/2024 00:00,TIN,1517.25,4,
23/05/2024 00:00,TOR,34.65,4,
23/05/2024 00:00,TOTO,54.6,2,
23/05/2024 00:00,KFC,0,5,
23/05/2024 00:00,WSK,660.45,6,
23/05/2024 00:00,US,0,0,
23/05/2024 00:00,VE,0,0,
23/05/2024 00:00,VIN,0,0,
23/05/2024 00:00,WE,0,0,
24/05/2024 00:00,,0,0,
24/05/2024 00:00,,0,0,
24/05/2024 00:00,AUN,0,0,
24/05/2024 00:00,BNR,0,0,
24/05/2024 00:00,BIR,5046.3,7,
24/05/2024 00:00,BS,0,0,
24/05/2024 00:00,BZ,0,0,
24/05/2024 00:00,CCS,0,0,
24/05/2024 00:00,CAD,3011.4,77,
24/05/2024 00:00,CG,8886.15,60,
24/05/2024 00:00,CMI,129.15,13,
24/05/2024 00:00,COQ,1013.25,19,
24/05/2024 00:00,EC,0,0,
24/05/2024 00:00,EG,0,0,
24/05/2024 00:00,ER,0,0,
24/05/2024 00:00,SFR,0,0,
24/05/2024 00:00,GAE,11322.15,55,
24/05/2024 00:00,GUT,0,0,
24/05/2024 00:00,IQ,0,0,
24/05/2024 00:00,LH,0,0,
24/05/2024 00:00,MIX,512.4,6,
24/05/2024 00:00,PE,0,0,
24/05/2024 00:00,SG,0,0,
24/05/2024 00:00,TOD,732.9,7,
24/05/2024 00:00,TIN,1517.25,4,
24/05/2024 00:00,TOR,34.65,4,
24/05/2024 00:00,TOTO,54.6,2,
24/05/2024 00:00,KFC,0,4,
24/05/2024 00:00,WSK,660.45,6,
24/05/2024 00:00,US,0,0,
24/05/2024 00:00,VE,0,0,
24/05/2024 00:00,VIN,0,0,
24/05/2024 00:00,WE,0,0,
25/05/2024 00:00,,0,0,
25/05/2024 00:00,,0,0,
25/05/2024 00:00,AUN,0,0,
25/05/2024 00:00,BNR,0,0,
25/05/2024 00:00,BIR,5046.3,7,
25/05/2024 00:00,BS,0,0,
25/05/2024 00:00,BZ,0,0,
25/05/2024 00:00,CCS,0,0,
25/05/2024 00:00,CAD,2875.95,76,
25/05/2024 00:00,CG,8886.15,60,
25/05/2024 00:00,CMI,92.4,13,
25/05/2024 00:00,COQ,1013.25,19,
25/05/2024 00:00,EC,0,0,
25/05/2024 00:00,EG,0,0,
25/05/2024 00:00,ER,0,0,
25/05/2024 00:00,SFR,0,0,
25/05/2024 00:00,GAE,11870.25,56,
25/05/2024 00:00,GUT,0,0,
25/05/2024 00:00,IQ,0,0,
25/05/2024 00:00,LH,0,0,
25/05/2024 00:00,MIX,512.4,6,
25/05/2024 00:00,PE,0,0,
25/05/2024 00:00,SG,0,0,
25/05/2024 00:00,TOD,1056.3,8,
25/05/2024 00:00,TIN,1517.25,4,
25/05/2024 00:00,TOR,34.65,4,
25/05/2024 00:00,TOTO,54.6,2,
25/05/2024 00:00,KFC,0,4,
25/05/2024 00:00,WSK,660.45,6,
25/05/2024 00:00,US,0,0,
25/05/2024 00:00,VE,0,0,
25/05/2024 00:00,VIN,0,0,
25/05/2024 00:00,WE,0,0,
26/05/2024 00:00,,0,0,
26/05/2024 00:00,,0,0,
26/05/2024 00:00,AUN,0,0,
26/05/2024 00:00,BNR,0,0,
26/05/2024 00:00,BIR,5046.3,7,
26/05/2024 00:00,BS,0,0,
26/05/2024 00:00,BZ,0,0,
26/05/2024 00:00,CCS,0,0,
26/05/2024 00:00,CAD,2480.1,76,
26/05/2024 00:00,CG,9030,61,
26/05/2024 00:00,CMI,389.55,13,
26/05/2024 00:00,COQ,1013.25,19,
26/05/2024 00:00,EC,0,0,
26/05/2024 00:00,EG,0,0,
26/05/2024 00:00,ER,0,0,
26/05/2024 00:00,SFR,0,0,
26/05/2024 00:00,GAE,12310.2,56,
26/05/2024 00:00,GUT,0,0,
26/05/2024 00:00,IQ,0,0,
26/05/2024 00:00,LH,0,0,
26/05/2024 00:00,MIX,512.4,6,
26/05/2024 00:00,PE,0,0,
26/05/2024 00:00,SG,0,0,
26/05/2024 00:00,TOD,732.9,7,
26/05/2024 00:00,TIN,1517.25,4,
26/05/2024 00:00,TOR,45.15,5,
26/05/2024 00:00,TOTO,54.6,2,
26/05/2024 00:00,KFC,0,4,
26/05/2024 00:00,WSK,660.45,6,
26/05/2024 00:00,US,0,0,
26/05/2024 00:00,VE,0,0,
26/05/2024 00:00,VIN,0,0,
26/05/2024 00:00,WE,0,0,
27/05/2024 00:00,,0,0,
27/05/2024 00:00,,0,0,
27/05/2024 00:00,AUN,0,0,
27/05/2024 00:00,BNR,0,0,
27/05/2024 00:00,BIR,5046.3,7,
27/05/2024 00:00,BS,0,0,
27/05/2024 00:00,BZ,0,0,
27/05/2024 00:00,CCS,0,0,
27/05/2024 00:00,CAD,2505.3,76,
27/05/2024 00:00,CG,9030,61,
27/05/2024 00:00,CMI,722.4,14,
27/05/2024 00:00,COQ,1124.55,19,
27/05/2024 00:00,EC,0,0,
27/05/2024 00:00,EG,0,0,
27/05/2024 00:00,ER,0,0,
27/05/2024 00:00,SFR,0,0,
27/05/2024 00:00,GAE,13435.8,59,
27/05/2024 00:00,GUT,0,0,
27/05/2024 00:00,IQ,0,0,
27/05/2024 00:00,LH,0,0,
27/05/2024 00:00,MIX,512.4,6,
27/05/2024 00:00,PE,0,0,
27/05/2024 00:00,SG,0,0,
27/05/2024 00:00,TOD,825.3,8,
27/05/2024 00:00,TIN,1517.25,4,
27/05/2024 00:00,TOR,60.9,6,
27/05/2024 00:00,TOTO,54.6,2,
27/05/2024 00:00,KFC,0,4,
27/05/2024 00:00,WSK,660.45,6,
27/05/2024 00:00,US,0,0,
27/05/2024 00:00,VE,0,0,
27/05/2024 00:00,VIN,0,0,
27/05/2024 00:00,WE,0,0,
28/05/2024 00:00,,0,0,
28/05/2024 00:00,,0,0,
28/05/2024 00:00,AUN,0,0,
28/05/2024 00:00,BNR,0,0,
28/05/2024 00:00,BIR,5046.3,7,
28/05/2024 00:00,BS,0,0,
28/05/2024 00:00,BZ,0,0,
28/05/2024 00:00,CCS,0,0,
28/05/2024 00:00,CAD,2518.95,79,
28/05/2024 00:00,CG,9030,61,
28/05/2024 00:00,CMI,840,14,
28/05/2024 00:00,COQ,1013.25,19,
28/05/2024 00:00,EC,0,0,
28/05/2024 00:00,EG,0,0,
28/05/2024 00:00,ER,0,0,
28/05/2024 00:00,SFR,0,0,
28/05/2024 00:00,GAE,13632.15,60,
28/05/2024 00:00,GUT,0,0,
28/05/2024 00:00,IQ,0,0,
28/05/2024 00:00,LH,0,0,
28/05/2024 00:00,MIX,512.4,6,
28/05/2024 00:00,PE,0,0,
28/05/2024 00:00,SG,0,0,
28/05/2024 00:00,TOD,825.3,8,
28/05/2024 00:00,TIN,1517.25,4,
28/05/2024 00:00,TOR,60.9,5,
28/05/2024 00:00,TOTO,54.6,2,
28/05/2024 00:00,KFC,0,4,
28/05/2024 00:00,WSK,660.45,6,
28/05/2024 00:00,US,0,0,
28/05/2024 00:00,VE,0,0,
28/05/2024 00:00,VIN,0,0,
28/05/2024 00:00,WE,0,0,
29/05/2024 00:00,,0,0,
29/05/2024 00:00,,0,0,
29/05/2024 00:00,AUN,0,0,
29/05/2024 00:00,BNR,0,0,
29/05/2024 00:00,BIR,5046.3,7,
29/05/2024 00:00,BS,0,0,
29/05/2024 00:00,BZ,0,0,
29/05/2024 00:00,CCS,0,0,
29/05/2024 00:00,CAD,2488.5,78,
29/05/2024 00:00,CG,9030,61,
29/05/2024 00:00,CMI,342.3,14,
29/05/2024 00:00,COQ,1013.25,19,
29/05/2024 00:00,EC,0,0,
29/05/2024 00:00,EG,0,0,
29/05/2024 00:00,ER,0,0,
29/05/2024 00:00,SFR,0,0,
29/05/2024 00:00,GAE,13602.75,60,
29/05/2024 00:00,GUT,0,0,
29/05/2024 00:00,IQ,0,0,
29/05/2024 00:00,LH,0,0,
29/05/2024 00:00,MIX,512.4,6,
29/05/2024 00:00,PE,0,0,
29/05/2024 00:00,SG,0,0,
29/05/2024 00:00,TOD,825.3,8,
29/05/2024 00:00,TIN,1517.25,4,
29/05/2024 00:00,TOR,63,6,
29/05/2024 00:00,TOTO,54.6,2,
29/05/2024 00:00,KFC,0,4,
29/05/2024 00:00,WSK,660.45,6,
29/05/2024 00:00,US,0,0,
29/05/2024 00:00,VE,0,0,
29/05/2024 00:00,VIN,0,0,
29/05/2024 00:00,WE,0,0,
30/05/2024 00:00,,0,0,
30/05/2024 00:00,,0,0,
30/05/2024 00:00,AUN,0,0,
30/05/2024 00:00,BNR,0,0,
30/05/2024 00:00,BIR,5046.3,7,
30/05/2024 00:00,BS,0,0,
30/05/2024 00:00,BZ,0,0,
30/05/2024 00:00,CCS,0,0,
30/05/2024 00:00,CAD,2482.2,78,
30/05/2024 00:00,CG,9030,61,
30/05/2024 00:00,CMI,279.3,14,
30/05/2024 00:00,COQ,1013.25,19,
30/05/2024 00:00,EC,0,0,
30/05/2024 00:00,EG,0,0,
30/05/2024 00:00,ER,0,0,
30/05/2024 00:00,SFR,0,0,
30/05/2024 00:00,GAE,13602.75,60,
30/05/2024 00:00,GUT,0,0,
30/05/2024 00:00,IQ,0,0,
30/05/2024 00:00,LH,0,0,
30/05/2024 00:00,MIX,512.4,6,
30/05/2024 00:00,PE,0,0,
30/05/2024 00:00,SG,0,0,
30/05/2024 00:00,TOD,825.3,8,
30/05/2024 00:00,TIN,1517.25,4,
30/05/2024 00:00,TOR,60.9,6,
30/05/2024 00:00,TOTO,54.6,2,
30/05/2024 00:00,KFC,0,4,
30/05/2024 00:00,WSK,660.45,6,
30/05/2024 00:00,US,0,0,
30/05/2024 00:00,VE,0,0,
30/05/2024 00:00,VIN,0,0,
30/05/2024 00:00,WE,0,0,
31/05/2024 00:00,,0,0,
31/05/2024 00:00,,0,0,
31/05/2024 00:00,AUN,0,0,
31/05/2024 00:00,BNR,0,0,
31/05/2024 00:00,BIR,5046.3,7,
31/05/2024 00:00,BS,0,0,
31/05/2024 00:00,BZ,0,0,
31/05/2024 00:00,CCS,0,0,
31/05/2024 00:00,CAD,2431.8,77,
31/05/2024 00:00,CG,9030,61,
31/05/2024 00:00,CMI,184.8,13,
31/05/2024 00:00,COQ,1038.45,19,
31/05/2024 00:00,EC,0,0,
31/05/2024 00:00,EG,0,0,
31/05/2024 00:00,ER,0,0,
31/05/2024 00:00,SFR,0,0,
31/05/2024 00:00,GAE,13749.75,60,
31/05/2024 00:00,GUT,0,0,
31/05/2024 00:00,IQ,0,0,
31/05/2024 00:00,LH,0,0,
31/05/2024 00:00,MIX,512.4,6,
31/05/2024 00:00,PE,0,0,
31/05/2024 00:00,SG,0,0,
31/05/2024 00:00,TOD,817.95,7,
31/05/2024 00:00,TIN,1517.25,4,
31/05/2024 00:00,TOR,60.9,6,
31/05/2024 00:00,TOTO,54.6,2,
31/05/2024 00:00,KFC,0,4,
31/05/2024 00:00,WSK,660.45,6,
31/05/2024 00:00,US,0,0,
31/05/2024 00:00,VE,0,0,
31/05/2024 00:00,VIN,0,0,
31/05/2024 00:00,WE,0,0,
01/06/2024 00:00,,0,0,
01/06/2024 00:00,,0,0,
01/06/2024 00:00,AUN,0,0,
01/06/2024 00:00,BNR,0,0,
01/06/2024 00:00,BIR,5046.3,7,
01/06/2024 00:00,BS,0,0,
01/06/2024 00:00,BZ,0,0,
01/06/2024 00:00,CCS,0,0,
01/06/2024 00:00,CAD,2396.1,77,
01/06/2024 00:00,CG,8702.4,60,
01/06/2024 00:00,CMI,192.15,13,
01/06/2024 00:00,COQ,1041.6,20,
01/06/2024 00:00,EC,0,0,
01/06/2024 00:00,EG,0,0,
01/06/2024 00:00,ER,0,0,
01/06/2024 00:00,SFR,0,0,
01/06/2024 00:00,GAE,13762.35,60,
01/06/2024 00:00,GUT,0,0,
01/06/2024 00:00,IQ,0,0,
01/06/2024 00:00,LH,0,0,
01/06/2024 00:00,MIX,512.4,6,
01/06/2024 00:00,PE,0,0,
01/06/2024 00:00,SG,0,0,
01/06/2024 00:00,TOD,809.55,6,
01/06/2024 00:00,TIN,1517.25,4,
01/06/2024 00:00,TOR,60.9,6,
01/06/2024 00:00,TOTO,54.6,2,
01/06/2024 00:00,KFC,0,4,
01/06/2024 00:00,WSK,597.45,5,
01/06/2024 00:00,US,0,0,
01/06/2024 00:00,VE,0,0,
01/06/2024 00:00,VIN,0,0,
01/06/2024 00:00,WE,0,0,
02/06/2024 00:00,,0,0,
02/06/2024 00:00,,0,0,
02/06/2024 00:00,AUN,0,0,
02/06/2024 00:00,BNR,0,0,
02/06/2024 00:00,BIR,5046.3,7,
02/06/2024 00:00,BS,0,0,
02/06/2024 00:00,BZ,0,0,
02/06/2024 00:00,CCS,0,0,
02/06/2024 00:00,CAD,2388.75,74,
02/06/2024 00:00,CG,8713.95,61,
02/06/2024 00:00,CMI,180.6,12,
02/06/2024 00:00,COQ,1064.7,20,
02/06/2024 00:00,EC,0,0,
02/06/2024 00:00,EG,0,0,
02/06/2024 00:00,ER,0,0,
02/06/2024 00:00,SFR,0,0,
02/06/2024 00:00,GAE,13850.55,61,
02/06/2024 00:00,GUT,0,0,
02/06/2024 00:00,IQ,0,0,
02/06/2024 00:00,LH,0,0,
02/06/2024 00:00,MIX,512.4,6,
02/06/2024 00:00,PE,0,0,
02/06/2024 00:00,SG,0,0,
02/06/2024 00:00,TOD,763.35,6,
02/06/2024 00:00,TIN,1517.25,4,
02/06/2024 00:00,TOR,60.9,6,
02/06/2024 00:00,TOTO,54.6,2,
02/06/2024 00:00,KFC,0,5,
02/06/2024 00:00,WSK,597.45,5,
02/06/2024 00:00,US,0,0,
02/06/2024 00:00,VE,0,0,
02/06/2024 00:00,VIN,0,0,
02/06/2024 00:00,WE,0,0,
03/06/2024 00:00,,0,0,
03/06/2024 00:00,,0,0,
03/06/2024 00:00,AUN,0,0,
03/06/2024 00:00,BNR,0,0,
03/06/2024 00:00,BIR,5046.3,7,
03/06/2024 00:00,BS,0,0,
03/06/2024 00:00,BZ,0,0,
03/06/2024 00:00,CCS,0,0,
03/06/2024 00:00,CAD,2213.4,73,
03/06/2024 00:00,CG,8621.55,60,
03/06/2024 00:00,CMI,181.65,13,
03/06/2024 00:00,COQ,1167.6,22,
03/06/2024 00:00,EC,0,0,
03/06/2024 00:00,EG,0,0,
03/06/2024 00:00,ER,0,0,
03/06/2024 00:00,SFR,0,0,
03/06/2024 00:00,GAE,13820.1,61,
03/06/2024 00:00,GUT,0,0,
03/06/2024 00:00,IQ,0,0,
03/06/2024 00:00,LH,0,0,
03/06/2024 00:00,MIX,512.4,6,
03/06/2024 00:00,PE,0,0,
03/06/2024 00:00,SG,0,0,
03/06/2024 00:00,TOD,826.35,7,
03/06/2024 00:00,TIN,1517.25,4,
03/06/2024 00:00,TOR,96.6,6,
03/06/2024 00:00,TOTO,54.6,2,
03/06/2024 00:00,KFC,0,5,
03/06/2024 00:00,WSK,597.45,5,
03/06/2024 00:00,US,0,0,
03/06/2024 00:00,VE,0,0,
03/06/2024 00:00,VIN,0,0,
03/06/2024 00:00,WE,0,0,
04/06/2024 00:00,,0,0,
04/06/2024 00:00,,0,0,
04/06/2024 00:00,AUN,0,0,
04/06/2024 00:00,BNR,0,0,
04/06/2024 00:00,BIR,5046.3,7,
04/06/2024 00:00,BS,0,0,
04/06/2024 00:00,BZ,0,0,
04/06/2024 00:00,CCS,0,0,
04/06/2024 00:00,CAD,2268,73,
04/06/2024 00:00,CG,8713.95,61,
04/06/2024 00:00,CMI,311.85,13,
04/06/2024 00:00,COQ,1167.6,22,
04/06/2024 00:00,EC,0,0,
04/06/2024 00:00,EG,0,0,
04/06/2024 00:00,ER,0,0,
04/06/2024 00:00,SFR,0,0,
04/06/2024 00:00,GAE,13820.1,61,
04/06/2024 00:00,GUT,0,0,
04/06/2024 00:00,IQ,0,0,
04/06/2024 00:00,LH,0,0,
04/06/2024 00:00,MIX,512.4,6,
04/06/2024 00:00,PE,0,0,
04/06/2024 00:00,SG,0,0,
04/06/2024 00:00,TOD,825.3,7,
04/06/2024 00:00,TIN,1517.25,4,
04/06/2024 00:00,TOR,145.95,8,
04/06/2024 00:00,TOTO,54.6,2,
04/06/2024 00:00,KFC,0,5,
04/06/2024 00:00,WSK,597.45,5,
04/06/2024 00:00,US,0,0,
04/06/2024 00:00,VE,0,0,
04/06/2024 00:00,VIN,0,0,
04/06/2024 00:00,WE,0,0,
05/06/2024 00:00,,0,0,
05/06/2024 00:00,,0,0,
05/06/2024 00:00,AUN,0,0,
05/06/2024 00:00,BNR,0,0,
05/06/2024 00:00,BIR,5046.3,7,
05/06/2024 00:00,BS,0,0,
05/06/2024 00:00,BZ,0,0,
05/06/2024 00:00,CCS,0,0,
05/06/2024 00:00,CAD,2216.55,72,
05/06/2024 00:00,CG,8713.95,61,
05/06/2024 00:00,CMI,304.5,14,
05/06/2024 00:00,COQ,1167.6,20,
05/06/2024 00:00,EC,0,0,
05/06/2024 00:00,EG,0,0,
05/06/2024 00:00,ER,0,0,
05/06/2024 00:00,SFR,0,0,
05/06/2024 00:00,GAE,13695.15,60,
05/06/2024 00:00,GUT,0,0,
05/06/2024 00:00,IQ,0,0,
05/06/2024 00:00,LH,0,0,
05/06/2024 00:00,MIX,512.4,6,
05/06/2024 00:00,PE,0,0,
05/06/2024 00:00,SG,0,0,
05/06/2024 00:00,TOD,825.3,7,
05/06/2024 00:00,TIN,1517.25,4,
05/06/2024 00:00,TOR,141.75,6,
05/06/2024 00:00,TOTO,54.6,2,
05/06/2024 00:00,KFC,0,5,
05/06/2024 00:00,WSK,597.45,5,
05/06/2024 00:00,US,0,0,
05/06/2024 00:00,VE,0,0,
05/06/2024 00:00,VIN,0,0,
05/06/2024 00:00,WE,0,0,
06/06/2024 00:00,,0,0,
06/06/2024 00:00,,0,0,
06/06/2024 00:00,AUN,0,0,
06/06/2024 00:00,BNR,0,0,
06/06/2024 00:00,BIR,5046.3,7,
06/06/2024 00:00,BS,0,0,
06/06/2024 00:00,BZ,0,0,
06/06/2024 00:00,CCS,0,0,
06/06/2024 00:00,CAD,2194.5,72,
06/06/2024 00:00,CG,8713.95,61,
06/06/2024 00:00,CMI,225.75,14,
06/06/2024 00:00,COQ,1167.6,20,
06/06/2024 00:00,EC,0,0,
06/06/2024 00:00,EG,0,0,
06/06/2024 00:00,ER,0,0,
06/06/2024 00:00,SFR,0,0,
06/06/2024 00:00,GAE,13820.1,61,
06/06/2024 00:00,GUT,0,0,
06/06/2024 00:00,IQ,0,0,
06/06/2024 00:00,LH,0,0,
06/06/2024 00:00,MIX,512.4,6,
06/06/2024 00:00,PE,0,0,
06/06/2024 00:00,SG,0,0,
06/06/2024 00:00,TOD,1022.7,10,
06/06/2024 00:00,TIN,1554,4,
06/06/2024 00:00,TOR,141.75,6,
06/06/2024 00:00,TOTO,54.6,2,
06/06/2024 00:00,KFC,0,5,
06/06/2024 00:00,WSK,597.45,5,
06/06/2024 00:00,US,0,0,
06/06/2024 00:00,VE,0,0,
06/06/2024 00:00,VIN,0,0,
06/06/2024 00:00,WE,0,0,
07/06/2024 00:00,,0,0,
07/06/2024 00:00,,0,0,
07/06/2024 00:00,AUN,0,0,
07/06/2024 00:00,BNR,0,0,
07/06/2024 00:00,BIR,5046.3,7,
07/06/2024 00:00,BS,0,0,
07/06/2024 00:00,BZ,0,0,
07/06/2024 00:00,CCS,0,0,
07/06/2024 00:00,CAD,2100,72,
07/06/2024 00:00,CG,9409.05,61,
07/06/2024 00:00,CMI,242.55,14,
07/06/2024 00:00,COQ,1013.25,19,
07/06/2024 00:00,EC,0,0,
07/06/2024 00:00,EG,0,0,
07/06/2024 00:00,ER,0,0,
07/06/2024 00:00,SFR,0,0,
07/06/2024 00:00,GAE,13820.1,61,
07/06/2024 00:00,GUT,0,0,
07/06/2024 00:00,IQ,0,0,
07/06/2024 00:00,LH,0,0,
07/06/2024 00:00,MIX,512.4,6,
07/06/2024 00:00,PE,0,0,
07/06/2024 00:00,SG,0,0,
07/06/2024 00:00,TOD,897.75,8,
07/06/2024 00:00,TIN,1517.25,4,
07/06/2024 00:00,TOR,141.75,6,
07/06/2024 00:00,TOTO,54.6,2,
07/06/2024 00:00,KFC,0,5,
07/06/2024 00:00,WSK,597.45,5,
07/06/2024 00:00,US,0,0,
07/06/2024 00:00,VE,0,0,
07/06/2024 00:00,VIN,0,0,
07/06/2024 00:00,WE,0,0,
08/06/2024 00:00,,0,0,
08/06/2024 00:00,,0,0,
08/06/2024 00:00,AUN,0,0,
08/06/2024 00:00,BNR,0,0,
08/06/2024 00:00,BIR,5046.3,7,
08/06/2024 00:00,BS,0,0,
08/06/2024 00:00,BZ,0,0,
08/06/2024 00:00,CCS,0,0,
08/06/2024 00:00,CAD,2138.85,72,
08/06/2024 00:00,CG,9504.6,62,
08/06/2024 00:00,CMI,232.05,14,
08/06/2024 00:00,COQ,1013.25,19,
08/06/2024 00:00,EC,0,0,
08/06/2024 00:00,EG,0,0,
08/06/2024 00:00,ER,0,0,
08/06/2024 00:00,SFR,0,0,
08/06/2024 00:00,GAE,13406.4,60,
08/06/2024 00:00,GUT,0,0,
08/06/2024 00:00,IQ,0,0,
08/06/2024 00:00,LH,0,0,
08/06/2024 00:00,MIX,512.4,6,
08/06/2024 00:00,PE,0,0,
08/06/2024 00:00,SG,0,0,
08/06/2024 00:00,TOD,984.9,10,
08/06/2024 00:00,TIN,1517.25,4,
08/06/2024 00:00,TOR,141.75,6,
08/06/2024 00:00,TOTO,54.6,2,
08/06/2024 00:00,KFC,0,5,
08/06/2024 00:00,WSK,597.45,5,
08/06/2024 00:00,US,0,0,
08/06/2024 00:00,VE,0,0,
08/06/2024 00:00,VIN,0,0,
08/06/2024 00:00,WE,0,0,
09/06/2024 00:00,,0,0,
09/06/2024 00:00,,0,0,
09/06/2024 00:00,AUN,0,0,
09/06/2024 00:00,BNR,0,0,
09/06/2024 00:00,BIR,5127.15,7,
09/06/2024 00:00,BS,0,0,
09/06/2024 00:00,BZ,0,0,
09/06/2024 00:00,CCS,0,0,
09/06/2024 00:00,CAD,2194.5,74,
09/06/2024 00:00,CG,9519.3,65,
09/06/2024 00:00,CMI,212.1,14,
09/06/2024 00:00,COQ,1038.45,19,
09/06/2024 00:00,EC,0,0,
09/06/2024 00:00,EG,0,0,
09/06/2024 00:00,ER,0,0,
09/06/2024 00:00,SFR,0,0,
09/06/2024 00:00,GAE,13364.4,60,
09/06/2024 00:00,GUT,0,0,
09/06/2024 00:00,IQ,0,0,
09/06/2024 00:00,LH,0,0,
09/06/2024 00:00,MIX,512.4,6,
09/06/2024 00:00,PE,0,0,
09/06/2024 00:00,SG,0,0,
09/06/2024 00:00,TOD,925.05,10,
09/06/2024 00:00,TIN,1517.25,4,
09/06/2024 00:00,TOR,141.75,6,
09/06/2024 00:00,TOTO,54.6,2,
09/06/2024 00:00,KFC,0,5,
09/06/2024 00:00,WSK,599.55,5,
09/06/2024 00:00,US,0,0,
09/06/2024 00:00,VE,0,0,
09/06/2024 00:00,VIN,0,0,
09/06/2024 00:00,WE,0,0,
10/06/2024 00:00,,0,0,
10/06/2024 00:00,,0,0,
10/06/2024 00:00,AUN,0,0,
10/06/2024 00:00,BNR,0,0,
10/06/2024 00:00,BIR,5575.5,8,
10/06/2024 00:00,BS,0,0,
10/06/2024 00:00,BZ,0,0,
10/06/2024 00:00,CCS,0,0,
10/06/2024 00:00,CAD,2210.25,74,
10/06/2024 00:00,CG,9654.75,66,
10/06/2024 00:00,CMI,212.1,14,
10/06/2024 00:00,COQ,1013.25,19,
10/06/2024 00:00,EC,0,0,
10/06/2024 00:00,EG,0,0,
10/06/2024 00:00,ER,0,0,
10/06/2024 00:00,SFR,0,0,
10/06/2024 00:00,GAE,13382.25,61,
10/06/2024 00:00,GUT,0,0,
10/06/2024 00:00,IQ,0,0,
10/06/2024 00:00,LH,0,0,
10/06/2024 00:00,MIX,512.4,6,
10/06/2024 00:00,PE,0,0,
10/06/2024 00:00,SG,0,0,
10/06/2024 00:00,TOD,925.05,10,
10/06/2024 00:00,TIN,1517.25,4,
10/06/2024 00:00,TOR,141.75,6,
10/06/2024 00:00,TOTO,54.6,2,
10/06/2024 00:00,KFC,0,5,
10/06/2024 00:00,WSK,597.45,5,
10/06/2024 00:00,US,0,0,
10/06/2024 00:00,VE,0,0,
10/06/2024 00:00,VIN,0,0,
10/06/2024 00:00,WE,0,0,
11/06/2024 00:00,,0,0,
11/06/2024 00:00,,0,0,
11/06/2024 00:00,AUN,0,0,
11/06/2024 00:00,BNR,0,0,
11/06/2024 00:00,BIR,5579.7,10,
11/06/2024 00:00,BS,0,0,
11/06/2024 00:00,BZ,0,0,
11/06/2024 00:00,CCS,0,0,
11/06/2024 00:00,CAD,2117.85,73,
11/06/2024 00:00,CG,9654.75,66,
11/06/2024 00:00,CMI,119.7,13,
11/06/2024 00:00,COQ,1075.2,19,
11/06/2024 00:00,EC,0,0,
11/06/2024 00:00,EG,0,0,
11/06/2024 00:00,ER,0,0,
11/06/2024 00:00,SFR,0,0,
11/06/2024 00:00,GAE,13353.9,59,
11/06/2024 00:00,GUT,0,0,
11/06/2024 00:00,IQ,0,0,
11/06/2024 00:00,LH,0,0,
11/06/2024 00:00,MIX,512.4,6,
11/06/2024 00:00,PE,0,0,
11/06/2024 00:00,SG,0,0,
11/06/2024 00:00,TOD,925.05,10,
11/06/2024 00:00,TIN,1517.25,4,
11/06/2024 00:00,TOR,141.75,6,
11/06/2024 00:00,TOTO,54.6,2,
11/06/2024 00:00,KFC,0,5,
11/06/2024 00:00,WSK,597.45,5,
11/06/2024 00:00,US,0,0,
11/06/2024 00:00,VE,0,0,
11/06/2024 00:00,VIN,0,0,
11/06/2024 00:00,WE,0,0,
12/06/2024 00:00,,0,0,
12/06/2024 00:00,,0,0,
12/06/2024 00:00,AUN,0,0,
12/06/2024 00:00,BNR,0,0,
12/06/2024 00:00,BIR,5579.7,10,
12/06/2024 00:00,BS,0,0,
12/06/2024 00:00,BZ,0,0,
12/06/2024 00:00,CCS,0,0,
12/06/2024 00:00,CAD,2146.2,72,
12/06/2024 00:00,CG,9908.85,66,
12/06/2024 00:00,CMI,119.7,13,
12/06/2024 00:00,COQ,1073.1,19,
12/06/2024 00:00,EC,0,0,
12/06/2024 00:00,EG,0,0,
12/06/2024 00:00,ER,0,0,
12/06/2024 00:00,SFR,0,0,
12/06/2024 00:00,GAE,13257.3,60,
12/06/2024 00:00,GUT,0,0,
12/06/2024 00:00,IQ,0,0,
12/06/2024 00:00,LH,0,0,
12/06/2024 00:00,MIX,512.4,6,
12/06/2024 00:00,PE,0,0,
12/06/2024 00:00,SG,0,0,
12/06/2024 00:00,TOD,925.05,10,
12/06/2024 00:00,TIN,1517.25,4,
12/06/2024 00:00,TOR,141.75,6,
12/06/2024 00:00,TOTO,54.6,2,
12/06/2024 00:00,KFC,0,5,
12/06/2024 00:00,WSK,597.45,5,
12/06/2024 00:00,US,0,0,
12/06/2024 00:00,VE,0,0,
12/06/2024 00:00,VIN,0,0,
12/06/2024 00:00,WE,0,0,
13/06/2024 00:00,,0,0,
13/06/2024 00:00,,0,0,
13/06/2024 00:00,AUN,0,0,
13/06/2024 00:00,BNR,0,0,
13/06/2024 00:00,BIR,5047.35,8,
13/06/2024 00:00,BS,0,0,
13/06/2024 00:00,BZ,0,0,
13/06/2024 00:00,CCS,0,0,
13/06/2024 00:00,CAD,2121,73,
13/06/2024 00:00,CG,10161.9,66,
13/06/2024 00:00,CMI,119.7,13,
13/06/2024 00:00,COQ,1013.25,18,
13/06/2024 00:00,EC,0,0,
13/06/2024 00:00,EG,0,0,
13/06/2024 00:00,ER,0,0,
13/06/2024 00:00,SFR,0,0,
13/06/2024 00:00,GAE,12896.1,60,
13/06/2024 00:00,GUT,0,0,
13/06/2024 00:00,IQ,0,0,
13/06/2024 00:00,LH,0,0,
13/06/2024 00:00,MIX,512.4,6,
13/06/2024 00:00,PE,0,0,
13/06/2024 00:00,SG,0,0,
13/06/2024 00:00,TOD,925.05,10,
13/06/2024 00:00,TIN,1517.25,4,
13/06/2024 00:00,TOR,141.75,6,
13/06/2024 00:00,TOTO,54.6,2,
13/06/2024 00:00,KFC,0,5,
13/06/2024 00:00,WSK,597.45,5,
13/06/2024 00:00,US,0,0,
13/06/2024 00:00,VE,0,0,
13/06/2024 00:00,VIN,0,0,
13/06/2024 00:00,WE,0,0,
14/06/2024 00:00,,0,0,
14/06/2024 00:00,,0,0,
14/06/2024 00:00,AUN,0,0,
14/06/2024 00:00,BNR,0,0,
14/06/2024 00:00,BIR,3122.7,7,
14/06/2024 00:00,BS,0,0,
14/06/2024 00:00,BZ,0,0,
14/06/2024 00:00,CCS,0,0,
14/06/2024 00:00,CAD,2119.95,72,
14/06/2024 00:00,CG,9720.9,66,
14/06/2024 00:00,CMI,0,12,
14/06/2024 00:00,COQ,1163.4,19,
14/06/2024 00:00,EC,0,0,
14/06/2024 00:00,EG,0,0,
14/06/2024 00:00,ER,0,0,
14/06/2024 00:00,SFR,0,0,
14/06/2024 00:00,GAE,12942.3,61,
14/06/2024 00:00,GUT,0,0,
14/06/2024 00:00,IQ,0,0,
14/06/2024 00:00,LH,0,0,
14/06/2024 00:00,MIX,512.4,6,
14/06/2024 00:00,PE,0,0,
14/06/2024 00:00,SG,0,0,
14/06/2024 00:00,TOD,826.35,8,
14/06/2024 00:00,TIN,1517.25,4,
14/06/2024 00:00,TOR,141.75,6,
14/06/2024 00:00,TOTO,54.6,2,
14/06/2024 00:00,KFC,0,5,
14/06/2024 00:00,WSK,597.45,5,
14/06/2024 00:00,US,0,0,
14/06/2024 00:00,VE,0,0,
14/06/2024 00:00,VIN,0,0,
14/06/2024 00:00,WE,0,0,
15/06/2024 00:00,,0,0,
15/06/2024 00:00,,0,0,
15/06/2024 00:00,AUN,0,0,
15/06/2024 00:00,BNR,0,0,
15/06/2024 00:00,BIR,2954.7,6,
15/06/2024 00:00,BS,0,0,
15/06/2024 00:00,BZ,0,0,
15/06/2024 00:00,CCS,0,0,
15/06/2024 00:00,CAD,2187.15,76,
15/06/2024 00:00,CG,9717.75,66,
15/06/2024 00:00,CMI,0,12,
15/06/2024 00:00,COQ,1163.4,19,
15/06/2024 00:00,EC,0,0,
15/06/2024 00:00,EG,0,0,
15/06/2024 00:00,ER,0,0,
15/06/2024 00:00,SFR,0,0,
15/06/2024 00:00,GAE,12942.3,61,
15/06/2024 00:00,GUT,0,0,
15/06/2024 00:00,IQ,0,0,
15/06/2024 00:00,LH,0,0,
15/06/2024 00:00,MIX,512.4,6,
15/06/2024 00:00,PE,0,0,
15/06/2024 00:00,SG,0,0,
15/06/2024 00:00,TOD,925.05,10,
15/06/2024 00:00,TIN,1517.25,4,
15/06/2024 00:00,TOR,141.75,6,
15/06/2024 00:00,TOTO,54.6,2,
15/06/2024 00:00,KFC,0,5,
15/06/2024 00:00,WSK,597.45,5,
15/06/2024 00:00,US,0,0,
15/06/2024 00:00,VE,0,0,
15/06/2024 00:00,VIN,0,0,
15/06/2024 00:00,WE,0,0,
16/06/2024 00:00,,0,0,
16/06/2024 00:00,,0,0,
16/06/2024 00:00,AUN,0,0,
16/06/2024 00:00,BNR,0,0,
16/06/2024 00:00,BIR,2613.45,6,
16/06/2024 00:00,BS,0,0,
16/06/2024 00:00,BZ,0,0,
16/06/2024 00:00,CCS,0,0,
16/06/2024 00:00,CAD,2176.65,71,
16/06/2024 00:00,CG,9728.25,67,
16/06/2024 00:00,CMI,0,12,
16/06/2024 00:00,COQ,1163.4,19,
16/06/2024 00:00,EC,0,0,
16/06/2024 00:00,EG,0,0,
16/06/2024 00:00,ER,0,0,
16/06/2024 00:00,SFR,0,0,
16/06/2024 00:00,GAE,13081.95,62,
16/06/2024 00:00,GUT,0,0,
16/06/2024 00:00,IQ,0,0,
16/06/2024 00:00,LH,0,0,
16/06/2024 00:00,MIX,529.2,6,
16/06/2024 00:00,PE,0,0,
16/06/2024 00:00,SG,0,0,
16/06/2024 00:00,TOD,925.05,10,
16/06/2024 00:00,TIN,1517.25,4,
16/06/2024 00:00,TOR,141.75,6,
16/06/2024 00:00,TOTO,54.6,2,
16/06/2024 00:00,KFC,0,5,
16/06/2024 00:00,WSK,597.45,5,
16/06/2024 00:00,US,0,0,
16/06/2024 00:00,VE,0,0,
16/06/2024 00:00,VIN,0,0,
16/06/2024 00:00,WE,0,0,
17/06/2024 00:00,,0,0,
17/06/2024 00:00,,0,0,
17/06/2024 00:00,AUN,0,0,
17/06/2024 00:00,BNR,0,0,
17/06/2024 00:00,BIR,2613.45,6,
17/06/2024 00:00,BS,0,0,
17/06/2024 00:00,BZ,0,0,
17/06/2024 00:00,CCS,0,0,
17/06/2024 00:00,CAD,3490.2,71,
17/06/2024 00:00,CG,9728.25,67,
17/06/2024 00:00,CMI,0,12,
17/06/2024 00:00,COQ,1163.4,19,
17/06/2024 00:00,EC,0,0,
17/06/2024 00:00,EG,0,0,
17/06/2024 00:00,ER,0,0,
17/06/2024 00:00,SFR,0,0,
17/06/2024 00:00,GAE,13067.25,62,
17/06/2024 00:00,GUT,0,0,
17/06/2024 00:00,IQ,0,0,
17/06/2024 00:00,LH,0,0,
17/06/2024 00:00,MIX,512.4,6,
17/06/2024 00:00,PE,0,0,
17/06/2024 00:00,SG,0,0,
17/06/2024 00:00,TOD,925.05,10,
17/06/2024 00:00,TIN,1517.25,4,
17/06/2024 00:00,TOR,141.75,6,
17/06/2024 00:00,TOTO,54.6,2,
17/06/2024 00:00,KFC,0,4,
17/06/2024 00:00,WSK,597.45,5,
17/06/2024 00:00,US,0,0,
17/06/2024 00:00,VE,0,0,
17/06/2024 00:00,VIN,0,0,
17/06/2024 00:00,WE,0,0,
18/06/2024 00:00,,0,0,
18/06/2024 00:00,,0,0,
18/06/2024 00:00,AUN,0,0,
18/06/2024 00:00,BNR,0,0,
18/06/2024 00:00,BIR,2613.45,6,
18/06/2024 00:00,BS,0,0,
18/06/2024 00:00,BZ,0,0,
18/06/2024 00:00,CCS,0,0,
18/06/2024 00:00,CAD,3571.05,70,
18/06/2024 00:00,CG,9728.25,67,
18/06/2024 00:00,CMI,111.3,13,
18/06/2024 00:00,COQ,1163.4,19,
18/06/2024 00:00,EC,0,0,
18/06/2024 00:00,EG,0,0,
18/06/2024 00:00,ER,0,0,
18/06/2024 00:00,SFR,0,0,
18/06/2024 00:00,GAE,11743.2,60,
18/06/2024 00:00,GUT,0,0,
18/06/2024 00:00,IQ,0,0,
18/06/2024 00:00,LH,0,0,
18/06/2024 00:00,MIX,512.4,6,
18/06/2024 00:00,PE,0,0,
18/06/2024 00:00,SG,0,0,
18/06/2024 00:00,TOD,925.05,10,
18/06/2024 00:00,TIN,1517.25,4,
18/06/2024 00:00,TOR,141.75,6,
18/06/2024 00:00,TOTO,54.6,1,
18/06/2024 00:00,KFC,0,4,
18/06/2024 00:00,WSK,597.45,5,
18/06/2024 00:00,US,0,0,
18/06/2024 00:00,VE,0,0,
18/06/2024 00:00,VIN,0,0,
18/06/2024 00:00,WE,0,0,
19/06/2024 00:00,,0,0,
19/06/2024 00:00,,0,0,
19/06/2024 00:00,AUN,0,0,
19/06/2024 00:00,BNR,0,0,
19/06/2024 00:00,BIR,2613.45,6,
19/06/2024 00:00,BS,0,0,
19/06/2024 00:00,BZ,0,0,
19/06/2024 00:00,CCS,0,0,
19/06/2024 00:00,CAD,3474.45,68,
19/06/2024 00:00,CG,10758.3,68,
19/06/2024 00:00,CMI,254.1,14,
19/06/2024 00:00,COQ,1163.4,19,
19/06/2024 00:00,EC,0,0,
19/06/2024 00:00,EG,0,0,
19/06/2024 00:00,ER,0,0,
19/06/2024 00:00,SFR,0,0,
19/06/2024 00:00,GAE,11772.6,61,
19/06/2024 00:00,GUT,0,0,
19/06/2024 00:00,IQ,0,0,
19/06/2024 00:00,LH,0,0,
19/06/2024 00:00,MIX,512.4,6,
19/06/2024 00:00,PE,0,0,
19/06/2024 00:00,SG,0,0,
19/06/2024 00:00,TOD,925.05,10,
19/06/2024 00:00,TIN,1517.25,4,
19/06/2024 00:00,TOR,141.75,6,
19/06/2024 00:00,TOTO,59.85,1,
19/06/2024 00:00,KFC,0,4,
19/06/2024 00:00,WSK,597.45,5,
19/06/2024 00:00,US,0,0,
19/06/2024 00:00,VE,0,0,
19/06/2024 00:00,VIN,0,0,
19/06/2024 00:00,WE,0,0,
20/06/2024 00:00,,0,0,
20/06/2024 00:00,,0,0,
20/06/2024 00:00,AUN,0,0,
20/06/2024 00:00,BNR,0,0,
20/06/2024 00:00,BIR,2613.45,6,
20/06/2024 00:00,BS,0,0,
20/06/2024 00:00,BZ,0,0,
20/06/2024 00:00,CCS,0,0,
20/06/2024 00:00,CAD,3454.5,68,
20/06/2024 00:00,CG,10758.3,68,
20/06/2024 00:00,CMI,259.35,14,
20/06/2024 00:00,COQ,1163.4,19,
20/06/2024 00:00,EC,0,0,
20/06/2024 00:00,EG,0,0,
20/06/2024 00:00,ER,0,0,
20/06/2024 00:00,SFR,0,0,
20/06/2024 00:00,GAE,11772.6,61,
20/06/2024 00:00,GUT,0,0,
20/06/2024 00:00,IQ,0,0,
20/06/2024 00:00,LH,0,0,
20/06/2024 00:00,MIX,512.4,6,
20/06/2024 00:00,PE,0,0,
20/06/2024 00:00,SG,0,0,
20/06/2024 00:00,TOD,925.05,10,
20/06/2024 00:00,TIN,1517.25,4,
20/06/2024 00:00,TOR,141.75,6,
20/06/2024 00:00,TOTO,54.6,1,
20/06/2024 00:00,KFC,0,4,
20/06/2024 00:00,WSK,597.45,5,
20/06/2024 00:00,US,0,0,
20/06/2024 00:00,VE,0,0,
20/06/2024 00:00,VIN,0,0,
20/06/2024 00:00,WE,0,0,
21/06/2024 00:00,,0,0,
21/06/2024 00:00,,0,0,
21/06/2024 00:00,AUN,0,0,
21/06/2024 00:00,BNR,0,0,
21/06/2024 00:00,BIR,2613.45,6,
21/06/2024 00:00,BS,0,0,
21/06/2024 00:00,BZ,0,0,
21/06/2024 00:00,CCS,0,0,
21/06/2024 00:00,CAD,3418.8,66,
21/06/2024 00:00,CG,10959.9,68,
21/06/2024 00:00,CMI,223.65,14,
21/06/2024 00:00,COQ,1163.4,19,
21/06/2024 00:00,EC,0,0,
21/06/2024 00:00,EG,0,0,
21/06/2024 00:00,ER,0,0,
21/06/2024 00:00,SFR,0,0,
21/06/2024 00:00,GAE,11772.6,61,
21/06/2024 00:00,GUT,0,0,
21/06/2024 00:00,IQ,0,0,
21/06/2024 00:00,LH,0,0,
21/06/2024 00:00,MIX,512.4,6,
21/06/2024 00:00,PE,0,0,
21/06/2024 00:00,SG,0,0,
21/06/2024 00:00,TOD,925.05,10,
21/06/2024 00:00,TIN,1517.25,4,
21/06/2024 00:00,TOR,141.75,6,
21/06/2024 00:00,TOTO,54.6,1,
21/06/2024 00:00,KFC,0,4,
21/06/2024 00:00,WSK,597.45,5,
21/06/2024 00:00,US,0,0,
21/06/2024 00:00,VE,0,0,
21/06/2024 00:00,VIN,0,0,
21/06/2024 00:00,WE,0,0,
22/06/2024 00:00,,0,0,
22/06/2024 00:00,,0,0,
22/06/2024 00:00,AUN,0,0,
22/06/2024 00:00,BNR,0,0,
22/06/2024 00:00,BIR,2613.45,6,
22/06/2024 00:00,BS,0,0,
22/06/2024 00:00,BZ,0,0,
22/06/2024 00:00,CCS,0,0,
22/06/2024 00:00,CAD,3331.65,66,
22/06/2024 00:00,CG,10758.3,68,
22/06/2024 00:00,CMI,307.65,16,
22/06/2024 00:00,COQ,1163.4,19,
22/06/2024 00:00,EC,0,0,
22/06/2024 00:00,EG,0,0,
22/06/2024 00:00,ER,0,0,
22/06/2024 00:00,SFR,0,0,
22/06/2024 00:00,GAE,11688.6,60,
22/06/2024 00:00,GUT,0,0,
22/06/2024 00:00,IQ,0,0,
22/06/2024 00:00,LH,0,0,
22/06/2024 00:00,MIX,523.95,6,
22/06/2024 00:00,PE,0,0,
22/06/2024 00:00,SG,0,0,
22/06/2024 00:00,TOD,925.05,10,
22/06/2024 00:00,TIN,1517.25,4,
22/06/2024 00:00,TOR,141.75,6,
22/06/2024 00:00,TOTO,54.6,1,
22/06/2024 00:00,KFC,0,4,
22/06/2024 00:00,WSK,597.45,5,
22/06/2024 00:00,US,0,0,
22/06/2024 00:00,VE,0,0,
22/06/2024 00:00,VIN,0,0,
22/06/2024 00:00,WE,0,0,
23/06/2024 00:00,,0,0,
23/06/2024 00:00,,0,0,
23/06/2024 00:00,AUN,0,0,
23/06/2024 00:00,BNR,0,0,
23/06/2024 00:00,BIR,2613.45,6,
23/06/2024 00:00,BS,0,0,
23/06/2024 00:00,BZ,0,0,
23/06/2024 00:00,CCS,0,0,
23/06/2024 00:00,CAD,3351.6,64,
23/06/2024 00:00,CG,10758.3,68,
23/06/2024 00:00,CMI,307.65,14,
23/06/2024 00:00,COQ,1163.4,19,
23/06/2024 00:00,EC,0,0,
23/06/2024 00:00,EG,0,0,
23/06/2024 00:00,ER,0,0,
23/06/2024 00:00,SFR,0,0,
23/06/2024 00:00,GAE,11721.15,61,
23/06/2024 00:00,GUT,0,0,
23/06/2024 00:00,IQ,0,0,
23/06/2024 00:00,LH,0,0,
23/06/2024 00:00,MIX,528.15,6,
23/06/2024 00:00,PE,0,0,
23/06/2024 00:00,SG,0,0,
23/06/2024 00:00,TOD,925.05,10,
23/06/2024 00:00,TIN,1517.25,4,
23/06/2024 00:00,TOR,141.75,6,
23/06/2024 00:00,TOTO,59.85,1,
23/06/2024 00:00,KFC,0,4,
23/06/2024 00:00,WSK,597.45,5,
23/06/2024 00:00,US,0,0,
23/06/2024 00:00,VE,0,0,
23/06/2024 00:00,VIN,0,0,
23/06/2024 00:00,WE,0,0,
24/06/2024 00:00,,0,0,
24/06/2024 00:00,,0,0,
24/06/2024 00:00,AUN,0,0,
24/06/2024 00:00,BNR,0,0,
24/06/2024 00:00,BIR,2613.45,6,
24/06/2024 00:00,BS,0,0,
24/06/2024 00:00,BZ,0,0,
24/06/2024 00:00,CCS,0,0,
24/06/2024 00:00,CAD,3037.65,61,
24/06/2024 00:00,CG,10758.3,68,
24/06/2024 00:00,CMI,307.65,16,
24/06/2024 00:00,COQ,1163.4,18,
24/06/2024 00:00,EC,0,0,
24/06/2024 00:00,EG,0,0,
24/06/2024 00:00,ER,0,0,
24/06/2024 00:00,SFR,0,0,
24/06/2024 00:00,GAE,11721.15,61,
24/06/2024 00:00,GUT,0,0,
24/06/2024 00:00,IQ,0,0,
24/06/2024 00:00,LH,0,0,
24/06/2024 00:00,MIX,561.75,6,
24/06/2024 00:00,PE,0,0,
24/06/2024 00:00,SG,0,0,
24/06/2024 00:00,TOD,924,8,
24/06/2024 00:00,TIN,1517.25,4,
24/06/2024 00:00,TOR,141.75,6,
24/06/2024 00:00,TOTO,65.1,1,
24/06/2024 00:00,KFC,0,4,
24/06/2024 00:00,WSK,597.45,5,
24/06/2024 00:00,US,0,0,
24/06/2024 00:00,VE,0,0,
24/06/2024 00:00,VIN,0,0,
24/06/2024 00:00,WE,0,0,
25/06/2024 00:00,,0,0,
25/06/2024 00:00,,0,0,
25/06/2024 00:00,AUN,0,0,
25/06/2024 00:00,BNR,0,0,
25/06/2024 00:00,BIR,2613.45,7,
25/06/2024 00:00,BS,0,0,
25/06/2024 00:00,BZ,0,0,
25/06/2024 00:00,CCS,0,0,
25/06/2024 00:00,CAD,3124.8,62,
25/06/2024 00:00,CG,10836,68,
25/06/2024 00:00,CMI,271.95,14,
25/06/2024 00:00,COQ,1163.4,19,
25/06/2024 00:00,EC,0,0,
25/06/2024 00:00,EG,0,0,
25/06/2024 00:00,ER,0,0,
25/06/2024 00:00,SFR,0,0,
25/06/2024 00:00,GAE,11721.15,61,
25/06/2024 00:00,GUT,0,0,
25/06/2024 00:00,IQ,0,0,
25/06/2024 00:00,LH,0,0,
25/06/2024 00:00,MIX,529.2,6,
25/06/2024 00:00,PE,0,0,
25/06/2024 00:00,SG,0,0,
25/06/2024 00:00,TOD,826.35,8,
25/06/2024 00:00,TIN,1517.25,4,
25/06/2024 00:00,TOR,141.75,6,
25/06/2024 00:00,TOTO,57.75,1,
25/06/2024 00:00,KFC,0,4,
25/06/2024 00:00,WSK,660.45,6,
25/06/2024 00:00,US,0,0,
25/06/2024 00:00,VE,0,0,
25/06/2024 00:00,VIN,0,0,
25/06/2024 00:00,WE,0,0,
26/06/2024 00:00,,0,0,
26/06/2024 00:00,,0,0,
26/06/2024 00:00,AUN,0,0,
26/06/2024 00:00,BNR,0,0,
26/06/2024 00:00,BIR,2613.45,7,
26/06/2024 00:00,BS,0,0,
26/06/2024 00:00,BZ,0,0,
26/06/2024 00:00,CCS,0,0,
26/06/2024 00:00,CAD,1932,62,
26/06/2024 00:00,CG,10717.35,67,
26/06/2024 00:00,CMI,212.1,14,
26/06/2024 00:00,COQ,1163.4,19,
26/06/2024 00:00,EC,0,0,
26/06/2024 00:00,EG,0,0,
26/06/2024 00:00,ER,0,0,
26/06/2024 00:00,SFR,0,0,
26/06/2024 00:00,GAE,11721.15,61,
26/06/2024 00:00,GUT,0,0,
26/06/2024 00:00,IQ,0,0,
26/06/2024 00:00,LH,0,0,
26/06/2024 00:00,MIX,517.65,6,
26/06/2024 00:00,PE,0,0,
26/06/2024 00:00,SG,0,0,
26/06/2024 00:00,TOD,924,8,
26/06/2024 00:00,TIN,1517.25,4,
26/06/2024 00:00,TOR,141.75,6,
26/06/2024 00:00,TOTO,54.6,1,
26/06/2024 00:00,KFC,0,4,
26/06/2024 00:00,WSK,660.45,6,
26/06/2024 00:00,US,0,0,
26/06/2024 00:00,VE,0,0,
26/06/2024 00:00,VIN,0,0,
26/06/2024 00:00,WE,0,0,
27/06/2024 00:00,,0,0,
27/06/2024 00:00,,0,0,
27/06/2024 00:00,AUN,0,0,
27/06/2024 00:00,BNR,0,0,
27/06/2024 00:00,BIR,2613.45,7,
27/06/2024 00:00,BS,0,0,
27/06/2024 00:00,BZ,0,0,
27/06/2024 00:00,CCS,0,0,
27/06/2024 00:00,CAD,1965.6,62,
27/06/2024 00:00,CG,10639.65,67,
27/06/2024 00:00,CMI,163.8,14,
27/06/2024 00:00,COQ,1085.7,19,
27/06/2024 00:00,EC,0,0,
27/06/2024 00:00,EG,0,0,
27/06/2024 00:00,ER,0,0,
27/06/2024 00:00,SFR,0,0,
27/06/2024 00:00,GAE,11721.15,61,
27/06/2024 00:00,GUT,0,0,
27/06/2024 00:00,IQ,0,0,
27/06/2024 00:00,LH,0,0,
27/06/2024 00:00,MIX,515.55,6,
27/06/2024 00:00,PE,0,0,
27/06/2024 00:00,SG,0,0,
27/06/2024 00:00,TOD,941.85,8,
27/06/2024 00:00,TIN,1517.25,4,
27/06/2024 00:00,TOR,141.75,6,
27/06/2024 00:00,TOTO,54.6,1,
27/06/2024 00:00,KFC,0,4,
27/06/2024 00:00,WSK,660.45,6,
27/06/2024 00:00,US,0,0,
27/06/2024 00:00,VE,0,0,
27/06/2024 00:00,VIN,0,0,
27/06/2024 00:00,WE,0,0,
28/06/2024 00:00,,0,0,
28/06/2024 00:00,,0,0,
28/06/2024 00:00,AUN,0,0,
28/06/2024 00:00,BNR,0,0,
28/06/2024 00:00,BIR,2613.45,7,
28/06/2024 00:00,BS,0,0,
28/06/2024 00:00,BZ,0,0,
28/06/2024 00:00,CCS,0,0,
28/06/2024 00:00,CAD,1965.6,62,
28/06/2024 00:00,CG,11303.25,67,
28/06/2024 00:00,CMI,111.3,13,
28/06/2024 00:00,COQ,1085.7,19,
28/06/2024 00:00,EC,0,0,
28/06/2024 00:00,EG,0,0,
28/06/2024 00:00,ER,0,0,
28/06/2024 00:00,SFR,0,0,
28/06/2024 00:00,GAE,11721.15,61,
28/06/2024 00:00,GUT,0,0,
28/06/2024 00:00,IQ,0,0,
28/06/2024 00:00,LH,0,0,
28/06/2024 00:00,MIX,512.4,6,
28/06/2024 00:00,PE,0,0,
28/06/2024 00:00,SG,0,0,
28/06/2024 00:00,TOD,826.35,8,
28/06/2024 00:00,TIN,1517.25,4,
28/06/2024 00:00,TOR,166.95,6,
28/06/2024 00:00,TOTO,54.6,1,
28/06/2024 00:00,KFC,0,4,
28/06/2024 00:00,WSK,660.45,6,
28/06/2024 00:00,US,0,0,
28/06/2024 00:00,VE,0,0,
28/06/2024 00:00,VIN,0,0,
28/06/2024 00:00,WE,0,0,
29/06/2024 00:00,,0,0,
29/06/2024 00:00,,0,0,
29/06/2024 00:00,AUN,0,0,
29/06/2024 00:00,BNR,0,0,
29/06/2024 00:00,BIR,2613.45,7,
29/06/2024 00:00,BS,0,0,
29/06/2024 00:00,BZ,0,0,
29/06/2024 00:00,CCS,0,0,
29/06/2024 00:00,CAD,2096.85,64,
29/06/2024 00:00,CG,11309.55,68,
29/06/2024 00:00,CMI,111.3,13,
29/06/2024 00:00,COQ,1085.7,19,
29/06/2024 00:00,EC,0,0,
29/06/2024 00:00,EG,0,0,
29/06/2024 00:00,ER,0,0,
29/06/2024 00:00,SFR,0,0,
29/06/2024 00:00,GAE,12760.65,62,
29/06/2024 00:00,GUT,0,0,
29/06/2024 00:00,IQ,0,0,
29/06/2024 00:00,LH,0,0,
29/06/2024 00:00,MIX,512.4,6,
29/06/2024 00:00,PE,0,0,
29/06/2024 00:00,SG,0,0,
29/06/2024 00:00,TOD,925.05,10,
29/06/2024 00:00,TIN,1517.25,4,
29/06/2024 00:00,TOR,231,7,
29/06/2024 00:00,TOTO,54.6,1,
29/06/2024 00:00,KFC,0,4,
29/06/2024 00:00,WSK,668.85,6,
29/06/2024 00:00,US,0,0,
29/06/2024 00:00,VE,0,0,
29/06/2024 00:00,VIN,0,0,
29/06/2024 00:00,WE,0,0,
30/06/2024 00:00,,0,0,
30/06/2024 00:00,,0,0,
30/06/2024 00:00,AUN,0,0,
30/06/2024 00:00,BNR,0,0,
30/06/2024 00:00,BIR,2875.95,8,
30/06/2024 00:00,BS,0,0,
30/06/2024 00:00,BZ,0,0,
30/06/2024 00:00,CCS,0,0,
30/06/2024 00:00,CAD,2313.15,71,
30/06/2024 00:00,CG,11309.55,68,
30/06/2024 00:00,CMI,402.15,13,
30/06/2024 00:00,COQ,1085.7,19,
30/06/2024 00:00,EC,0,0,
30/06/2024 00:00,EG,0,0,
30/06/2024 00:00,ER,0,0,
30/06/2024 00:00,SFR,0,0,
30/06/2024 00:00,GAE,12826.8,64,
30/06/2024 00:00,GUT,0,0,
30/06/2024 00:00,IQ,0,0,
30/06/2024 00:00,LH,0,0,
30/06/2024 00:00,MIX,512.4,6,
30/06/2024 00:00,PE,0,0,
30/06/2024 00:00,SG,0,0,
30/06/2024 00:00,TOD,924,8,
30/06/2024 00:00,TIN,1517.25,4,
30/06/2024 00:00,TOR,231,7,
30/06/2024 00:00,TOTO,54.6,1,
30/06/2024 00:00,KFC,0,4,
30/06/2024 00:00,WSK,676.2,7,
30/06/2024 00:00,US,0,0,
30/06/2024 00:00,VE,0,0,
30/06/2024 00:00,VIN,0,0,
30/06/2024 00:00,WE,0,0,
01/07/2024 00:00,,0,0,
01/07/2024 00:00,,0,0,
01/07/2024 00:00,AUN,0,0,
01/07/2024 00:00,BNR,0,0,
01/07/2024 00:00,BIR,2875.95,8,
01/07/2024 00:00,BS,0,0,
01/07/2024 00:00,BZ,0,0,
01/07/2024 00:00,CCS,0,0,
01/07/2024 00:00,CAD,2208.15,67,
01/07/2024 00:00,CG,10280.55,67,
01/07/2024 00:00,CMI,111.3,13,
01/07/2024 00:00,COQ,1085.7,19,
01/07/2024 00:00,EC,0,0,
01/07/2024 00:00,EG,0,0,
01/07/2024 00:00,ER,0,0,
01/07/2024 00:00,SFR,0,0,
01/07/2024 00:00,GAE,12701.85,62,
01/07/2024 00:00,GUT,0,0,
01/07/2024 00:00,IQ,0,0,
01/07/2024 00:00,LH,0,0,
01/07/2024 00:00,MIX,512.4,6,
01/07/2024 00:00,PE,0,0,
01/07/2024 00:00,SG,0,0,
01/07/2024 00:00,TOD,825.3,7,
01/07/2024 00:00,TIN,1517.25,4,
01/07/2024 00:00,TOR,231,7,
01/07/2024 00:00,TOTO,54.6,1,
01/07/2024 00:00,KFC,0,5,
01/07/2024 00:00,WSK,676.2,7,
01/07/2024 00:00,US,0,0,
01/07/2024 00:00,VE,0,0,
01/07/2024 00:00,VIN,0,0,
01/07/2024 00:00,WE,0,0,
02/07/2024 00:00,,0,0,
02/07/2024 00:00,,0,0,
02/07/2024 00:00,AUN,0,0,
02/07/2024 00:00,BNR,0,0,
02/07/2024 00:00,BIR,2875.95,8,
02/07/2024 00:00,BS,0,0,
02/07/2024 00:00,BZ,0,0,
02/07/2024 00:00,CCS,0,0,
02/07/2024 00:00,CAD,2031.75,66,
02/07/2024 00:00,CG,10927.35,68,
02/07/2024 00:00,CMI,111.3,13,
02/07/2024 00:00,COQ,1085.7,19,
02/07/2024 00:00,EC,0,0,
02/07/2024 00:00,EG,0,0,
02/07/2024 00:00,ER,0,0,
02/07/2024 00:00,SFR,0,0,
02/07/2024 00:00,GAE,12701.85,62,
02/07/2024 00:00,GUT,0,0,
02/07/2024 00:00,IQ,0,0,
02/07/2024 00:00,LH,0,0,
02/07/2024 00:00,MIX,512.4,6,
02/07/2024 00:00,PE,0,0,
02/07/2024 00:00,SG,0,0,
02/07/2024 00:00,TOD,826.35,8,
02/07/2024 00:00,TIN,1517.25,4,
02/07/2024 00:00,TOR,231,7,
02/07/2024 00:00,TOTO,54.6,1,
02/07/2024 00:00,KFC,0,5,
02/07/2024 00:00,WSK,670.95,6,
02/07/2024 00:00,US,0,0,
02/07/2024 00:00,VE,0,0,
02/07/2024 00:00,VIN,0,0,
02/07/2024 00:00,WE,0,0,
03/07/2024 00:00,,0,0,
03/07/2024 00:00,,0,0,
03/07/2024 00:00,AUN,0,0,
03/07/2024 00:00,BNR,0,0,
03/07/2024 00:00,BIR,2643.9,7,
03/07/2024 00:00,BS,0,0,
03/07/2024 00:00,BZ,0,0,
03/07/2024 00:00,CCS,0,0,
03/07/2024 00:00,CAD,1799.7,67,
03/07/2024 00:00,CG,10380.3,67,
03/07/2024 00:00,CMI,111.3,13,
03/07/2024 00:00,COQ,1085.7,19,
03/07/2024 00:00,EC,0,0,
03/07/2024 00:00,EG,0,0,
03/07/2024 00:00,ER,0,0,
03/07/2024 00:00,SFR,0,0,
03/07/2024 00:00,GAE,12920.25,64,
03/07/2024 00:00,GUT,0,0,
03/07/2024 00:00,IQ,0,0,
03/07/2024 00:00,LH,0,0,
03/07/2024 00:00,MIX,512.4,6,
03/07/2024 00:00,PE,0,0,
03/07/2024 00:00,SG,0,0,
03/07/2024 00:00,TOD,925.05,8,
03/07/2024 00:00,TIN,1517.25,4,
03/07/2024 00:00,TOR,231,8,
03/07/2024 00:00,TOTO,54.6,1,
03/07/2024 00:00,KFC,0,5,
03/07/2024 00:00,WSK,660.45,6,
03/07/2024 00:00,US,0,0,
03/07/2024 00:00,VE,0,0,
03/07/2024 00:00,VIN,0,0,
03/07/2024 00:00,WE,0,0,
04/07/2024 00:00,,0,0,
04/07/2024 00:00,,0,0,
04/07/2024 00:00,AUN,0,0,
04/07/2024 00:00,BNR,0,0,
04/07/2024 00:00,BIR,2613.45,7,
04/07/2024 00:00,BS,0,0,
04/07/2024 00:00,BZ,0,0,
04/07/2024 00:00,CCS,0,0,
04/07/2024 00:00,CAD,1836.45,67,
04/07/2024 00:00,CG,10508.4,68,
04/07/2024 00:00,CMI,163.8,14,
04/07/2024 00:00,COQ,1085.7,19,
04/07/2024 00:00,EC,0,0,
04/07/2024 00:00,EG,0,0,
04/07/2024 00:00,ER,0,0,
04/07/2024 00:00,SFR,0,0,
04/07/2024 00:00,GAE,13051.5,64,
04/07/2024 00:00,GUT,0,0,
04/07/2024 00:00,IQ,0,0,
04/07/2024 00:00,LH,0,0,
04/07/2024 00:00,MIX,512.4,6,
04/07/2024 00:00,PE,0,0,
04/07/2024 00:00,SG,0,0,
04/07/2024 00:00,TOD,924,8,
04/07/2024 00:00,TIN,1517.25,4,
04/07/2024 00:00,TOR,388.5,10,
04/07/2024 00:00,TOTO,54.6,1,
04/07/2024 00:00,KFC,0,4,
04/07/2024 00:00,WSK,660.45,6,
04/07/2024 00:00,US,0,0,
04/07/2024 00:00,VE,0,0,
04/07/2024 00:00,VIN,0,0,
04/07/2024 00:00,WE,0,0,
05/07/2024 00:00,,0,0,
05/07/2024 00:00,,0,0,
05/07/2024 00:00,AUN,0,0,
05/07/2024 00:00,BNR,0,0,
05/07/2024 00:00,BIR,2613.45,7,
05/07/2024 00:00,BS,0,0,
05/07/2024 00:00,BZ,0,0,
05/07/2024 00:00,CCS,0,0,
05/07/2024 00:00,CAD,1882.65,70,
05/07/2024 00:00,CG,10508.4,68,
05/07/2024 00:00,CMI,163.8,14,
05/07/2024 00:00,COQ,1085.7,19,
05/07/2024 00:00,EC,0,0,
05/07/2024 00:00,EG,0,0,
05/07/2024 00:00,ER,0,0,
05/07/2024 00:00,SFR,0,0,
05/07/2024 00:00,GAE,13118.7,65,
05/07/2024 00:00,GUT,282.45,1,
05/07/2024 00:00,IQ,0,0,
05/07/2024 00:00,LH,0,0,
05/07/2024 00:00,MIX,512.4,6,
05/07/2024 00:00,PE,0,0,
05/07/2024 00:00,SG,0,0,
05/07/2024 00:00,TOD,924,8,
05/07/2024 00:00,TIN,1517.25,4,
05/07/2024 00:00,TOR,324.45,8,
05/07/2024 00:00,TOTO,54.6,1,
05/07/2024 00:00,KFC,0,5,
05/07/2024 00:00,WSK,660.45,6,
05/07/2024 00:00,US,0,0,
05/07/2024 00:00,VE,0,0,
05/07/2024 00:00,VIN,0,0,
05/07/2024 00:00,WE,0,0,
06/07/2024 00:00,,0,0,
06/07/2024 00:00,,0,0,
06/07/2024 00:00,AUN,0,0,
06/07/2024 00:00,BNR,0,0,
06/07/2024 00:00,BIR,2613.45,7,
06/07/2024 00:00,BS,0,0,
06/07/2024 00:00,BZ,0,0,
06/07/2024 00:00,CCS,0,0,
06/07/2024 00:00,CAD,1856.4,68,
06/07/2024 00:00,CG,10508.4,68,
06/07/2024 00:00,CMI,52.5,13,
06/07/2024 00:00,COQ,1085.7,19,
06/07/2024 00:00,EC,0,0,
06/07/2024 00:00,EG,0,0,
06/07/2024 00:00,ER,0,0,
06/07/2024 00:00,SFR,0,0,
06/07/2024 00:00,GAE,13351.8,66,
06/07/2024 00:00,GUT,282.45,1,
06/07/2024 00:00,IQ,0,0,
06/07/2024 00:00,LH,0,0,
06/07/2024 00:00,MIX,512.4,6,
06/07/2024 00:00,PE,0,0,
06/07/2024 00:00,SG,0,0,
06/07/2024 00:00,TOD,924,8,
06/07/2024 00:00,TIN,1517.25,4,
06/07/2024 00:00,TOR,299.25,8,
06/07/2024 00:00,TOTO,54.6,1,
06/07/2024 00:00,KFC,0,4,
06/07/2024 00:00,WSK,660.45,6,
06/07/2024 00:00,US,0,0,
06/07/2024 00:00,VE,0,0,
06/07/2024 00:00,VIN,0,0,
06/07/2024 00:00,WE,0,0,
07/07/2024 00:00,,0,0,
07/07/2024 00:00,,0,0,
07/07/2024 00:00,AUN,0,0,
07/07/2024 00:00,BNR,0,0,
07/07/2024 00:00,BIR,2613.45,7,
07/07/2024 00:00,BS,0,0,
07/07/2024 00:00,BZ,0,0,
07/07/2024 00:00,CCS,0,0,
07/07/2024 00:00,CAD,1859.55,68,
07/07/2024 00:00,CG,10508.4,68,
07/07/2024 00:00,CMI,52.5,13,
07/07/2024 00:00,COQ,1089.9,19,
07/07/2024 00:00,EC,0,0,
07/07/2024 00:00,EG,0,0,
07/07/2024 00:00,ER,0,0,
07/07/2024 00:00,SFR,0,0,
07/07/2024 00:00,GAE,13204.8,64,
07/07/2024 00:00,GUT,282.45,1,
07/07/2024 00:00,IQ,0,0,
07/07/2024 00:00,LH,0,0,
07/07/2024 00:00,MIX,512.4,6,
07/07/2024 00:00,PE,0,0,
07/07/2024 00:00,SG,0,0,
07/07/2024 00:00,TOD,924,8,
07/07/2024 00:00,TIN,1517.25,4,
07/07/2024 00:00,TOR,301.35,10,
07/07/2024 00:00,TOTO,54.6,1,
07/07/2024 00:00,KFC,0,4,
07/07/2024 00:00,WSK,660.45,6,
07/07/2024 00:00,US,0,0,
07/07/2024 00:00,VE,0,0,
07/07/2024 00:00,VIN,0,0,
07/07/2024 00:00,WE,0,0,
08/07/2024 00:00,,0,0,
08/07/2024 00:00,,0,0,
08/07/2024 00:00,AUN,0,0,
08/07/2024 00:00,BNR,0,0,
08/07/2024 00:00,BIR,2613.45,7,
08/07/2024 00:00,BS,0,0,
08/07/2024 00:00,BZ,0,0,
08/07/2024 00:00,CCS,0,0,
08/07/2024 00:00,CAD,1860.6,70,
08/07/2024 00:00,CG,10729.95,68,
08/07/2024 00:00,CMI,52.5,13,
08/07/2024 00:00,COQ,1085.7,19,
08/07/2024 00:00,EC,0,0,
08/07/2024 00:00,EG,0,0,
08/07/2024 00:00,ER,0,0,
08/07/2024 00:00,SFR,0,0,
08/07/2024 00:00,GAE,13258.35,67,
08/07/2024 00:00,GUT,282.45,1,
08/07/2024 00:00,IQ,0,0,
08/07/2024 00:00,LH,0,0,
08/07/2024 00:00,MIX,512.4,6,
08/07/2024 00:00,PE,0,0,
08/07/2024 00:00,SG,0,0,
08/07/2024 00:00,TOD,924,8,
08/07/2024 00:00,TIN,1517.25,4,
08/07/2024 00:00,TOR,231,8,
08/07/2024 00:00,TOTO,54.6,1,
08/07/2024 00:00,KFC,0,4,
08/07/2024 00:00,WSK,660.45,6,
08/07/2024 00:00,US,0,0,
08/07/2024 00:00,VE,0,0,
08/07/2024 00:00,VIN,0,0,
08/07/2024 00:00,WE,0,0,
09/07/2024 00:00,,0,0,
09/07/2024 00:00,,0,0,
09/07/2024 00:00,AUN,0,0,
09/07/2024 00:00,BNR,0,0,
09/07/2024 00:00,BIR,2613.45,7,
09/07/2024 00:00,BS,0,0,
09/07/2024 00:00,BZ,0,0,
09/07/2024 00:00,CCS,0,0,
09/07/2024 00:00,CAD,1879.5,67,
09/07/2024 00:00,CG,10875.9,71,
09/07/2024 00:00,CMI,136.5,13,
09/07/2024 00:00,COQ,1085.7,19,
09/07/2024 00:00,EC,0,0,
09/07/2024 00:00,EG,0,0,
09/07/2024 00:00,ER,0,0,
09/07/2024 00:00,SFR,0,0,
09/07/2024 00:00,GAE,13282.5,67,
09/07/2024 00:00,GUT,282.45,1,
09/07/2024 00:00,IQ,0,0,
09/07/2024 00:00,LH,0,0,
09/07/2024 00:00,MIX,512.4,6,
09/07/2024 00:00,PE,0,0,
09/07/2024 00:00,SG,0,0,
09/07/2024 00:00,TOD,924,8,
09/07/2024 00:00,TIN,1517.25,4,
09/07/2024 00:00,TOR,231,8,
09/07/2024 00:00,TOTO,54.6,1,
09/07/2024 00:00,KFC,0,4,
09/07/2024 00:00,WSK,660.45,6,
09/07/2024 00:00,US,0,0,
09/07/2024 00:00,VE,0,0,
09/07/2024 00:00,VIN,0,0,
09/07/2024 00:00,WE,0,0,
10/07/2024 00:00,,0,0,
10/07/2024 00:00,,0,0,
10/07/2024 00:00,AUN,0,0,
10/07/2024 00:00,BNR,0,0,
10/07/2024 00:00,BIR,2613.45,6,
10/07/2024 00:00,BS,0,0,
10/07/2024 00:00,BZ,0,0,
10/07/2024 00:00,CCS,0,0,
10/07/2024 00:00,CAD,1878.45,68,
10/07/2024 00:00,CG,10996.65,71,
10/07/2024 00:00,CMI,196.35,14,
10/07/2024 00:00,COQ,1085.7,19,
10/07/2024 00:00,EC,0,0,
10/07/2024 00:00,EG,0,0,
10/07/2024 00:00,ER,0,0,
10/07/2024 00:00,SFR,0,0,
10/07/2024 00:00,GAE,13474.65,70,
10/07/2024 00:00,GUT,282.45,1,
10/07/2024 00:00,IQ,0,0,
10/07/2024 00:00,LH,0,0,
10/07/2024 00:00,MIX,512.4,6,
10/07/2024 00:00,PE,0,0,
10/07/2024 00:00,SG,0,0,
10/07/2024 00:00,TOD,924,8,
10/07/2024 00:00,TIN,1517.25,4,
10/07/2024 00:00,TOR,231,7,
10/07/2024 00:00,TOTO,54.6,1,
10/07/2024 00:00,KFC,0,5,
10/07/2024 00:00,WSK,660.45,6,
10/07/2024 00:00,US,0,0,
10/07/2024 00:00,VE,0,0,
10/07/2024 00:00,VIN,0,0,
10/07/2024 00:00,WE,0,0,
11/07/2024 00:00,,0,0,
11/07/2024 00:00,,0,0,
11/07/2024 00:00,AUN,0,0,
11/07/2024 00:00,BNR,0,0,
11/07/2024 00:00,BIR,2613.45,6,
11/07/2024 00:00,BS,0,0,
11/07/2024 00:00,BZ,0,0,
11/07/2024 00:00,CCS,0,0,
11/07/2024 00:00,CAD,2000.25,72,
11/07/2024 00:00,CG,11082.75,72,
11/07/2024 00:00,CMI,196.35,14,
11/07/2024 00:00,COQ,1085.7,19,
11/07/2024 00:00,EC,0,0,
11/07/2024 00:00,EG,0,0,
11/07/2024 00:00,ER,0,0,
11/07/2024 00:00,SFR,0,0,
11/07/2024 00:00,GAE,13619.55,72,
11/07/2024 00:00,GUT,282.45,1,
11/07/2024 00:00,IQ,0,0,
11/07/2024 00:00,LH,0,0,
11/07/2024 00:00,MIX,512.4,6,
11/07/2024 00:00,PE,0,0,
11/07/2024 00:00,SG,0,0,
11/07/2024 00:00,TOD,924,8,
11/07/2024 00:00,TIN,1517.25,4,
11/07/2024 00:00,TOR,231,8,
11/07/2024 00:00,TOTO,54.6,1,
11/07/2024 00:00,KFC,0,5,
11/07/2024 00:00,WSK,660.45,6,
11/07/2024 00:00,US,0,0,
11/07/2024 00:00,VE,0,0,
11/07/2024 00:00,VIN,0,0,
11/07/2024 00:00,WE,0,0,
12/07/2024 00:00,,0,0,
12/07/2024 00:00,,0,0,
12/07/2024 00:00,AUN,0,0,
12/07/2024 00:00,BNR,0,0,
12/07/2024 00:00,BIR,2613.45,6,
12/07/2024 00:00,BS,0,0,
12/07/2024 00:00,BZ,0,0,
12/07/2024 00:00,CCS,0,0,
12/07/2024 00:00,CAD,1963.5,70,
12/07/2024 00:00,CG,11082.75,72,
12/07/2024 00:00,CMI,175.35,13,
12/07/2024 00:00,COQ,1085.7,19,
12/07/2024 00:00,EC,0,0,
12/07/2024 00:00,EG,0,0,
12/07/2024 00:00,ER,0,0,
12/07/2024 00:00,SFR,0,0,
12/07/2024 00:00,GAE,13619.55,72,
12/07/2024 00:00,GUT,282.45,1,
12/07/2024 00:00,IQ,0,0,
12/07/2024 00:00,LH,0,0,
12/07/2024 00:00,MIX,616.35,6,
12/07/2024 00:00,PE,0,0,
12/07/2024 00:00,SG,0,0,
12/07/2024 00:00,TOD,924,8,
12/07/2024 00:00,TIN,1517.25,4,
12/07/2024 00:00,TOR,231,8,
12/07/2024 00:00,TOTO,54.6,1,
12/07/2024 00:00,KFC,0,5,
12/07/2024 00:00,WSK,660.45,6,
12/07/2024 00:00,US,0,0,
12/07/2024 00:00,VE,0,0,
12/07/2024 00:00,VIN,0,0,
12/07/2024 00:00,WE,0,0,
13/07/2024 00:00,,0,0,
13/07/2024 00:00,,0,0,
13/07/2024 00:00,AUN,0,0,
13/07/2024 00:00,BNR,0,0,
13/07/2024 00:00,BIR,2613.45,6,
13/07/2024 00:00,BS,0,0,
13/07/2024 00:00,BZ,0,0,
13/07/2024 00:00,CCS,0,0,
13/07/2024 00:00,CAD,1954.05,71,
13/07/2024 00:00,CG,11086.95,72,
13/07/2024 00:00,CMI,143.85,13,
13/07/2024 00:00,COQ,1085.7,20,
13/07/2024 00:00,EC,0,0,
13/07/2024 00:00,EG,0,0,
13/07/2024 00:00,ER,0,0,
13/07/2024 00:00,SFR,0,0,
13/07/2024 00:00,GAE,13619.55,72,
13/07/2024 00:00,GUT,282.45,1,
13/07/2024 00:00,IQ,0,0,
13/07/2024 00:00,LH,0,0,
13/07/2024 00:00,MIX,512.4,6,
13/07/2024 00:00,PE,0,0,
13/07/2024 00:00,SG,0,0,
13/07/2024 00:00,TOD,924,8,
13/07/2024 00:00,TIN,1517.25,4,
13/07/2024 00:00,TOR,231,8,
13/07/2024 00:00,TOTO,54.6,1,
13/07/2024 00:00,KFC,0,5,
13/07/2024 00:00,WSK,660.45,6,
13/07/2024 00:00,US,0,0,
13/07/2024 00:00,VE,0,0,
13/07/2024 00:00,VIN,0,0,
13/07/2024 00:00,WE,0,0,
14/07/2024 00:00,,0,0,
14/07/2024 00:00,,0,0,
14/07/2024 00:00,AUN,0,0,
14/07/2024 00:00,BNR,0,0,
14/07/2024 00:00,BIR,2613.45,6,
14/07/2024 00:00,BS,0,0,
14/07/2024 00:00,BZ,0,0,
14/07/2024 00:00,CCS,0,0,
14/07/2024 00:00,CAD,1923.6,71,
14/07/2024 00:00,CG,11089.05,73,
14/07/2024 00:00,CMI,143.85,13,
14/07/2024 00:00,COQ,1085.7,20,
14/07/2024 00:00,EC,0,0,
14/07/2024 00:00,EG,0,0,
14/07/2024 00:00,ER,0,0,
14/07/2024 00:00,SFR,0,0,
14/07/2024 00:00,GAE,13855.8,72,
14/07/2024 00:00,GUT,282.45,1,
14/07/2024 00:00,IQ,0,0,
14/07/2024 00:00,LH,0,0,
14/07/2024 00:00,MIX,512.4,6,
14/07/2024 00:00,PE,0,0,
14/07/2024 00:00,SG,0,0,
14/07/2024 00:00,TOD,924,8,
14/07/2024 00:00,TIN,1517.25,4,
14/07/2024 00:00,TOR,231,8,
14/07/2024 00:00,TOTO,54.6,1,
14/07/2024 00:00,KFC,0,5,
14/07/2024 00:00,WSK,660.45,6,
14/07/2024 00:00,US,0,0,
14/07/2024 00:00,VE,0,0,
14/07/2024 00:00,VIN,0,0,
14/07/2024 00:00,WE,0,0,
15/07/2024 00:00,,0,0,
15/07/2024 00:00,,0,0,
15/07/2024 00:00,AUN,0,0,
15/07/2024 00:00,BNR,0,0,
15/07/2024 00:00,BIR,2613.45,6,
15/07/2024 00:00,BS,0,0,
15/07/2024 00:00,BZ,0,0,
15/07/2024 00:00,CCS,0,0,
15/07/2024 00:00,CAD,1923.6,71,
15/07/2024 00:00,CG,11089.05,73,
15/07/2024 00:00,CMI,143.85,13,
15/07/2024 00:00,COQ,920.85,19,
15/07/2024 00:00,EC,0,0,
15/07/2024 00:00,EG,0,0,
15/07/2024 00:00,ER,0,0,
15/07/2024 00:00,SFR,0,0,
15/07/2024 00:00,GAE,13930.35,73,
15/07/2024 00:00,GUT,282.45,1,
15/07/2024 00:00,IQ,0,0,
15/07/2024 00:00,LH,0,0,
15/07/2024 00:00,MIX,512.4,6,
15/07/2024 00:00,PE,0,0,
15/07/2024 00:00,SG,0,0,
15/07/2024 00:00,TOD,924,8,
15/07/2024 00:00,TIN,1517.25,4,
15/07/2024 00:00,TOR,231,8,
15/07/2024 00:00,TOTO,54.6,1,
15/07/2024 00:00,KFC,0,5,
15/07/2024 00:00,WSK,660.45,6,
15/07/2024 00:00,US,0,0,
15/07/2024 00:00,VE,0,0,
15/07/2024 00:00,VIN,0,0,
15/07/2024 00:00,WE,0,0,
16/07/2024 00:00,,0,0,
16/07/2024 00:00,,0,0,
16/07/2024 00:00,AUN,0,0,
16/07/2024 00:00,BNR,0,0,
16/07/2024 00:00,BIR,2613.45,6,
16/07/2024 00:00,BS,0,0,
16/07/2024 00:00,BZ,0,0,
16/07/2024 00:00,CCS,0,0,
16/07/2024 00:00,CAD,1976.1,72,
16/07/2024 00:00,CG,11089.05,73,
16/07/2024 00:00,CMI,143.85,13,
16/07/2024 00:00,COQ,920.85,19,
16/07/2024 00:00,EC,0,0,
16/07/2024 00:00,EG,0,0,
16/07/2024 00:00,ER,0,0,
16/07/2024 00:00,SFR,0,0,
16/07/2024 00:00,GAE,13930.35,73,
16/07/2024 00:00,GUT,282.45,1,
16/07/2024 00:00,IQ,0,0,
16/07/2024 00:00,LH,0,0,
16/07/2024 00:00,MIX,512.4,6,
16/07/2024 00:00,PE,0,0,
16/07/2024 00:00,SG,0,0,
16/07/2024 00:00,TOD,924,8,
16/07/2024 00:00,TIN,1517.25,4,
16/07/2024 00:00,TOR,231,8,
16/07/2024 00:00,TOTO,54.6,1,
16/07/2024 00:00,KFC,0,5,
16/07/2024 00:00,WSK,660.45,6,
16/07/2024 00:00,US,0,0,
16/07/2024 00:00,VE,0,0,
16/07/2024 00:00,VIN,0,0,
16/07/2024 00:00,WE,0,0,
17/07/2024 00:00,,0,0,
17/07/2024 00:00,,0,0,
17/07/2024 00:00,AUN,0,0,
17/07/2024 00:00,BNR,0,0,
17/07/2024 00:00,BIR,2660.7,6,
17/07/2024 00:00,BS,0,0,
17/07/2024 00:00,BZ,0,0,
17/07/2024 00:00,CCS,0,0,
17/07/2024 00:00,CAD,1981.35,70,
17/07/2024 00:00,CG,11114.25,73,
17/07/2024 00:00,CMI,143.85,13,
17/07/2024 00:00,COQ,920.85,19,
17/07/2024 00:00,EC,0,0,
17/07/2024 00:00,EG,0,0,
17/07/2024 00:00,ER,0,0,
17/07/2024 00:00,SFR,0,0,
17/07/2024 00:00,GAE,13877.85,72,
17/07/2024 00:00,GUT,282.45,1,
17/07/2024 00:00,IQ,0,0,
17/07/2024 00:00,LH,0,0,
17/07/2024 00:00,MIX,512.4,6,
17/07/2024 00:00,PE,0,0,
17/07/2024 00:00,SG,0,0,
17/07/2024 00:00,TOD,924,8,
17/07/2024 00:00,TIN,1517.25,4,
17/07/2024 00:00,TOR,231,8,
17/07/2024 00:00,TOTO,54.6,1,
17/07/2024 00:00,KFC,0,5,
17/07/2024 00:00,WSK,660.45,6,
17/07/2024 00:00,US,0,0,
17/07/2024 00:00,VE,0,0,
17/07/2024 00:00,VIN,0,0,
17/07/2024 00:00,WE,0,0,
18/07/2024 00:00,,0,0,
18/07/2024 00:00,,0,0,
18/07/2024 00:00,AUN,0,0,
18/07/2024 00:00,BNR,0,0,
18/07/2024 00:00,BIR,2613.45,6,
18/07/2024 00:00,BS,0,0,
18/07/2024 00:00,BZ,0,0,
18/07/2024 00:00,CCS,0,0,
18/07/2024 00:00,CAD,1962.45,71,
18/07/2024 00:00,CG,11136.3,73,
18/07/2024 00:00,CMI,143.85,13,
18/07/2024 00:00,COQ,920.85,18,
18/07/2024 00:00,EC,0,0,
18/07/2024 00:00,EG,0,0,
18/07/2024 00:00,ER,0,0,
18/07/2024 00:00,SFR,0,0,
18/07/2024 00:00,GAE,13968.15,73,
18/07/2024 00:00,GUT,0,0,
18/07/2024 00:00,IQ,0,0,
18/07/2024 00:00,LH,0,0,
18/07/2024 00:00,MIX,512.4,6,
18/07/2024 00:00,PE,0,0,
18/07/2024 00:00,SG,0,0,
18/07/2024 00:00,TOD,924,8,
18/07/2024 00:00,TIN,1517.25,4,
18/07/2024 00:00,TOR,231,7,
18/07/2024 00:00,TOTO,54.6,1,
18/07/2024 00:00,KFC,0,5,
18/07/2024 00:00,WSK,660.45,6,
18/07/2024 00:00,US,0,0,
18/07/2024 00:00,VE,0,0,
18/07/2024 00:00,VIN,0,0,
18/07/2024 00:00,WE,0,0,
19/07/2024 00:00,,0,0,
19/07/2024 00:00,,0,0,
19/07/2024 00:00,AUN,0,0,
19/07/2024 00:00,BNR,0,0,
19/07/2024 00:00,BIR,2019.15,5,
19/07/2024 00:00,BS,0,0,
19/07/2024 00:00,BZ,0,0,
19/07/2024 00:00,CCS,0,0,
19/07/2024 00:00,CAD,1983.45,74,
19/07/2024 00:00,CG,11089.05,73,
19/07/2024 00:00,CMI,362.25,14,
19/07/2024 00:00,COQ,920.85,18,
19/07/2024 00:00,EC,0,0,
19/07/2024 00:00,EG,0,0,
19/07/2024 00:00,ER,0,0,
19/07/2024 00:00,SFR,0,0,
19/07/2024 00:00,GAE,13959.75,73,
19/07/2024 00:00,GUT,0,0,
19/07/2024 00:00,IQ,0,0,
19/07/2024 00:00,LH,0,0,
19/07/2024 00:00,MIX,512.4,6,
19/07/2024 00:00,PE,0,0,
19/07/2024 00:00,SG,0,0,
19/07/2024 00:00,TOD,924,8,
19/07/2024 00:00,TIN,1517.25,4,
19/07/2024 00:00,TOR,231,7,
19/07/2024 00:00,TOTO,94.5,1,
19/07/2024 00:00,KFC,0,6,
19/07/2024 00:00,WSK,660.45,6,
19/07/2024 00:00,US,0,0,
19/07/2024 00:00,VE,0,0,
19/07/2024 00:00,VIN,0,0,
19/07/2024 00:00,WE,0,0,
20/07/2024 00:00,,0,0,
20/07/2024 00:00,,0,0,
20/07/2024 00:00,AUN,0,0,
20/07/2024 00:00,BNR,0,0,
20/07/2024 00:00,BIR,1111.95,5,
20/07/2024 00:00,BS,0,0,
20/07/2024 00:00,BZ,0,0,
20/07/2024 00:00,CCS,0,0,
20/07/2024 00:00,CAD,1956.15,71,
20/07/2024 00:00,CG,11322.15,73,
20/07/2024 00:00,CMI,558.6,16,
20/07/2024 00:00,COQ,920.85,18,
20/07/2024 00:00,EC,0,0,
20/07/2024 00:00,EG,0,0,
20/07/2024 00:00,ER,0,0,
20/07/2024 00:00,SFR,0,0,
20/07/2024 00:00,GAE,14533.05,74,
20/07/2024 00:00,GUT,0,0,
20/07/2024 00:00,IQ,0,0,
20/07/2024 00:00,LH,0,0,
20/07/2024 00:00,MIX,512.4,6,
20/07/2024 00:00,PE,0,0,
20/07/2024 00:00,SG,0,0,
20/07/2024 00:00,TOD,924,8,
20/07/2024 00:00,TIN,1517.25,4,
20/07/2024 00:00,TOR,231,7,
20/07/2024 00:00,TOTO,54.6,1,
20/07/2024 00:00,KFC,0,7,
20/07/2024 00:00,WSK,660.45,6,
20/07/2024 00:00,US,0,0,
20/07/2024 00:00,VE,0,0,
20/07/2024 00:00,VIN,0,0,
20/07/2024 00:00,WE,0,0,
21/07/2024 00:00,,0,0,
21/07/2024 00:00,,0,0,
21/07/2024 00:00,AUN,0,0,
21/07/2024 00:00,BNR,0,0,
21/07/2024 00:00,BIR,1111.95,5,
21/07/2024 00:00,BS,0,0,
21/07/2024 00:00,BZ,0,0,
21/07/2024 00:00,CCS,0,0,
21/07/2024 00:00,CAD,1846.95,70,
21/07/2024 00:00,CG,11520.6,74,
21/07/2024 00:00,CMI,558.6,16,
21/07/2024 00:00,COQ,920.85,18,
21/07/2024 00:00,EC,0,0,
21/07/2024 00:00,EG,0,0,
21/07/2024 00:00,ER,0,0,
21/07/2024 00:00,SFR,0,0,
21/07/2024 00:00,GAE,14278.95,74,
21/07/2024 00:00,GUT,0,0,
21/07/2024 00:00,IQ,0,0,
21/07/2024 00:00,LH,0,0,
21/07/2024 00:00,MIX,512.4,6,
21/07/2024 00:00,PE,0,0,
21/07/2024 00:00,SG,0,0,
21/07/2024 00:00,TOD,924,8,
21/07/2024 00:00,TIN,1517.25,4,
21/07/2024 00:00,TOR,337.05,7,
21/07/2024 00:00,TOTO,54.6,1,
21/07/2024 00:00,KFC,0,7,
21/07/2024 00:00,WSK,782.25,6,
21/07/2024 00:00,US,0,0,
21/07/2024 00:00,VE,0,0,
21/07/2024 00:00,VIN,0,0,
21/07/2024 00:00,WE,0,0,
22/07/2024 00:00,,0,0,
22/07/2024 00:00,,0,0,
22/07/2024 00:00,AUN,0,0,
22/07/2024 00:00,BNR,0,0,
22/07/2024 00:00,BIR,1111.95,5,
22/07/2024 00:00,BS,0,0,
22/07/2024 00:00,BZ,0,0,
22/07/2024 00:00,CCS,0,0,
22/07/2024 00:00,CAD,1879.5,70,
22/07/2024 00:00,CG,10850.7,73,
22/07/2024 00:00,CMI,558.6,16,
22/07/2024 00:00,COQ,920.85,18,
22/07/2024 00:00,EC,0,0,
22/07/2024 00:00,EG,0,0,
22/07/2024 00:00,ER,0,0,
22/07/2024 00:00,SFR,0,0,
22/07/2024 00:00,GAE,14032.2,73,
22/07/2024 00:00,GUT,0,0,
22/07/2024 00:00,IQ,0,0,
22/07/2024 00:00,LH,0,0,
22/07/2024 00:00,MIX,554.4,7,
22/07/2024 00:00,PE,0,0,
22/07/2024 00:00,SG,0,0,
22/07/2024 00:00,TOD,924,8,
22/07/2024 00:00,TIN,1517.25,4,
22/07/2024 00:00,TOR,344.4,7,
22/07/2024 00:00,TOTO,54.6,1,
22/07/2024 00:00,KFC,0,7,
22/07/2024 00:00,WSK,660.45,6,
22/07/2024 00:00,US,0,0,
22/07/2024 00:00,VE,0,0,
22/07/2024 00:00,VIN,0,0,
22/07/2024 00:00,WE,0,0,
23/07/2024 00:00,,0,0,
23/07/2024 00:00,,0,0,
23/07/2024 00:00,AUN,0,0,
23/07/2024 00:00,BNR,0,0,
23/07/2024 00:00,BIR,1111.95,5,
23/07/2024 00:00,BS,0,0,
23/07/2024 00:00,BZ,0,0,
23/07/2024 00:00,CCS,0,0,
23/07/2024 00:00,CAD,1901.55,70,
23/07/2024 00:00,CG,11098.5,74,
23/07/2024 00:00,CMI,558.6,14,
23/07/2024 00:00,COQ,920.85,18,
23/07/2024 00:00,EC,0,0,
23/07/2024 00:00,EG,0,0,
23/07/2024 00:00,ER,0,0,
23/07/2024 00:00,SFR,0,0,
23/07/2024 00:00,GAE,14299.95,74,
23/07/2024 00:00,GUT,0,0,
23/07/2024 00:00,IQ,0,0,
23/07/2024 00:00,LH,0,0,
23/07/2024 00:00,MIX,554.4,7,
23/07/2024 00:00,PE,0,0,
23/07/2024 00:00,SG,0,0,
23/07/2024 00:00,TOD,924,8,
23/07/2024 00:00,TIN,1517.25,4,
23/07/2024 00:00,TOR,343.35,7,
23/07/2024 00:00,TOTO,54.6,1,
23/07/2024 00:00,KFC,0,7,
23/07/2024 00:00,WSK,660.45,6,
23/07/2024 00:00,US,0,0,
23/07/2024 00:00,VE,0,0,
23/07/2024 00:00,VIN,0,0,
23/07/2024 00:00,WE,0,0,
24/07/2024 00:00,,0,0,
24/07/2024 00:00,,0,0,
24/07/2024 00:00,AUN,0,0,
24/07/2024 00:00,BNR,0,0,
24/07/2024 00:00,BIR,1111.95,5,
24/07/2024 00:00,BS,0,0,
24/07/2024 00:00,BZ,0,0,
24/07/2024 00:00,CCS,0,0,
24/07/2024 00:00,CAD,1865.85,67,
24/07/2024 00:00,CG,11098.5,73,
24/07/2024 00:00,CMI,437.85,13,
24/07/2024 00:00,COQ,922.95,18,
24/07/2024 00:00,EC,0,0,
24/07/2024 00:00,EG,0,0,
24/07/2024 00:00,ER,0,0,
24/07/2024 00:00,SFR,0,0,
24/07/2024 00:00,GAE,14486.85,76,
24/07/2024 00:00,GUT,0,0,
24/07/2024 00:00,IQ,0,0,
24/07/2024 00:00,LH,0,0,
24/07/2024 00:00,MIX,554.4,7,
24/07/2024 00:00,PE,0,0,
24/07/2024 00:00,SG,0,0,
24/07/2024 00:00,TOD,941.85,8,
24/07/2024 00:00,TIN,1517.25,4,
24/07/2024 00:00,TOR,343.35,7,
24/07/2024 00:00,TOTO,54.6,1,
24/07/2024 00:00,KFC,0,7,
24/07/2024 00:00,WSK,660.45,6,
24/07/2024 00:00,US,0,0,
24/07/2024 00:00,VE,0,0,
24/07/2024 00:00,VIN,0,0,
24/07/2024 00:00,WE,0,0,
25/07/2024 00:00,,0,0,
25/07/2024 00:00,,0,0,
25/07/2024 00:00,AUN,0,0,
25/07/2024 00:00,BNR,0,0,
25/07/2024 00:00,BIR,1111.95,5,
25/07/2024 00:00,BS,0,0,
25/07/2024 00:00,BZ,0,0,
25/07/2024 00:00,CCS,0,0,
25/07/2024 00:00,CAD,1824.9,67,
25/07/2024 00:00,CG,11098.5,73,
25/07/2024 00:00,CMI,322.35,13,
25/07/2024 00:00,COQ,920.85,18,
25/07/2024 00:00,EC,0,0,
25/07/2024 00:00,EG,0,0,
25/07/2024 00:00,ER,0,0,
25/07/2024 00:00,SFR,0,0,
25/07/2024 00:00,GAE,15080.1,77,
25/07/2024 00:00,GUT,0,0,
25/07/2024 00:00,IQ,0,0,
25/07/2024 00:00,LH,0,0,
25/07/2024 00:00,MIX,554.4,7,
25/07/2024 00:00,PE,0,0,
25/07/2024 00:00,SG,0,0,
25/07/2024 00:00,TOD,953.4,10,
25/07/2024 00:00,TIN,1517.25,4,
25/07/2024 00:00,TOR,343.35,7,
25/07/2024 00:00,TOTO,54.6,1,
25/07/2024 00:00,KFC,1.05,10,
25/07/2024 00:00,WSK,660.45,6,
25/07/2024 00:00,US,0,0,
25/07/2024 00:00,VE,0,0,
25/07/2024 00:00,VIN,0,0,
25/07/2024 00:00,WE,0,0,
26/07/2024 00:00,,0,0,
26/07/2024 00:00,,0,0,
26/07/2024 00:00,AUN,0,0,
26/07/2024 00:00,BNR,0,0,
26/07/2024 00:00,BIR,1111.95,5,
26/07/2024 00:00,BS,0,0,
26/07/2024 00:00,BZ,0,0,
26/07/2024 00:00,CCS,0,0,
26/07/2024 00:00,CAD,1849.05,65,
26/07/2024 00:00,CG,11098.5,73,
26/07/2024 00:00,CMI,572.25,16,
26/07/2024 00:00,COQ,931.35,18,
26/07/2024 00:00,EC,0,0,
26/07/2024 00:00,EG,0,0,
26/07/2024 00:00,ER,0,0,
26/07/2024 00:00,SFR,0,0,
26/07/2024 00:00,GAE,15592.5,79,
26/07/2024 00:00,GUT,0,0,
26/07/2024 00:00,IQ,0,0,
26/07/2024 00:00,LH,0,0,
26/07/2024 00:00,MIX,554.4,7,
26/07/2024 00:00,PE,0,0,
26/07/2024 00:00,SG,0,0,
26/07/2024 00:00,TOD,953.4,10,
26/07/2024 00:00,TIN,1517.25,4,
26/07/2024 00:00,TOR,343.35,7,
26/07/2024 00:00,TOTO,54.6,1,
26/07/2024 00:00,KFC,1.05,10,
26/07/2024 00:00,WSK,660.45,6,
26/07/2024 00:00,US,0,0,
26/07/2024 00:00,VE,0,0,
26/07/2024 00:00,VIN,0,0,
26/07/2024 00:00,WE,0,0,
27/07/2024 00:00,,0,0,
27/07/2024 00:00,,0,0,
27/07/2024 00:00,AUN,0,0,
27/07/2024 00:00,BNR,0,0,
27/07/2024 00:00,BIR,1111.95,5,
27/07/2024 00:00,BS,0,0,
27/07/2024 00:00,BZ,0,0,
27/07/2024 00:00,CCS,0,0,
27/07/2024 00:00,CAD,1795.5,65,
27/07/2024 00:00,CG,11098.5,73,
27/07/2024 00:00,CMI,572.25,16,
27/07/2024 00:00,COQ,920.85,18,
27/07/2024 00:00,EC,0,0,
27/07/2024 00:00,EG,0,0,
27/07/2024 00:00,ER,0,0,
27/07/2024 00:00,SFR,0,0,
27/07/2024 00:00,GAE,15061.2,80,
27/07/2024 00:00,GUT,0,0,
27/07/2024 00:00,IQ,0,0,
27/07/2024 00:00,LH,0,0,
27/07/2024 00:00,MIX,554.4,7,
27/07/2024 00:00,PE,0,0,
27/07/2024 00:00,SG,0,0,
27/07/2024 00:00,TOD,953.4,10,
27/07/2024 00:00,TIN,1517.25,4,
27/07/2024 00:00,TOR,343.35,7,
27/07/2024 00:00,TOTO,54.6,1,
27/07/2024 00:00,KFC,1.05,8,
27/07/2024 00:00,WSK,660.45,6,
27/07/2024 00:00,US,0,0,
27/07/2024 00:00,VE,0,0,
27/07/2024 00:00,VIN,0,0,
27/07/2024 00:00,WE,0,0,
28/07/2024 00:00,,0,0,
28/07/2024 00:00,,0,0,
28/07/2024 00:00,AUN,0,0,
28/07/2024 00:00,BNR,0,0,
28/07/2024 00:00,BIR,1111.95,5,
28/07/2024 00:00,BS,0,0,
28/07/2024 00:00,BZ,0,0,
28/07/2024 00:00,CCS,0,0,
28/07/2024 00:00,CAD,1884.75,65,
28/07/2024 00:00,CG,11098.5,73,
28/07/2024 00:00,CMI,572.25,17,
28/07/2024 00:00,COQ,920.85,18,
28/07/2024 00:00,EC,0,0,
28/07/2024 00:00,EG,0,0,
28/07/2024 00:00,ER,0,0,
28/07/2024 00:00,SFR,0,0,
28/07/2024 00:00,GAE,14810.25,78,
28/07/2024 00:00,GUT,0,0,
28/07/2024 00:00,IQ,0,0,
28/07/2024 00:00,LH,0,0,
28/07/2024 00:00,MIX,554.4,7,
28/07/2024 00:00,PE,0,0,
28/07/2024 00:00,SG,0,0,
28/07/2024 00:00,TOD,953.4,10,
28/07/2024 00:00,TIN,1517.25,4,
28/07/2024 00:00,TOR,343.35,7,
28/07/2024 00:00,TOTO,54.6,1,
28/07/2024 00:00,KFC,1.05,8,
28/07/2024 00:00,WSK,660.45,6,
28/07/2024 00:00,US,0,0,
28/07/2024 00:00,VE,0,0,
28/07/2024 00:00,VIN,0,0,
28/07/2024 00:00,WE,0,0,
29/07/2024 00:00,,0,0,
29/07/2024 00:00,,0,0,
29/07/2024 00:00,AUN,0,0,
29/07/2024 00:00,BNR,0,0,
29/07/2024 00:00,BIR,1389.15,5,
29/07/2024 00:00,BS,0,0,
29/07/2024 00:00,BZ,0,0,
29/07/2024 00:00,CCS,0,0,
29/07/2024 00:00,CAD,1930.95,68,
29/07/2024 00:00,CG,11098.5,73,
29/07/2024 00:00,CMI,572.25,17,
29/07/2024 00:00,COQ,920.85,18,
29/07/2024 00:00,EC,0,0,
29/07/2024 00:00,EG,0,0,
29/07/2024 00:00,ER,0,0,
29/07/2024 00:00,SFR,0,0,
29/07/2024 00:00,GAE,15457.05,79,
29/07/2024 00:00,GUT,0,0,
29/07/2024 00:00,IQ,0,0,
29/07/2024 00:00,LH,0,0,
29/07/2024 00:00,MIX,2680.65,8,
29/07/2024 00:00,PE,0,0,
29/07/2024 00:00,SG,0,0,
29/07/2024 00:00,TOD,953.4,10,
29/07/2024 00:00,TIN,1517.25,4,
29/07/2024 00:00,TOR,264.6,7,
29/07/2024 00:00,TOTO,54.6,1,
29/07/2024 00:00,KFC,1.05,8,
29/07/2024 00:00,WSK,660.45,6,
29/07/2024 00:00,US,0,0,
29/07/2024 00:00,VE,0,0,
29/07/2024 00:00,VIN,0,0,
29/07/2024 00:00,WE,0,0,
30/07/2024 00:00,,0,0,
30/07/2024 00:00,,0,0,
30/07/2024 00:00,AUN,0,0,
30/07/2024 00:00,BNR,0,0,
30/07/2024 00:00,BIR,1414.35,6,
30/07/2024 00:00,BS,0,0,
30/07/2024 00:00,BZ,0,0,
30/07/2024 00:00,CCS,0,0,
30/07/2024 00:00,CAD,1838.55,66,
30/07/2024 00:00,CG,11076.45,73,
30/07/2024 00:00,CMI,572.25,17,
30/07/2024 00:00,COQ,920.85,19,
30/07/2024 00:00,EC,0,0,
30/07/2024 00:00,EG,0,0,
30/07/2024 00:00,ER,0,0,
30/07/2024 00:00,SFR,0,0,
30/07/2024 00:00,GAE,14470.05,77,
30/07/2024 00:00,GUT,0,0,
30/07/2024 00:00,IQ,0,0,
30/07/2024 00:00,LH,0,0,
30/07/2024 00:00,MIX,2680.65,8,
30/07/2024 00:00,PE,0,0,
30/07/2024 00:00,SG,0,0,
30/07/2024 00:00,TOD,953.4,10,
30/07/2024 00:00,TIN,1517.25,4,
30/07/2024 00:00,TOR,262.5,7,
30/07/2024 00:00,TOTO,54.6,1,
30/07/2024 00:00,KFC,1.05,8,
30/07/2024 00:00,WSK,0,0,
30/07/2024 00:00,US,0,0,
30/07/2024 00:00,VE,0,0,
30/07/2024 00:00,VIN,0,0,
30/07/2024 00:00,WE,0,0,
31/07/2024 00:00,,0,0,
31/07/2024 00:00,,0,0,
31/07/2024 00:00,AUN,0,0,
31/07/2024 00:00,BNR,0,0,
31/07/2024 00:00,BIR,1357.65,5,
31/07/2024 00:00,BS,0,0,
31/07/2024 00:00,BZ,0,0,
31/07/2024 00:00,CCS,0,0,
31/07/2024 00:00,CAD,1900.5,70,
31/07/2024 00:00,CG,10736.25,73,
31/07/2024 00:00,CMI,481.95,16,
31/07/2024 00:00,COQ,920.85,19,
31/07/2024 00:00,EC,0,0,
31/07/2024 00:00,EG,0,0,
31/07/2024 00:00,ER,0,0,
31/07/2024 00:00,SFR,0,0,
31/07/2024 00:00,GAE,14454.3,77,
31/07/2024 00:00,GUT,0,0,
31/07/2024 00:00,IQ,0,0,
31/07/2024 00:00,LH,0,0,
31/07/2024 00:00,MIX,2680.65,8,
31/07/2024 00:00,PE,0,0,
31/07/2024 00:00,SG,0,0,
31/07/2024 00:00,TOD,953.4,10,
31/07/2024 00:00,TIN,1517.25,4,
31/07/2024 00:00,TOR,392.7,8,
31/07/2024 00:00,TOTO,54.6,1,
31/07/2024 00:00,KFC,1.05,8,
31/07/2024 00:00,WSK,660.45,6,
31/07/2024 00:00,US,0,0,
31/07/2024 00:00,VE,0,0,
31/07/2024 00:00,VIN,0,0,
31/07/2024 00:00,WE,0,0,
01/08/2024 00:00,,0,0,
01/08/2024 00:00,,0,0,
01/08/2024 00:00,AUN,0,0,
01/08/2024 00:00,BNR,0,0,
01/08/2024 00:00,BIR,1414.35,6,
01/08/2024 00:00,BS,0,0,
01/08/2024 00:00,BZ,0,0,
01/08/2024 00:00,CCS,0,0,
01/08/2024 00:00,CAD,1900.5,70,
01/08/2024 00:00,CG,10721.55,73,
01/08/2024 00:00,CMI,428.4,14,
01/08/2024 00:00,COQ,910.35,18,
01/08/2024 00:00,EC,0,0,
01/08/2024 00:00,EG,0,0,
01/08/2024 00:00,ER,0,0,
01/08/2024 00:00,SFR,0,0,
01/08/2024 00:00,GAE,14450.1,77,
01/08/2024 00:00,GUT,0,0,
01/08/2024 00:00,IQ,0,0,
01/08/2024 00:00,LH,0,0,
01/08/2024 00:00,MIX,2326.8,7,
01/08/2024 00:00,PE,0,0,
01/08/2024 00:00,SG,0,0,
01/08/2024 00:00,TOD,1118.25,11,
01/08/2024 00:00,TIN,1546.65,4,
01/08/2024 00:00,TOR,392.7,8,
01/08/2024 00:00,TOTO,54.6,1,
01/08/2024 00:00,KFC,1.05,8,
01/08/2024 00:00,WSK,660.45,6,
01/08/2024 00:00,US,0,0,
01/08/2024 00:00,VE,0,0,
01/08/2024 00:00,VIN,0,0,
01/08/2024 00:00,WE,0,0,
02/08/2024 00:00,,0,0,
02/08/2024 00:00,,0,0,
02/08/2024 00:00,AUN,0,0,
02/08/2024 00:00,BNR,0,0,
02/08/2024 00:00,BIR,1414.35,6,
02/08/2024 00:00,BS,0,0,
02/08/2024 00:00,BZ,0,0,
02/08/2024 00:00,CCS,0,0,
02/08/2024 00:00,CAD,1839.6,68,
02/08/2024 00:00,CG,12487.65,76,
02/08/2024 00:00,CMI,576.45,14,
02/08/2024 00:00,COQ,910.35,18,
02/08/2024 00:00,EC,0,0,
02/08/2024 00:00,EG,0,0,
02/08/2024 00:00,ER,0,0,
02/08/2024 00:00,SFR,0,0,
02/08/2024 00:00,GAE,14457.45,77,
02/08/2024 00:00,GUT,0,0,
02/08/2024 00:00,IQ,0,0,
02/08/2024 00:00,LH,0,0,
02/08/2024 00:00,MIX,554.4,7,
02/08/2024 00:00,PE,0,0,
02/08/2024 00:00,SG,0,0,
02/08/2024 00:00,TOD,1118.25,11,
02/08/2024 00:00,TIN,1517.25,4,
02/08/2024 00:00,TOR,392.7,8,
02/08/2024 00:00,TOTO,54.6,1,
02/08/2024 00:00,KFC,1.05,8,
02/08/2024 00:00,WSK,660.45,6,
02/08/2024 00:00,US,0,0,
02/08/2024 00:00,VE,0,0,
02/08/2024 00:00,VIN,0,0,
02/08/2024 00:00,WE,0,0,
03/08/2024 00:00,,0,0,
03/08/2024 00:00,,0,0,
03/08/2024 00:00,AUN,0,0,
03/08/2024 00:00,BNR,0,0,
03/08/2024 00:00,BIR,1414.35,6,
03/08/2024 00:00,BS,0,0,
03/08/2024 00:00,BZ,0,0,
03/08/2024 00:00,CCS,0,0,
03/08/2024 00:00,CAD,1851.15,68,
03/08/2024 00:00,CG,11248.65,74,
03/08/2024 00:00,CMI,639.45,14,
03/08/2024 00:00,COQ,910.35,18,
03/08/2024 00:00,EC,0,0,
03/08/2024 00:00,EG,0,0,
03/08/2024 00:00,ER,0,0,
03/08/2024 00:00,SFR,0,0,
03/08/2024 00:00,GAE,14598.15,77,
03/08/2024 00:00,GUT,0,0,
03/08/2024 00:00,IQ,0,0,
03/08/2024 00:00,LH,0,0,
03/08/2024 00:00,MIX,554.4,7,
03/08/2024 00:00,PE,0,0,
03/08/2024 00:00,SG,0,0,
03/08/2024 00:00,TOD,1118.25,11,
03/08/2024 00:00,TIN,1517.25,4,
03/08/2024 00:00,TOR,392.7,7,
03/08/2024 00:00,TOTO,54.6,1,
03/08/2024 00:00,KFC,1.05,8,
03/08/2024 00:00,WSK,660.45,6,
03/08/2024 00:00,US,0,0,
03/08/2024 00:00,VE,0,0,
03/08/2024 00:00,VIN,0,0,
03/08/2024 00:00,WE,0,0,
04/08/2024 00:00,,0,0,
04/08/2024 00:00,,0,0,
04/08/2024 00:00,AUN,0,0,
04/08/2024 00:00,BNR,0,0,
04/08/2024 00:00,BIR,1414.35,6,
04/08/2024 00:00,BS,0,0,
04/08/2024 00:00,BZ,0,0,
04/08/2024 00:00,CCS,0,0,
04/08/2024 00:00,CAD,1761.9,70,
04/08/2024 00:00,CG,11226.6,76,
04/08/2024 00:00,CMI,679.35,14,
04/08/2024 00:00,COQ,910.35,18,
04/08/2024 00:00,EC,0,0,
04/08/2024 00:00,EG,0,0,
04/08/2024 00:00,ER,0,0,
04/08/2024 00:00,SFR,0,0,
04/08/2024 00:00,GAE,14796.6,79,
04/08/2024 00:00,GUT,0,0,
04/08/2024 00:00,IQ,0,0,
04/08/2024 00:00,LH,0,0,
04/08/2024 00:00,MIX,554.4,7,
04/08/2024 00:00,PE,0,0,
04/08/2024 00:00,SG,0,0,
04/08/2024 00:00,TOD,1102.5,10,
04/08/2024 00:00,TIN,1517.25,4,
04/08/2024 00:00,TOR,392.7,8,
04/08/2024 00:00,TOTO,54.6,1,
04/08/2024 00:00,KFC,1.05,8,
04/08/2024 00:00,WSK,660.45,6,
04/08/2024 00:00,US,0,0,
04/08/2024 00:00,VE,0,0,
04/08/2024 00:00,VIN,0,0,
04/08/2024 00:00,WE,0,0,
05/08/2024 00:00,,0,0,
05/08/2024 00:00,,0,0,
05/08/2024 00:00,AUN,0,0,
05/08/2024 00:00,BNR,0,0,
05/08/2024 00:00,BIR,1708.35,6,
05/08/2024 00:00,BS,0,0,
05/08/2024 00:00,BZ,0,0,
05/08/2024 00:00,CCS,0,0,
05/08/2024 00:00,CAD,1762.95,70,
05/08/2024 00:00,CG,11240.25,76,
05/08/2024 00:00,CMI,660.45,14,
05/08/2024 00:00,COQ,910.35,18,
05/08/2024 00:00,EC,0,0,
05/08/2024 00:00,EG,0,0,
05/08/2024 00:00,ER,0,0,
05/08/2024 00:00,SFR,0,0,
05/08/2024 00:00,GAE,14955.15,80,
05/08/2024 00:00,GUT,0,0,
05/08/2024 00:00,IQ,0,0,
05/08/2024 00:00,LH,0,0,
05/08/2024 00:00,MIX,554.4,7,
05/08/2024 00:00,PE,0,0,
05/08/2024 00:00,SG,0,0,
05/08/2024 00:00,TOD,1088.85,10,
05/08/2024 00:00,TIN,1517.25,4,
05/08/2024 00:00,TOR,392.7,8,
05/08/2024 00:00,TOTO,54.6,1,
05/08/2024 00:00,KFC,1.05,8,
05/08/2024 00:00,WSK,660.45,6,
05/08/2024 00:00,US,0,0,
05/08/2024 00:00,VE,0,0,
05/08/2024 00:00,VIN,0,0,
05/08/2024 00:00,WE,0,0,
06/08/2024 00:00,,0,0,
06/08/2024 00:00,,0,0,
06/08/2024 00:00,AUN,0,0,
06/08/2024 00:00,BNR,0,0,
06/08/2024 00:00,BIR,1612.8,6,
06/08/2024 00:00,BS,0,0,
06/08/2024 00:00,BZ,0,0,
06/08/2024 00:00,CCS,0,0,
06/08/2024 00:00,CAD,1762.95,70,
06/08/2024 00:00,CG,11240.25,76,
06/08/2024 00:00,CMI,682.5,17,
06/08/2024 00:00,COQ,910.35,18,
06/08/2024 00:00,EC,0,0,
06/08/2024 00:00,EG,0,0,
06/08/2024 00:00,ER,0,0,
06/08/2024 00:00,SFR,0,0,
06/08/2024 00:00,GAE,14889,79,
06/08/2024 00:00,GUT,0,0,
06/08/2024 00:00,IQ,0,0,
06/08/2024 00:00,LH,0,0,
06/08/2024 00:00,MIX,554.4,7,
06/08/2024 00:00,PE,0,0,
06/08/2024 00:00,SG,0,0,
06/08/2024 00:00,TOD,1088.85,10,
06/08/2024 00:00,TIN,1517.25,4,
06/08/2024 00:00,TOR,392.7,8,
06/08/2024 00:00,TOTO,54.6,1,
06/08/2024 00:00,KFC,0,4,
06/08/2024 00:00,WSK,660.45,6,
06/08/2024 00:00,US,0,0,
06/08/2024 00:00,VE,0,0,
06/08/2024 00:00,VIN,0,0,
06/08/2024 00:00,WE,0,0,
07/08/2024 00:00,,0,0,
07/08/2024 00:00,,0,0,
07/08/2024 00:00,AUN,0,0,
07/08/2024 00:00,BNR,0,0,
07/08/2024 00:00,BIR,1848,7,
07/08/2024 00:00,BS,0,0,
07/08/2024 00:00,BZ,0,0,
07/08/2024 00:00,CCS,0,0,
07/08/2024 00:00,CAD,1764,66,
07/08/2024 00:00,CG,11233.95,76,
07/08/2024 00:00,CMI,726.6,17,
07/08/2024 00:00,COQ,910.35,18,
07/08/2024 00:00,EC,0,0,
07/08/2024 00:00,EG,0,0,
07/08/2024 00:00,ER,0,0,
07/08/2024 00:00,SFR,0,0,
07/08/2024 00:00,GAE,14922.6,79,
07/08/2024 00:00,GUT,0,0,
07/08/2024 00:00,IQ,0,0,
07/08/2024 00:00,LH,0,0,
07/08/2024 00:00,MIX,554.4,7,
07/08/2024 00:00,PE,0,0,
07/08/2024 00:00,SG,0,0,
07/08/2024 00:00,TOD,1088.85,10,
07/08/2024 00:00,TIN,1795.5,5,
07/08/2024 00:00,TOR,392.7,8,
07/08/2024 00:00,TOTO,54.6,1,
07/08/2024 00:00,KFC,0,4,
07/08/2024 00:00,WSK,660.45,6,
07/08/2024 00:00,US,0,0,
07/08/2024 00:00,VE,0,0,
07/08/2024 00:00,VIN,0,0,
07/08/2024 00:00,WE,0,0,
08/08/2024 00:00,,0,0,
08/08/2024 00:00,,0,0,
08/08/2024 00:00,AUN,0,0,
08/08/2024 00:00,BNR,0,0,
08/08/2024 00:00,BIR,1848,7,
08/08/2024 00:00,BS,0,0,
08/08/2024 00:00,BZ,0,0,
08/08/2024 00:00,CCS,0,0,
08/08/2024 00:00,CAD,1741.95,67,
08/08/2024 00:00,CG,11487,76,
08/08/2024 00:00,CMI,672,16,
08/08/2024 00:00,COQ,910.35,18,
08/08/2024 00:00,EC,0,0,
08/08/2024 00:00,EG,0,0,
08/08/2024 00:00,ER,0,0,
08/08/2024 00:00,SFR,0,0,
08/08/2024 00:00,GAE,15564.15,84,
08/08/2024 00:00,GUT,0,0,
08/08/2024 00:00,IQ,0,0,
08/08/2024 00:00,LH,0,0,
08/08/2024 00:00,MIX,563.85,7,
08/08/2024 00:00,PE,0,0,
08/08/2024 00:00,SG,0,0,
08/08/2024 00:00,TOD,1088.85,10,
08/08/2024 00:00,TIN,1795.5,5,
08/08/2024 00:00,TOR,392.7,8,
08/08/2024 00:00,TOTO,54.6,1,
08/08/2024 00:00,KFC,1.05,8,
08/08/2024 00:00,WSK,660.45,6,
08/08/2024 00:00,US,0,0,
08/08/2024 00:00,VE,0,0,
08/08/2024 00:00,VIN,1022.7,1,
08/08/2024 00:00,WE,0,0,
09/08/2024 00:00,,0,0,
09/08/2024 00:00,,0,0,
09/08/2024 00:00,AUN,0,0,
09/08/2024 00:00,BNR,0,0,
09/08/2024 00:00,BIR,1848,7,
09/08/2024 00:00,BS,0,0,
09/08/2024 00:00,BZ,0,0,
09/08/2024 00:00,CCS,0,0,
09/08/2024 00:00,CAD,1785,67,
09/08/2024 00:00,CG,11785.2,77,
09/08/2024 00:00,CMI,682.5,17,
09/08/2024 00:00,COQ,910.35,18,
09/08/2024 00:00,EC,0,0,
09/08/2024 00:00,EG,0,0,
09/08/2024 00:00,ER,0,0,
09/08/2024 00:00,SFR,0,0,
09/08/2024 00:00,GAE,15263.85,84,
09/08/2024 00:00,GUT,0,0,
09/08/2024 00:00,IQ,0,0,
09/08/2024 00:00,LH,0,0,
09/08/2024 00:00,MIX,564.9,7,
09/08/2024 00:00,PE,0,0,
09/08/2024 00:00,SG,0,0,
09/08/2024 00:00,TOD,1088.85,10,
09/08/2024 00:00,TIN,1795.5,5,
09/08/2024 00:00,TOR,378,7,
09/08/2024 00:00,TOTO,54.6,1,
09/08/2024 00:00,KFC,1.05,8,
09/08/2024 00:00,WSK,660.45,6,
09/08/2024 00:00,US,0,0,
09/08/2024 00:00,VE,0,0,
09/08/2024 00:00,VIN,1022.7,1,
09/08/2024 00:00,WE,0,0,
10/08/2024 00:00,,0,0,
10/08/2024 00:00,,0,0,
10/08/2024 00:00,AUN,0,0,
10/08/2024 00:00,BNR,0,0,
10/08/2024 00:00,BIR,1848,7,
10/08/2024 00:00,BS,0,0,
10/08/2024 00:00,BZ,0,0,
10/08/2024 00:00,CCS,0,0,
10/08/2024 00:00,CAD,1722,64,
10/08/2024 00:00,CG,11245.5,76,
10/08/2024 00:00,CMI,607.95,16,
10/08/2024 00:00,COQ,910.35,18,
10/08/2024 00:00,EC,0,0,
10/08/2024 00:00,EG,0,0,
10/08/2024 00:00,ER,0,0,
10/08/2024 00:00,SFR,0,0,
10/08/2024 00:00,GAE,15193.5,83,
10/08/2024 00:00,GUT,0,0,
10/08/2024 00:00,IQ,0,0,
10/08/2024 00:00,LH,0,0,
10/08/2024 00:00,MIX,561.75,7,
10/08/2024 00:00,PE,0,0,
10/08/2024 00:00,SG,0,0,
10/08/2024 00:00,TOD,1088.85,10,
10/08/2024 00:00,TIN,1795.5,5,
10/08/2024 00:00,TOR,171.15,6,
10/08/2024 00:00,TOTO,54.6,1,
10/08/2024 00:00,KFC,1.05,8,
10/08/2024 00:00,WSK,660.45,6,
10/08/2024 00:00,US,0,0,
10/08/2024 00:00,VE,0,0,
10/08/2024 00:00,VIN,1022.7,1,
10/08/2024 00:00,WE,0,0,
11/08/2024 00:00,,0,0,
11/08/2024 00:00,,0,0,
11/08/2024 00:00,AUN,0,0,
11/08/2024 00:00,BNR,0,0,
11/08/2024 00:00,BIR,1830.15,7,
11/08/2024 00:00,BS,0,0,
11/08/2024 00:00,BZ,0,0,
11/08/2024 00:00,CCS,0,0,
11/08/2024 00:00,CAD,1661.1,65,
11/08/2024 00:00,CG,11689.65,77,
11/08/2024 00:00,CMI,639.45,16,
11/08/2024 00:00,COQ,873.6,17,
11/08/2024 00:00,EC,0,0,
11/08/2024 00:00,EG,0,0,
11/08/2024 00:00,ER,0,0,
11/08/2024 00:00,SFR,0,0,
11/08/2024 00:00,GAE,15009.75,82,
11/08/2024 00:00,GUT,0,0,
11/08/2024 00:00,IQ,0,0,
11/08/2024 00:00,LH,0,0,
11/08/2024 00:00,MIX,577.5,8,
11/08/2024 00:00,PE,0,0,
11/08/2024 00:00,SG,0,0,
11/08/2024 00:00,TOD,1088.85,10,
11/08/2024 00:00,TIN,1795.5,5,
11/08/2024 00:00,TOR,171.15,6,
11/08/2024 00:00,TOTO,0,0,
11/08/2024 00:00,KFC,1.05,8,
11/08/2024 00:00,WSK,660.45,6,
11/08/2024 00:00,US,0,0,
11/08/2024 00:00,VE,0,0,
11/08/2024 00:00,VIN,0,0,
11/08/2024 00:00,WE,0,0,
12/08/2024 00:00,,0,0,
12/08/2024 00:00,,0,0,
12/08/2024 00:00,AUN,0,0,
12/08/2024 00:00,BNR,0,0,
12/08/2024 00:00,BIR,2336.25,8,
12/08/2024 00:00,BS,0,0,
12/08/2024 00:00,BZ,0,0,
12/08/2024 00:00,CCS,0,0,
12/08/2024 00:00,CAD,1756.65,66,
12/08/2024 00:00,CG,13086.15,78,
12/08/2024 00:00,CMI,639.45,16,
12/08/2024 00:00,COQ,873.6,17,
12/08/2024 00:00,EC,0,0,
12/08/2024 00:00,EG,0,0,
12/08/2024 00:00,ER,0,0,
12/08/2024 00:00,SFR,0,0,
12/08/2024 00:00,GAE,14916.3,82,
12/08/2024 00:00,GUT,0,0,
12/08/2024 00:00,IQ,0,0,
12/08/2024 00:00,LH,0,0,
12/08/2024 00:00,MIX,577.5,8,
12/08/2024 00:00,PE,0,0,
12/08/2024 00:00,SG,0,0,
12/08/2024 00:00,TOD,1088.85,10,
12/08/2024 00:00,TIN,1795.5,5,
12/08/2024 00:00,TOR,171.15,6,
12/08/2024 00:00,TOTO,54.6,1,
12/08/2024 00:00,KFC,1.05,8,
12/08/2024 00:00,WSK,660.45,6,
12/08/2024 00:00,US,0,0,
12/08/2024 00:00,VE,0,0,
12/08/2024 00:00,VIN,0,0,
12/08/2024 00:00,WE,0,0,
13/08/2024 00:00,,0,0,
13/08/2024 00:00,,0,0,
13/08/2024 00:00,AUN,0,0,
13/08/2024 00:00,BNR,0,0,
13/08/2024 00:00,BIR,2336.25,8,
13/08/2024 00:00,BS,0,0,
13/08/2024 00:00,BZ,0,0,
13/08/2024 00:00,CCS,0,0,
13/08/2024 00:00,CAD,1330.35,70,
13/08/2024 00:00,CG,13273.05,79,
13/08/2024 00:00,CMI,649.95,16,
13/08/2024 00:00,COQ,873.6,17,
13/08/2024 00:00,EC,0,0,
13/08/2024 00:00,EG,0,0,
13/08/2024 00:00,ER,0,0,
13/08/2024 00:00,SFR,0,0,
13/08/2024 00:00,GAE,14791.35,80,
13/08/2024 00:00,GUT,0,0,
13/08/2024 00:00,IQ,0,0,
13/08/2024 00:00,LH,0,0,
13/08/2024 00:00,MIX,706.65,8,
13/08/2024 00:00,PE,0,0,
13/08/2024 00:00,SG,0,0,
13/08/2024 00:00,TOD,1088.85,10,
13/08/2024 00:00,TIN,1795.5,5,
13/08/2024 00:00,TOR,171.15,6,
13/08/2024 00:00,TOTO,54.6,1,
13/08/2024 00:00,KFC,1.05,8,
13/08/2024 00:00,WSK,660.45,6,
13/08/2024 00:00,US,0,0,
13/08/2024 00:00,VE,0,0,
13/08/2024 00:00,VIN,0,0,
13/08/2024 00:00,WE,0,0,
14/08/2024 00:00,,0,0,
14/08/2024 00:00,,0,0,
14/08/2024 00:00,AUN,0,0,
14/08/2024 00:00,BNR,0,0,
14/08/2024 00:00,BIR,2336.25,8,
14/08/2024 00:00,BS,0,0,
14/08/2024 00:00,BZ,0,0,
14/08/2024 00:00,CCS,0,0,
14/08/2024 00:00,CAD,1330.35,68,
14/08/2024 00:00,CG,11728.5,79,
14/08/2024 00:00,CMI,639.45,16,
14/08/2024 00:00,COQ,1014.3,17,
14/08/2024 00:00,EC,0,0,
14/08/2024 00:00,EG,0,0,
14/08/2024 00:00,ER,0,0,
14/08/2024 00:00,SFR,0,0,
14/08/2024 00:00,GAE,15724.8,83,
14/08/2024 00:00,GUT,231,1,
14/08/2024 00:00,IQ,0,0,
14/08/2024 00:00,LH,0,0,
14/08/2024 00:00,MIX,577.5,8,
14/08/2024 00:00,PE,0,0,
14/08/2024 00:00,SG,0,0,
14/08/2024 00:00,TOD,1088.85,10,
14/08/2024 00:00,TIN,1795.5,5,
14/08/2024 00:00,TOR,171.15,6,
14/08/2024 00:00,TOTO,54.6,1,
14/08/2024 00:00,KFC,1.05,10,
14/08/2024 00:00,WSK,660.45,6,
14/08/2024 00:00,US,0,0,
14/08/2024 00:00,VE,0,0,
14/08/2024 00:00,VIN,0,0,
14/08/2024 00:00,WE,0,0,
15/08/2024 00:00,,0,0,
15/08/2024 00:00,,0,0,
15/08/2024 00:00,AUN,0,0,
15/08/2024 00:00,BNR,0,0,
15/08/2024 00:00,BIR,2336.25,8,
15/08/2024 00:00,BS,0,0,
15/08/2024 00:00,BZ,0,0,
15/08/2024 00:00,CCS,0,0,
15/08/2024 00:00,CAD,1317.75,67,
15/08/2024 00:00,CG,11899.65,79,
15/08/2024 00:00,CMI,682.5,17,
15/08/2024 00:00,COQ,1098.3,18,
15/08/2024 00:00,EC,0,0,
15/08/2024 00:00,EG,0,0,
15/08/2024 00:00,ER,0,0,
15/08/2024 00:00,SFR,0,0,
15/08/2024 00:00,GAE,15610.35,84,
15/08/2024 00:00,GUT,231,1,
15/08/2024 00:00,IQ,0,0,
15/08/2024 00:00,LH,0,0,
15/08/2024 00:00,MIX,577.5,8,
15/08/2024 00:00,PE,0,0,
15/08/2024 00:00,SG,0,0,
15/08/2024 00:00,TOD,1088.85,10,
15/08/2024 00:00,TIN,1795.5,5,
15/08/2024 00:00,TOR,171.15,5,
15/08/2024 00:00,TOTO,54.6,1,
15/08/2024 00:00,KFC,1.05,10,
15/08/2024 00:00,WSK,660.45,6,
15/08/2024 00:00,US,0,0,
15/08/2024 00:00,VE,0,0,
15/08/2024 00:00,VIN,0,0,
15/08/2024 00:00,WE,0,0,
16/08/2024 00:00,,0,0,
16/08/2024 00:00,,0,0,
16/08/2024 00:00,AUN,0,0,
16/08/2024 00:00,BNR,0,0,
16/08/2024 00:00,BIR,2336.25,8,
16/08/2024 00:00,BS,0,0,
16/08/2024 00:00,BZ,0,0,
16/08/2024 00:00,CCS,0,0,
16/08/2024 00:00,CAD,1298.85,67,
16/08/2024 00:00,CG,12025.65,80,
16/08/2024 00:00,CMI,682.5,17,
16/08/2024 00:00,COQ,1098.3,18,
16/08/2024 00:00,EC,0,0,
16/08/2024 00:00,EG,0,0,
16/08/2024 00:00,ER,0,0,
16/08/2024 00:00,SFR,0,0,
16/08/2024 00:00,GAE,15610.35,84,
16/08/2024 00:00,GUT,231,1,
16/08/2024 00:00,IQ,0,0,
16/08/2024 00:00,LH,0,0,
16/08/2024 00:00,MIX,651,8,
16/08/2024 00:00,PE,0,0,
16/08/2024 00:00,SG,0,0,
16/08/2024 00:00,TOD,1088.85,10,
16/08/2024 00:00,TIN,1795.5,5,
16/08/2024 00:00,TOR,171.15,6,
16/08/2024 00:00,TOTO,0,0,
16/08/2024 00:00,KFC,1.05,14,
16/08/2024 00:00,WSK,660.45,6,
16/08/2024 00:00,US,0,0,
16/08/2024 00:00,VE,0,0,
16/08/2024 00:00,VIN,0,0,
16/08/2024 00:00,WE,0,0,
17/08/2024 00:00,,0,0,
17/08/2024 00:00,,0,0,
17/08/2024 00:00,AUN,0,0,
17/08/2024 00:00,BNR,0,0,
17/08/2024 00:00,BIR,2505.3,8,
17/08/2024 00:00,BS,0,0,
17/08/2024 00:00,BZ,0,0,
17/08/2024 00:00,CCS,0,0,
17/08/2024 00:00,CAD,1330.35,68,
17/08/2024 00:00,CG,11387.25,79,
17/08/2024 00:00,CMI,753.9,18,
17/08/2024 00:00,COQ,1098.3,18,
17/08/2024 00:00,EC,0,0,
17/08/2024 00:00,EG,0,0,
17/08/2024 00:00,ER,0,0,
17/08/2024 00:00,SFR,0,0,
17/08/2024 00:00,GAE,15779.4,83,
17/08/2024 00:00,GUT,231,1,
17/08/2024 00:00,IQ,0,0,
17/08/2024 00:00,LH,0,0,
17/08/2024 00:00,MIX,704.55,7,
17/08/2024 00:00,PE,0,0,
17/08/2024 00:00,SG,0,0,
17/08/2024 00:00,TOD,1088.85,10,
17/08/2024 00:00,TIN,1795.5,5,
17/08/2024 00:00,TOR,171.15,6,
17/08/2024 00:00,TOTO,0,0,
17/08/2024 00:00,KFC,1.05,16,
17/08/2024 00:00,WSK,660.45,6,
17/08/2024 00:00,US,0,0,
17/08/2024 00:00,VE,0,0,
17/08/2024 00:00,VIN,0,0,
17/08/2024 00:00,WE,0,0,
18/08/2024 00:00,,0,0,
18/08/2024 00:00,,0,0,
18/08/2024 00:00,AUN,0,0,
18/08/2024 00:00,BNR,0,0,
18/08/2024 00:00,BIR,2512.65,10,
18/08/2024 00:00,BS,0,0,
18/08/2024 00:00,BZ,0,0,
18/08/2024 00:00,CCS,0,0,
18/08/2024 00:00,CAD,1331.4,70,
18/08/2024 00:00,CG,10431.75,79,
18/08/2024 00:00,CMI,729.75,17,
18/08/2024 00:00,COQ,939.75,17,
18/08/2024 00:00,EC,0,0,
18/08/2024 00:00,EG,0,0,
18/08/2024 00:00,ER,0,0,
18/08/2024 00:00,SFR,0,0,
18/08/2024 00:00,GAE,15674.4,88,
18/08/2024 00:00,GUT,301.35,1,
18/08/2024 00:00,IQ,0,0,
18/08/2024 00:00,LH,0,0,
18/08/2024 00:00,MIX,554.4,7,
18/08/2024 00:00,PE,0,0,
18/08/2024 00:00,SG,0,0,
18/08/2024 00:00,TOD,1088.85,10,
18/08/2024 00:00,TIN,1795.5,5,
18/08/2024 00:00,TOR,42,5,
18/08/2024 00:00,TOTO,0,0,
18/08/2024 00:00,KFC,1.05,16,
18/08/2024 00:00,WSK,660.45,6,
18/08/2024 00:00,US,0,0,
18/08/2024 00:00,VE,0,0,
18/08/2024 00:00,VIN,0,0,
18/08/2024 00:00,WE,0,0,
19/08/2024 00:00,,0,0,
19/08/2024 00:00,,0,0,
19/08/2024 00:00,AUN,0,0,
19/08/2024 00:00,BNR,0,0,
19/08/2024 00:00,BIR,3248.7,12,
19/08/2024 00:00,BS,0,0,
19/08/2024 00:00,BZ,0,0,
19/08/2024 00:00,CCS,0,0,
19/08/2024 00:00,CAD,1286.25,67,
19/08/2024 00:00,CG,10431.75,79,
19/08/2024 00:00,CMI,682.5,17,
19/08/2024 00:00,COQ,872.55,17,
19/08/2024 00:00,EC,0,0,
19/08/2024 00:00,EG,0,0,
19/08/2024 00:00,ER,0,0,
19/08/2024 00:00,SFR,0,0,
19/08/2024 00:00,GAE,15674.4,88,
19/08/2024 00:00,GUT,132.3,1,
19/08/2024 00:00,IQ,0,0,
19/08/2024 00:00,LH,0,0,
19/08/2024 00:00,MIX,554.4,7,
19/08/2024 00:00,PE,0,0,
19/08/2024 00:00,SG,0,0,
19/08/2024 00:00,TOD,1088.85,10,
19/08/2024 00:00,TIN,1795.5,5,
19/08/2024 00:00,TOR,40.95,5,
19/08/2024 00:00,TOTO,0,0,
19/08/2024 00:00,KFC,1.05,16,
19/08/2024 00:00,WSK,660.45,6,
19/08/2024 00:00,US,0,0,
19/08/2024 00:00,VE,0,0,
19/08/2024 00:00,VIN,0,0,
19/08/2024 00:00,WE,0,0,
20/08/2024 00:00,,0,0,
20/08/2024 00:00,,0,0,
20/08/2024 00:00,AUN,0,0,
20/08/2024 00:00,BNR,0,0,
20/08/2024 00:00,BIR,3248.7,12,
20/08/2024 00:00,BS,0,0,
20/08/2024 00:00,BZ,0,0,
20/08/2024 00:00,CCS,0,0,
20/08/2024 00:00,CAD,1395.45,67,
20/08/2024 00:00,CG,11293.8,79,
20/08/2024 00:00,CMI,672,16,
20/08/2024 00:00,COQ,872.55,16,
20/08/2024 00:00,EC,0,0,
20/08/2024 00:00,EG,0,0,
20/08/2024 00:00,ER,0,0,
20/08/2024 00:00,SFR,0,0,
20/08/2024 00:00,GAE,15674.4,88,
20/08/2024 00:00,GUT,121.8,1,
20/08/2024 00:00,IQ,0,0,
20/08/2024 00:00,LH,0,0,
20/08/2024 00:00,MIX,554.4,7,
20/08/2024 00:00,PE,0,0,
20/08/2024 00:00,SG,0,0,
20/08/2024 00:00,TOD,1088.85,10,
20/08/2024 00:00,TIN,1795.5,5,
20/08/2024 00:00,TOR,40.95,5,
20/08/2024 00:00,TOTO,0,0,
20/08/2024 00:00,KFC,1.05,16,
20/08/2024 00:00,WSK,660.45,6,
20/08/2024 00:00,US,0,0,
20/08/2024 00:00,VE,0,0,
20/08/2024 00:00,VIN,0,0,
20/08/2024 00:00,WE,0,0,
21/08/2024 00:00,,0,0,
21/08/2024 00:00,,0,0,
21/08/2024 00:00,AUN,0,0,
21/08/2024 00:00,BNR,0,0,
21/08/2024 00:00,BIR,3248.7,12,
21/08/2024 00:00,BS,0,0,
21/08/2024 00:00,BZ,0,0,
21/08/2024 00:00,CCS,0,0,
21/08/2024 00:00,CAD,1339.8,67,
21/08/2024 00:00,CG,11205.6,78,
21/08/2024 00:00,CMI,682.5,17,
21/08/2024 00:00,COQ,872.55,16,
21/08/2024 00:00,EC,0,0,
21/08/2024 00:00,EG,0,0,
21/08/2024 00:00,ER,0,0,
21/08/2024 00:00,SFR,0,0,
21/08/2024 00:00,GAE,15593.55,86,
21/08/2024 00:00,GUT,0,0,
21/08/2024 00:00,IQ,0,0,
21/08/2024 00:00,LH,0,0,
21/08/2024 00:00,MIX,554.4,7,
21/08/2024 00:00,PE,0,0,
21/08/2024 00:00,SG,0,0,
21/08/2024 00:00,TOD,1088.85,10,
21/08/2024 00:00,TIN,1795.5,5,
21/08/2024 00:00,TOR,40.95,5,
21/08/2024 00:00,TOTO,0,0,
21/08/2024 00:00,KFC,1.05,14,
21/08/2024 00:00,WSK,660.45,6,
21/08/2024 00:00,US,0,0,
21/08/2024 00:00,VE,0,0,
21/08/2024 00:00,VIN,0,0,
21/08/2024 00:00,WE,0,0,
22/08/2024 00:00,,0,0,
22/08/2024 00:00,,0,0,
22/08/2024 00:00,AUN,0,0,
22/08/2024 00:00,BNR,0,0,
22/08/2024 00:00,BIR,3248.7,12,
22/08/2024 00:00,BS,0,0,
22/08/2024 00:00,BZ,0,0,
22/08/2024 00:00,CCS,0,0,
22/08/2024 00:00,CAD,1467.9,70,
22/08/2024 00:00,CG,11219.25,79,
22/08/2024 00:00,CMI,682.5,17,
22/08/2024 00:00,COQ,872.55,16,
22/08/2024 00:00,EC,0,0,
22/08/2024 00:00,EG,0,0,
22/08/2024 00:00,ER,0,0,
22/08/2024 00:00,SFR,0,0,
22/08/2024 00:00,GAE,15536.85,85,
22/08/2024 00:00,GUT,0,0,
22/08/2024 00:00,IQ,0,0,
22/08/2024 00:00,LH,0,0,
22/08/2024 00:00,MIX,554.4,7,
22/08/2024 00:00,PE,0,0,
22/08/2024 00:00,SG,0,0,
22/08/2024 00:00,TOD,1088.85,10,
22/08/2024 00:00,TIN,1795.5,5,
22/08/2024 00:00,TOR,40.95,5,
22/08/2024 00:00,TOTO,0,0,
22/08/2024 00:00,KFC,1.05,14,
22/08/2024 00:00,WSK,660.45,6,
22/08/2024 00:00,US,0,0,
22/08/2024 00:00,VE,0,0,
22/08/2024 00:00,VIN,0,0,
22/08/2024 00:00,WE,0,0,
23/08/2024 00:00,,0,0,
23/08/2024 00:00,,0,0,
23/08/2024 00:00,AUN,0,0,
23/08/2024 00:00,BNR,0,0,
23/08/2024 00:00,BIR,3248.7,12,
23/08/2024 00:00,BS,0,0,
23/08/2024 00:00,BZ,0,0,
23/08/2024 00:00,CCS,0,0,
23/08/2024 00:00,CAD,1445.85,68,
23/08/2024 00:00,CG,11072.25,79,
23/08/2024 00:00,CMI,618.45,16,
23/08/2024 00:00,COQ,872.55,16,
23/08/2024 00:00,EC,0,0,
23/08/2024 00:00,EG,0,0,
23/08/2024 00:00,ER,0,0,
23/08/2024 00:00,SFR,0,0,
23/08/2024 00:00,GAE,15594.6,85,
23/08/2024 00:00,GUT,0,0,
23/08/2024 00:00,IQ,0,0,
23/08/2024 00:00,LH,0,0,
23/08/2024 00:00,MIX,554.4,7,
23/08/2024 00:00,PE,0,0,
23/08/2024 00:00,SG,0,0,
23/08/2024 00:00,TOD,1088.85,10,
23/08/2024 00:00,TIN,1795.5,5,
23/08/2024 00:00,TOR,40.95,5,
23/08/2024 00:00,TOTO,0,0,
23/08/2024 00:00,KFC,1.05,16,
23/08/2024 00:00,WSK,660.45,6,
23/08/2024 00:00,US,0,0,
23/08/2024 00:00,VE,0,0,
23/08/2024 00:00,VIN,0,0,
23/08/2024 00:00,WE,0,0,
24/08/2024 00:00,,0,0,
24/08/2024 00:00,,0,0,
24/08/2024 00:00,AUN,0,0,
24/08/2024 00:00,BNR,0,0,
24/08/2024 00:00,BIR,3248.7,12,
24/08/2024 00:00,BS,0,0,
24/08/2024 00:00,BZ,0,0,
24/08/2024 00:00,CCS,0,0,
24/08/2024 00:00,CAD,1449,67,
24/08/2024 00:00,CG,10871.7,80,
24/08/2024 00:00,CMI,586.95,16,
24/08/2024 00:00,COQ,872.55,16,
24/08/2024 00:00,EC,0,0,
24/08/2024 00:00,EG,0,0,
24/08/2024 00:00,ER,0,0,
24/08/2024 00:00,SFR,0,0,
24/08/2024 00:00,GAE,15629.25,86,
24/08/2024 00:00,GUT,0,0,
24/08/2024 00:00,IQ,0,0,
24/08/2024 00:00,LH,0,0,
24/08/2024 00:00,MIX,554.4,7,
24/08/2024 00:00,PE,0,0,
24/08/2024 00:00,SG,0,0,
24/08/2024 00:00,TOD,1088.85,10,
24/08/2024 00:00,TIN,1795.5,5,
24/08/2024 00:00,TOR,40.95,5,
24/08/2024 00:00,TOTO,0,0,
24/08/2024 00:00,KFC,1.05,12,
24/08/2024 00:00,WSK,660.45,6,
24/08/2024 00:00,US,0,0,
24/08/2024 00:00,VE,0,0,
24/08/2024 00:00,VIN,0,0,
24/08/2024 00:00,WE,0,0,
25/08/2024 00:00,,0,0,
25/08/2024 00:00,,0,0,
25/08/2024 00:00,AUN,0,0,
25/08/2024 00:00,BNR,0,0,
25/08/2024 00:00,BIR,3248.7,12,
25/08/2024 00:00,BS,0,0,
25/08/2024 00:00,BZ,0,0,
25/08/2024 00:00,CCS,0,0,
25/08/2024 00:00,CAD,1389.15,66,
25/08/2024 00:00,CG,10871.7,80,
25/08/2024 00:00,CMI,576.45,16,
25/08/2024 00:00,COQ,872.55,16,
25/08/2024 00:00,EC,0,0,
25/08/2024 00:00,EG,0,0,
25/08/2024 00:00,ER,0,0,
25/08/2024 00:00,SFR,0,0,
25/08/2024 00:00,GAE,15629.25,86,
25/08/2024 00:00,GUT,0,0,
25/08/2024 00:00,IQ,0,0,
25/08/2024 00:00,LH,0,0,
25/08/2024 00:00,MIX,554.4,7,
25/08/2024 00:00,PE,0,0,
25/08/2024 00:00,SG,0,0,
25/08/2024 00:00,TOD,1088.85,10,
25/08/2024 00:00,TIN,1795.5,5,
25/08/2024 00:00,TOR,40.95,5,
25/08/2024 00:00,TOTO,0,0,
25/08/2024 00:00,KFC,1.05,13,
25/08/2024 00:00,WSK,660.45,6,
25/08/2024 00:00,US,0,0,
25/08/2024 00:00,VE,0,0,
25/08/2024 00:00,VIN,0,0,
25/08/2024 00:00,WE,0,0,
26/08/2024 00:00,,0,0,
26/08/2024 00:00,,0,0,
26/08/2024 00:00,AUN,0,0,
26/08/2024 00:00,BNR,0,0,
26/08/2024 00:00,BIR,3248.7,12,
26/08/2024 00:00,BS,0,0,
26/08/2024 00:00,BZ,0,0,
26/08/2024 00:00,CCS,0,0,
26/08/2024 00:00,CAD,1335.6,64,
26/08/2024 00:00,CG,10865.4,79,
26/08/2024 00:00,CMI,137.55,13,
26/08/2024 00:00,COQ,872.55,16,
26/08/2024 00:00,EC,0,0,
26/08/2024 00:00,EG,0,0,
26/08/2024 00:00,ER,0,0,
26/08/2024 00:00,SFR,0,0,
26/08/2024 00:00,GAE,15407.7,85,
26/08/2024 00:00,GUT,0,0,
26/08/2024 00:00,IQ,0,0,
26/08/2024 00:00,LH,0,0,
26/08/2024 00:00,MIX,554.4,7,
26/08/2024 00:00,PE,0,0,
26/08/2024 00:00,SG,0,0,
26/08/2024 00:00,TOD,1088.85,10,
26/08/2024 00:00,TIN,1897.35,4,
26/08/2024 00:00,TOR,40.95,4,
26/08/2024 00:00,TOTO,0,0,
26/08/2024 00:00,KFC,16.8,16,
26/08/2024 00:00,WSK,822.15,6,
26/08/2024 00:00,US,0,0,
26/08/2024 00:00,VE,0,0,
26/08/2024 00:00,VIN,0,0,
26/08/2024 00:00,WE,0,0,
27/08/2024 00:00,,0,0,
27/08/2024 00:00,,0,0,
27/08/2024 00:00,AUN,0,0,
27/08/2024 00:00,BNR,0,0,
27/08/2024 00:00,BIR,3248.7,12,
27/08/2024 00:00,BS,0,0,
27/08/2024 00:00,BZ,0,0,
27/08/2024 00:00,CCS,0,0,
27/08/2024 00:00,CAD,1398.6,65,
27/08/2024 00:00,CG,10865.4,79,
27/08/2024 00:00,CMI,137.55,12,
27/08/2024 00:00,COQ,872.55,16,
27/08/2024 00:00,EC,0,0,
27/08/2024 00:00,EG,0,0,
27/08/2024 00:00,ER,0,0,
27/08/2024 00:00,SFR,0,0,
27/08/2024 00:00,GAE,15288,84,
27/08/2024 00:00,GUT,0,0,
27/08/2024 00:00,IQ,0,0,
27/08/2024 00:00,LH,0,0,
27/08/2024 00:00,MIX,554.4,7,
27/08/2024 00:00,PE,0,0,
27/08/2024 00:00,SG,0,0,
27/08/2024 00:00,TOD,1088.85,10,
27/08/2024 00:00,TIN,1803.9,5,
27/08/2024 00:00,TOR,40.95,5,
27/08/2024 00:00,TOTO,0,0,
27/08/2024 00:00,KFC,16.8,17,
27/08/2024 00:00,WSK,862.05,7,
27/08/2024 00:00,US,0,0,
27/08/2024 00:00,VE,0,0,
27/08/2024 00:00,VIN,0,0,
27/08/2024 00:00,WE,0,0,
28/08/2024 00:00,,0,0,
28/08/2024 00:00,,0,0,
28/08/2024 00:00,AUN,0,0,
28/08/2024 00:00,BNR,0,0,
28/08/2024 00:00,BIR,3248.7,12,
28/08/2024 00:00,BS,0,0,
28/08/2024 00:00,BZ,0,0,
28/08/2024 00:00,CCS,0,0,
28/08/2024 00:00,CAD,1360.8,64,
28/08/2024 00:00,CG,10933.65,79,
28/08/2024 00:00,CMI,127.05,13,
28/08/2024 00:00,COQ,872.55,14,
28/08/2024 00:00,EC,0,0,
28/08/2024 00:00,EG,0,0,
28/08/2024 00:00,ER,0,0,
28/08/2024 00:00,SFR,0,0,
28/08/2024 00:00,GAE,15275.4,84,
28/08/2024 00:00,GUT,0,0,
28/08/2024 00:00,IQ,0,0,
28/08/2024 00:00,LH,0,0,
28/08/2024 00:00,MIX,554.4,7,
28/08/2024 00:00,PE,0,0,
28/08/2024 00:00,SG,0,0,
28/08/2024 00:00,TOD,1088.85,10,
28/08/2024 00:00,TIN,1803.9,5,
28/08/2024 00:00,TOR,40.95,5,
28/08/2024 00:00,TOTO,0,0,
28/08/2024 00:00,KFC,15.75,13,
28/08/2024 00:00,WSK,862.05,7,
28/08/2024 00:00,US,0,0,
28/08/2024 00:00,VE,0,0,
28/08/2024 00:00,VIN,0,0,
28/08/2024 00:00,WE,0,0,
29/08/2024 00:00,,0,0,
29/08/2024 00:00,,0,0,
29/08/2024 00:00,AUN,0,0,
29/08/2024 00:00,BNR,0,0,
29/08/2024 00:00,BIR,3248.7,12,
29/08/2024 00:00,BS,0,0,
29/08/2024 00:00,BZ,0,0,
29/08/2024 00:00,CCS,0,0,
29/08/2024 00:00,CAD,1466.85,68,
29/08/2024 00:00,CG,10968.3,78,
29/08/2024 00:00,CMI,292.95,14,
29/08/2024 00:00,COQ,872.55,14,
29/08/2024 00:00,EC,0,0,
29/08/2024 00:00,EG,0,0,
29/08/2024 00:00,ER,0,0,
29/08/2024 00:00,SFR,0,0,
29/08/2024 00:00,GAE,15150.45,83,
29/08/2024 00:00,GUT,0,0,
29/08/2024 00:00,IQ,0,0,
29/08/2024 00:00,LH,0,0,
29/08/2024 00:00,MIX,554.4,7,
29/08/2024 00:00,PE,0,0,
29/08/2024 00:00,SG,0,0,
29/08/2024 00:00,TOD,1088.85,10,
29/08/2024 00:00,TIN,1803.9,5,
29/08/2024 00:00,TOR,16.8,4,
29/08/2024 00:00,TOTO,0,0,
29/08/2024 00:00,KFC,8.4,14,
29/08/2024 00:00,WSK,862.05,7,
29/08/2024 00:00,US,0,0,
29/08/2024 00:00,VE,0,0,
29/08/2024 00:00,VIN,0,0,
29/08/2024 00:00,WE,0,0,
30/08/2024 00:00,,0,0,
30/08/2024 00:00,,0,0,
30/08/2024 00:00,AUN,0,0,
30/08/2024 00:00,BNR,0,0,
30/08/2024 00:00,BIR,3234,11,
30/08/2024 00:00,BS,0,0,
30/08/2024 00:00,BZ,0,0,
30/08/2024 00:00,CCS,0,0,
30/08/2024 00:00,CAD,1488.9,70,
30/08/2024 00:00,CG,11575.2,80,
30/08/2024 00:00,CMI,342.3,14,
30/08/2024 00:00,COQ,872.55,16,
30/08/2024 00:00,EC,0,0,
30/08/2024 00:00,EG,0,0,
30/08/2024 00:00,ER,0,0,
30/08/2024 00:00,SFR,0,0,
30/08/2024 00:00,GAE,15150.45,83,
30/08/2024 00:00,GUT,0,0,
30/08/2024 00:00,IQ,0,0,
30/08/2024 00:00,LH,0,0,
30/08/2024 00:00,MIX,554.4,7,
30/08/2024 00:00,PE,0,0,
30/08/2024 00:00,SG,0,0,
30/08/2024 00:00,TOD,1088.85,10,
30/08/2024 00:00,TIN,1803.9,5,
30/08/2024 00:00,TOR,14.7,4,
30/08/2024 00:00,TOTO,0,0,
30/08/2024 00:00,KFC,0,13,
30/08/2024 00:00,WSK,859.95,6,
30/08/2024 00:00,US,0,0,
30/08/2024 00:00,VE,0,0,
30/08/2024 00:00,VIN,0,0,
30/08/2024 00:00,WE,0,0,
31/08/2024 00:00,,0,0,
31/08/2024 00:00,,0,0,
31/08/2024 00:00,AUN,0,0,
31/08/2024 00:00,BNR,0,0,
31/08/2024 00:00,BIR,3062.85,10,
31/08/2024 00:00,BS,0,0,
31/08/2024 00:00,BZ,0,0,
31/08/2024 00:00,CCS,0,0,
31/08/2024 00:00,CAD,1430.1,68,
31/08/2024 00:00,CG,11574.15,79,
31/08/2024 00:00,CMI,319.2,16,
31/08/2024 00:00,COQ,872.55,16,
31/08/2024 00:00,EC,0,0,
31/08/2024 00:00,EG,0,0,
31/08/2024 00:00,ER,0,0,
31/08/2024 00:00,SFR,0,0,
31/08/2024 00:00,GAE,15150.45,83,
31/08/2024 00:00,GUT,0,0,
31/08/2024 00:00,IQ,0,0,
31/08/2024 00:00,LH,0,0,
31/08/2024 00:00,MIX,698.25,7,
31/08/2024 00:00,PE,0,0,
31/08/2024 00:00,SG,0,0,
31/08/2024 00:00,TOD,1088.85,10,
31/08/2024 00:00,TIN,1803.9,5,
31/08/2024 00:00,TOR,14.7,4,
31/08/2024 00:00,TOTO,0,0,
31/08/2024 00:00,KFC,0,14,
31/08/2024 00:00,WSK,864.15,7,
31/08/2024 00:00,US,0,0,
31/08/2024 00:00,VE,0,0,
31/08/2024 00:00,VIN,0,0,
31/08/2024 00:00,WE,0,0,
01/09/2024 00:00,,0,0,
01/09/2024 00:00,,0,0,
01/09/2024 00:00,AUN,0,0,
01/09/2024 00:00,BNR,0,0,
01/09/2024 00:00,BIR,3072.3,11,
01/09/2024 00:00,BS,0,0,
01/09/2024 00:00,BZ,0,0,
01/09/2024 00:00,CCS,0,0,
01/09/2024 00:00,CAD,1512,68,
01/09/2024 00:00,CG,11435.55,78,
01/09/2024 00:00,CMI,319.2,16,
01/09/2024 00:00,COQ,872.55,16,
01/09/2024 00:00,EC,0,0,
01/09/2024 00:00,EG,0,0,
01/09/2024 00:00,ER,0,0,
01/09/2024 00:00,SFR,0,0,
01/09/2024 00:00,GAE,15150.45,83,
01/09/2024 00:00,GUT,0,0,
01/09/2024 00:00,IQ,0,0,
01/09/2024 00:00,LH,0,0,
01/09/2024 00:00,MIX,720.3,7,
01/09/2024 00:00,PE,0,0,
01/09/2024 00:00,SG,0,0,
01/09/2024 00:00,TOD,1088.85,10,
01/09/2024 00:00,TIN,1803.9,5,
01/09/2024 00:00,TOR,14.7,4,
01/09/2024 00:00,TOTO,0,0,
01/09/2024 00:00,KFC,0,14,
01/09/2024 00:00,WSK,862.05,7,
01/09/2024 00:00,US,0,0,
01/09/2024 00:00,VE,0,0,
01/09/2024 00:00,VIN,0,0,
01/09/2024 00:00,WE,0,0,
02/09/2024 00:00,,0,0,
02/09/2024 00:00,,0,0,
02/09/2024 00:00,AUN,0,0,
02/09/2024 00:00,BNR,0,0,
02/09/2024 00:00,BIR,3072.3,11,
02/09/2024 00:00,BS,0,0,
02/09/2024 00:00,BZ,0,0,
02/09/2024 00:00,CCS,0,0,
02/09/2024 00:00,CAD,1484.7,68,
02/09/2024 00:00,CG,11349.45,78,
02/09/2024 00:00,CMI,319.2,16,
02/09/2024 00:00,COQ,872.55,16,
02/09/2024 00:00,EC,0,0,
02/09/2024 00:00,EG,0,0,
02/09/2024 00:00,ER,0,0,
02/09/2024 00:00,SFR,0,0,
02/09/2024 00:00,GAE,15150.45,83,
02/09/2024 00:00,GUT,0,0,
02/09/2024 00:00,IQ,0,0,
02/09/2024 00:00,LH,0,0,
02/09/2024 00:00,MIX,709.8,7,
02/09/2024 00:00,PE,0,0,
02/09/2024 00:00,SG,0,0,
02/09/2024 00:00,TOD,1088.85,10,
02/09/2024 00:00,TIN,1803.9,5,
02/09/2024 00:00,TOR,14.7,4,
02/09/2024 00:00,TOTO,0,0,
02/09/2024 00:00,KFC,8.4,19,
02/09/2024 00:00,WSK,862.05,7,
02/09/2024 00:00,US,0,0,
02/09/2024 00:00,VE,0,0,
02/09/2024 00:00,VIN,0,0,
02/09/2024 00:00,WE,0,0,
03/09/2024 00:00,,0,0,
03/09/2024 00:00,,0,0,
03/09/2024 00:00,AUN,0,0,
03/09/2024 00:00,BNR,0,0,
03/09/2024 00:00,BIR,3072.3,11,
03/09/2024 00:00,BS,0,0,
03/09/2024 00:00,BZ,0,0,
03/09/2024 00:00,CCS,0,0,
03/09/2024 00:00,CAD,1535.1,70,
03/09/2024 00:00,CG,11298,78,
03/09/2024 00:00,CMI,319.2,16,
03/09/2024 00:00,COQ,872.55,16,
03/09/2024 00:00,EC,0,0,
03/09/2024 00:00,EG,0,0,
03/09/2024 00:00,ER,0,0,
03/09/2024 00:00,SFR,0,0,
03/09/2024 00:00,GAE,15045.45,82,
03/09/2024 00:00,GUT,0,0,
03/09/2024 00:00,IQ,0,0,
03/09/2024 00:00,LH,0,0,
03/09/2024 00:00,MIX,954.45,7,
03/09/2024 00:00,PE,0,0,
03/09/2024 00:00,SG,0,0,
03/09/2024 00:00,TOD,1088.85,10,
03/09/2024 00:00,TIN,1803.9,5,
03/09/2024 00:00,TOR,14.7,4,
03/09/2024 00:00,TOTO,0,0,
03/09/2024 00:00,KFC,0,13,
03/09/2024 00:00,WSK,862.05,7,
03/09/2024 00:00,US,0,0,
03/09/2024 00:00,VE,0,0,
03/09/2024 00:00,VIN,0,0,
03/09/2024 00:00,WE,0,0,
04/09/2024 00:00,,0,0,
04/09/2024 00:00,,0,0,
04/09/2024 00:00,AUN,0,0,
04/09/2024 00:00,BNR,0,0,
04/09/2024 00:00,BIR,2782.5,10,
04/09/2024 00:00,BS,0,0,
04/09/2024 00:00,BZ,0,0,
04/09/2024 00:00,CCS,0,0,
04/09/2024 00:00,CAD,1523.55,66,
04/09/2024 00:00,CG,11286.45,77,
04/09/2024 00:00,CMI,435.75,16,
04/09/2024 00:00,COQ,872.55,14,
04/09/2024 00:00,EC,0,0,
04/09/2024 00:00,EG,0,0,
04/09/2024 00:00,ER,0,0,
04/09/2024 00:00,SFR,0,0,
04/09/2024 00:00,GAE,14356.65,82,
04/09/2024 00:00,GUT,0,0,
04/09/2024 00:00,IQ,0,0,
04/09/2024 00:00,LH,0,0,
04/09/2024 00:00,MIX,799.05,7,
04/09/2024 00:00,PE,0,0,
04/09/2024 00:00,SG,0,0,
04/09/2024 00:00,TOD,1088.85,10,
04/09/2024 00:00,TIN,1803.9,5,
04/09/2024 00:00,TOR,14.7,2,
04/09/2024 00:00,TOTO,0,0,
04/09/2024 00:00,KFC,0,16,
04/09/2024 00:00,WSK,862.05,7,
04/09/2024 00:00,US,0,0,
04/09/2024 00:00,VE,0,0,
04/09/2024 00:00,VIN,0,0,
04/09/2024 00:00,WE,0,0,
05/09/2024 00:00,,0,0,
05/09/2024 00:00,,0,0,
05/09/2024 00:00,AUN,0,0,
05/09/2024 00:00,BNR,0,0,
05/09/2024 00:00,BIR,2782.5,10,
05/09/2024 00:00,BS,0,0,
05/09/2024 00:00,BZ,0,0,
05/09/2024 00:00,CCS,0,0,
05/09/2024 00:00,CAD,1538.25,67,
05/09/2024 00:00,CG,11279.1,77,
05/09/2024 00:00,CMI,480.9,16,
05/09/2024 00:00,COQ,872.55,14,
05/09/2024 00:00,EC,0,0,
05/09/2024 00:00,EG,0,0,
05/09/2024 00:00,ER,0,0,
05/09/2024 00:00,SFR,0,0,
05/09/2024 00:00,GAE,15115.8,82,
05/09/2024 00:00,GUT,0,0,
05/09/2024 00:00,IQ,0,0,
05/09/2024 00:00,LH,0,0,
05/09/2024 00:00,MIX,665.7,7,
05/09/2024 00:00,PE,0,0,
05/09/2024 00:00,SG,0,0,
05/09/2024 00:00,TOD,1088.85,10,
05/09/2024 00:00,TIN,1803.9,5,
05/09/2024 00:00,TOR,14.7,4,
05/09/2024 00:00,TOTO,0,0,
05/09/2024 00:00,KFC,0,16,
05/09/2024 00:00,WSK,862.05,7,
05/09/2024 00:00,US,0,0,
05/09/2024 00:00,VE,0,0,
05/09/2024 00:00,VIN,0,0,
05/09/2024 00:00,WE,0,0,
06/09/2024 00:00,,0,0,
06/09/2024 00:00,,0,0,
06/09/2024 00:00,AUN,0,0,
06/09/2024 00:00,BNR,0,0,
06/09/2024 00:00,BIR,2782.5,10,
06/09/2024 00:00,BS,0,0,
06/09/2024 00:00,BZ,0,0,
06/09/2024 00:00,CCS,0,0,
06/09/2024 00:00,CAD,1528.8,67,
06/09/2024 00:00,CG,11229.75,76,
06/09/2024 00:00,CMI,319.2,16,
06/09/2024 00:00,COQ,842.1,13,
06/09/2024 00:00,EC,0,0,
06/09/2024 00:00,EG,0,0,
06/09/2024 00:00,ER,0,0,
06/09/2024 00:00,SFR,0,0,
06/09/2024 00:00,GAE,15080.1,82,
06/09/2024 00:00,GUT,0,0,
06/09/2024 00:00,IQ,0,0,
06/09/2024 00:00,LH,0,0,
06/09/2024 00:00,MIX,643.65,7,
06/09/2024 00:00,PE,0,0,
06/09/2024 00:00,SG,0,0,
06/09/2024 00:00,TOD,1088.85,10,
06/09/2024 00:00,TIN,1803.9,5,
06/09/2024 00:00,TOR,14.7,4,
06/09/2024 00:00,TOTO,0,0,
06/09/2024 00:00,KFC,0,16,
06/09/2024 00:00,WSK,0,0,
06/09/2024 00:00,US,0,0,
06/09/2024 00:00,VE,0,0,
06/09/2024 00:00,VIN,0,0,
06/09/2024 00:00,WE,0,0,
07/09/2024 00:00,,0,0,
07/09/2024 00:00,,0,0,
07/09/2024 00:00,AUN,0,0,
07/09/2024 00:00,BNR,0,0,
07/09/2024 00:00,BIR,2660.7,8,
07/09/2024 00:00,BS,0,0,
07/09/2024 00:00,BZ,0,0,
07/09/2024 00:00,CCS,0,0,
07/09/2024 00:00,CAD,1528.8,67,
07/09/2024 00:00,CG,11205.6,76,
07/09/2024 00:00,CMI,616.35,16,
07/09/2024 00:00,COQ,939.75,14,
07/09/2024 00:00,EC,0,0,
07/09/2024 00:00,EG,0,0,
07/09/2024 00:00,ER,0,0,
07/09/2024 00:00,SFR,0,0,
07/09/2024 00:00,GAE,14308.35,82,
07/09/2024 00:00,GUT,0,0,
07/09/2024 00:00,IQ,0,0,
07/09/2024 00:00,LH,0,0,
07/09/2024 00:00,MIX,777,7,
07/09/2024 00:00,PE,0,0,
07/09/2024 00:00,SG,0,0,
07/09/2024 00:00,TOD,1088.85,10,
07/09/2024 00:00,TIN,1803.9,5,
07/09/2024 00:00,TOR,14.7,4,
07/09/2024 00:00,TOTO,0,0,
07/09/2024 00:00,KFC,0,13,
07/09/2024 00:00,WSK,1099.35,7,
07/09/2024 00:00,US,0,0,
07/09/2024 00:00,VE,0,0,
07/09/2024 00:00,VIN,0,0,
07/09/2024 00:00,WE,0,0,
08/09/2024 00:00,,0,0,
08/09/2024 00:00,,0,0,
08/09/2024 00:00,AUN,0,0,
08/09/2024 00:00,BNR,0,0,
08/09/2024 00:00,BIR,2439.15,8,
08/09/2024 00:00,BS,0,0,
08/09/2024 00:00,BZ,0,0,
08/09/2024 00:00,CCS,0,0,
08/09/2024 00:00,CAD,1548.75,66,
08/09/2024 00:00,CG,10696.35,76,
08/09/2024 00:00,CMI,976.5,14,
08/09/2024 00:00,COQ,939.75,14,
08/09/2024 00:00,EC,0,0,
08/09/2024 00:00,EG,0,0,
08/09/2024 00:00,ER,0,0,
08/09/2024 00:00,SFR,0,0,
08/09/2024 00:00,GAE,14308.35,82,
08/09/2024 00:00,GUT,0,0,
08/09/2024 00:00,IQ,0,0,
08/09/2024 00:00,LH,0,0,
08/09/2024 00:00,MIX,665.7,7,
08/09/2024 00:00,PE,0,0,
08/09/2024 00:00,SG,0,0,
08/09/2024 00:00,TOD,1088.85,10,
08/09/2024 00:00,TIN,1803.9,5,
08/09/2024 00:00,TOR,14.7,4,
08/09/2024 00:00,TOTO,0,0,
08/09/2024 00:00,KFC,0,14,
08/09/2024 00:00,WSK,1104.6,8,
08/09/2024 00:00,US,0,0,
08/09/2024 00:00,VE,0,0,
08/09/2024 00:00,VIN,0,0,
08/09/2024 00:00,WE,0,0,
09/09/2024 00:00,,0,0,
09/09/2024 00:00,,0,0,
09/09/2024 00:00,AUN,0,0,
09/09/2024 00:00,BNR,0,0,
09/09/2024 00:00,BIR,2782.5,10,
09/09/2024 00:00,BS,0,0,
09/09/2024 00:00,BZ,0,0,
09/09/2024 00:00,CCS,0,0,
09/09/2024 00:00,CAD,1476.3,66,
09/09/2024 00:00,CG,10404.45,76,
09/09/2024 00:00,CMI,1005.9,17,
09/09/2024 00:00,COQ,939.75,14,
09/09/2024 00:00,EC,0,0,
09/09/2024 00:00,EG,0,0,
09/09/2024 00:00,ER,0,0,
09/09/2024 00:00,SFR,0,0,
09/09/2024 00:00,GAE,14308.35,82,
09/09/2024 00:00,GUT,0,0,
09/09/2024 00:00,IQ,0,0,
09/09/2024 00:00,LH,0,0,
09/09/2024 00:00,MIX,554.4,7,
09/09/2024 00:00,PE,0,0,
09/09/2024 00:00,SG,0,0,
09/09/2024 00:00,TOD,1088.85,10,
09/09/2024 00:00,TIN,1803.9,5,
09/09/2024 00:00,TOR,14.7,4,
09/09/2024 00:00,TOTO,0,0,
09/09/2024 00:00,KFC,0,11,
09/09/2024 00:00,WSK,1102.5,7,
09/09/2024 00:00,US,0,0,
09/09/2024 00:00,VE,0,0,
09/09/2024 00:00,VIN,0,0,
09/09/2024 00:00,WE,0,0,
10/09/2024 00:00,,0,0,
10/09/2024 00:00,,0,0,
10/09/2024 00:00,AUN,0,0,
10/09/2024 00:00,BNR,0,0,
10/09/2024 00:00,BIR,2782.5,10,
10/09/2024 00:00,BS,0,0,
10/09/2024 00:00,BZ,0,0,
10/09/2024 00:00,CCS,0,0,
10/09/2024 00:00,CAD,1475.25,65,
10/09/2024 00:00,CG,10301.55,74,
10/09/2024 00:00,CMI,1005.9,17,
10/09/2024 00:00,COQ,939.75,14,
10/09/2024 00:00,EC,0,0,
10/09/2024 00:00,EG,0,0,
10/09/2024 00:00,ER,0,0,
10/09/2024 00:00,SFR,0,0,
10/09/2024 00:00,GAE,14309.4,82,
10/09/2024 00:00,GUT,0,0,
10/09/2024 00:00,IQ,0,0,
10/09/2024 00:00,LH,0,0,
10/09/2024 00:00,MIX,559.65,7,
10/09/2024 00:00,PE,0,0,
10/09/2024 00:00,SG,0,0,
10/09/2024 00:00,TOD,1088.85,10,
10/09/2024 00:00,TIN,1803.9,5,
10/09/2024 00:00,TOR,14.7,5,
10/09/2024 00:00,TOTO,0,0,
10/09/2024 00:00,KFC,0,13,
10/09/2024 00:00,WSK,1088.85,6,
10/09/2024 00:00,US,0,0,
10/09/2024 00:00,VE,0,0,
10/09/2024 00:00,VIN,0,0,
10/09/2024 00:00,WE,0,0,
11/09/2024 00:00,,0,0,
11/09/2024 00:00,,0,0,
11/09/2024 00:00,AUN,0,0,
11/09/2024 00:00,BNR,0,0,
11/09/2024 00:00,BIR,2782.5,10,
11/09/2024 00:00,BS,0,0,
11/09/2024 00:00,BZ,0,0,
11/09/2024 00:00,CCS,0,0,
11/09/2024 00:00,CAD,1528.8,66,
11/09/2024 00:00,CG,10302.6,76,
11/09/2024 00:00,CMI,1005.9,17,
11/09/2024 00:00,COQ,939.75,14,
11/09/2024 00:00,EC,0,0,
11/09/2024 00:00,EG,0,0,
11/09/2024 00:00,ER,0,0,
11/09/2024 00:00,SFR,0,0,
11/09/2024 00:00,GAE,14315.7,83,
11/09/2024 00:00,GUT,0,0,
11/09/2024 00:00,IQ,0,0,
11/09/2024 00:00,LH,0,0,
11/09/2024 00:00,MIX,567,8,
11/09/2024 00:00,PE,0,0,
11/09/2024 00:00,SG,0,0,
11/09/2024 00:00,TOD,1088.85,10,
11/09/2024 00:00,TIN,1803.9,5,
11/09/2024 00:00,TOR,14.7,4,
11/09/2024 00:00,TOTO,0,0,
11/09/2024 00:00,KFC,0,11,
11/09/2024 00:00,WSK,1100.4,7,
11/09/2024 00:00,US,0,0,
11/09/2024 00:00,VE,0,0,
11/09/2024 00:00,VIN,0,0,
11/09/2024 00:00,WE,0,0,
12/09/2024 00:00,,0,0,
12/09/2024 00:00,,0,0,
12/09/2024 00:00,AUN,0,0,
12/09/2024 00:00,BNR,0,0,
12/09/2024 00:00,BIR,2972.55,11,
12/09/2024 00:00,BS,0,0,
12/09/2024 00:00,BZ,0,0,
12/09/2024 00:00,CCS,0,0,
12/09/2024 00:00,CAD,1525.65,67,
12/09/2024 00:00,CG,10302.6,74,
12/09/2024 00:00,CMI,1005.9,17,
12/09/2024 00:00,COQ,939.75,14,
12/09/2024 00:00,EC,0,0,
12/09/2024 00:00,EG,0,0,
12/09/2024 00:00,ER,0,0,
12/09/2024 00:00,SFR,0,0,
12/09/2024 00:00,GAE,14582.4,83,
12/09/2024 00:00,GUT,0,0,
12/09/2024 00:00,IQ,0,0,
12/09/2024 00:00,LH,0,0,
12/09/2024 00:00,MIX,567,8,
12/09/2024 00:00,PE,0,0,
12/09/2024 00:00,SG,0,0,
12/09/2024 00:00,TOD,1088.85,10,
12/09/2024 00:00,TIN,1803.9,5,
12/09/2024 00:00,TOR,14.7,2,
12/09/2024 00:00,TOTO,0,0,
12/09/2024 00:00,KFC,0,12,
12/09/2024 00:00,WSK,1100.4,7,
12/09/2024 00:00,US,0,0,
12/09/2024 00:00,VE,0,0,
12/09/2024 00:00,VIN,0,0,
12/09/2024 00:00,WE,0,0,
13/09/2024 00:00,,0,0,
13/09/2024 00:00,,0,0,
13/09/2024 00:00,AUN,0,0,
13/09/2024 00:00,BNR,0,0,
13/09/2024 00:00,BIR,2966.25,11,
13/09/2024 00:00,BS,0,0,
13/09/2024 00:00,BZ,0,0,
13/09/2024 00:00,CCS,0,0,
13/09/2024 00:00,CAD,1521.45,65,
13/09/2024 00:00,CG,10341.45,74,
13/09/2024 00:00,CMI,1005.9,17,
13/09/2024 00:00,COQ,939.75,14,
13/09/2024 00:00,EC,0,0,
13/09/2024 00:00,EG,0,0,
13/09/2024 00:00,ER,0,0,
13/09/2024 00:00,SFR,0,0,
13/09/2024 00:00,GAE,14501.55,83,
13/09/2024 00:00,GUT,0,0,
13/09/2024 00:00,IQ,0,0,
13/09/2024 00:00,LH,0,0,
13/09/2024 00:00,MIX,567,8,
13/09/2024 00:00,PE,0,0,
13/09/2024 00:00,SG,0,0,
13/09/2024 00:00,TOD,1088.85,10,
13/09/2024 00:00,TIN,1803.9,5,
13/09/2024 00:00,TOR,14.7,4,
13/09/2024 00:00,TOTO,0,0,
13/09/2024 00:00,KFC,0,11,
13/09/2024 00:00,WSK,1100.4,7,
13/09/2024 00:00,US,0,0,
13/09/2024 00:00,VE,0,0,
13/09/2024 00:00,VIN,0,0,
13/09/2024 00:00,WE,0,0,
14/09/2024 00:00,,0,0,
14/09/2024 00:00,,0,0,
14/09/2024 00:00,AUN,0,0,
14/09/2024 00:00,BNR,0,0,
14/09/2024 00:00,BIR,2966.25,11,
14/09/2024 00:00,BS,0,0,
14/09/2024 00:00,BZ,0,0,
14/09/2024 00:00,CCS,0,0,
14/09/2024 00:00,CAD,1492.05,64,
14/09/2024 00:00,CG,10269,77,
14/09/2024 00:00,CMI,1005.9,17,
14/09/2024 00:00,COQ,939.75,14,
14/09/2024 00:00,EC,0,0,
14/09/2024 00:00,EG,0,0,
14/09/2024 00:00,ER,0,0,
14/09/2024 00:00,SFR,0,0,
14/09/2024 00:00,GAE,14506.8,84,
14/09/2024 00:00,GUT,0,0,
14/09/2024 00:00,IQ,0,0,
14/09/2024 00:00,LH,0,0,
14/09/2024 00:00,MIX,567,8,
14/09/2024 00:00,PE,0,0,
14/09/2024 00:00,SG,0,0,
14/09/2024 00:00,TOD,1088.85,10,
14/09/2024 00:00,TIN,1803.9,5,
14/09/2024 00:00,TOR,14.7,4,
14/09/2024 00:00,TOTO,150.15,1,
14/09/2024 00:00,KFC,0,14,
14/09/2024 00:00,WSK,1114.05,7,
14/09/2024 00:00,US,0,0,
14/09/2024 00:00,VE,0,0,
14/09/2024 00:00,VIN,0,0,
14/09/2024 00:00,WE,0,0,
15/09/2024 00:00,,0,0,
15/09/2024 00:00,,0,0,
15/09/2024 00:00,AUN,0,0,
15/09/2024 00:00,BNR,0,0,
15/09/2024 00:00,BIR,2966.25,11,
15/09/2024 00:00,BS,0,0,
15/09/2024 00:00,BZ,0,0,
15/09/2024 00:00,CCS,0,0,
15/09/2024 00:00,CAD,1479.45,64,
15/09/2024 00:00,CG,11816.7,77,
15/09/2024 00:00,CMI,1013.25,18,
15/09/2024 00:00,COQ,939.75,14,
15/09/2024 00:00,EC,0,0,
15/09/2024 00:00,EG,0,0,
15/09/2024 00:00,ER,0,0,
15/09/2024 00:00,SFR,0,0,
15/09/2024 00:00,GAE,15426.6,85,
15/09/2024 00:00,GUT,0,0,
15/09/2024 00:00,IQ,0,0,
15/09/2024 00:00,LH,0,0,
15/09/2024 00:00,MIX,567,8,
15/09/2024 00:00,PE,0,0,
15/09/2024 00:00,SG,0,0,
15/09/2024 00:00,TOD,1088.85,10,
15/09/2024 00:00,TIN,1803.9,5,
15/09/2024 00:00,TOR,14.7,4,
15/09/2024 00:00,TOTO,204.75,2,
15/09/2024 00:00,KFC,0,12,
15/09/2024 00:00,WSK,1331.4,7,
15/09/2024 00:00,US,0,0,
15/09/2024 00:00,VE,0,0,
15/09/2024 00:00,VIN,0,0,
15/09/2024 00:00,WE,0,0,
16/09/2024 00:00,,0,0,
16/09/2024 00:00,,0,0,
16/09/2024 00:00,AUN,0,0,
16/09/2024 00:00,BNR,0,0,
16/09/2024 00:00,BIR,2900.1,10,
16/09/2024 00:00,BS,0,0,
16/09/2024 00:00,BZ,0,0,
16/09/2024 00:00,CCS,0,0,
16/09/2024 00:00,CAD,1498.35,67,
16/09/2024 00:00,CG,11912.25,77,
16/09/2024 00:00,CMI,1005.9,18,
16/09/2024 00:00,COQ,939.75,14,
16/09/2024 00:00,EC,0,0,
16/09/2024 00:00,EG,0,0,
16/09/2024 00:00,ER,0,0,
16/09/2024 00:00,SFR,0,0,
16/09/2024 00:00,GAE,14981.4,82,
16/09/2024 00:00,GUT,0,0,
16/09/2024 00:00,IQ,0,0,
16/09/2024 00:00,LH,0,0,
16/09/2024 00:00,MIX,567,8,
16/09/2024 00:00,PE,0,0,
16/09/2024 00:00,SG,0,0,
16/09/2024 00:00,TOD,1088.85,10,
16/09/2024 00:00,TIN,1517.25,4,
16/09/2024 00:00,TOR,14.7,4,
16/09/2024 00:00,TOTO,204.75,2,
16/09/2024 00:00,KFC,0,13,
16/09/2024 00:00,WSK,1100.4,7,
16/09/2024 00:00,US,0,0,
16/09/2024 00:00,VE,0,0,
16/09/2024 00:00,VIN,0,0,
16/09/2024 00:00,WE,0,0,
17/09/2024 00:00,,0,0,
17/09/2024 00:00,,0,0,
17/09/2024 00:00,AUN,0,0,
17/09/2024 00:00,BNR,0,0,
17/09/2024 00:00,BIR,2782.5,10,
17/09/2024 00:00,BS,0,0,
17/09/2024 00:00,BZ,0,0,
17/09/2024 00:00,CCS,0,0,
17/09/2024 00:00,CAD,1514.1,66,
17/09/2024 00:00,CG,12002.55,77,
17/09/2024 00:00,CMI,1005.9,18,
17/09/2024 00:00,COQ,946.05,14,
17/09/2024 00:00,EC,0,0,
17/09/2024 00:00,EG,0,0,
17/09/2024 00:00,ER,0,0,
17/09/2024 00:00,SFR,0,0,
17/09/2024 00:00,GAE,14981.4,83,
17/09/2024 00:00,GUT,0,0,
17/09/2024 00:00,IQ,0,0,
17/09/2024 00:00,LH,0,0,
17/09/2024 00:00,MIX,567,8,
17/09/2024 00:00,PE,0,0,
17/09/2024 00:00,SG,0,0,
17/09/2024 00:00,TOD,1088.85,10,
17/09/2024 00:00,TIN,1517.25,4,
17/09/2024 00:00,TOR,14.7,4,
17/09/2024 00:00,TOTO,54.6,1,
17/09/2024 00:00,KFC,0,12,
17/09/2024 00:00,WSK,1100.4,7,
17/09/2024 00:00,US,0,0,
17/09/2024 00:00,VE,0,0,
17/09/2024 00:00,VIN,0,0,
17/09/2024 00:00,WE,0,0,
18/09/2024 00:00,,0,0,
18/09/2024 00:00,,0,0,
18/09/2024 00:00,AUN,0,0,
18/09/2024 00:00,BNR,0,0,
18/09/2024 00:00,BIR,2782.5,10,
18/09/2024 00:00,BS,0,0,
18/09/2024 00:00,BZ,0,0,
18/09/2024 00:00,CCS,0,0,
18/09/2024 00:00,CAD,1476.3,67,
18/09/2024 00:00,CG,12093.9,78,
18/09/2024 00:00,CMI,292.95,18,
18/09/2024 00:00,COQ,939.75,14,
18/09/2024 00:00,EC,0,0,
18/09/2024 00:00,EG,0,0,
18/09/2024 00:00,ER,0,0,
18/09/2024 00:00,SFR,0,0,
18/09/2024 00:00,GAE,15015,84,
18/09/2024 00:00,GUT,0,0,
18/09/2024 00:00,IQ,0,0,
18/09/2024 00:00,LH,0,0,
18/09/2024 00:00,MIX,567,8,
18/09/2024 00:00,PE,0,0,
18/09/2024 00:00,SG,0,0,
18/09/2024 00:00,TOD,1162.35,11,
18/09/2024 00:00,TIN,1517.25,4,
18/09/2024 00:00,TOR,14.7,2,
18/09/2024 00:00,TOTO,204.75,2,
18/09/2024 00:00,KFC,0,13,
18/09/2024 00:00,WSK,1080.45,6,
18/09/2024 00:00,US,0,0,
18/09/2024 00:00,VE,0,0,
18/09/2024 00:00,VIN,0,0,
18/09/2024 00:00,WE,0,0,
19/09/2024 00:00,,0,0,
19/09/2024 00:00,,0,0,
19/09/2024 00:00,AUN,0,0,
19/09/2024 00:00,BNR,0,0,
19/09/2024 00:00,BIR,2782.5,10,
19/09/2024 00:00,BS,0,0,
19/09/2024 00:00,BZ,0,0,
19/09/2024 00:00,CCS,0,0,
19/09/2024 00:00,CAD,1485.75,68,
19/09/2024 00:00,CG,12093.9,78,
19/09/2024 00:00,CMI,292.95,17,
19/09/2024 00:00,COQ,939.75,14,
19/09/2024 00:00,EC,0,0,
19/09/2024 00:00,EG,0,0,
19/09/2024 00:00,ER,0,0,
19/09/2024 00:00,SFR,0,0,
19/09/2024 00:00,GAE,15015,84,
19/09/2024 00:00,GUT,0,0,
19/09/2024 00:00,IQ,0,0,
19/09/2024 00:00,LH,0,0,
19/09/2024 00:00,MIX,695.1,8,
19/09/2024 00:00,PE,0,0,
19/09/2024 00:00,SG,0,0,
19/09/2024 00:00,TOD,1088.85,10,
19/09/2024 00:00,TIN,1517.25,4,
19/09/2024 00:00,TOR,14.7,4,
19/09/2024 00:00,TOTO,204.75,2,
19/09/2024 00:00,KFC,0,12,
19/09/2024 00:00,WSK,1059.45,6,
19/09/2024 00:00,US,0,0,
19/09/2024 00:00,VE,0,0,
19/09/2024 00:00,VIN,0,0,
19/09/2024 00:00,WE,0,0,
20/09/2024 00:00,,0,0,
20/09/2024 00:00,,0,0,
20/09/2024 00:00,AUN,0,0,
20/09/2024 00:00,BNR,0,0,
20/09/2024 00:00,BIR,2782.5,10,
20/09/2024 00:00,BS,0,0,
20/09/2024 00:00,BZ,0,0,
20/09/2024 00:00,CCS,0,0,
20/09/2024 00:00,CAD,1462.65,67,
20/09/2024 00:00,CG,11928,77,
20/09/2024 00:00,CMI,326.55,16,
20/09/2024 00:00,COQ,939.75,14,
20/09/2024 00:00,EC,0,0,
20/09/2024 00:00,EG,0,0,
20/09/2024 00:00,ER,0,0,
20/09/2024 00:00,SFR,0,0,
20/09/2024 00:00,GAE,14980.35,83,
20/09/2024 00:00,GUT,0,0,
20/09/2024 00:00,IQ,0,0,
20/09/2024 00:00,LH,0,0,
20/09/2024 00:00,MIX,800.1,8,
20/09/2024 00:00,PE,0,0,
20/09/2024 00:00,SG,0,0,
20/09/2024 00:00,TOD,1162.35,11,
20/09/2024 00:00,TIN,1517.25,4,
20/09/2024 00:00,TOR,14.7,4,
20/09/2024 00:00,TOTO,150.15,1,
20/09/2024 00:00,KFC,0,13,
20/09/2024 00:00,WSK,1059.45,6,
20/09/2024 00:00,US,0,0,
20/09/2024 00:00,VE,0,0,
20/09/2024 00:00,VIN,0,0,
20/09/2024 00:00,WE,0,0,
21/09/2024 00:00,,0,0,
21/09/2024 00:00,,0,0,
21/09/2024 00:00,AUN,0,0,
21/09/2024 00:00,BNR,0,0,
21/09/2024 00:00,BIR,3502.8,11,
21/09/2024 00:00,BS,0,0,
21/09/2024 00:00,BZ,0,0,
21/09/2024 00:00,CCS,0,0,
21/09/2024 00:00,CAD,1421.7,67,
21/09/2024 00:00,CG,11845.05,77,
21/09/2024 00:00,CMI,292.95,16,
21/09/2024 00:00,COQ,939.75,14,
21/09/2024 00:00,EC,0,0,
21/09/2024 00:00,EG,0,0,
21/09/2024 00:00,ER,0,0,
21/09/2024 00:00,SFR,0,0,
21/09/2024 00:00,GAE,14871.15,82,
21/09/2024 00:00,GUT,0,0,
21/09/2024 00:00,IQ,0,0,
21/09/2024 00:00,LH,0,0,
21/09/2024 00:00,MIX,610.05,8,
21/09/2024 00:00,PE,0,0,
21/09/2024 00:00,SG,0,0,
21/09/2024 00:00,TOD,1162.35,11,
21/09/2024 00:00,TIN,1517.25,4,
21/09/2024 00:00,TOR,14.7,4,
21/09/2024 00:00,TOTO,150.15,1,
21/09/2024 00:00,KFC,0,11,
21/09/2024 00:00,WSK,1087.8,6,
21/09/2024 00:00,US,0,0,
21/09/2024 00:00,VE,0,0,
21/09/2024 00:00,VIN,0,0,
21/09/2024 00:00,WE,0,0,
22/09/2024 00:00,,0,0,
22/09/2024 00:00,,0,0,
22/09/2024 00:00,AUN,0,0,
22/09/2024 00:00,BNR,0,0,
22/09/2024 00:00,BIR,3502.8,11,
22/09/2024 00:00,BS,0,0,
22/09/2024 00:00,BZ,0,0,
22/09/2024 00:00,CCS,0,0,
22/09/2024 00:00,CAD,1444.8,66,
22/09/2024 00:00,CG,11845.05,77,
22/09/2024 00:00,CMI,433.65,16,
22/09/2024 00:00,COQ,1439.55,14,
22/09/2024 00:00,EC,0,0,
22/09/2024 00:00,EG,0,0,
22/09/2024 00:00,ER,0,0,
22/09/2024 00:00,SFR,0,0,
22/09/2024 00:00,GAE,14871.15,82,
22/09/2024 00:00,GUT,0,0,
22/09/2024 00:00,IQ,0,0,
22/09/2024 00:00,LH,0,0,
22/09/2024 00:00,MIX,567,8,
22/09/2024 00:00,PE,0,0,
22/09/2024 00:00,SG,0,0,
22/09/2024 00:00,TOD,1162.35,11,
22/09/2024 00:00,TIN,1517.25,4,
22/09/2024 00:00,TOR,14.7,4,
22/09/2024 00:00,TOTO,204.75,2,
22/09/2024 00:00,KFC,0,11,
22/09/2024 00:00,WSK,1100.4,7,
22/09/2024 00:00,US,0,0,
22/09/2024 00:00,VE,0,0,
22/09/2024 00:00,VIN,0,0,
22/09/2024 00:00,WE,0,0,
23/09/2024 00:00,,0,0,
23/09/2024 00:00,,0,0,
23/09/2024 00:00,AUN,0,0,
23/09/2024 00:00,BNR,0,0,
23/09/2024 00:00,BIR,3502.8,11,
23/09/2024 00:00,BS,0,0,
23/09/2024 00:00,BZ,0,0,
23/09/2024 00:00,CCS,0,0,
23/09/2024 00:00,CAD,1497.3,67,
23/09/2024 00:00,CG,11845.05,77,
23/09/2024 00:00,CMI,292.95,16,
23/09/2024 00:00,COQ,939.75,14,
23/09/2024 00:00,EC,0,0,
23/09/2024 00:00,EG,0,0,
23/09/2024 00:00,ER,0,0,
23/09/2024 00:00,SFR,0,0,
23/09/2024 00:00,GAE,14963.55,83,
23/09/2024 00:00,GUT,0,0,
23/09/2024 00:00,IQ,0,0,
23/09/2024 00:00,LH,0,0,
23/09/2024 00:00,MIX,701.4,8,
23/09/2024 00:00,PE,0,0,
23/09/2024 00:00,SG,0,0,
23/09/2024 00:00,TOD,1162.35,11,
23/09/2024 00:00,TIN,1517.25,4,
23/09/2024 00:00,TOR,14.7,4,
23/09/2024 00:00,TOTO,204.75,2,
23/09/2024 00:00,KFC,0,8,
23/09/2024 00:00,WSK,1082.55,6,
23/09/2024 00:00,US,0,0,
23/09/2024 00:00,VE,0,0,
23/09/2024 00:00,VIN,0,0,
23/09/2024 00:00,WE,0,0,
24/09/2024 00:00,,0,0,
24/09/2024 00:00,,0,0,
24/09/2024 00:00,AUN,0,0,
24/09/2024 00:00,BNR,0,0,
24/09/2024 00:00,BIR,3502.8,11,
24/09/2024 00:00,BS,0,0,
24/09/2024 00:00,BZ,0,0,
24/09/2024 00:00,CCS,0,0,
24/09/2024 00:00,CAD,1505.7,66,
24/09/2024 00:00,CG,11845.05,77,
24/09/2024 00:00,CMI,292.95,16,
24/09/2024 00:00,COQ,939.75,13,
24/09/2024 00:00,EC,0,0,
24/09/2024 00:00,EG,0,0,
24/09/2024 00:00,ER,0,0,
24/09/2024 00:00,SFR,0,0,
24/09/2024 00:00,GAE,14938.35,82,
24/09/2024 00:00,GUT,0,0,
24/09/2024 00:00,IQ,0,0,
24/09/2024 00:00,LH,0,0,
24/09/2024 00:00,MIX,859.95,8,
24/09/2024 00:00,PE,0,0,
24/09/2024 00:00,SG,0,0,
24/09/2024 00:00,TOD,1258.95,11,
24/09/2024 00:00,TIN,1517.25,4,
24/09/2024 00:00,TOR,14.7,4,
24/09/2024 00:00,TOTO,204.75,2,
24/09/2024 00:00,KFC,0,12,
24/09/2024 00:00,WSK,1085.7,6,
24/09/2024 00:00,US,0,0,
24/09/2024 00:00,VE,0,0,
24/09/2024 00:00,VIN,0,0,
24/09/2024 00:00,WE,0,0,
25/09/2024 00:00,,0,0,
25/09/2024 00:00,,0,0,
25/09/2024 00:00,AUN,0,0,
25/09/2024 00:00,BNR,0,0,
25/09/2024 00:00,BIR,3502.8,11,
25/09/2024 00:00,BS,0,0,
25/09/2024 00:00,BZ,0,0,
25/09/2024 00:00,CCS,0,0,
25/09/2024 00:00,CAD,1477.35,67,
25/09/2024 00:00,CG,11845.05,77,
25/09/2024 00:00,CMI,292.95,16,
25/09/2024 00:00,COQ,939.75,13,
25/09/2024 00:00,EC,0,0,
25/09/2024 00:00,EG,0,0,
25/09/2024 00:00,ER,0,0,
25/09/2024 00:00,SFR,0,0,
25/09/2024 00:00,GAE,15067.5,84,
25/09/2024 00:00,GUT,0,0,
25/09/2024 00:00,IQ,0,0,
25/09/2024 00:00,LH,0,0,
25/09/2024 00:00,MIX,780.15,8,
25/09/2024 00:00,PE,0,0,
25/09/2024 00:00,SG,0,0,
25/09/2024 00:00,TOD,1372.35,11,
25/09/2024 00:00,TIN,1517.25,4,
25/09/2024 00:00,TOR,14.7,4,
25/09/2024 00:00,TOTO,204.75,2,
25/09/2024 00:00,KFC,0,11,
25/09/2024 00:00,WSK,1100.4,7,
25/09/2024 00:00,US,0,0,
25/09/2024 00:00,VE,0,0,
25/09/2024 00:00,VIN,0,0,
25/09/2024 00:00,WE,0,0,
26/09/2024 00:00,,0,0,
26/09/2024 00:00,,0,0,
26/09/2024 00:00,AUN,0,0,
26/09/2024 00:00,BNR,0,0,
26/09/2024 00:00,BIR,3502.8,11,
26/09/2024 00:00,BS,0,0,
26/09/2024 00:00,BZ,0,0,
26/09/2024 00:00,CCS,0,0,
26/09/2024 00:00,CAD,1439.55,65,
26/09/2024 00:00,CG,11795.7,76,
26/09/2024 00:00,CMI,451.5,16,
26/09/2024 00:00,COQ,939.75,14,
26/09/2024 00:00,EC,0,0,
26/09/2024 00:00,EG,0,0,
26/09/2024 00:00,ER,0,0,
26/09/2024 00:00,SFR,0,0,
26/09/2024 00:00,GAE,15075.9,85,
26/09/2024 00:00,GUT,0,0,
26/09/2024 00:00,IQ,0,0,
26/09/2024 00:00,LH,0,0,
26/09/2024 00:00,MIX,567,8,
26/09/2024 00:00,PE,0,0,
26/09/2024 00:00,SG,0,0,
26/09/2024 00:00,TOD,1162.35,11,
26/09/2024 00:00,TIN,1517.25,4,
26/09/2024 00:00,TOR,14.7,2,
26/09/2024 00:00,TOTO,204.75,2,
26/09/2024 00:00,KFC,10.5,14,
26/09/2024 00:00,WSK,1100.4,7,
26/09/2024 00:00,US,0,0,
26/09/2024 00:00,VE,0,0,
26/09/2024 00:00,VIN,0,0,
26/09/2024 00:00,WE,0,0,
27/09/2024 00:00,,0,0,
27/09/2024 00:00,,0,0,
27/09/2024 00:00,AUN,0,0,
27/09/2024 00:00,BNR,0,0,
27/09/2024 00:00,BIR,3502.8,11,
27/09/2024 00:00,BS,0,0,
27/09/2024 00:00,BZ,0,0,
27/09/2024 00:00,CCS,0,0,
27/09/2024 00:00,CAD,1398.6,65,
27/09/2024 00:00,CG,11797.8,76,
27/09/2024 00:00,CMI,334.95,16,
27/09/2024 00:00,COQ,939.75,14,
27/09/2024 00:00,EC,0,0,
27/09/2024 00:00,EG,0,0,
27/09/2024 00:00,ER,0,0,
27/09/2024 00:00,SFR,0,0,
27/09/2024 00:00,GAE,15075.9,86,
27/09/2024 00:00,GUT,0,0,
27/09/2024 00:00,IQ,0,0,
27/09/2024 00:00,LH,0,0,
27/09/2024 00:00,MIX,567,8,
27/09/2024 00:00,PE,0,0,
27/09/2024 00:00,SG,0,0,
27/09/2024 00:00,TOD,1505.7,11,
27/09/2024 00:00,TIN,1517.25,4,
27/09/2024 00:00,TOR,14.7,4,
27/09/2024 00:00,TOTO,204.75,2,
27/09/2024 00:00,KFC,10.5,11,
27/09/2024 00:00,WSK,1093.05,6,
27/09/2024 00:00,US,0,0,
27/09/2024 00:00,VE,0,0,
27/09/2024 00:00,VIN,0,0,
27/09/2024 00:00,WE,0,0,
28/09/2024 00:00,,0,0,
28/09/2024 00:00,,0,0,
28/09/2024 00:00,AUN,0,0,
28/09/2024 00:00,BNR,0,0,
28/09/2024 00:00,BIR,3510.15,11,
28/09/2024 00:00,BS,0,0,
28/09/2024 00:00,BZ,0,0,
28/09/2024 00:00,CCS,0,0,
28/09/2024 00:00,CAD,1418.55,64,
28/09/2024 00:00,CG,11836.65,76,
28/09/2024 00:00,CMI,427.35,16,
28/09/2024 00:00,COQ,1037.4,14,
28/09/2024 00:00,EC,0,0,
28/09/2024 00:00,EG,0,0,
28/09/2024 00:00,ER,0,0,
28/09/2024 00:00,SFR,0,0,
28/09/2024 00:00,GAE,15153.6,86,
28/09/2024 00:00,GUT,0,0,
28/09/2024 00:00,IQ,0,0,
28/09/2024 00:00,LH,0,0,
28/09/2024 00:00,MIX,567,8,
28/09/2024 00:00,PE,0,0,
28/09/2024 00:00,SG,0,0,
28/09/2024 00:00,TOD,1479.45,12,
28/09/2024 00:00,TIN,1517.25,4,
28/09/2024 00:00,TOR,14.7,4,
28/09/2024 00:00,TOTO,204.75,2,
28/09/2024 00:00,KFC,0,13,
28/09/2024 00:00,WSK,1100.4,7,
28/09/2024 00:00,US,0,0,
28/09/2024 00:00,VE,0,0,
28/09/2024 00:00,VIN,0,0,
28/09/2024 00:00,WE,0,0,
29/09/2024 00:00,,0,0,
29/09/2024 00:00,,0,0,
29/09/2024 00:00,AUN,0,0,
29/09/2024 00:00,BNR,0,0,
29/09/2024 00:00,BIR,3843,12,
29/09/2024 00:00,BS,0,0,
29/09/2024 00:00,BZ,0,0,
29/09/2024 00:00,CCS,0,0,
29/09/2024 00:00,CAD,1393.35,64,
29/09/2024 00:00,CG,11836.65,76,
29/09/2024 00:00,CMI,307.65,16,
29/09/2024 00:00,COQ,987,14,
29/09/2024 00:00,EC,0,0,
29/09/2024 00:00,EG,0,0,
29/09/2024 00:00,ER,0,0,
29/09/2024 00:00,SFR,0,0,
29/09/2024 00:00,GAE,16032.45,89,
29/09/2024 00:00,GUT,237.3,1,
29/09/2024 00:00,IQ,0,0,
29/09/2024 00:00,LH,0,0,
29/09/2024 00:00,MIX,567,8,
29/09/2024 00:00,PE,0,0,
29/09/2024 00:00,SG,0,0,
29/09/2024 00:00,TOD,1583.4,12,
29/09/2024 00:00,TIN,1517.25,4,
29/09/2024 00:00,TOR,14.7,4,
29/09/2024 00:00,TOTO,204.75,2,
29/09/2024 00:00,KFC,0,11,
29/09/2024 00:00,WSK,1100.4,7,
29/09/2024 00:00,US,0,0,
29/09/2024 00:00,VE,0,0,
29/09/2024 00:00,VIN,0,0,
29/09/2024 00:00,WE,0,0,
30/09/2024 00:00,,0,0,
30/09/2024 00:00,,0,0,
30/09/2024 00:00,AUN,0,0,
30/09/2024 00:00,BNR,0,0,
30/09/2024 00:00,BIR,3843,12,
30/09/2024 00:00,BS,0,0,
30/09/2024 00:00,BZ,0,0,
30/09/2024 00:00,CCS,0,0,
30/09/2024 00:00,CAD,1544.55,65,
30/09/2024 00:00,CG,11952.15,76,
30/09/2024 00:00,CMI,307.65,16,
30/09/2024 00:00,COQ,991.2,13,
30/09/2024 00:00,EC,0,0,
30/09/2024 00:00,EG,0,0,
30/09/2024 00:00,ER,0,0,
30/09/2024 00:00,SFR,0,0,
30/09/2024 00:00,GAE,15954.75,88,
30/09/2024 00:00,GUT,237.3,1,
30/09/2024 00:00,IQ,0,0,
30/09/2024 00:00,LH,0,0,
30/09/2024 00:00,MIX,567,8,
30/09/2024 00:00,PE,0,0,
30/09/2024 00:00,SG,0,0,
30/09/2024 00:00,TOD,1508.85,12,
30/09/2024 00:00,TIN,1517.25,4,
30/09/2024 00:00,TOR,14.7,4,
30/09/2024 00:00,TOTO,353.85,4,
30/09/2024 00:00,KFC,0,12,
30/09/2024 00:00,WSK,1100.4,7,
30/09/2024 00:00,US,0,0,
30/09/2024 00:00,VE,0,0,
30/09/2024 00:00,VIN,0,0,
30/09/2024 00:00,WE,0,0,
01/10/2024 00:00,,0,0,
01/10/2024 00:00,,0,0,
01/10/2024 00:00,AUN,0,0,
01/10/2024 00:00,BNR,0,0,
01/10/2024 00:00,BIR,3843,12,
01/10/2024 00:00,BS,0,0,
01/10/2024 00:00,BZ,0,0,
01/10/2024 00:00,CCS,0,0,
01/10/2024 00:00,CAD,1602.3,68,
01/10/2024 00:00,CG,11907,74,
01/10/2024 00:00,CMI,321.3,16,
01/10/2024 00:00,COQ,939.75,13,
01/10/2024 00:00,EC,0,0,
01/10/2024 00:00,EG,0,0,
01/10/2024 00:00,ER,0,0,
01/10/2024 00:00,SFR,0,0,
01/10/2024 00:00,GAE,15915.9,88,
01/10/2024 00:00,GUT,237.3,1,
01/10/2024 00:00,IQ,0,0,
01/10/2024 00:00,LH,0,0,
01/10/2024 00:00,MIX,567,8,
01/10/2024 00:00,PE,0,0,
01/10/2024 00:00,SG,0,0,
01/10/2024 00:00,TOD,1589.7,12,
01/10/2024 00:00,TIN,1517.25,4,
01/10/2024 00:00,TOR,14.7,4,
01/10/2024 00:00,TOTO,299.25,2,
01/10/2024 00:00,KFC,0,10,
01/10/2024 00:00,WSK,1100.4,7,
01/10/2024 00:00,US,0,0,
01/10/2024 00:00,VE,0,0,
01/10/2024 00:00,VIN,0,0,
01/10/2024 00:00,WE,0,0,
02/10/2024 00:00,,0,0,
02/10/2024 00:00,,0,0,
02/10/2024 00:00,AUN,0,0,
02/10/2024 00:00,BNR,0,0,
02/10/2024 00:00,BIR,3843,12,
02/10/2024 00:00,BS,0,0,
02/10/2024 00:00,BZ,0,0,
02/10/2024 00:00,CCS,0,0,
02/10/2024 00:00,CAD,1549.8,68,
02/10/2024 00:00,CG,11109,73,
02/10/2024 00:00,CMI,311.85,16,
02/10/2024 00:00,COQ,939.75,13,
02/10/2024 00:00,EC,0,0,
02/10/2024 00:00,EG,0,0,
02/10/2024 00:00,ER,0,0,
02/10/2024 00:00,SFR,0,0,
02/10/2024 00:00,GAE,16100.7,88,
02/10/2024 00:00,GUT,237.3,1,
02/10/2024 00:00,IQ,0,0,
02/10/2024 00:00,LH,0,0,
02/10/2024 00:00,MIX,567,8,
02/10/2024 00:00,PE,0,0,
02/10/2024 00:00,SG,0,0,
02/10/2024 00:00,TOD,1523.55,11,
02/10/2024 00:00,TIN,1517.25,4,
02/10/2024 00:00,TOR,14.7,4,
02/10/2024 00:00,TOTO,299.25,2,
02/10/2024 00:00,KFC,0,12,
02/10/2024 00:00,WSK,1100.4,7,
02/10/2024 00:00,US,0,0,
02/10/2024 00:00,VE,0,0,
02/10/2024 00:00,VIN,0,0,
02/10/2024 00:00,WE,0,0,
03/10/2024 00:00,,0,0,
03/10/2024 00:00,,0,0,
03/10/2024 00:00,AUN,0,0,
03/10/2024 00:00,BNR,0,0,
03/10/2024 00:00,BIR,4870.95,13,
03/10/2024 00:00,BS,0,0,
03/10/2024 00:00,BZ,0,0,
03/10/2024 00:00,CCS,0,0,
03/10/2024 00:00,CAD,1598.1,71,
03/10/2024 00:00,CG,11110.05,74,
03/10/2024 00:00,CMI,300.3,16,
03/10/2024 00:00,COQ,939.75,13,
03/10/2024 00:00,EC,0,0,
03/10/2024 00:00,EG,0,0,
03/10/2024 00:00,ER,0,0,
03/10/2024 00:00,SFR,0,0,
03/10/2024 00:00,GAE,16443,86,
03/10/2024 00:00,GUT,237.3,1,
03/10/2024 00:00,IQ,0,0,
03/10/2024 00:00,LH,0,0,
03/10/2024 00:00,MIX,567,8,
03/10/2024 00:00,PE,0,0,
03/10/2024 00:00,SG,0,0,
03/10/2024 00:00,TOD,1479.45,11,
03/10/2024 00:00,TIN,1517.25,4,
03/10/2024 00:00,TOR,14.7,2,
03/10/2024 00:00,TOTO,299.25,2,
03/10/2024 00:00,KFC,0,10,
03/10/2024 00:00,WSK,1100.4,7,
03/10/2024 00:00,US,0,0,
03/10/2024 00:00,VE,0,0,
03/10/2024 00:00,VIN,0,0,
03/10/2024 00:00,WE,0,0,
04/10/2024 00:00,,0,0,
04/10/2024 00:00,,0,0,
04/10/2024 00:00,AUN,0,0,
04/10/2024 00:00,BNR,0,0,
04/10/2024 00:00,BIR,4638.9,13,
04/10/2024 00:00,BS,0,0,
04/10/2024 00:00,BZ,0,0,
04/10/2024 00:00,CCS,0,0,
04/10/2024 00:00,CAD,2257.5,73,
04/10/2024 00:00,CG,11111.1,74,
04/10/2024 00:00,CMI,59.85,16,
04/10/2024 00:00,COQ,938.7,12,
04/10/2024 00:00,EC,0,0,
04/10/2024 00:00,EG,0,0,
04/10/2024 00:00,ER,0,0,
04/10/2024 00:00,SFR,0,0,
04/10/2024 00:00,GAE,16649.85,85,
04/10/2024 00:00,GUT,237.3,1,
04/10/2024 00:00,IQ,0,0,
04/10/2024 00:00,LH,0,0,
04/10/2024 00:00,MIX,567,8,
04/10/2024 00:00,PE,0,0,
04/10/2024 00:00,SG,0,0,
04/10/2024 00:00,TOD,1404.9,11,
04/10/2024 00:00,TIN,1517.25,4,
04/10/2024 00:00,TOR,14.7,2,
04/10/2024 00:00,TOTO,299.25,2,
04/10/2024 00:00,KFC,0,11,
04/10/2024 00:00,WSK,1039.5,6,
04/10/2024 00:00,US,0,0,
04/10/2024 00:00,VE,0,0,
04/10/2024 00:00,VIN,0,0,
04/10/2024 00:00,WE,0,0,
05/10/2024 00:00,,0,0,
05/10/2024 00:00,,0,0,
05/10/2024 00:00,AUN,0,0,
05/10/2024 00:00,BNR,0,0,
05/10/2024 00:00,BIR,4525.5,13,
05/10/2024 00:00,BS,0,0,
05/10/2024 00:00,BZ,0,0,
05/10/2024 00:00,CCS,0,0,
05/10/2024 00:00,CAD,3188.85,77,
05/10/2024 00:00,CG,11110.05,74,
05/10/2024 00:00,CMI,80.85,16,
05/10/2024 00:00,COQ,938.7,12,
05/10/2024 00:00,EC,0,0,
05/10/2024 00:00,EG,0,0,
05/10/2024 00:00,ER,0,0,
05/10/2024 00:00,SFR,0,0,
05/10/2024 00:00,GAE,16416.75,86,
05/10/2024 00:00,GUT,237.3,1,
05/10/2024 00:00,IQ,0,0,
05/10/2024 00:00,LH,0,0,
05/10/2024 00:00,MIX,567,8,
05/10/2024 00:00,PE,0,0,
05/10/2024 00:00,SG,0,0,
05/10/2024 00:00,TOD,1479.45,11,
05/10/2024 00:00,TIN,1517.25,4,
05/10/2024 00:00,TOR,14.7,2,
05/10/2024 00:00,TOTO,156.45,2,
05/10/2024 00:00,KFC,0,13,
05/10/2024 00:00,WSK,1100.4,7,
05/10/2024 00:00,US,0,0,
05/10/2024 00:00,VE,0,0,
05/10/2024 00:00,VIN,0,0,
05/10/2024 00:00,WE,0,0,
06/10/2024 00:00,,0,0,
06/10/2024 00:00,,0,0,
06/10/2024 00:00,AUN,0,0,
06/10/2024 00:00,BNR,0,0,
06/10/2024 00:00,BIR,3991.05,14,
06/10/2024 00:00,BS,0,0,
06/10/2024 00:00,BZ,0,0,
06/10/2024 00:00,CCS,0,0,
06/10/2024 00:00,CAD,3276,78,
06/10/2024 00:00,CG,11109,74,
06/10/2024 00:00,CMI,117.6,16,
06/10/2024 00:00,COQ,938.7,12,
06/10/2024 00:00,EC,0,0,
06/10/2024 00:00,EG,0,0,
06/10/2024 00:00,ER,0,0,
06/10/2024 00:00,SFR,0,0,
06/10/2024 00:00,GAE,16599.45,88,
06/10/2024 00:00,GUT,237.3,1,
06/10/2024 00:00,IQ,0,0,
06/10/2024 00:00,LH,0,0,
06/10/2024 00:00,MIX,567,8,
06/10/2024 00:00,PE,0,0,
06/10/2024 00:00,SG,0,0,
06/10/2024 00:00,TOD,1365,11,
06/10/2024 00:00,TIN,1517.25,4,
06/10/2024 00:00,TOR,14.7,2,
06/10/2024 00:00,TOTO,155.4,1,
06/10/2024 00:00,KFC,0,14,
06/10/2024 00:00,WSK,1100.4,7,
06/10/2024 00:00,US,0,0,
06/10/2024 00:00,VE,0,0,
06/10/2024 00:00,VIN,0,0,
06/10/2024 00:00,WE,0,0,
07/10/2024 00:00,,0,0,
07/10/2024 00:00,,0,0,
07/10/2024 00:00,AUN,0,0,
07/10/2024 00:00,BNR,0,0,
07/10/2024 00:00,BIR,3991.05,14,
07/10/2024 00:00,BS,0,0,
07/10/2024 00:00,BZ,0,0,
07/10/2024 00:00,CCS,0,0,
07/10/2024 00:00,CAD,3239.25,74,
07/10/2024 00:00,CG,11109,74,
07/10/2024 00:00,CMI,100.8,16,
07/10/2024 00:00,COQ,896.7,11,
07/10/2024 00:00,EC,0,0,
07/10/2024 00:00,EG,0,0,
07/10/2024 00:00,ER,0,0,
07/10/2024 00:00,SFR,0,0,
07/10/2024 00:00,GAE,16419.9,86,
07/10/2024 00:00,GUT,237.3,1,
07/10/2024 00:00,IQ,0,0,
07/10/2024 00:00,LH,0,0,
07/10/2024 00:00,MIX,567,8,
07/10/2024 00:00,PE,0,0,
07/10/2024 00:00,SG,0,0,
07/10/2024 00:00,TOD,1476.3,11,
07/10/2024 00:00,TIN,1604.4,4,
07/10/2024 00:00,TOR,14.7,2,
07/10/2024 00:00,TOTO,156.45,2,
07/10/2024 00:00,KFC,0,13,
07/10/2024 00:00,WSK,1100.4,7,
07/10/2024 00:00,US,0,0,
07/10/2024 00:00,VE,0,0,
07/10/2024 00:00,VIN,0,0,
07/10/2024 00:00,WE,0,0,
08/10/2024 00:00,,0,0,
08/10/2024 00:00,,0,0,
08/10/2024 00:00,AUN,0,0,
08/10/2024 00:00,BNR,0,0,
08/10/2024 00:00,BIR,3991.05,14,
08/10/2024 00:00,BS,0,0,
08/10/2024 00:00,BZ,0,0,
08/10/2024 00:00,CCS,0,0,
08/10/2024 00:00,CAD,3214.05,74,
08/10/2024 00:00,CG,11109,74,
08/10/2024 00:00,CMI,100.8,16,
08/10/2024 00:00,COQ,896.7,11,
08/10/2024 00:00,EC,0,0,
08/10/2024 00:00,EG,0,0,
08/10/2024 00:00,ER,0,0,
08/10/2024 00:00,SFR,0,0,
08/10/2024 00:00,GAE,16281.3,86,
08/10/2024 00:00,GUT,237.3,1,
08/10/2024 00:00,IQ,0,0,
08/10/2024 00:00,LH,0,0,
08/10/2024 00:00,MIX,567,8,
08/10/2024 00:00,PE,0,0,
08/10/2024 00:00,SG,0,0,
08/10/2024 00:00,TOD,1369.2,11,
08/10/2024 00:00,TIN,1664.25,5,
08/10/2024 00:00,TOR,14.7,4,
08/10/2024 00:00,TOTO,299.25,2,
08/10/2024 00:00,KFC,0,16,
08/10/2024 00:00,WSK,1100.4,7,
08/10/2024 00:00,US,0,0,
08/10/2024 00:00,VE,0,0,
08/10/2024 00:00,VIN,0,0,
08/10/2024 00:00,WE,0,0,
09/10/2024 00:00,,0,0,
09/10/2024 00:00,,0,0,
09/10/2024 00:00,AUN,0,0,
09/10/2024 00:00,BNR,0,0,
09/10/2024 00:00,BIR,3991.05,14,
09/10/2024 00:00,BS,0,0,
09/10/2024 00:00,BZ,0,0,
09/10/2024 00:00,CCS,0,0,
09/10/2024 00:00,CAD,3303.3,73,
09/10/2024 00:00,CG,11109,74,
09/10/2024 00:00,CMI,100.8,16,
09/10/2024 00:00,COQ,896.7,11,
09/10/2024 00:00,EC,0,0,
09/10/2024 00:00,EG,0,0,
09/10/2024 00:00,ER,0,0,
09/10/2024 00:00,SFR,0,0,
09/10/2024 00:00,GAE,16365.3,88,
09/10/2024 00:00,GUT,237.3,1,
09/10/2024 00:00,IQ,0,0,
09/10/2024 00:00,LH,0,0,
09/10/2024 00:00,MIX,567,8,
09/10/2024 00:00,PE,0,0,
09/10/2024 00:00,SG,0,0,
09/10/2024 00:00,TOD,1380.75,11,
09/10/2024 00:00,TIN,1664.25,5,
09/10/2024 00:00,TOR,14.7,4,
09/10/2024 00:00,TOTO,172.2,1,
09/10/2024 00:00,KFC,0,12,
09/10/2024 00:00,WSK,1014.3,6,
09/10/2024 00:00,US,0,0,
09/10/2024 00:00,VE,0,0,
09/10/2024 00:00,VIN,0,0,
09/10/2024 00:00,WE,0,0,
10/10/2024 00:00,,0,0,
10/10/2024 00:00,,0,0,
10/10/2024 00:00,AUN,0,0,
10/10/2024 00:00,BNR,0,0,
10/10/2024 00:00,BIR,3991.05,14,
10/10/2024 00:00,BS,0,0,
10/10/2024 00:00,BZ,0,0,
10/10/2024 00:00,CCS,0,0,
10/10/2024 00:00,CAD,3223.5,74,
10/10/2024 00:00,CG,11109,74,
10/10/2024 00:00,CMI,100.8,16,
10/10/2024 00:00,COQ,1079.4,12,
10/10/2024 00:00,EC,0,0,
10/10/2024 00:00,EG,0,0,
10/10/2024 00:00,ER,0,0,
10/10/2024 00:00,SFR,0,0,
10/10/2024 00:00,GAE,16365.3,86,
10/10/2024 00:00,GUT,237.3,1,
10/10/2024 00:00,IQ,0,0,
10/10/2024 00:00,LH,0,0,
10/10/2024 00:00,MIX,567,8,
10/10/2024 00:00,PE,0,0,
10/10/2024 00:00,SG,0,0,
10/10/2024 00:00,TOD,1369.2,11,
10/10/2024 00:00,TIN,1664.25,5,
10/10/2024 00:00,TOR,14.7,4,
10/10/2024 00:00,TOTO,165.9,1,
10/10/2024 00:00,KFC,0,13,
10/10/2024 00:00,WSK,1052.1,6,
10/10/2024 00:00,US,0,0,
10/10/2024 00:00,VE,0,0,
10/10/2024 00:00,VIN,0,0,
10/10/2024 00:00,WE,0,0,
11/10/2024 00:00,,0,0,
11/10/2024 00:00,,0,0,
11/10/2024 00:00,AUN,0,0,
11/10/2024 00:00,BNR,0,0,
11/10/2024 00:00,BIR,3991.05,14,
11/10/2024 00:00,BS,0,0,
11/10/2024 00:00,BZ,0,0,
11/10/2024 00:00,CCS,0,0,
11/10/2024 00:00,CAD,3238.2,74,
11/10/2024 00:00,CG,12092.85,72,
11/10/2024 00:00,CMI,517.65,16,
11/10/2024 00:00,COQ,1079.4,12,
11/10/2024 00:00,EC,0,0,
11/10/2024 00:00,EG,0,0,
11/10/2024 00:00,ER,0,0,
11/10/2024 00:00,SFR,0,0,
11/10/2024 00:00,GAE,16417.8,86,
11/10/2024 00:00,GUT,237.3,1,
11/10/2024 00:00,IQ,0,0,
11/10/2024 00:00,LH,0,0,
11/10/2024 00:00,MIX,567,8,
11/10/2024 00:00,PE,0,0,
11/10/2024 00:00,SG,0,0,
11/10/2024 00:00,TOD,1333.5,11,
11/10/2024 00:00,TIN,1664.25,5,
11/10/2024 00:00,TOR,14.7,4,
11/10/2024 00:00,TOTO,178.5,1,
11/10/2024 00:00,KFC,0,12,
11/10/2024 00:00,WSK,1100.4,7,
11/10/2024 00:00,US,0,0,
11/10/2024 00:00,VE,0,0,
11/10/2024 00:00,VIN,0,0,
11/10/2024 00:00,WE,0,0,
12/10/2024 00:00,,0,0,
12/10/2024 00:00,,0,0,
12/10/2024 00:00,AUN,0,0,
12/10/2024 00:00,BNR,0,0,
12/10/2024 00:00,BIR,4216.8,14,
12/10/2024 00:00,BS,0,0,
12/10/2024 00:00,BZ,0,0,
12/10/2024 00:00,CCS,0,0,
12/10/2024 00:00,CAD,3300.15,77,
12/10/2024 00:00,CG,10704.75,72,
12/10/2024 00:00,CMI,100.8,16,
12/10/2024 00:00,COQ,1079.4,12,
12/10/2024 00:00,EC,0,0,
12/10/2024 00:00,EG,0,0,
12/10/2024 00:00,ER,0,0,
12/10/2024 00:00,SFR,0,0,
12/10/2024 00:00,GAE,15731.1,84,
12/10/2024 00:00,GUT,237.3,1,
12/10/2024 00:00,IQ,0,0,
12/10/2024 00:00,LH,0,0,
12/10/2024 00:00,MIX,567,8,
12/10/2024 00:00,PE,0,0,
12/10/2024 00:00,SG,0,0,
12/10/2024 00:00,TOD,1333.5,11,
12/10/2024 00:00,TIN,1664.25,5,
12/10/2024 00:00,TOR,14.7,4,
12/10/2024 00:00,TOTO,156.45,1,
12/10/2024 00:00,KFC,0,13,
12/10/2024 00:00,WSK,1100.4,7,
12/10/2024 00:00,US,0,0,
12/10/2024 00:00,VE,0,0,
12/10/2024 00:00,VIN,0,0,
12/10/2024 00:00,WE,0,0,
13/10/2024 00:00,,0,0,
13/10/2024 00:00,,0,0,
13/10/2024 00:00,AUN,0,0,
13/10/2024 00:00,BNR,0,0,
13/10/2024 00:00,BIR,5189.1,17,
13/10/2024 00:00,BS,0,0,
13/10/2024 00:00,BZ,0,0,
13/10/2024 00:00,CCS,0,0,
13/10/2024 00:00,CAD,3276,74,
13/10/2024 00:00,CG,10194.45,72,
13/10/2024 00:00,CMI,304.5,17,
13/10/2024 00:00,COQ,1079.4,12,
13/10/2024 00:00,EC,0,0,
13/10/2024 00:00,EG,0,0,
13/10/2024 00:00,ER,0,0,
13/10/2024 00:00,SFR,0,0,
13/10/2024 00:00,GAE,15844.5,85,
13/10/2024 00:00,GUT,237.3,1,
13/10/2024 00:00,IQ,0,0,
13/10/2024 00:00,LH,0,0,
13/10/2024 00:00,MIX,567,8,
13/10/2024 00:00,PE,0,0,
13/10/2024 00:00,SG,0,0,
13/10/2024 00:00,TOD,1333.5,11,
13/10/2024 00:00,TIN,1648.5,4,
13/10/2024 00:00,TOR,14.7,4,
13/10/2024 00:00,TOTO,176.4,1,
13/10/2024 00:00,KFC,0,11,
13/10/2024 00:00,WSK,1100.4,7,
13/10/2024 00:00,US,0,0,
13/10/2024 00:00,VE,0,0,
13/10/2024 00:00,VIN,0,0,
13/10/2024 00:00,WE,0,0,
14/10/2024 00:00,,0,0,
14/10/2024 00:00,,0,0,
14/10/2024 00:00,AUN,0,0,
14/10/2024 00:00,BNR,0,0,
14/10/2024 00:00,BIR,5189.1,17,
14/10/2024 00:00,BS,0,0,
14/10/2024 00:00,BZ,0,0,
14/10/2024 00:00,CCS,0,0,
14/10/2024 00:00,CAD,3213,74,
14/10/2024 00:00,CG,10075.8,72,
14/10/2024 00:00,CMI,100.8,16,
14/10/2024 00:00,COQ,1079.4,12,
14/10/2024 00:00,EC,0,0,
14/10/2024 00:00,EG,0,0,
14/10/2024 00:00,ER,0,0,
14/10/2024 00:00,SFR,0,0,
14/10/2024 00:00,GAE,15858.15,85,
14/10/2024 00:00,GUT,237.3,1,
14/10/2024 00:00,IQ,0,0,
14/10/2024 00:00,LH,0,0,
14/10/2024 00:00,MIX,567,8,
14/10/2024 00:00,PE,0,0,
14/10/2024 00:00,SG,0,0,
14/10/2024 00:00,TOD,1404.9,11,
14/10/2024 00:00,TIN,1664.25,5,
14/10/2024 00:00,TOR,14.7,4,
14/10/2024 00:00,TOTO,175.35,1,
14/10/2024 00:00,KFC,0,11,
14/10/2024 00:00,WSK,1100.4,7,
14/10/2024 00:00,US,0,0,
14/10/2024 00:00,VE,0,0,
14/10/2024 00:00,VIN,0,0,
14/10/2024 00:00,WE,0,0,
15/10/2024 00:00,,0,0,
15/10/2024 00:00,,0,0,
15/10/2024 00:00,AUN,0,0,
15/10/2024 00:00,BNR,0,0,
15/10/2024 00:00,BIR,4706.1,16,
15/10/2024 00:00,BS,0,0,
15/10/2024 00:00,BZ,0,0,
15/10/2024 00:00,CCS,0,0,
15/10/2024 00:00,CAD,3245.55,76,
15/10/2024 00:00,CG,10243.8,72,
15/10/2024 00:00,CMI,123.9,14,
15/10/2024 00:00,COQ,1079.4,12,
15/10/2024 00:00,EC,0,0,
15/10/2024 00:00,EG,0,0,
15/10/2024 00:00,ER,0,0,
15/10/2024 00:00,SFR,0,0,
15/10/2024 00:00,GAE,16661.4,88,
15/10/2024 00:00,GUT,237.3,1,
15/10/2024 00:00,IQ,0,0,
15/10/2024 00:00,LH,0,0,
15/10/2024 00:00,MIX,567,8,
15/10/2024 00:00,PE,0,0,
15/10/2024 00:00,SG,0,0,
15/10/2024 00:00,TOD,1333.5,11,
15/10/2024 00:00,TIN,1597.05,4,
15/10/2024 00:00,TOR,14.7,4,
15/10/2024 00:00,TOTO,175.35,1,
15/10/2024 00:00,KFC,0,10,
15/10/2024 00:00,WSK,1100.4,7,
15/10/2024 00:00,US,0,0,
15/10/2024 00:00,VE,0,0,
15/10/2024 00:00,VIN,0,0,
15/10/2024 00:00,WE,0,0,
16/10/2024 00:00,,0,0,
16/10/2024 00:00,,0,0,
16/10/2024 00:00,AUN,0,0,
16/10/2024 00:00,BNR,0,0,
16/10/2024 00:00,BIR,4507.65,16,
16/10/2024 00:00,BS,0,0,
16/10/2024 00:00,BZ,0,0,
16/10/2024 00:00,CCS,0,0,
16/10/2024 00:00,CAD,3200.4,76,
16/10/2024 00:00,CG,10451.7,72,
16/10/2024 00:00,CMI,172.2,16,
16/10/2024 00:00,COQ,1079.4,12,
16/10/2024 00:00,EC,0,0,
16/10/2024 00:00,EG,0,0,
16/10/2024 00:00,ER,0,0,
16/10/2024 00:00,SFR,0,0,
16/10/2024 00:00,GAE,16661.4,88,
16/10/2024 00:00,GUT,237.3,1,
16/10/2024 00:00,IQ,0,0,
16/10/2024 00:00,LH,0,0,
16/10/2024 00:00,MIX,567,8,
16/10/2024 00:00,PE,0,0,
16/10/2024 00:00,SG,0,0,
16/10/2024 00:00,TOD,1333.5,11,
16/10/2024 00:00,TIN,1664.25,5,
16/10/2024 00:00,TOR,14.7,4,
16/10/2024 00:00,TOTO,175.35,1,
16/10/2024 00:00,KFC,0,11,
16/10/2024 00:00,WSK,1100.4,7,
16/10/2024 00:00,US,0,0,
16/10/2024 00:00,VE,0,0,
16/10/2024 00:00,VIN,0,0,
16/10/2024 00:00,WE,0,0,
17/10/2024 00:00,,0,0,
17/10/2024 00:00,,0,0,
17/10/2024 00:00,AUN,0,0,
17/10/2024 00:00,BNR,0,0,
17/10/2024 00:00,BIR,4507.65,16,
17/10/2024 00:00,BS,0,0,
17/10/2024 00:00,BZ,0,0,
17/10/2024 00:00,CCS,0,0,
17/10/2024 00:00,CAD,3204.6,76,
17/10/2024 00:00,CG,9963.45,72,
17/10/2024 00:00,CMI,256.2,16,
17/10/2024 00:00,COQ,1079.4,12,
17/10/2024 00:00,EC,0,0,
17/10/2024 00:00,EG,0,0,
17/10/2024 00:00,ER,0,0,
17/10/2024 00:00,SFR,0,0,
17/10/2024 00:00,GAE,16661.4,88,
17/10/2024 00:00,GUT,237.3,1,
17/10/2024 00:00,IQ,0,0,
17/10/2024 00:00,LH,0,0,
17/10/2024 00:00,MIX,567,8,
17/10/2024 00:00,PE,0,0,
17/10/2024 00:00,SG,0,0,
17/10/2024 00:00,TOD,1333.5,11,
17/10/2024 00:00,TIN,1664.25,5,
17/10/2024 00:00,TOR,204.75,4,
17/10/2024 00:00,TOTO,175.35,1,
17/10/2024 00:00,KFC,0,11,
17/10/2024 00:00,WSK,1098.3,6,
17/10/2024 00:00,US,0,0,
17/10/2024 00:00,VE,0,0,
17/10/2024 00:00,VIN,0,0,
17/10/2024 00:00,WE,0,0,
18/10/2024 00:00,,0,0,
18/10/2024 00:00,,0,0,
18/10/2024 00:00,AUN,0,0,
18/10/2024 00:00,BNR,0,0,
18/10/2024 00:00,BIR,4507.65,16,
18/10/2024 00:00,BS,0,0,
18/10/2024 00:00,BZ,0,0,
18/10/2024 00:00,CCS,0,0,
18/10/2024 00:00,CAD,3218.25,77,
18/10/2024 00:00,CG,9944.55,72,
18/10/2024 00:00,CMI,200.55,16,
18/10/2024 00:00,COQ,1079.4,12,
18/10/2024 00:00,EC,0,0,
18/10/2024 00:00,EG,0,0,
18/10/2024 00:00,ER,0,0,
18/10/2024 00:00,SFR,0,0,
18/10/2024 00:00,GAE,16635.15,86,
18/10/2024 00:00,GUT,237.3,1,
18/10/2024 00:00,IQ,0,0,
18/10/2024 00:00,LH,0,0,
18/10/2024 00:00,MIX,567,8,
18/10/2024 00:00,PE,0,0,
18/10/2024 00:00,SG,0,0,
18/10/2024 00:00,TOD,1333.5,11,
18/10/2024 00:00,TIN,1664.25,5,
18/10/2024 00:00,TOR,271.95,5,
18/10/2024 00:00,TOTO,175.35,1,
18/10/2024 00:00,KFC,8.4,14,
18/10/2024 00:00,WSK,1100.4,7,
18/10/2024 00:00,US,0,0,
18/10/2024 00:00,VE,0,0,
18/10/2024 00:00,VIN,0,0,
18/10/2024 00:00,WE,0,0,
19/10/2024 00:00,,0,0,
19/10/2024 00:00,,0,0,
19/10/2024 00:00,AUN,0,0,
19/10/2024 00:00,BNR,0,0,
19/10/2024 00:00,BIR,4507.65,16,
19/10/2024 00:00,BS,0,0,
19/10/2024 00:00,BZ,0,0,
19/10/2024 00:00,CCS,0,0,
19/10/2024 00:00,CAD,3218.25,77,
19/10/2024 00:00,CG,10005.45,72,
19/10/2024 00:00,CMI,200.55,16,
19/10/2024 00:00,COQ,1100.4,13,
19/10/2024 00:00,EC,0,0,
19/10/2024 00:00,EG,0,0,
19/10/2024 00:00,ER,0,0,
19/10/2024 00:00,SFR,0,0,
19/10/2024 00:00,GAE,16852.5,88,
19/10/2024 00:00,GUT,237.3,1,
19/10/2024 00:00,IQ,0,0,
19/10/2024 00:00,LH,0,0,
19/10/2024 00:00,MIX,567,8,
19/10/2024 00:00,PE,0,0,
19/10/2024 00:00,SG,0,0,
19/10/2024 00:00,TOD,1369.2,11,
19/10/2024 00:00,TIN,1664.25,5,
19/10/2024 00:00,TOR,271.95,5,
19/10/2024 00:00,TOTO,175.35,1,
19/10/2024 00:00,KFC,8.4,13,
19/10/2024 00:00,WSK,1100.4,7,
19/10/2024 00:00,US,0,0,
19/10/2024 00:00,VE,0,0,
19/10/2024 00:00,VIN,0,0,
19/10/2024 00:00,WE,0,0,
20/10/2024 00:00,,0,0,
20/10/2024 00:00,,0,0,
20/10/2024 00:00,AUN,0,0,
20/10/2024 00:00,BNR,0,0,
20/10/2024 00:00,BIR,4507.65,16,
20/10/2024 00:00,BS,0,0,
20/10/2024 00:00,BZ,0,0,
20/10/2024 00:00,CCS,0,0,
20/10/2024 00:00,CAD,3196.2,74,
20/10/2024 00:00,CG,9944.55,72,
20/10/2024 00:00,CMI,200.55,17,
20/10/2024 00:00,COQ,1100.4,13,
20/10/2024 00:00,EC,0,0,
20/10/2024 00:00,EG,0,0,
20/10/2024 00:00,ER,0,0,
20/10/2024 00:00,SFR,0,0,
20/10/2024 00:00,GAE,16583.7,86,
20/10/2024 00:00,GUT,237.3,1,
20/10/2024 00:00,IQ,0,0,
20/10/2024 00:00,LH,0,0,
20/10/2024 00:00,MIX,591.15,8,
20/10/2024 00:00,PE,0,0,
20/10/2024 00:00,SG,0,0,
20/10/2024 00:00,TOD,1333.5,11,
20/10/2024 00:00,TIN,1664.25,5,
20/10/2024 00:00,TOR,271.95,5,
20/10/2024 00:00,TOTO,239.4,1,
20/10/2024 00:00,KFC,8.4,13,
20/10/2024 00:00,WSK,1100.4,7,
20/10/2024 00:00,US,0,0,
20/10/2024 00:00,VE,0,0,
20/10/2024 00:00,VIN,0,0,
20/10/2024 00:00,WE,0,0,
21/10/2024 00:00,,0,0,
21/10/2024 00:00,,0,0,
21/10/2024 00:00,AUN,0,0,
21/10/2024 00:00,BNR,0,0,
21/10/2024 00:00,BIR,4507.65,16,
21/10/2024 00:00,BS,0,0,
21/10/2024 00:00,BZ,0,0,
21/10/2024 00:00,CCS,0,0,
21/10/2024 00:00,CAD,3161.55,74,
21/10/2024 00:00,CG,9958.2,73,
21/10/2024 00:00,CMI,200.55,17,
21/10/2024 00:00,COQ,1100.4,13,
21/10/2024 00:00,EC,0,0,
21/10/2024 00:00,EG,0,0,
21/10/2024 00:00,ER,0,0,
21/10/2024 00:00,SFR,0,0,
21/10/2024 00:00,GAE,16344.3,85,
21/10/2024 00:00,GUT,237.3,1,
21/10/2024 00:00,IQ,0,0,
21/10/2024 00:00,LH,0,0,
21/10/2024 00:00,MIX,567,8,
21/10/2024 00:00,PE,0,0,
21/10/2024 00:00,SG,0,0,
21/10/2024 00:00,TOD,1333.5,11,
21/10/2024 00:00,TIN,1664.25,5,
21/10/2024 00:00,TOR,271.95,5,
21/10/2024 00:00,TOTO,175.35,1,
21/10/2024 00:00,KFC,8.4,13,
21/10/2024 00:00,WSK,1100.4,7,
21/10/2024 00:00,US,0,0,
21/10/2024 00:00,VE,0,0,
21/10/2024 00:00,VIN,0,0,
21/10/2024 00:00,WE,0,0,
22/10/2024 00:00,,0,0,
22/10/2024 00:00,,0,0,
22/10/2024 00:00,AUN,0,0,
22/10/2024 00:00,BNR,0,0,
22/10/2024 00:00,BIR,4468.8,14,
22/10/2024 00:00,BS,0,0,
22/10/2024 00:00,BZ,0,0,
22/10/2024 00:00,CCS,0,0,
22/10/2024 00:00,CAD,3180.45,74,
22/10/2024 00:00,CG,10144.05,72,
22/10/2024 00:00,CMI,200.55,17,
22/10/2024 00:00,COQ,1100.4,13,
22/10/2024 00:00,EC,0,0,
22/10/2024 00:00,EG,0,0,
22/10/2024 00:00,ER,0,0,
22/10/2024 00:00,SFR,0,0,
22/10/2024 00:00,GAE,16406.25,85,
22/10/2024 00:00,GUT,237.3,1,
22/10/2024 00:00,IQ,0,0,
22/10/2024 00:00,LH,0,0,
22/10/2024 00:00,MIX,567,8,
22/10/2024 00:00,PE,0,0,
22/10/2024 00:00,SG,0,0,
22/10/2024 00:00,TOD,1333.5,11,
22/10/2024 00:00,TIN,1664.25,5,
22/10/2024 00:00,TOR,271.95,4,
22/10/2024 00:00,TOTO,153.3,1,
22/10/2024 00:00,KFC,8.4,14,
22/10/2024 00:00,WSK,1100.4,7,
22/10/2024 00:00,US,0,0,
22/10/2024 00:00,VE,0,0,
22/10/2024 00:00,VIN,0,0,
22/10/2024 00:00,WE,0,0,
23/10/2024 00:00,,0,0,
23/10/2024 00:00,,0,0,
23/10/2024 00:00,AUN,0,0,
23/10/2024 00:00,BNR,0,0,
23/10/2024 00:00,BIR,4045.65,14,
23/10/2024 00:00,BS,0,0,
23/10/2024 00:00,BZ,0,0,
23/10/2024 00:00,CCS,0,0,
23/10/2024 00:00,CAD,3182.55,76,
23/10/2024 00:00,CG,10157.7,74,
23/10/2024 00:00,CMI,200.55,17,
23/10/2024 00:00,COQ,1079.4,12,
23/10/2024 00:00,EC,0,0,
23/10/2024 00:00,EG,0,0,
23/10/2024 00:00,ER,0,0,
23/10/2024 00:00,SFR,0,0,
23/10/2024 00:00,GAE,16365.3,85,
23/10/2024 00:00,GUT,237.3,1,
23/10/2024 00:00,IQ,0,0,
23/10/2024 00:00,LH,0,0,
23/10/2024 00:00,MIX,1048.95,8,
23/10/2024 00:00,PE,0,0,
23/10/2024 00:00,SG,0,0,
23/10/2024 00:00,TOD,1333.5,11,
23/10/2024 00:00,TIN,1664.25,5,
23/10/2024 00:00,TOR,271.95,5,
23/10/2024 00:00,TOTO,280.35,2,
23/10/2024 00:00,KFC,8.4,14,
23/10/2024 00:00,WSK,1100.4,7,
23/10/2024 00:00,US,0,0,
23/10/2024 00:00,VE,0,0,
23/10/2024 00:00,VIN,0,0,
23/10/2024 00:00,WE,0,0,
24/10/2024 00:00,,0,0,
24/10/2024 00:00,,0,0,
24/10/2024 00:00,AUN,0,0,
24/10/2024 00:00,BNR,0,0,
24/10/2024 00:00,BIR,4045.65,14,
24/10/2024 00:00,BS,0,0,
24/10/2024 00:00,BZ,0,0,
24/10/2024 00:00,CCS,0,0,
24/10/2024 00:00,CAD,3155.25,72,
24/10/2024 00:00,CG,10529.4,72,
24/10/2024 00:00,CMI,200.55,17,
24/10/2024 00:00,COQ,1079.4,12,
24/10/2024 00:00,EC,0,0,
24/10/2024 00:00,EG,0,0,
24/10/2024 00:00,ER,0,0,
24/10/2024 00:00,SFR,0,0,
24/10/2024 00:00,GAE,16344.3,85,
24/10/2024 00:00,GUT,237.3,1,
24/10/2024 00:00,IQ,0,0,
24/10/2024 00:00,LH,0,0,
24/10/2024 00:00,MIX,1278.9,10,
24/10/2024 00:00,PE,0,0,
24/10/2024 00:00,SG,0,0,
24/10/2024 00:00,TOD,1333.5,11,
24/10/2024 00:00,TIN,1664.25,5,
24/10/2024 00:00,TOR,271.95,5,
24/10/2024 00:00,TOTO,364.35,4,
24/10/2024 00:00,KFC,8.4,16,
24/10/2024 00:00,WSK,1100.4,7,
24/10/2024 00:00,US,0,0,
24/10/2024 00:00,VE,0,0,
24/10/2024 00:00,VIN,0,0,
24/10/2024 00:00,WE,0,0,
25/10/2024 00:00,,0,0,
25/10/2024 00:00,,0,0,
25/10/2024 00:00,AUN,0,0,
25/10/2024 00:00,BNR,0,0,
25/10/2024 00:00,BIR,4045.65,14,
25/10/2024 00:00,BS,0,0,
25/10/2024 00:00,BZ,0,0,
25/10/2024 00:00,CCS,0,0,
25/10/2024 00:00,CAD,3177.3,74,
25/10/2024 00:00,CG,10088.4,71,
25/10/2024 00:00,CMI,200.55,17,
25/10/2024 00:00,COQ,1079.4,12,
25/10/2024 00:00,EC,0,0,
25/10/2024 00:00,EG,0,0,
25/10/2024 00:00,ER,0,0,
25/10/2024 00:00,SFR,0,0,
25/10/2024 00:00,GAE,16516.5,86,
25/10/2024 00:00,GUT,237.3,1,
25/10/2024 00:00,IQ,0,0,
25/10/2024 00:00,LH,0,0,
25/10/2024 00:00,MIX,945,8,
25/10/2024 00:00,PE,0,0,
25/10/2024 00:00,SG,0,0,
25/10/2024 00:00,TOD,1333.5,11,
25/10/2024 00:00,TIN,1664.25,5,
25/10/2024 00:00,TOR,271.95,5,
25/10/2024 00:00,TOTO,364.35,4,
25/10/2024 00:00,KFC,8.4,14,
25/10/2024 00:00,WSK,1100.4,7,
25/10/2024 00:00,US,0,0,
25/10/2024 00:00,VE,0,0,
25/10/2024 00:00,VIN,0,0,
25/10/2024 00:00,WE,0,0,
26/10/2024 00:00,,0,0,
26/10/2024 00:00,,0,0,
26/10/2024 00:00,AUN,0,0,
26/10/2024 00:00,BNR,0,0,
26/10/2024 00:00,BIR,3942.75,13,
26/10/2024 00:00,BS,0,0,
26/10/2024 00:00,BZ,0,0,
26/10/2024 00:00,CCS,0,0,
26/10/2024 00:00,CAD,3129,72,
26/10/2024 00:00,CG,10025.4,71,
26/10/2024 00:00,CMI,200.55,17,
26/10/2024 00:00,COQ,1079.4,12,
26/10/2024 00:00,EC,0,0,
26/10/2024 00:00,EG,0,0,
26/10/2024 00:00,ER,0,0,
26/10/2024 00:00,SFR,0,0,
26/10/2024 00:00,GAE,16503.9,85,
26/10/2024 00:00,GUT,237.3,1,
26/10/2024 00:00,IQ,0,0,
26/10/2024 00:00,LH,0,0,
26/10/2024 00:00,MIX,567,8,
26/10/2024 00:00,PE,0,0,
26/10/2024 00:00,SG,0,0,
26/10/2024 00:00,TOD,1333.5,11,
26/10/2024 00:00,TIN,1664.25,5,
26/10/2024 00:00,TOR,271.95,5,
26/10/2024 00:00,TOTO,364.35,4,
26/10/2024 00:00,KFC,8.4,13,
26/10/2024 00:00,WSK,1100.4,7,
26/10/2024 00:00,US,0,0,
26/10/2024 00:00,VE,0,0,
26/10/2024 00:00,VIN,0,0,
26/10/2024 00:00,WE,0,0,
27/10/2024 00:00,,0,0,
27/10/2024 00:00,,0,0,
27/10/2024 00:00,AUN,0,0,
27/10/2024 00:00,BNR,0,0,
27/10/2024 00:00,BIR,3942.75,13,
27/10/2024 00:00,BS,0,0,
27/10/2024 00:00,BZ,0,0,
27/10/2024 00:00,CCS,0,0,
27/10/2024 00:00,CAD,3159.45,74,
27/10/2024 00:00,CG,10144.05,72,
27/10/2024 00:00,CMI,200.55,17,
27/10/2024 00:00,COQ,1079.4,12,
27/10/2024 00:00,EC,0,0,
27/10/2024 00:00,EG,0,0,
27/10/2024 00:00,ER,0,0,
27/10/2024 00:00,SFR,0,0,
27/10/2024 00:00,GAE,16480.8,85,
27/10/2024 00:00,GUT,237.3,1,
27/10/2024 00:00,IQ,0,0,
27/10/2024 00:00,LH,0,0,
27/10/2024 00:00,MIX,567,8,
27/10/2024 00:00,PE,0,0,
27/10/2024 00:00,SG,0,0,
27/10/2024 00:00,TOD,1333.5,11,
27/10/2024 00:00,TIN,1664.25,5,
27/10/2024 00:00,TOR,166.95,4,
27/10/2024 00:00,TOTO,347.55,2,
27/10/2024 00:00,KFC,0,10,
27/10/2024 00:00,WSK,0,0,
27/10/2024 00:00,US,0,0,
27/10/2024 00:00,VE,0,0,
27/10/2024 00:00,VIN,0,0,
27/10/2024 00:00,WE,0,0,
28/10/2024 00:00,,0,0,
28/10/2024 00:00,,0,0,
28/10/2024 00:00,AUN,0,0,
28/10/2024 00:00,BNR,0,0,
28/10/2024 00:00,BIR,3942.75,13,
28/10/2024 00:00,BS,0,0,
28/10/2024 00:00,BZ,0,0,
28/10/2024 00:00,CCS,0,0,
28/10/2024 00:00,CAD,3414.6,78,
28/10/2024 00:00,CG,9886.8,71,
28/10/2024 00:00,CMI,200.55,16,
28/10/2024 00:00,COQ,1079.4,12,
28/10/2024 00:00,EC,0,0,
28/10/2024 00:00,EG,0,0,
28/10/2024 00:00,ER,0,0,
28/10/2024 00:00,SFR,0,0,
28/10/2024 00:00,GAE,16344.3,85,
28/10/2024 00:00,GUT,237.3,1,
28/10/2024 00:00,IQ,0,0,
28/10/2024 00:00,LH,0,0,
28/10/2024 00:00,MIX,567,8,
28/10/2024 00:00,PE,0,0,
28/10/2024 00:00,SG,0,0,
28/10/2024 00:00,TOD,1333.5,11,
28/10/2024 00:00,TIN,1664.25,5,
28/10/2024 00:00,TOR,14.7,4,
28/10/2024 00:00,TOTO,234.15,2,
28/10/2024 00:00,KFC,0,11,
28/10/2024 00:00,WSK,867.3,6,
28/10/2024 00:00,US,0,0,
28/10/2024 00:00,VE,0,0,
28/10/2024 00:00,VIN,0,0,
28/10/2024 00:00,WE,0,0,
29/10/2024 00:00,,0,0,
29/10/2024 00:00,,0,0,
29/10/2024 00:00,AUN,0,0,
29/10/2024 00:00,BNR,0,0,
29/10/2024 00:00,BIR,3942.75,13,
29/10/2024 00:00,BS,0,0,
29/10/2024 00:00,BZ,0,0,
29/10/2024 00:00,CCS,0,0,
29/10/2024 00:00,CAD,3375.75,77,
29/10/2024 00:00,CG,9886.8,71,
29/10/2024 00:00,CMI,200.55,17,
29/10/2024 00:00,COQ,1079.4,12,
29/10/2024 00:00,EC,0,0,
29/10/2024 00:00,EG,0,0,
29/10/2024 00:00,ER,0,0,
29/10/2024 00:00,SFR,0,0,
29/10/2024 00:00,GAE,16856.7,85,
29/10/2024 00:00,GUT,237.3,1,
29/10/2024 00:00,IQ,0,0,
29/10/2024 00:00,LH,0,0,
29/10/2024 00:00,MIX,567,8,
29/10/2024 00:00,PE,0,0,
29/10/2024 00:00,SG,0,0,
29/10/2024 00:00,TOD,1333.5,11,
29/10/2024 00:00,TIN,1664.25,5,
29/10/2024 00:00,TOR,14.7,4,
29/10/2024 00:00,TOTO,234.15,2,
29/10/2024 00:00,KFC,0,12,
29/10/2024 00:00,WSK,1051.05,6,
29/10/2024 00:00,US,0,0,
29/10/2024 00:00,VE,0,0,
29/10/2024 00:00,VIN,0,0,
29/10/2024 00:00,WE,0,0,
30/10/2024 00:00,,0,0,
30/10/2024 00:00,,0,0,
30/10/2024 00:00,AUN,0,0,
30/10/2024 00:00,BNR,0,0,
30/10/2024 00:00,BIR,3942.75,13,
30/10/2024 00:00,BS,0,0,
30/10/2024 00:00,BZ,0,0,
30/10/2024 00:00,CCS,0,0,
30/10/2024 00:00,CAD,3547.95,79,
30/10/2024 00:00,CG,9895.2,71,
30/10/2024 00:00,CMI,200.55,17,
30/10/2024 00:00,COQ,1079.4,12,
30/10/2024 00:00,EC,0,0,
30/10/2024 00:00,EG,0,0,
30/10/2024 00:00,ER,0,0,
30/10/2024 00:00,SFR,0,0,
30/10/2024 00:00,GAE,16478.7,86,
30/10/2024 00:00,GUT,237.3,1,
30/10/2024 00:00,IQ,0,0,
30/10/2024 00:00,LH,0,0,
30/10/2024 00:00,MIX,567,8,
30/10/2024 00:00,PE,0,0,
30/10/2024 00:00,SG,0,0,
30/10/2024 00:00,TOD,1333.5,11,
30/10/2024 00:00,TIN,1664.25,5,
30/10/2024 00:00,TOR,14.7,4,
30/10/2024 00:00,TOTO,296.1,5,
30/10/2024 00:00,KFC,0,10,
30/10/2024 00:00,WSK,1415.4,6,
30/10/2024 00:00,US,0,0,
30/10/2024 00:00,VE,0,0,
30/10/2024 00:00,VIN,0,0,
30/10/2024 00:00,WE,0,0,
31/10/2024 00:00,,0,0,
31/10/2024 00:00,,0,0,
31/10/2024 00:00,AUN,0,0,
31/10/2024 00:00,BNR,0,0,
31/10/2024 00:00,BIR,3942.75,13,
31/10/2024 00:00,BS,0,0,
31/10/2024 00:00,BZ,0,0,
31/10/2024 00:00,CCS,0,0,
31/10/2024 00:00,CAD,3570,80,
31/10/2024 00:00,CG,9821.7,70,
31/10/2024 00:00,CMI,216.3,16,
31/10/2024 00:00,COQ,1079.4,12,
31/10/2024 00:00,EC,0,0,
31/10/2024 00:00,EG,0,0,
31/10/2024 00:00,ER,0,0,
31/10/2024 00:00,SFR,0,0,
31/10/2024 00:00,GAE,16478.7,86,
31/10/2024 00:00,GUT,237.3,1,
31/10/2024 00:00,IQ,0,0,
31/10/2024 00:00,LH,0,0,
31/10/2024 00:00,MIX,567,8,
31/10/2024 00:00,PE,0,0,
31/10/2024 00:00,SG,0,0,
31/10/2024 00:00,TOD,1333.5,11,
31/10/2024 00:00,TIN,1664.25,5,
31/10/2024 00:00,TOR,14.7,4,
31/10/2024 00:00,TOTO,296.1,5,
31/10/2024 00:00,KFC,0,11,
31/10/2024 00:00,WSK,1414.35,7,
31/10/2024 00:00,US,0,0,
31/10/2024 00:00,VE,0,0,
31/10/2024 00:00,VIN,0,0,
31/10/2024 00:00,WE,0,0,
01/11/2024 00:00,,0,0,
01/11/2024 00:00,,0,0,
01/11/2024 00:00,AUN,0,0,
01/11/2024 00:00,BNR,0,0,
01/11/2024 00:00,BIR,4288.2,14,
01/11/2024 00:00,BS,0,0,
01/11/2024 00:00,BZ,0,0,
01/11/2024 00:00,CCS,0,0,
01/11/2024 00:00,CAD,3549,79,
01/11/2024 00:00,CG,9746.1,68,
01/11/2024 00:00,CMI,227.85,17,
01/11/2024 00:00,COQ,1079.4,12,
01/11/2024 00:00,EC,0,0,
01/11/2024 00:00,EG,0,0,
01/11/2024 00:00,ER,0,0,
01/11/2024 00:00,SFR,0,0,
01/11/2024 00:00,GAE,16478.7,86,
01/11/2024 00:00,GUT,237.3,1,
01/11/2024 00:00,IQ,0,0,
01/11/2024 00:00,LH,0,0,
01/11/2024 00:00,MIX,567,8,
01/11/2024 00:00,PE,0,0,
01/11/2024 00:00,SG,0,0,
01/11/2024 00:00,TOD,1333.5,11,
01/11/2024 00:00,TIN,1821.75,5,
01/11/2024 00:00,TOR,2.1,2,
01/11/2024 00:00,TOTO,296.1,5,
01/11/2024 00:00,KFC,0,13,
01/11/2024 00:00,WSK,1249.5,8,
01/11/2024 00:00,US,0,0,
01/11/2024 00:00,VE,0,0,
01/11/2024 00:00,VIN,0,0,
01/11/2024 00:00,WE,0,0,
02/11/2024 00:00,,0,0,
02/11/2024 00:00,,0,0,
02/11/2024 00:00,AUN,0,0,
02/11/2024 00:00,BNR,0,0,
02/11/2024 00:00,BIR,4649.4,14,
02/11/2024 00:00,BS,0,0,
02/11/2024 00:00,BZ,0,0,
02/11/2024 00:00,CCS,0,0,
02/11/2024 00:00,CAD,3662.4,79,
02/11/2024 00:00,CG,9688.35,68,
02/11/2024 00:00,CMI,227.85,17,
02/11/2024 00:00,COQ,1079.4,12,
02/11/2024 00:00,EC,0,0,
02/11/2024 00:00,EG,0,0,
02/11/2024 00:00,ER,0,0,
02/11/2024 00:00,SFR,0,0,
02/11/2024 00:00,GAE,16707.6,88,
02/11/2024 00:00,GUT,237.3,1,
02/11/2024 00:00,IQ,0,0,
02/11/2024 00:00,LH,0,0,
02/11/2024 00:00,MIX,567,8,
02/11/2024 00:00,PE,0,0,
02/11/2024 00:00,SG,0,0,
02/11/2024 00:00,TOD,1333.5,11,
02/11/2024 00:00,TIN,1863.75,6,
02/11/2024 00:00,TOR,2.1,2,
02/11/2024 00:00,TOTO,296.1,5,
02/11/2024 00:00,KFC,0,13,
02/11/2024 00:00,WSK,1249.5,8,
02/11/2024 00:00,US,0,0,
02/11/2024 00:00,VE,0,0,
02/11/2024 00:00,VIN,0,0,
02/11/2024 00:00,WE,0,0,
03/11/2024 00:00,,0,0,
03/11/2024 00:00,,0,0,
03/11/2024 00:00,AUN,0,0,
03/11/2024 00:00,BNR,0,0,
03/11/2024 00:00,BIR,4288.2,14,
03/11/2024 00:00,BS,0,0,
03/11/2024 00:00,BZ,0,0,
03/11/2024 00:00,CCS,0,0,
03/11/2024 00:00,CAD,3620.4,82,
03/11/2024 00:00,CG,9712.5,68,
03/11/2024 00:00,CMI,227.85,17,
03/11/2024 00:00,COQ,1098.3,12,
03/11/2024 00:00,EC,0,0,
03/11/2024 00:00,EG,0,0,
03/11/2024 00:00,ER,0,0,
03/11/2024 00:00,SFR,0,0,
03/11/2024 00:00,GAE,16895.55,89,
03/11/2024 00:00,GUT,237.3,1,
03/11/2024 00:00,IQ,0,0,
03/11/2024 00:00,LH,0,0,
03/11/2024 00:00,MIX,567,8,
03/11/2024 00:00,PE,0,0,
03/11/2024 00:00,SG,0,0,
03/11/2024 00:00,TOD,1333.5,11,
03/11/2024 00:00,TIN,1863.75,6,
03/11/2024 00:00,TOR,2.1,2,
03/11/2024 00:00,TOTO,296.1,5,
03/11/2024 00:00,KFC,3.15,13,
03/11/2024 00:00,WSK,1249.5,8,
03/11/2024 00:00,US,0,0,
03/11/2024 00:00,VE,0,0,
03/11/2024 00:00,VIN,0,0,
03/11/2024 00:00,WE,0,0,
04/11/2024 00:00,,0,0,
04/11/2024 00:00,,0,0,
04/11/2024 00:00,AUN,0,0,
04/11/2024 00:00,BNR,0,0,
04/11/2024 00:00,BIR,4288.2,14,
04/11/2024 00:00,BS,0,0,
04/11/2024 00:00,BZ,0,0,
04/11/2024 00:00,CCS,0,0,
04/11/2024 00:00,CAD,3579.45,82,
04/11/2024 00:00,CG,9931.95,71,
04/11/2024 00:00,CMI,227.85,17,
04/11/2024 00:00,COQ,1114.05,13,
04/11/2024 00:00,EC,0,0,
04/11/2024 00:00,EG,0,0,
04/11/2024 00:00,ER,0,0,
04/11/2024 00:00,SFR,0,0,
04/11/2024 00:00,GAE,16906.05,90,
04/11/2024 00:00,GUT,237.3,1,
04/11/2024 00:00,IQ,0,0,
04/11/2024 00:00,LH,0,0,
04/11/2024 00:00,MIX,567,8,
04/11/2024 00:00,PE,0,0,
04/11/2024 00:00,SG,0,0,
04/11/2024 00:00,TOD,1333.5,11,
04/11/2024 00:00,TIN,1863.75,6,
04/11/2024 00:00,TOR,2.1,1,
04/11/2024 00:00,TOTO,212.1,4,
04/11/2024 00:00,KFC,0,13,
04/11/2024 00:00,WSK,1249.5,8,
04/11/2024 00:00,US,0,0,
04/11/2024 00:00,VE,0,0,
04/11/2024 00:00,VIN,0,0,
04/11/2024 00:00,WE,0,0,
05/11/2024 00:00,,0,0,
05/11/2024 00:00,,0,0,
05/11/2024 00:00,AUN,0,0,
05/11/2024 00:00,BNR,0,0,
05/11/2024 00:00,BIR,4288.2,14,
05/11/2024 00:00,BS,0,0,
05/11/2024 00:00,BZ,0,0,
05/11/2024 00:00,CCS,0,0,
05/11/2024 00:00,CAD,3523.8,78,
05/11/2024 00:00,CG,9840.6,71,
05/11/2024 00:00,CMI,301.35,16,
05/11/2024 00:00,COQ,1114.05,13,
05/11/2024 00:00,EC,0,0,
05/11/2024 00:00,EG,0,0,
05/11/2024 00:00,ER,0,0,
05/11/2024 00:00,SFR,0,0,
05/11/2024 00:00,GAE,17991.75,94,
05/11/2024 00:00,GUT,237.3,1,
05/11/2024 00:00,IQ,0,0,
05/11/2024 00:00,LH,0,0,
05/11/2024 00:00,MIX,567,8,
05/11/2024 00:00,PE,0,0,
05/11/2024 00:00,SG,0,0,
05/11/2024 00:00,TOD,1333.5,11,
05/11/2024 00:00,TIN,1863.75,6,
05/11/2024 00:00,TOR,2.1,2,
05/11/2024 00:00,TOTO,212.1,4,
05/11/2024 00:00,KFC,0,12,
05/11/2024 00:00,WSK,1249.5,8,
05/11/2024 00:00,US,0,0,
05/11/2024 00:00,VE,0,0,
05/11/2024 00:00,VIN,0,0,
05/11/2024 00:00,WE,0,0,
06/11/2024 00:00,,0,0,
06/11/2024 00:00,,0,0,
06/11/2024 00:00,AUN,0,0,
06/11/2024 00:00,BNR,0,0,
06/11/2024 00:00,BIR,4288.2,14,
06/11/2024 00:00,BS,0,0,
06/11/2024 00:00,BZ,0,0,
06/11/2024 00:00,CCS,0,0,
06/11/2024 00:00,CAD,3502.8,80,
06/11/2024 00:00,CG,9803.85,71,
06/11/2024 00:00,CMI,800.1,17,
06/11/2024 00:00,COQ,1114.05,13,
06/11/2024 00:00,EC,0,0,
06/11/2024 00:00,EG,0,0,
06/11/2024 00:00,ER,0,0,
06/11/2024 00:00,SFR,0,0,
06/11/2024 00:00,GAE,17270.4,91,
06/11/2024 00:00,GUT,237.3,1,
06/11/2024 00:00,IQ,0,0,
06/11/2024 00:00,LH,0,0,
06/11/2024 00:00,MIX,567,10,
06/11/2024 00:00,PE,0,0,
06/11/2024 00:00,SG,0,0,
06/11/2024 00:00,TOD,1333.5,11,
06/11/2024 00:00,TIN,1768.2,5,
06/11/2024 00:00,TOR,2.1,2,
06/11/2024 00:00,TOTO,212.1,4,
06/11/2024 00:00,KFC,0,14,
06/11/2024 00:00,WSK,1249.5,8,
06/11/2024 00:00,US,0,0,
06/11/2024 00:00,VE,0,0,
06/11/2024 00:00,VIN,0,0,
06/11/2024 00:00,WE,0,0,
07/11/2024 00:00,,0,0,
07/11/2024 00:00,,0,0,
07/11/2024 00:00,AUN,0,0,
07/11/2024 00:00,BNR,0,0,
07/11/2024 00:00,BIR,4288.2,14,
07/11/2024 00:00,BS,0,0,
07/11/2024 00:00,BZ,0,0,
07/11/2024 00:00,CCS,0,0,
07/11/2024 00:00,CAD,3382.05,80,
07/11/2024 00:00,CG,9798.6,71,
07/11/2024 00:00,CMI,1065.75,18,
07/11/2024 00:00,COQ,1114.05,13,
07/11/2024 00:00,EC,0,0,
07/11/2024 00:00,EG,0,0,
07/11/2024 00:00,ER,0,0,
07/11/2024 00:00,SFR,0,0,
07/11/2024 00:00,GAE,16642.5,90,
07/11/2024 00:00,GUT,237.3,1,
07/11/2024 00:00,IQ,0,0,
07/11/2024 00:00,LH,0,0,
07/11/2024 00:00,MIX,644.7,11,
07/11/2024 00:00,PE,0,0,
07/11/2024 00:00,SG,0,0,
07/11/2024 00:00,TOD,1333.5,11,
07/11/2024 00:00,TIN,1716.75,5,
07/11/2024 00:00,TOR,2.1,2,
07/11/2024 00:00,TOTO,212.1,4,
07/11/2024 00:00,KFC,0,14,
07/11/2024 00:00,WSK,1248.45,7,
07/11/2024 00:00,US,0,0,
07/11/2024 00:00,VE,0,0,
07/11/2024 00:00,VIN,0,0,
07/11/2024 00:00,WE,0,0,
08/11/2024 00:00,,0,0,
08/11/2024 00:00,,0,0,
08/11/2024 00:00,AUN,0,0,
08/11/2024 00:00,BNR,0,0,
08/11/2024 00:00,BIR,4288.2,14,
08/11/2024 00:00,BS,0,0,
08/11/2024 00:00,BZ,0,0,
08/11/2024 00:00,CCS,0,0,
08/11/2024 00:00,CAD,3377.85,80,
08/11/2024 00:00,CG,9798.6,71,
08/11/2024 00:00,CMI,1019.55,18,
08/11/2024 00:00,COQ,1114.05,13,
08/11/2024 00:00,EC,0,0,
08/11/2024 00:00,EG,0,0,
08/11/2024 00:00,ER,0,0,
08/11/2024 00:00,SFR,0,0,
08/11/2024 00:00,GAE,16182.6,91,
08/11/2024 00:00,GUT,237.3,1,
08/11/2024 00:00,IQ,0,0,
08/11/2024 00:00,LH,0,0,
08/11/2024 00:00,MIX,644.7,11,
08/11/2024 00:00,PE,0,0,
08/11/2024 00:00,SG,0,0,
08/11/2024 00:00,TOD,1333.5,11,
08/11/2024 00:00,TIN,1716.75,5,
08/11/2024 00:00,TOR,2.1,1,
08/11/2024 00:00,TOTO,212.1,4,
08/11/2024 00:00,KFC,0,13,
08/11/2024 00:00,WSK,1162.35,7,
08/11/2024 00:00,US,0,0,
08/11/2024 00:00,VE,0,0,
08/11/2024 00:00,VIN,0,0,
08/11/2024 00:00,WE,0,0,
09/11/2024 00:00,,0,0,
09/11/2024 00:00,,0,0,
09/11/2024 00:00,AUN,0,0,
09/11/2024 00:00,BNR,0,0,
09/11/2024 00:00,BIR,4327.05,14,
09/11/2024 00:00,BS,0,0,
09/11/2024 00:00,BZ,0,0,
09/11/2024 00:00,CCS,0,0,
09/11/2024 00:00,CAD,3292.8,79,
09/11/2024 00:00,CG,9798.6,71,
09/11/2024 00:00,CMI,1019.55,18,
09/11/2024 00:00,COQ,1114.05,13,
09/11/2024 00:00,EC,0,0,
09/11/2024 00:00,EG,0,0,
09/11/2024 00:00,ER,0,0,
09/11/2024 00:00,SFR,0,0,
09/11/2024 00:00,GAE,16124.85,89,
09/11/2024 00:00,GUT,237.3,1,
09/11/2024 00:00,IQ,0,0,
09/11/2024 00:00,LH,0,0,
09/11/2024 00:00,MIX,795.9,11,
09/11/2024 00:00,PE,0,0,
09/11/2024 00:00,SG,0,0,
09/11/2024 00:00,TOD,1333.5,11,
09/11/2024 00:00,TIN,1716.75,5,
09/11/2024 00:00,TOR,2.1,2,
09/11/2024 00:00,TOTO,212.1,4,
09/11/2024 00:00,KFC,0,12,
09/11/2024 00:00,WSK,1002.75,7,
09/11/2024 00:00,US,0,0,
09/11/2024 00:00,VE,0,0,
09/11/2024 00:00,VIN,0,0,
09/11/2024 00:00,WE,0,0,
10/11/2024 00:00,,0,0,
10/11/2024 00:00,,0,0,
10/11/2024 00:00,AUN,0,0,
10/11/2024 00:00,BNR,0,0,
10/11/2024 00:00,BIR,4706.1,16,
10/11/2024 00:00,BS,0,0,
10/11/2024 00:00,BZ,0,0,
10/11/2024 00:00,CCS,0,0,
10/11/2024 00:00,CAD,3256.05,78,
10/11/2024 00:00,CG,10378.2,72,
10/11/2024 00:00,CMI,1034.25,18,
10/11/2024 00:00,COQ,889.35,12,
10/11/2024 00:00,EC,0,0,
10/11/2024 00:00,EG,0,0,
10/11/2024 00:00,ER,0,0,
10/11/2024 00:00,SFR,0,0,
10/11/2024 00:00,GAE,16183.65,91,
10/11/2024 00:00,GUT,237.3,1,
10/11/2024 00:00,IQ,0,0,
10/11/2024 00:00,LH,0,0,
10/11/2024 00:00,MIX,791.7,11,
10/11/2024 00:00,PE,0,0,
10/11/2024 00:00,SG,0,0,
10/11/2024 00:00,TOD,1333.5,11,
10/11/2024 00:00,TIN,1716.75,5,
10/11/2024 00:00,TOR,2.1,2,
10/11/2024 00:00,TOTO,212.1,4,
10/11/2024 00:00,KFC,11.55,16,
10/11/2024 00:00,WSK,1002.75,7,
10/11/2024 00:00,US,0,0,
10/11/2024 00:00,VE,0,0,
10/11/2024 00:00,VIN,0,0,
10/11/2024 00:00,WE,0,0,
11/11/2024 00:00,,0,0,
11/11/2024 00:00,,0,0,
11/11/2024 00:00,AUN,0,0,
11/11/2024 00:00,BNR,0,0,
11/11/2024 00:00,BIR,4706.1,16,
11/11/2024 00:00,BS,0,0,
11/11/2024 00:00,BZ,0,0,
11/11/2024 00:00,CCS,0,0,
11/11/2024 00:00,CAD,3857.7,77,
11/11/2024 00:00,CG,10088.4,71,
11/11/2024 00:00,CMI,1019.55,18,
11/11/2024 00:00,COQ,889.35,12,
11/11/2024 00:00,EC,0,0,
11/11/2024 00:00,EG,0,0,
11/11/2024 00:00,ER,0,0,
11/11/2024 00:00,SFR,0,0,
11/11/2024 00:00,GAE,16254,92,
11/11/2024 00:00,GUT,237.3,1,
11/11/2024 00:00,IQ,0,0,
11/11/2024 00:00,LH,0,0,
11/11/2024 00:00,MIX,1171.8,11,
11/11/2024 00:00,PE,0,0,
11/11/2024 00:00,SG,0,0,
11/11/2024 00:00,TOD,1333.5,11,
11/11/2024 00:00,TIN,1716.75,5,
11/11/2024 00:00,TOR,2.1,2,
11/11/2024 00:00,TOTO,212.1,4,
11/11/2024 00:00,KFC,0,13,
11/11/2024 00:00,WSK,983.85,6,
11/11/2024 00:00,US,0,0,
11/11/2024 00:00,VE,0,0,
11/11/2024 00:00,VIN,0,0,
11/11/2024 00:00,WE,0,0,
12/11/2024 00:00,,0,0,
12/11/2024 00:00,,0,0,
12/11/2024 00:00,AUN,0,0,
12/11/2024 00:00,BNR,0,0,
12/11/2024 00:00,BIR,4706.1,16,
12/11/2024 00:00,BS,0,0,
12/11/2024 00:00,BZ,0,0,
12/11/2024 00:00,CCS,0,0,
12/11/2024 00:00,CAD,5485.2,80,
12/11/2024 00:00,CG,9707.25,70,
12/11/2024 00:00,CMI,1019.55,18,
12/11/2024 00:00,COQ,889.35,12,
12/11/2024 00:00,EC,0,0,
12/11/2024 00:00,EG,0,0,
12/11/2024 00:00,ER,0,0,
12/11/2024 00:00,SFR,0,0,
12/11/2024 00:00,GAE,16579.5,92,
12/11/2024 00:00,GUT,237.3,1,
12/11/2024 00:00,IQ,0,0,
12/11/2024 00:00,LH,0,0,
12/11/2024 00:00,MIX,1159.2,11,
12/11/2024 00:00,PE,0,0,
12/11/2024 00:00,SG,0,0,
12/11/2024 00:00,TOD,1333.5,11,
12/11/2024 00:00,TIN,1517.25,4,
12/11/2024 00:00,TOR,2.1,2,
12/11/2024 00:00,TOTO,542.85,5,
12/11/2024 00:00,KFC,0,14,
12/11/2024 00:00,WSK,939.75,6,
12/11/2024 00:00,US,0,0,
12/11/2024 00:00,VE,0,0,
12/11/2024 00:00,VIN,0,0,
12/11/2024 00:00,WE,0,0,
13/11/2024 00:00,,0,0,
13/11/2024 00:00,,0,0,
13/11/2024 00:00,AUN,0,0,
13/11/2024 00:00,BNR,0,0,
13/11/2024 00:00,BIR,4706.1,16,
13/11/2024 00:00,BS,0,0,
13/11/2024 00:00,BZ,0,0,
13/11/2024 00:00,CCS,0,0,
13/11/2024 00:00,CAD,4753.35,79,
13/11/2024 00:00,CG,9711.45,71,
13/11/2024 00:00,CMI,1019.55,18,
13/11/2024 00:00,COQ,889.35,12,
13/11/2024 00:00,EC,0,0,
13/11/2024 00:00,EG,0,0,
13/11/2024 00:00,ER,0,0,
13/11/2024 00:00,SFR,0,0,
13/11/2024 00:00,GAE,16743.3,92,
13/11/2024 00:00,GUT,237.3,1,
13/11/2024 00:00,IQ,0,0,
13/11/2024 00:00,LH,0,0,
13/11/2024 00:00,MIX,1219.05,12,
13/11/2024 00:00,PE,0,0,
13/11/2024 00:00,SG,0,0,
13/11/2024 00:00,TOD,1236.9,10,
13/11/2024 00:00,TIN,1517.25,4,
13/11/2024 00:00,TOR,2.1,2,
13/11/2024 00:00,TOTO,542.85,5,
13/11/2024 00:00,KFC,0,14,
13/11/2024 00:00,WSK,939.75,7,
13/11/2024 00:00,US,0,0,
13/11/2024 00:00,VE,0,0,
13/11/2024 00:00,VIN,0,0,
13/11/2024 00:00,WE,0,0,
14/11/2024 00:00,,0,0,
14/11/2024 00:00,,0,0,
14/11/2024 00:00,AUN,0,0,
14/11/2024 00:00,BNR,0,0,
14/11/2024 00:00,BIR,4706.1,16,
14/11/2024 00:00,BS,0,0,
14/11/2024 00:00,BZ,0,0,
14/11/2024 00:00,CCS,0,0,
14/11/2024 00:00,CAD,4699.8,76,
14/11/2024 00:00,CG,9707.25,70,
14/11/2024 00:00,CMI,1019.55,18,
14/11/2024 00:00,COQ,889.35,12,
14/11/2024 00:00,EC,0,0,
14/11/2024 00:00,EG,0,0,
14/11/2024 00:00,ER,0,0,
14/11/2024 00:00,SFR,0,0,
14/11/2024 00:00,GAE,13978.65,90,
14/11/2024 00:00,GUT,237.3,1,
14/11/2024 00:00,IQ,0,0,
14/11/2024 00:00,LH,0,0,
14/11/2024 00:00,MIX,1219.05,12,
14/11/2024 00:00,PE,0,0,
14/11/2024 00:00,SG,0,0,
14/11/2024 00:00,TOD,1168.65,10,
14/11/2024 00:00,TIN,1517.25,4,
14/11/2024 00:00,TOR,2.1,2,
14/11/2024 00:00,TOTO,542.85,5,
14/11/2024 00:00,KFC,0,13,
14/11/2024 00:00,WSK,770.7,5,
14/11/2024 00:00,US,0,0,
14/11/2024 00:00,VE,0,0,
14/11/2024 00:00,VIN,0,0,
14/11/2024 00:00,WE,0,0,
15/11/2024 00:00,,0,0,
15/11/2024 00:00,,0,0,
15/11/2024 00:00,AUN,0,0,
15/11/2024 00:00,BNR,0,0,
15/11/2024 00:00,BIR,4706.1,16,
15/11/2024 00:00,BS,0,0,
15/11/2024 00:00,BZ,0,0,
15/11/2024 00:00,CCS,0,0,
15/11/2024 00:00,CAD,4547.55,76,
15/11/2024 00:00,CG,10202.85,70,
15/11/2024 00:00,CMI,1019.55,18,
15/11/2024 00:00,COQ,889.35,12,
15/11/2024 00:00,EC,0,0,
15/11/2024 00:00,EG,0,0,
15/11/2024 00:00,ER,0,0,
15/11/2024 00:00,SFR,0,0,
15/11/2024 00:00,GAE,13989.15,89,
15/11/2024 00:00,GUT,237.3,1,
15/11/2024 00:00,IQ,0,0,
15/11/2024 00:00,LH,0,0,
15/11/2024 00:00,MIX,1219.05,12,
15/11/2024 00:00,PE,0,0,
15/11/2024 00:00,SG,0,0,
15/11/2024 00:00,TOD,1182.3,10,
15/11/2024 00:00,TIN,1517.25,4,
15/11/2024 00:00,TOR,2.1,1,
15/11/2024 00:00,TOTO,542.85,5,
15/11/2024 00:00,KFC,0,13,
15/11/2024 00:00,WSK,495.6,4,
15/11/2024 00:00,US,0,0,
15/11/2024 00:00,VE,0,0,
15/11/2024 00:00,VIN,0,0,
15/11/2024 00:00,WE,0,0,
16/11/2024 00:00,,0,0,
16/11/2024 00:00,,0,0,
16/11/2024 00:00,AUN,0,0,
16/11/2024 00:00,BNR,0,0,
16/11/2024 00:00,BIR,4706.1,16,
16/11/2024 00:00,BS,0,0,
16/11/2024 00:00,BZ,0,0,
16/11/2024 00:00,CCS,0,0,
16/11/2024 00:00,CAD,5486.25,77,
16/11/2024 00:00,CG,10206,70,
16/11/2024 00:00,CMI,1019.55,18,
16/11/2024 00:00,COQ,889.35,12,
16/11/2024 00:00,EC,0,0,
16/11/2024 00:00,EG,0,0,
16/11/2024 00:00,ER,0,0,
16/11/2024 00:00,SFR,0,0,
16/11/2024 00:00,GAE,13929.3,88,
16/11/2024 00:00,GUT,237.3,1,
16/11/2024 00:00,IQ,0,0,
16/11/2024 00:00,LH,0,0,
16/11/2024 00:00,MIX,1219.05,12,
16/11/2024 00:00,PE,0,0,
16/11/2024 00:00,SG,0,0,
16/11/2024 00:00,TOD,1168.65,10,
16/11/2024 00:00,TIN,1517.25,4,
16/11/2024 00:00,TOR,2.1,2,
16/11/2024 00:00,TOTO,689.85,6,
16/11/2024 00:00,KFC,11.55,16,
16/11/2024 00:00,WSK,495.6,4,
16/11/2024 00:00,US,0,0,
16/11/2024 00:00,VE,0,0,
16/11/2024 00:00,VIN,0,0,
16/11/2024 00:00,WE,0,0,
17/11/2024 00:00,,0,0,
17/11/2024 00:00,,0,0,
17/11/2024 00:00,AUN,0,0,
17/11/2024 00:00,BNR,0,0,
17/11/2024 00:00,BIR,4706.1,16,
17/11/2024 00:00,BS,0,0,
17/11/2024 00:00,BZ,0,0,
17/11/2024 00:00,CCS,0,0,
17/11/2024 00:00,CAD,5447.4,78,
17/11/2024 00:00,CG,9780.75,68,
17/11/2024 00:00,CMI,1019.55,18,
17/11/2024 00:00,COQ,889.35,12,
17/11/2024 00:00,EC,0,0,
17/11/2024 00:00,EG,0,0,
17/11/2024 00:00,ER,0,0,
17/11/2024 00:00,SFR,0,0,
17/11/2024 00:00,GAE,13972.35,89,
17/11/2024 00:00,GUT,237.3,1,
17/11/2024 00:00,IQ,0,0,
17/11/2024 00:00,LH,0,0,
17/11/2024 00:00,MIX,1219.05,12,
17/11/2024 00:00,PE,0,0,
17/11/2024 00:00,SG,0,0,
17/11/2024 00:00,TOD,1168.65,10,
17/11/2024 00:00,TIN,1517.25,4,
17/11/2024 00:00,TOR,2.1,2,
17/11/2024 00:00,TOTO,689.85,6,
17/11/2024 00:00,KFC,11.55,14,
17/11/2024 00:00,WSK,495.6,4,
17/11/2024 00:00,US,0,0,
17/11/2024 00:00,VE,0,0,
17/11/2024 00:00,VIN,0,0,
17/11/2024 00:00,WE,0,0,
18/11/2024 00:00,,0,0,
18/11/2024 00:00,,0,0,
18/11/2024 00:00,AUN,0,0,
18/11/2024 00:00,BNR,0,0,
18/11/2024 00:00,BIR,4718.7,14,
18/11/2024 00:00,BS,0,0,
18/11/2024 00:00,BZ,0,0,
18/11/2024 00:00,CCS,0,0,
18/11/2024 00:00,CAD,5447.4,78,
18/11/2024 00:00,CG,9774.45,68,
18/11/2024 00:00,CMI,1064.7,18,
18/11/2024 00:00,COQ,889.35,12,
18/11/2024 00:00,EC,0,0,
18/11/2024 00:00,EG,0,0,
18/11/2024 00:00,ER,0,0,
18/11/2024 00:00,SFR,0,0,
18/11/2024 00:00,GAE,13972.35,89,
18/11/2024 00:00,GUT,237.3,1,
18/11/2024 00:00,IQ,0,0,
18/11/2024 00:00,LH,0,0,
18/11/2024 00:00,MIX,1219.05,12,
18/11/2024 00:00,PE,0,0,
18/11/2024 00:00,SG,0,0,
18/11/2024 00:00,TOD,1573.95,11,
18/11/2024 00:00,TIN,1517.25,4,
18/11/2024 00:00,TOR,2.1,2,
18/11/2024 00:00,TOTO,699.3,6,
18/11/2024 00:00,KFC,11.55,14,
18/11/2024 00:00,WSK,495.6,4,
18/11/2024 00:00,US,0,0,
18/11/2024 00:00,VE,0,0,
18/11/2024 00:00,VIN,0,0,
18/11/2024 00:00,WE,0,0,
19/11/2024 00:00,,0,0,
19/11/2024 00:00,,0,0,
19/11/2024 00:00,AUN,0,0,
19/11/2024 00:00,BNR,0,0,
19/11/2024 00:00,BIR,4484.55,16,
19/11/2024 00:00,BS,0,0,
19/11/2024 00:00,BZ,0,0,
19/11/2024 00:00,CCS,0,0,
19/11/2024 00:00,CAD,5449.5,76,
19/11/2024 00:00,CG,9733.5,68,
19/11/2024 00:00,CMI,883.05,17,
19/11/2024 00:00,COQ,889.35,12,
19/11/2024 00:00,EC,0,0,
19/11/2024 00:00,EG,0,0,
19/11/2024 00:00,ER,0,0,
19/11/2024 00:00,SFR,0,0,
19/11/2024 00:00,GAE,14008.05,90,
19/11/2024 00:00,GUT,453.6,1,
19/11/2024 00:00,IQ,0,0,
19/11/2024 00:00,LH,0,0,
19/11/2024 00:00,MIX,1219.05,12,
19/11/2024 00:00,PE,0,0,
19/11/2024 00:00,SG,0,0,
19/11/2024 00:00,TOD,1438.5,10,
19/11/2024 00:00,TIN,1517.25,4,
19/11/2024 00:00,TOR,2.1,2,
19/11/2024 00:00,TOTO,699.3,6,
19/11/2024 00:00,KFC,11.55,14,
19/11/2024 00:00,WSK,410.55,2,
19/11/2024 00:00,US,0,0,
19/11/2024 00:00,VE,0,0,
19/11/2024 00:00,VIN,0,0,
19/11/2024 00:00,WE,0,0,
20/11/2024 00:00,,0,0,
20/11/2024 00:00,,0,0,
20/11/2024 00:00,AUN,0,0,
20/11/2024 00:00,BNR,0,0,
20/11/2024 00:00,BIR,4484.55,16,
20/11/2024 00:00,BS,0,0,
20/11/2024 00:00,BZ,0,0,
20/11/2024 00:00,CCS,0,0,
20/11/2024 00:00,CAD,5403.3,74,
20/11/2024 00:00,CG,9774.45,68,
20/11/2024 00:00,CMI,690.9,17,
20/11/2024 00:00,COQ,889.35,12,
20/11/2024 00:00,EC,0,0,
20/11/2024 00:00,EG,0,0,
20/11/2024 00:00,ER,0,0,
20/11/2024 00:00,SFR,0,0,
20/11/2024 00:00,GAE,14008.05,91,
20/11/2024 00:00,GUT,463.05,2,
20/11/2024 00:00,IQ,0,0,
20/11/2024 00:00,LH,0,0,
20/11/2024 00:00,MIX,1219.05,12,
20/11/2024 00:00,PE,0,0,
20/11/2024 00:00,SG,0,0,
20/11/2024 00:00,TOD,1168.65,10,
20/11/2024 00:00,TIN,1517.25,4,
20/11/2024 00:00,TOR,2.1,2,
20/11/2024 00:00,TOTO,689.85,6,
20/11/2024 00:00,KFC,11.55,16,
20/11/2024 00:00,WSK,360.15,2,
20/11/2024 00:00,US,0,0,
20/11/2024 00:00,VE,0,0,
20/11/2024 00:00,VIN,0,0,
20/11/2024 00:00,WE,0,0,
21/11/2024 00:00,,0,0,
21/11/2024 00:00,,0,0,
21/11/2024 00:00,AUN,0,0,
21/11/2024 00:00,BNR,0,0,
21/11/2024 00:00,BIR,4484.55,16,
21/11/2024 00:00,BS,0,0,
21/11/2024 00:00,BZ,0,0,
21/11/2024 00:00,CCS,0,0,
21/11/2024 00:00,CAD,5477.85,77,
21/11/2024 00:00,CG,11959.5,77,
21/11/2024 00:00,CMI,718.2,17,
21/11/2024 00:00,COQ,889.35,12,
21/11/2024 00:00,EC,0,0,
21/11/2024 00:00,EG,0,0,
21/11/2024 00:00,ER,0,0,
21/11/2024 00:00,SFR,0,0,
21/11/2024 00:00,GAE,13924.05,90,
21/11/2024 00:00,GUT,463.05,2,
21/11/2024 00:00,IQ,0,0,
21/11/2024 00:00,LH,0,0,
21/11/2024 00:00,MIX,1219.05,12,
21/11/2024 00:00,PE,0,0,
21/11/2024 00:00,SG,0,0,
21/11/2024 00:00,TOD,1168.65,10,
21/11/2024 00:00,TIN,1517.25,4,
21/11/2024 00:00,TOR,2.1,2,
21/11/2024 00:00,TOTO,689.85,6,
21/11/2024 00:00,KFC,0,13,
21/11/2024 00:00,WSK,360.15,2,
21/11/2024 00:00,US,0,0,
21/11/2024 00:00,VE,0,0,
21/11/2024 00:00,VIN,0,0,
21/11/2024 00:00,WE,0,0,
22/11/2024 00:00,,0,0,
22/11/2024 00:00,,0,0,
22/11/2024 00:00,AUN,0,0,
22/11/2024 00:00,BNR,0,0,
22/11/2024 00:00,BIR,4484.55,16,
22/11/2024 00:00,BS,0,0,
22/11/2024 00:00,BZ,0,0,
22/11/2024 00:00,CCS,0,0,
22/11/2024 00:00,CAD,5439,77,
22/11/2024 00:00,CG,11959.5,77,
22/11/2024 00:00,CMI,1565.55,19,
22/11/2024 00:00,COQ,889.35,12,
22/11/2024 00:00,EC,0,0,
22/11/2024 00:00,EG,0,0,
22/11/2024 00:00,ER,0,0,
22/11/2024 00:00,SFR,0,0,
22/11/2024 00:00,GAE,13909.35,89,
22/11/2024 00:00,GUT,312.9,1,
22/11/2024 00:00,IQ,0,0,
22/11/2024 00:00,LH,0,0,
22/11/2024 00:00,MIX,1219.05,12,
22/11/2024 00:00,PE,0,0,
22/11/2024 00:00,SG,0,0,
22/11/2024 00:00,TOD,1168.65,10,
22/11/2024 00:00,TIN,1517.25,4,
22/11/2024 00:00,TOR,2.1,2,
22/11/2024 00:00,TOTO,689.85,6,
22/11/2024 00:00,KFC,0,14,
22/11/2024 00:00,WSK,360.15,2,
22/11/2024 00:00,US,0,0,
22/11/2024 00:00,VE,0,0,
22/11/2024 00:00,VIN,0,0,
22/11/2024 00:00,WE,0,0,
23/11/2024 00:00,,0,0,
23/11/2024 00:00,,0,0,
23/11/2024 00:00,AUN,0,0,
23/11/2024 00:00,BNR,0,0,
23/11/2024 00:00,BIR,4775.4,16,
23/11/2024 00:00,BS,0,0,
23/11/2024 00:00,BZ,0,0,
23/11/2024 00:00,CCS,0,0,
23/11/2024 00:00,CAD,5497.8,77,
23/11/2024 00:00,CG,11959.5,77,
23/11/2024 00:00,CMI,1617,20,
23/11/2024 00:00,COQ,889.35,12,
23/11/2024 00:00,EC,0,0,
23/11/2024 00:00,EG,0,0,
23/11/2024 00:00,ER,0,0,
23/11/2024 00:00,SFR,0,0,
23/11/2024 00:00,GAE,13864.2,88,
23/11/2024 00:00,GUT,237.3,1,
23/11/2024 00:00,IQ,0,0,
23/11/2024 00:00,LH,0,0,
23/11/2024 00:00,MIX,1219.05,12,
23/11/2024 00:00,PE,0,0,
23/11/2024 00:00,SG,0,0,
23/11/2024 00:00,TOD,1069.95,8,
23/11/2024 00:00,TIN,1517.25,4,
23/11/2024 00:00,TOR,2.1,2,
23/11/2024 00:00,TOTO,455.7,5,
23/11/2024 00:00,KFC,0,13,
23/11/2024 00:00,WSK,360.15,2,
23/11/2024 00:00,US,0,0,
23/11/2024 00:00,VE,0,0,
23/11/2024 00:00,VIN,0,0,
23/11/2024 00:00,WE,0,0,
24/11/2024 00:00,,0,0,
24/11/2024 00:00,,0,0,
24/11/2024 00:00,AUN,0,0,
24/11/2024 00:00,BNR,0,0,
24/11/2024 00:00,BIR,4914,16,
24/11/2024 00:00,BS,0,0,
24/11/2024 00:00,BZ,0,0,
24/11/2024 00:00,CCS,0,0,
24/11/2024 00:00,CAD,5513.55,79,
24/11/2024 00:00,CG,11686.5,76,
24/11/2024 00:00,CMI,933.45,18,
24/11/2024 00:00,COQ,889.35,12,
24/11/2024 00:00,EC,0,0,
24/11/2024 00:00,EG,0,0,
24/11/2024 00:00,ER,0,0,
24/11/2024 00:00,SFR,0,0,
24/11/2024 00:00,GAE,14457.45,89,
24/11/2024 00:00,GUT,237.3,1,
24/11/2024 00:00,IQ,0,0,
24/11/2024 00:00,LH,0,0,
24/11/2024 00:00,MIX,1320.9,12,
24/11/2024 00:00,PE,0,0,
24/11/2024 00:00,SG,0,0,
24/11/2024 00:00,TOD,1069.95,8,
24/11/2024 00:00,TIN,1517.25,4,
24/11/2024 00:00,TOR,2.1,2,
24/11/2024 00:00,TOTO,359.1,5,
24/11/2024 00:00,KFC,0,14,
24/11/2024 00:00,WSK,384.3,2,
24/11/2024 00:00,US,0,0,
24/11/2024 00:00,VE,0,0,
24/11/2024 00:00,VIN,0,0,
24/11/2024 00:00,WE,0,0,
25/11/2024 00:00,,0,0,
25/11/2024 00:00,,0,0,
25/11/2024 00:00,AUN,0,0,
25/11/2024 00:00,BNR,0,0,
25/11/2024 00:00,BIR,4927.65,17,
25/11/2024 00:00,BS,0,0,
25/11/2024 00:00,BZ,0,0,
25/11/2024 00:00,CCS,0,0,
25/11/2024 00:00,CAD,5534.55,80,
25/11/2024 00:00,CG,11686.5,76,
25/11/2024 00:00,CMI,1434.3,19,
25/11/2024 00:00,COQ,854.7,11,
25/11/2024 00:00,EC,0,0,
25/11/2024 00:00,EG,0,0,
25/11/2024 00:00,ER,0,0,
25/11/2024 00:00,SFR,0,0,
25/11/2024 00:00,GAE,14457.45,89,
25/11/2024 00:00,GUT,237.3,1,
25/11/2024 00:00,IQ,0,0,
25/11/2024 00:00,LH,0,0,
25/11/2024 00:00,MIX,1219.05,12,
25/11/2024 00:00,PE,0,0,
25/11/2024 00:00,SG,0,0,
25/11/2024 00:00,TOD,1069.95,8,
25/11/2024 00:00,TIN,1517.25,4,
25/11/2024 00:00,TOR,2.1,1,
25/11/2024 00:00,TOTO,359.1,5,
25/11/2024 00:00,KFC,0,13,
25/11/2024 00:00,WSK,360.15,2,
25/11/2024 00:00,US,0,0,
25/11/2024 00:00,VE,0,0,
25/11/2024 00:00,VIN,0,0,
25/11/2024 00:00,WE,0,0,
26/11/2024 00:00,,0,0,
26/11/2024 00:00,,0,0,
26/11/2024 00:00,AUN,0,0,
26/11/2024 00:00,BNR,0,0,
26/11/2024 00:00,BIR,4569.6,16,
26/11/2024 00:00,BS,0,0,
26/11/2024 00:00,BZ,0,0,
26/11/2024 00:00,CCS,0,0,
26/11/2024 00:00,CAD,5525.1,79,
26/11/2024 00:00,CG,11653.95,74,
26/11/2024 00:00,CMI,1434.3,19,
26/11/2024 00:00,COQ,854.7,11,
26/11/2024 00:00,EC,0,0,
26/11/2024 00:00,EG,0,0,
26/11/2024 00:00,ER,0,0,
26/11/2024 00:00,SFR,0,0,
26/11/2024 00:00,GAE,14457.45,89,
26/11/2024 00:00,GUT,237.3,1,
26/11/2024 00:00,IQ,0,0,
26/11/2024 00:00,LH,0,0,
26/11/2024 00:00,MIX,1219.05,12,
26/11/2024 00:00,PE,0,0,
26/11/2024 00:00,SG,0,0,
26/11/2024 00:00,TOD,1069.95,8,
26/11/2024 00:00,TIN,1517.25,4,
26/11/2024 00:00,TOR,2.1,2,
26/11/2024 00:00,TOTO,359.1,5,
26/11/2024 00:00,KFC,0,14,
26/11/2024 00:00,WSK,360.15,2,
26/11/2024 00:00,US,0,0,
26/11/2024 00:00,VE,0,0,
26/11/2024 00:00,VIN,0,0,
26/11/2024 00:00,WE,0,0,
27/11/2024 00:00,,0,0,
27/11/2024 00:00,,0,0,
27/11/2024 00:00,AUN,0,0,
27/11/2024 00:00,BNR,0,0,
27/11/2024 00:00,BIR,4484.55,16,
27/11/2024 00:00,BS,0,0,
27/11/2024 00:00,BZ,0,0,
27/11/2024 00:00,CCS,0,0,
27/11/2024 00:00,CAD,5498.85,78,
27/11/2024 00:00,CG,11592,74,
27/11/2024 00:00,CMI,1434.3,19,
27/11/2024 00:00,COQ,854.7,11,
27/11/2024 00:00,EC,0,0,
27/11/2024 00:00,EG,0,0,
27/11/2024 00:00,ER,0,0,
27/11/2024 00:00,SFR,0,0,
27/11/2024 00:00,GAE,14480.55,89,
27/11/2024 00:00,GUT,237.3,1,
27/11/2024 00:00,IQ,0,0,
27/11/2024 00:00,LH,0,0,
27/11/2024 00:00,MIX,1219.05,12,
27/11/2024 00:00,PE,0,0,
27/11/2024 00:00,SG,0,0,
27/11/2024 00:00,TOD,1069.95,8,
27/11/2024 00:00,TIN,1517.25,4,
27/11/2024 00:00,TOR,2.1,2,
27/11/2024 00:00,TOTO,359.1,5,
27/11/2024 00:00,KFC,0,12,
27/11/2024 00:00,WSK,493.5,2,
27/11/2024 00:00,US,0,0,
27/11/2024 00:00,VE,0,0,
27/11/2024 00:00,VIN,0,0,
27/11/2024 00:00,WE,0,0,
28/11/2024 00:00,,0,0,
28/11/2024 00:00,,0,0,
28/11/2024 00:00,AUN,0,0,
28/11/2024 00:00,BNR,0,0,
28/11/2024 00:00,BIR,4820.55,16,
28/11/2024 00:00,BS,0,0,
28/11/2024 00:00,BZ,0,0,
28/11/2024 00:00,CCS,0,0,
28/11/2024 00:00,CAD,5581.8,79,
28/11/2024 00:00,CG,11588.85,74,
28/11/2024 00:00,CMI,1434.3,19,
28/11/2024 00:00,COQ,897.75,11,
28/11/2024 00:00,EC,0,0,
28/11/2024 00:00,EG,0,0,
28/11/2024 00:00,ER,0,0,
28/11/2024 00:00,SFR,0,0,
28/11/2024 00:00,GAE,14533.05,90,
28/11/2024 00:00,GUT,237.3,1,
28/11/2024 00:00,IQ,0,0,
28/11/2024 00:00,LH,0,0,
28/11/2024 00:00,MIX,1219.05,12,
28/11/2024 00:00,PE,0,0,
28/11/2024 00:00,SG,0,0,
28/11/2024 00:00,TOD,1069.95,8,
28/11/2024 00:00,TIN,1517.25,4,
28/11/2024 00:00,TOR,24.15,2,
28/11/2024 00:00,TOTO,359.1,5,
28/11/2024 00:00,KFC,0,13,
28/11/2024 00:00,WSK,1213.8,8,
28/11/2024 00:00,US,0,0,
28/11/2024 00:00,VE,0,0,
28/11/2024 00:00,VIN,0,0,
28/11/2024 00:00,WE,0,0,
29/11/2024 00:00,,0,0,
29/11/2024 00:00,,0,0,
29/11/2024 00:00,AUN,0,0,
29/11/2024 00:00,BNR,0,0,
29/11/2024 00:00,BIR,4484.55,16,
29/11/2024 00:00,BS,0,0,
29/11/2024 00:00,BZ,0,0,
29/11/2024 00:00,CCS,0,0,
29/11/2024 00:00,CAD,5602.8,80,
29/11/2024 00:00,CG,11594.1,74,
29/11/2024 00:00,CMI,1434.3,19,
29/11/2024 00:00,COQ,854.7,11,
29/11/2024 00:00,EC,0,0,
29/11/2024 00:00,EG,0,0,
29/11/2024 00:00,ER,0,0,
29/11/2024 00:00,SFR,0,0,
29/11/2024 00:00,GAE,14533.05,90,
29/11/2024 00:00,GUT,237.3,1,
29/11/2024 00:00,IQ,0,0,
29/11/2024 00:00,LH,0,0,
29/11/2024 00:00,MIX,1219.05,12,
29/11/2024 00:00,PE,0,0,
29/11/2024 00:00,SG,0,0,
29/11/2024 00:00,TOD,1048.95,7,
29/11/2024 00:00,TIN,1517.25,4,
29/11/2024 00:00,TOR,38.85,4,
29/11/2024 00:00,TOTO,559.65,5,
29/11/2024 00:00,KFC,0,12,
29/11/2024 00:00,WSK,1148.7,8,
29/11/2024 00:00,US,0,0,
29/11/2024 00:00,VE,0,0,
29/11/2024 00:00,VIN,0,0,
29/11/2024 00:00,WE,0,0,
30/11/2024 00:00,,0,0,
30/11/2024 00:00,,0,0,
30/11/2024 00:00,AUN,0,0,
30/11/2024 00:00,BNR,0,0,
30/11/2024 00:00,BIR,4484.55,16,
30/11/2024 00:00,BS,0,0,
30/11/2024 00:00,BZ,0,0,
30/11/2024 00:00,CCS,0,0,
30/11/2024 00:00,CAD,5601.75,82,
30/11/2024 00:00,CG,11589.9,74,
30/11/2024 00:00,CMI,1479.45,19,
30/11/2024 00:00,COQ,854.7,11,
30/11/2024 00:00,EC,0,0,
30/11/2024 00:00,EG,0,0,
30/11/2024 00:00,ER,0,0,
30/11/2024 00:00,SFR,0,0,
30/11/2024 00:00,GAE,13656.3,88,
30/11/2024 00:00,GUT,237.3,1,
30/11/2024 00:00,IQ,0,0,
30/11/2024 00:00,LH,0,0,
30/11/2024 00:00,MIX,1219.05,12,
30/11/2024 00:00,PE,0,0,
30/11/2024 00:00,SG,0,0,
30/11/2024 00:00,TOD,1048.95,7,
30/11/2024 00:00,TIN,1517.25,4,
30/11/2024 00:00,TOR,38.85,4,
30/11/2024 00:00,TOTO,748.65,6,
30/11/2024 00:00,KFC,0,14,
30/11/2024 00:00,WSK,1068.9,8,
30/11/2024 00:00,US,0,0,
30/11/2024 00:00,VE,0,0,
30/11/2024 00:00,VIN,0,0,
30/11/2024 00:00,WE,0,0,
01/12/2024 00:00,,0,0,
01/12/2024 00:00,,0,0,
01/12/2024 00:00,AUN,0,0,
01/12/2024 00:00,BNR,0,0,
01/12/2024 00:00,BIR,4484.55,16,
01/12/2024 00:00,BS,0,0,
01/12/2024 00:00,BZ,0,0,
01/12/2024 00:00,CCS,0,0,
01/12/2024 00:00,CAD,5587.05,83,
01/12/2024 00:00,CG,11496.45,73,
01/12/2024 00:00,CMI,1599.15,19,
01/12/2024 00:00,COQ,854.7,11,
01/12/2024 00:00,EC,0,0,
01/12/2024 00:00,EG,0,0,
01/12/2024 00:00,ER,0,0,
01/12/2024 00:00,SFR,0,0,
01/12/2024 00:00,GAE,15391.95,91,
01/12/2024 00:00,GUT,237.3,1,
01/12/2024 00:00,IQ,0,0,
01/12/2024 00:00,LH,0,0,
01/12/2024 00:00,MIX,1276.8,12,
01/12/2024 00:00,PE,0,0,
01/12/2024 00:00,SG,0,0,
01/12/2024 00:00,TOD,1048.95,7,
01/12/2024 00:00,TIN,1517.25,4,
01/12/2024 00:00,TOR,38.85,4,
01/12/2024 00:00,TOTO,748.65,6,
01/12/2024 00:00,KFC,0,13,
01/12/2024 00:00,WSK,1068.9,8,
01/12/2024 00:00,US,0,0,
01/12/2024 00:00,VE,0,0,
01/12/2024 00:00,VIN,0,0,
01/12/2024 00:00,WE,0,0,
02/12/2024 00:00,,0,0,
02/12/2024 00:00,,0,0,
02/12/2024 00:00,AUN,0,0,
02/12/2024 00:00,BNR,0,0,
02/12/2024 00:00,BIR,4484.55,16,
02/12/2024 00:00,BS,0,0,
02/12/2024 00:00,BZ,0,0,
02/12/2024 00:00,CCS,0,0,
02/12/2024 00:00,CAD,5563.95,84,
02/12/2024 00:00,CG,11496.45,73,
02/12/2024 00:00,CMI,1434.3,19,
02/12/2024 00:00,COQ,854.7,11,
02/12/2024 00:00,EC,0,0,
02/12/2024 00:00,EG,0,0,
02/12/2024 00:00,ER,0,0,
02/12/2024 00:00,SFR,0,0,
02/12/2024 00:00,GAE,14515.2,89,
02/12/2024 00:00,GUT,237.3,1,
02/12/2024 00:00,IQ,0,0,
02/12/2024 00:00,LH,0,0,
02/12/2024 00:00,MIX,1273.65,12,
02/12/2024 00:00,PE,0,0,
02/12/2024 00:00,SG,0,0,
02/12/2024 00:00,TOD,1101.45,7,
02/12/2024 00:00,TIN,1517.25,4,
02/12/2024 00:00,TOR,38.85,4,
02/12/2024 00:00,TOTO,748.65,6,
02/12/2024 00:00,KFC,0,14,
02/12/2024 00:00,WSK,1068.9,8,
02/12/2024 00:00,US,0,0,
02/12/2024 00:00,VE,0,0,
02/12/2024 00:00,VIN,0,0,
02/12/2024 00:00,WE,0,0,
03/12/2024 00:00,,0,0,
03/12/2024 00:00,,0,0,
03/12/2024 00:00,AUN,0,0,
03/12/2024 00:00,BNR,0,0,
03/12/2024 00:00,BIR,4484.55,16,
03/12/2024 00:00,BS,0,0,
03/12/2024 00:00,BZ,0,0,
03/12/2024 00:00,CCS,0,0,
03/12/2024 00:00,CAD,5538.75,83,
03/12/2024 00:00,CG,11496.45,73,
03/12/2024 00:00,CMI,1489.95,19,
03/12/2024 00:00,COQ,903,11,
03/12/2024 00:00,EC,0,0,
03/12/2024 00:00,EG,0,0,
03/12/2024 00:00,ER,0,0,
03/12/2024 00:00,SFR,0,0,
03/12/2024 00:00,GAE,15412.95,90,
03/12/2024 00:00,GUT,237.3,1,
03/12/2024 00:00,IQ,0,0,
03/12/2024 00:00,LH,0,0,
03/12/2024 00:00,MIX,925.05,11,
03/12/2024 00:00,PE,0,0,
03/12/2024 00:00,SG,0,0,
03/12/2024 00:00,TOD,1048.95,7,
03/12/2024 00:00,TIN,1517.25,4,
03/12/2024 00:00,TOR,38.85,4,
03/12/2024 00:00,TOTO,774.9,7,
03/12/2024 00:00,KFC,0,13,
03/12/2024 00:00,WSK,992.25,7,
03/12/2024 00:00,US,0,0,
03/12/2024 00:00,VE,0,0,
03/12/2024 00:00,VIN,0,0,
03/12/2024 00:00,WE,0,0,
04/12/2024 00:00,,0,0,
04/12/2024 00:00,,0,0,
04/12/2024 00:00,AUN,0,0,
04/12/2024 00:00,BNR,0,0,
04/12/2024 00:00,BIR,4484.55,16,
04/12/2024 00:00,BS,0,0,
04/12/2024 00:00,BZ,0,0,
04/12/2024 00:00,CCS,0,0,
04/12/2024 00:00,CAD,5505.15,82,
04/12/2024 00:00,CG,11496.45,73,
04/12/2024 00:00,CMI,1481.55,19,
04/12/2024 00:00,COQ,885.15,12,
04/12/2024 00:00,EC,0,0,
04/12/2024 00:00,EG,0,0,
04/12/2024 00:00,ER,0,0,
04/12/2024 00:00,SFR,0,0,
04/12/2024 00:00,GAE,15394.05,90,
04/12/2024 00:00,GUT,237.3,1,
04/12/2024 00:00,IQ,0,0,
04/12/2024 00:00,LH,0,0,
04/12/2024 00:00,MIX,693,11,
04/12/2024 00:00,PE,0,0,
04/12/2024 00:00,SG,0,0,
04/12/2024 00:00,TOD,1048.95,7,
04/12/2024 00:00,TIN,1517.25,4,
04/12/2024 00:00,TOR,38.85,4,
04/12/2024 00:00,TOTO,627.9,6,
04/12/2024 00:00,KFC,0,14,
04/12/2024 00:00,WSK,840,7,
04/12/2024 00:00,US,0,0,
04/12/2024 00:00,VE,0,0,
04/12/2024 00:00,VIN,0,0,
04/12/2024 00:00,WE,0,0,
05/12/2024 00:00,,0,0,
05/12/2024 00:00,,0,0,
05/12/2024 00:00,AUN,0,0,
05/12/2024 00:00,BNR,0,0,
05/12/2024 00:00,BIR,4484.55,16,
05/12/2024 00:00,BS,0,0,
05/12/2024 00:00,BZ,0,0,
05/12/2024 00:00,CCS,0,0,
05/12/2024 00:00,CAD,5535.6,84,
05/12/2024 00:00,CG,11496.45,73,
05/12/2024 00:00,CMI,1434.3,19,
05/12/2024 00:00,COQ,885.15,12,
05/12/2024 00:00,EC,0,0,
05/12/2024 00:00,EG,0,0,
05/12/2024 00:00,ER,0,0,
05/12/2024 00:00,SFR,0,0,
05/12/2024 00:00,GAE,14430.15,88,
05/12/2024 00:00,GUT,237.3,1,
05/12/2024 00:00,IQ,0,0,
05/12/2024 00:00,LH,0,0,
05/12/2024 00:00,MIX,696.15,12,
05/12/2024 00:00,PE,0,0,
05/12/2024 00:00,SG,0,0,
05/12/2024 00:00,TOD,1048.95,7,
05/12/2024 00:00,TIN,1517.25,4,
05/12/2024 00:00,TOR,38.85,4,
05/12/2024 00:00,TOTO,774.9,7,
05/12/2024 00:00,KFC,0,12,
05/12/2024 00:00,WSK,840,7,
05/12/2024 00:00,US,0,0,
05/12/2024 00:00,VE,0,0,
05/12/2024 00:00,VIN,0,0,
05/12/2024 00:00,WE,0,0,
06/12/2024 00:00,,0,0,
06/12/2024 00:00,,0,0,
06/12/2024 00:00,AUN,0,0,
06/12/2024 00:00,BNR,0,0,
06/12/2024 00:00,BIR,4484.55,16,
06/12/2024 00:00,BS,0,0,
06/12/2024 00:00,BZ,0,0,
06/12/2024 00:00,CCS,0,0,
06/12/2024 00:00,CAD,5565,84,
06/12/2024 00:00,CG,11716.95,74,
06/12/2024 00:00,CMI,1624.35,19,
06/12/2024 00:00,COQ,885.15,12,
06/12/2024 00:00,EC,0,0,
06/12/2024 00:00,EG,0,0,
06/12/2024 00:00,ER,0,0,
06/12/2024 00:00,SFR,0,0,
06/12/2024 00:00,GAE,14490,88,
06/12/2024 00:00,GUT,237.3,1,
06/12/2024 00:00,IQ,0,0,
06/12/2024 00:00,LH,0,0,
06/12/2024 00:00,MIX,711.9,12,
06/12/2024 00:00,PE,0,0,
06/12/2024 00:00,SG,0,0,
06/12/2024 00:00,TOD,1048.95,7,
06/12/2024 00:00,TIN,1517.25,4,
06/12/2024 00:00,TOR,23.1,2,
06/12/2024 00:00,TOTO,774.9,7,
06/12/2024 00:00,KFC,0,13,
06/12/2024 00:00,WSK,813.75,6,
06/12/2024 00:00,US,0,0,
06/12/2024 00:00,VE,0,0,
06/12/2024 00:00,VIN,0,0,
06/12/2024 00:00,WE,0,0,
07/12/2024 00:00,,0,0,
07/12/2024 00:00,,0,0,
07/12/2024 00:00,AUN,0,0,
07/12/2024 00:00,BNR,0,0,
07/12/2024 00:00,BIR,4484.55,16,
07/12/2024 00:00,BS,0,0,
07/12/2024 00:00,BZ,0,0,
07/12/2024 00:00,CCS,0,0,
07/12/2024 00:00,CAD,5571.3,85,
07/12/2024 00:00,CG,11706.45,74,
07/12/2024 00:00,CMI,1715.7,19,
07/12/2024 00:00,COQ,885.15,12,
07/12/2024 00:00,EC,0,0,
07/12/2024 00:00,EG,0,0,
07/12/2024 00:00,ER,0,0,
07/12/2024 00:00,SFR,0,0,
07/12/2024 00:00,GAE,14430.15,88,
07/12/2024 00:00,GUT,237.3,1,
07/12/2024 00:00,IQ,0,0,
07/12/2024 00:00,LH,0,0,
07/12/2024 00:00,MIX,696.15,12,
07/12/2024 00:00,PE,0,0,
07/12/2024 00:00,SG,0,0,
07/12/2024 00:00,TOD,1048.95,7,
07/12/2024 00:00,TIN,1517.25,4,
07/12/2024 00:00,TOR,2.1,2,
07/12/2024 00:00,TOTO,774.9,7,
07/12/2024 00:00,KFC,0,12,
07/12/2024 00:00,WSK,835.8,6,
07/12/2024 00:00,US,0,0,
07/12/2024 00:00,VE,0,0,
07/12/2024 00:00,VIN,0,0,
07/12/2024 00:00,WE,0,0,
08/12/2024 00:00,,0,0,
08/12/2024 00:00,,0,0,
08/12/2024 00:00,AUN,0,0,
08/12/2024 00:00,BNR,0,0,
08/12/2024 00:00,BIR,4139.1,14,
08/12/2024 00:00,BS,0,0,
08/12/2024 00:00,BZ,0,0,
08/12/2024 00:00,CCS,0,0,
08/12/2024 00:00,CAD,5561.85,84,
08/12/2024 00:00,CG,11805.15,74,
08/12/2024 00:00,CMI,1733.55,19,
08/12/2024 00:00,COQ,885.15,12,
08/12/2024 00:00,EC,0,0,
08/12/2024 00:00,EG,0,0,
08/12/2024 00:00,ER,0,0,
08/12/2024 00:00,SFR,0,0,
08/12/2024 00:00,GAE,14266.35,89,
08/12/2024 00:00,GUT,237.3,1,
08/12/2024 00:00,IQ,0,0,
08/12/2024 00:00,LH,0,0,
08/12/2024 00:00,MIX,696.15,12,
08/12/2024 00:00,PE,0,0,
08/12/2024 00:00,SG,0,0,
08/12/2024 00:00,TOD,1048.95,7,
08/12/2024 00:00,TIN,1517.25,4,
08/12/2024 00:00,TOR,2.1,2,
08/12/2024 00:00,TOTO,774.9,7,
08/12/2024 00:00,KFC,0,13,
08/12/2024 00:00,WSK,838.95,5,
08/12/2024 00:00,US,0,0,
08/12/2024 00:00,VE,0,0,
08/12/2024 00:00,VIN,0,0,
08/12/2024 00:00,WE,0,0,
09/12/2024 00:00,,0,0,
09/12/2024 00:00,,0,0,
09/12/2024 00:00,AUN,0,0,
09/12/2024 00:00,BNR,0,0,
09/12/2024 00:00,BIR,3977.4,13,
09/12/2024 00:00,BS,0,0,
09/12/2024 00:00,BZ,0,0,
09/12/2024 00:00,CCS,0,0,
09/12/2024 00:00,CAD,5570.25,85,
09/12/2024 00:00,CG,11861.85,76,
09/12/2024 00:00,CMI,2022.3,19,
09/12/2024 00:00,COQ,885.15,12,
09/12/2024 00:00,EC,0,0,
09/12/2024 00:00,EG,0,0,
09/12/2024 00:00,ER,0,0,
09/12/2024 00:00,SFR,0,0,
09/12/2024 00:00,GAE,12901.35,85,
09/12/2024 00:00,GUT,237.3,1,
09/12/2024 00:00,IQ,0,0,
09/12/2024 00:00,LH,0,0,
09/12/2024 00:00,MIX,700.35,12,
09/12/2024 00:00,PE,0,0,
09/12/2024 00:00,SG,0,0,
09/12/2024 00:00,TOD,1048.95,7,
09/12/2024 00:00,TIN,1517.25,4,
09/12/2024 00:00,TOR,2.1,2,
09/12/2024 00:00,TOTO,774.9,7,
09/12/2024 00:00,KFC,0,13,
09/12/2024 00:00,WSK,832.65,6,
09/12/2024 00:00,US,0,0,
09/12/2024 00:00,VE,0,0,
09/12/2024 00:00,VIN,0,0,
09/12/2024 00:00,WE,0,0,
10/12/2024 00:00,,0,0,
10/12/2024 00:00,,0,0,
10/12/2024 00:00,AUN,0,0,
10/12/2024 00:00,BNR,0,0,
10/12/2024 00:00,BIR,3622.5,13,
10/12/2024 00:00,BS,0,0,
10/12/2024 00:00,BZ,0,0,
10/12/2024 00:00,CCS,0,0,
10/12/2024 00:00,CAD,5532.45,85,
10/12/2024 00:00,CG,11814.6,76,
10/12/2024 00:00,CMI,2161.95,19,
10/12/2024 00:00,COQ,890.4,12,
10/12/2024 00:00,EC,0,0,
10/12/2024 00:00,EG,0,0,
10/12/2024 00:00,ER,0,0,
10/12/2024 00:00,SFR,0,0,
10/12/2024 00:00,GAE,14370.3,89,
10/12/2024 00:00,GUT,237.3,1,
10/12/2024 00:00,IQ,0,0,
10/12/2024 00:00,LH,0,0,
10/12/2024 00:00,MIX,696.15,12,
10/12/2024 00:00,PE,0,0,
10/12/2024 00:00,SG,0,0,
10/12/2024 00:00,TOD,1048.95,7,
10/12/2024 00:00,TIN,1517.25,4,
10/12/2024 00:00,TOR,2.1,2,
10/12/2024 00:00,TOTO,774.9,7,
10/12/2024 00:00,KFC,0,14,
10/12/2024 00:00,WSK,840,7,
10/12/2024 00:00,US,0,0,
10/12/2024 00:00,VE,0,0,
10/12/2024 00:00,VIN,0,0,
10/12/2024 00:00,WE,0,0,
