date,Subsidiary,Oil losses (bopd),Wells WWO
2023-01-01 00:00:00,,,0
2023-01-01 00:00:00,"",,0
2023-01-01 00:00:00,AU,,0
2023-01-01 00:00:00,BN,,0
2023-01-01 00:00:00,BR,2678,10
2023-01-01 00:00:00,BS,,0
2023-01-01 00:00:00,BZ,,0
2023-01-01 00:00:00,CCS,,0
2023-01-01 00:00:00,CD,886,22
2023-01-01 00:00:00,CG,1597,13
2023-01-01 00:00:00,CM,1165,18
2023-01-01 00:00:00,CO,907,12
2023-01-01 00:00:00,EC,,0
2023-01-01 00:00:00,EG,,0
2023-01-01 00:00:00,ER,,0
2023-01-01 00:00:00,FR,,0
2023-01-01 00:00:00,GA,1814,20
2023-01-01 00:00:00,GT,,0
2023-01-01 00:00:00,IQ,,0
2023-01-01 00:00:00,LH,,0
2023-01-01 00:00:00,MX,433,6
2023-01-01 00:00:00,PE,,0
2023-01-01 00:00:00,SG,,0
2023-01-01 00:00:00,TD,348,1
2023-01-01 00:00:00,TN,694,3
2023-01-01 00:00:00,TR,35,3
2023-01-01 00:00:00,TT,30,2
2023-01-01 00:00:00,UKS,,2
2023-01-01 00:00:00,UKW,2,1
2023-01-01 00:00:00,US,,0
2023-01-01 00:00:00,VE,,0
2023-01-01 00:00:00,VN,,0
2023-01-01 00:00:00,WE,,0
2023-01-02 00:00:00,,,0
2023-01-02 00:00:00,"",,0
2023-01-02 00:00:00,AU,,0
2023-01-02 00:00:00,BN,,0
2023-01-02 00:00:00,BR,2678,10
2023-01-02 00:00:00,BS,,0
2023-01-02 00:00:00,BZ,,0
2023-01-02 00:00:00,CCS,,0
2023-01-02 00:00:00,CD,1002,20
2023-01-02 00:00:00,CG,1689,14
2023-01-02 00:00:00,CM,1214,18
2023-01-02 00:00:00,CO,863,11
2023-01-02 00:00:00,EC,,0
2023-01-02 00:00:00,EG,,0
2023-01-02 00:00:00,ER,,0
2023-01-02 00:00:00,FR,,0
2023-01-02 00:00:00,GA,2253,21
2023-01-02 00:00:00,GT,,0
2023-01-02 00:00:00,IQ,,0
2023-01-02 00:00:00,LH,,0
2023-01-02 00:00:00,MX,433,6
2023-01-02 00:00:00,PE,,0
2023-01-02 00:00:00,SG,,0
2023-01-02 00:00:00,TD,348,1
2023-01-02 00:00:00,TN,694,3
2023-01-02 00:00:00,TR,3,2
2023-01-02 00:00:00,TT,30,1
2023-01-02 00:00:00,UKS,,2
2023-01-02 00:00:00,UKW,2,1
2023-01-02 00:00:00,US,,0
2023-01-02 00:00:00,VE,,0
2023-01-02 00:00:00,VN,,0
2023-01-02 00:00:00,WE,,0
2023-01-03 00:00:00,,,0
2023-01-03 00:00:00,"",,0
2023-01-03 00:00:00,AU,,0
2023-01-03 00:00:00,BN,,0
2023-01-03 00:00:00,BR,2678,10
2023-01-03 00:00:00,BS,,0
2023-01-03 00:00:00,BZ,,0
2023-01-03 00:00:00,CCS,,0
2023-01-03 00:00:00,CD,834,20
2023-01-03 00:00:00,CG,1504,12
2023-01-03 00:00:00,CM,1231,18
2023-01-03 00:00:00,CO,853,11
2023-01-03 00:00:00,EC,,0
2023-01-03 00:00:00,EG,,0
2023-01-03 00:00:00,ER,,0
2023-01-03 00:00:00,FR,,0
2023-01-03 00:00:00,GA,2150,20
2023-01-03 00:00:00,GT,,0
2023-01-03 00:00:00,IQ,,0
2023-01-03 00:00:00,LH,,0
2023-01-03 00:00:00,MX,433,6
2023-01-03 00:00:00,PE,,0
2023-01-03 00:00:00,SG,,0
2023-01-03 00:00:00,TD,348,1
2023-01-03 00:00:00,TN,694,3
2023-01-03 00:00:00,TR,9,3
2023-01-03 00:00:00,TT,30,1
2023-01-03 00:00:00,UKS,1,4
2023-01-03 00:00:00,UKW,2,1
2023-01-03 00:00:00,US,,0
2023-01-03 00:00:00,VE,,0
2023-01-03 00:00:00,VN,,0
2023-01-03 00:00:00,WE,,0
2023-01-04 00:00:00,,,0
2023-01-04 00:00:00,"",,0
2023-01-04 00:00:00,AU,,0
2023-01-04 00:00:00,BN,,0
2023-01-04 00:00:00,BR,2706,10
2023-01-04 00:00:00,BS,,0
2023-01-04 00:00:00,BZ,,0
2023-01-04 00:00:00,CCS,,0
2023-01-04 00:00:00,CD,973,17
2023-01-04 00:00:00,CG,1363,13
2023-01-04 00:00:00,CM,1144,18
2023-01-04 00:00:00,CO,853,11
2023-01-04 00:00:00,EC,,0
2023-01-04 00:00:00,EG,,0
2023-01-04 00:00:00,ER,,0
2023-01-04 00:00:00,FR,,0
2023-01-04 00:00:00,GA,2071,22
2023-01-04 00:00:00,GT,,0
2023-01-04 00:00:00,IQ,,0
2023-01-04 00:00:00,LH,,0
2023-01-04 00:00:00,MX,433,6
2023-01-04 00:00:00,PE,,0
2023-01-04 00:00:00,SG,,0
2023-01-04 00:00:00,TD,348,1
2023-01-04 00:00:00,TN,694,3
2023-01-04 00:00:00,TR,9,3
2023-01-04 00:00:00,TT,30,1
2023-01-04 00:00:00,UKS,1,4
2023-01-04 00:00:00,UKW,2,1
2023-01-04 00:00:00,US,,0
2023-01-04 00:00:00,VE,,0
2023-01-04 00:00:00,VN,,0
2023-01-04 00:00:00,WE,,0
2023-01-05 00:00:00,,,0
2023-01-05 00:00:00,"",,0
2023-01-05 00:00:00,AU,,0
2023-01-05 00:00:00,BN,,0
2023-01-05 00:00:00,BR,2756,11
2023-01-05 00:00:00,BS,,0
2023-01-05 00:00:00,BZ,,0
2023-01-05 00:00:00,CCS,,0
2023-01-05 00:00:00,CD,553,16
2023-01-05 00:00:00,CG,1363,13
2023-01-05 00:00:00,CM,1307,19
2023-01-05 00:00:00,CO,908,12
2023-01-05 00:00:00,EC,,0
2023-01-05 00:00:00,EG,,0
2023-01-05 00:00:00,ER,,0
2023-01-05 00:00:00,FR,,0
2023-01-05 00:00:00,GA,3500,22
2023-01-05 00:00:00,GT,,0
2023-01-05 00:00:00,IQ,,0
2023-01-05 00:00:00,LH,,0
2023-01-05 00:00:00,MX,91,3
2023-01-05 00:00:00,PE,,0
2023-01-05 00:00:00,SG,,0
2023-01-05 00:00:00,TD,348,1
2023-01-05 00:00:00,TN,694,3
2023-01-05 00:00:00,TR,9,3
2023-01-05 00:00:00,TT,30,1
2023-01-05 00:00:00,UKS,1,4
2023-01-05 00:00:00,UKW,85,1
2023-01-05 00:00:00,US,,0
2023-01-05 00:00:00,VE,,0
2023-01-05 00:00:00,VN,,0
2023-01-05 00:00:00,WE,,0
2023-01-06 00:00:00,,,0
2023-01-06 00:00:00,"",,0
2023-01-06 00:00:00,AU,,0
2023-01-06 00:00:00,BN,,0
2023-01-06 00:00:00,BR,2756,11
2023-01-06 00:00:00,BS,,0
2023-01-06 00:00:00,BZ,,0
2023-01-06 00:00:00,CCS,,0
2023-01-06 00:00:00,CD,841,18
2023-01-06 00:00:00,CG,1533,14
2023-01-06 00:00:00,CM,1196,18
2023-01-06 00:00:00,CO,930,12
2023-01-06 00:00:00,EC,,0
2023-01-06 00:00:00,EG,,0
2023-01-06 00:00:00,ER,,0
2023-01-06 00:00:00,FR,,0
2023-01-06 00:00:00,GA,4436,18
2023-01-06 00:00:00,GT,,0
2023-01-06 00:00:00,IQ,,0
2023-01-06 00:00:00,LH,,0
2023-01-06 00:00:00,MX,91,3
2023-01-06 00:00:00,PE,,0
2023-01-06 00:00:00,SG,,0
2023-01-06 00:00:00,TD,348,1
2023-01-06 00:00:00,TN,166,2
2023-01-06 00:00:00,TR,9,3
2023-01-06 00:00:00,TT,30,1
2023-01-06 00:00:00,UKS,1,4
2023-01-06 00:00:00,UKW,131,1
2023-01-06 00:00:00,US,,0
2023-01-06 00:00:00,VE,,0
2023-01-06 00:00:00,VN,,0
2023-01-06 00:00:00,WE,,0
2023-01-07 00:00:00,,,0
2023-01-07 00:00:00,"",,0
2023-01-07 00:00:00,AU,,0
2023-01-07 00:00:00,BN,,0
2023-01-07 00:00:00,BR,2756,11
2023-01-07 00:00:00,BS,,0
2023-01-07 00:00:00,BZ,,0
2023-01-07 00:00:00,CCS,,0
2023-01-07 00:00:00,CD,990,18
2023-01-07 00:00:00,CG,1533,14
2023-01-07 00:00:00,CM,1196,18
2023-01-07 00:00:00,CO,924,12
2023-01-07 00:00:00,EC,,0
2023-01-07 00:00:00,EG,,0
2023-01-07 00:00:00,ER,,0
2023-01-07 00:00:00,FR,,0
2023-01-07 00:00:00,GA,4968,19
2023-01-07 00:00:00,GT,,0
2023-01-07 00:00:00,IQ,,0
2023-01-07 00:00:00,LH,,0
2023-01-07 00:00:00,MX,91,3
2023-01-07 00:00:00,PE,,0
2023-01-07 00:00:00,SG,,0
2023-01-07 00:00:00,TD,348,1
2023-01-07 00:00:00,TN,694,3
2023-01-07 00:00:00,TR,9,3
2023-01-07 00:00:00,TT,30,1
2023-01-07 00:00:00,UKS,1,4
2023-01-07 00:00:00,UKW,2,1
2023-01-07 00:00:00,US,,0
2023-01-07 00:00:00,VE,,0
2023-01-07 00:00:00,VN,,0
2023-01-07 00:00:00,WE,,0
2023-01-08 00:00:00,,,0
2023-01-08 00:00:00,"",,0
2023-01-08 00:00:00,AU,,0
2023-01-08 00:00:00,BN,,0
2023-01-08 00:00:00,BR,2756,11
2023-01-08 00:00:00,BS,,0
2023-01-08 00:00:00,BZ,,0
2023-01-08 00:00:00,CCS,,0
2023-01-08 00:00:00,CD,1023,19
2023-01-08 00:00:00,CG,1482,13
2023-01-08 00:00:00,CM,803,11
2023-01-08 00:00:00,CO,834,10
2023-01-08 00:00:00,EC,,0
2023-01-08 00:00:00,EG,,0
2023-01-08 00:00:00,ER,,0
2023-01-08 00:00:00,FR,,0
2023-01-08 00:00:00,GA,5127,21
2023-01-08 00:00:00,GT,,0
2023-01-08 00:00:00,IQ,,0
2023-01-08 00:00:00,LH,,0
2023-01-08 00:00:00,MX,91,3
2023-01-08 00:00:00,PE,,0
2023-01-08 00:00:00,SG,,0
2023-01-08 00:00:00,TD,348,1
2023-01-08 00:00:00,TN,694,3
2023-01-08 00:00:00,TR,9,3
2023-01-08 00:00:00,TT,30,1
2023-01-08 00:00:00,UKS,1,4
2023-01-08 00:00:00,UKW,2,1
2023-01-08 00:00:00,US,,0
2023-01-08 00:00:00,VE,,0
2023-01-08 00:00:00,VN,,0
2023-01-08 00:00:00,WE,,0
2023-01-09 00:00:00,,,0
2023-01-09 00:00:00,"",,0
2023-01-09 00:00:00,AU,,0
2023-01-09 00:00:00,BN,,0
2023-01-09 00:00:00,BR,2756,11
2023-01-09 00:00:00,BS,,0
2023-01-09 00:00:00,BZ,,0
2023-01-09 00:00:00,CCS,,0
2023-01-09 00:00:00,CD,970,18
2023-01-09 00:00:00,CG,1354,13
2023-01-09 00:00:00,CM,803,11
2023-01-09 00:00:00,CO,816,10
2023-01-09 00:00:00,EC,,0
2023-01-09 00:00:00,EG,,0
2023-01-09 00:00:00,ER,,0
2023-01-09 00:00:00,FR,,0
2023-01-09 00:00:00,GA,5170,21
2023-01-09 00:00:00,GT,,0
2023-01-09 00:00:00,IQ,,0
2023-01-09 00:00:00,LH,,0
2023-01-09 00:00:00,MX,67,3
2023-01-09 00:00:00,PE,,0
2023-01-09 00:00:00,SG,,0
2023-01-09 00:00:00,TD,348,1
2023-01-09 00:00:00,TN,683,2
2023-01-09 00:00:00,TR,24,2
2023-01-09 00:00:00,TT,30,1
2023-01-09 00:00:00,UKS,1,4
2023-01-09 00:00:00,UKW,,0
2023-01-09 00:00:00,US,,0
2023-01-09 00:00:00,VE,,0
2023-01-09 00:00:00,VN,,0
2023-01-09 00:00:00,WE,,0
2023-01-10 00:00:00,,,0
2023-01-10 00:00:00,"",,0
2023-01-10 00:00:00,AU,,0
2023-01-10 00:00:00,BN,,0
2023-01-10 00:00:00,BR,4966,14
2023-01-10 00:00:00,BS,,0
2023-01-10 00:00:00,BZ,,0
2023-01-10 00:00:00,CCS,,0
2023-01-10 00:00:00,CD,596,18
2023-01-10 00:00:00,CG,1474,12
2023-01-10 00:00:00,CM,803,11
2023-01-10 00:00:00,CO,818,10
2023-01-10 00:00:00,EC,,0
2023-01-10 00:00:00,EG,,0
2023-01-10 00:00:00,ER,,0
2023-01-10 00:00:00,FR,,0
2023-01-10 00:00:00,GA,5158,21
2023-01-10 00:00:00,GT,,0
2023-01-10 00:00:00,IQ,,0
2023-01-10 00:00:00,LH,,0
2023-01-10 00:00:00,MX,67,3
2023-01-10 00:00:00,PE,,0
2023-01-10 00:00:00,SG,,0
2023-01-10 00:00:00,TD,348,1
2023-01-10 00:00:00,TN,683,2
2023-01-10 00:00:00,TR,3,2
2023-01-10 00:00:00,TT,30,1
2023-01-10 00:00:00,UKS,1,4
2023-01-10 00:00:00,UKW,2,1
2023-01-10 00:00:00,US,,0
2023-01-10 00:00:00,VE,,0
2023-01-10 00:00:00,VN,,0
2023-01-10 00:00:00,WE,,0
2023-01-11 00:00:00,,,0
2023-01-11 00:00:00,"",,0
2023-01-11 00:00:00,AU,,0
2023-01-11 00:00:00,BN,,0
2023-01-11 00:00:00,BR,5042,14
2023-01-11 00:00:00,BS,,0
2023-01-11 00:00:00,BZ,,0
2023-01-11 00:00:00,CCS,,0
2023-01-11 00:00:00,CD,1096,20
2023-01-11 00:00:00,CG,1528,13
2023-01-11 00:00:00,CM,803,11
2023-01-11 00:00:00,CO,816,10
2023-01-11 00:00:00,EC,,0
2023-01-11 00:00:00,EG,,0
2023-01-11 00:00:00,ER,,0
2023-01-11 00:00:00,FR,,0
2023-01-11 00:00:00,GA,5057,22
2023-01-11 00:00:00,GT,,0
2023-01-11 00:00:00,IQ,,0
2023-01-11 00:00:00,LH,,0
2023-01-11 00:00:00,MX,67,3
2023-01-11 00:00:00,PE,,0
2023-01-11 00:00:00,SG,,0
2023-01-11 00:00:00,TD,348,1
2023-01-11 00:00:00,TN,683,2
2023-01-11 00:00:00,TR,3,2
2023-01-11 00:00:00,TT,30,1
2023-01-11 00:00:00,UKS,1,4
2023-01-11 00:00:00,UKW,156,1
2023-01-11 00:00:00,US,,0
2023-01-11 00:00:00,VE,,0
2023-01-11 00:00:00,VN,,0
2023-01-11 00:00:00,WE,,0
2023-01-12 00:00:00,,,0
2023-01-12 00:00:00,"",,0
2023-01-12 00:00:00,AU,,0
2023-01-12 00:00:00,BN,,0
2023-01-12 00:00:00,BR,3941,11
2023-01-12 00:00:00,BS,,0
2023-01-12 00:00:00,BZ,,0
2023-01-12 00:00:00,CCS,,0
2023-01-12 00:00:00,CD,703,18
2023-01-12 00:00:00,CG,1690,13
2023-01-12 00:00:00,CM,803,11
2023-01-12 00:00:00,CO,816,10
2023-01-12 00:00:00,EC,,0
2023-01-12 00:00:00,EG,,0
2023-01-12 00:00:00,ER,,0
2023-01-12 00:00:00,FR,,0
2023-01-12 00:00:00,GA,3849,20
2023-01-12 00:00:00,GT,,0
2023-01-12 00:00:00,IQ,,0
2023-01-12 00:00:00,LH,,0
2023-01-12 00:00:00,MX,67,3
2023-01-12 00:00:00,PE,,0
2023-01-12 00:00:00,SG,,0
2023-01-12 00:00:00,TD,348,1
2023-01-12 00:00:00,TN,683,2
2023-01-12 00:00:00,TR,10,2
2023-01-12 00:00:00,TT,30,1
2023-01-12 00:00:00,UKS,1,4
2023-01-12 00:00:00,UKW,274,1
2023-01-12 00:00:00,US,,0
2023-01-12 00:00:00,VE,,0
2023-01-12 00:00:00,VN,,0
2023-01-12 00:00:00,WE,,0
2023-01-13 00:00:00,,,0
2023-01-13 00:00:00,"",,0
2023-01-13 00:00:00,AU,,0
2023-01-13 00:00:00,BN,,0
2023-01-13 00:00:00,BR,2756,11
2023-01-13 00:00:00,BS,,0
2023-01-13 00:00:00,BZ,,0
2023-01-13 00:00:00,CCS,,0
2023-01-13 00:00:00,CD,893,18
2023-01-13 00:00:00,CG,2465,14
2023-01-13 00:00:00,CM,803,11
2023-01-13 00:00:00,CO,816,10
2023-01-13 00:00:00,EC,,0
2023-01-13 00:00:00,EG,,0
2023-01-13 00:00:00,ER,,0
2023-01-13 00:00:00,FR,,0
2023-01-13 00:00:00,GA,3689,21
2023-01-13 00:00:00,GT,,0
2023-01-13 00:00:00,IQ,,0
2023-01-13 00:00:00,LH,,0
2023-01-13 00:00:00,MX,67,3
2023-01-13 00:00:00,PE,,0
2023-01-13 00:00:00,SG,,0
2023-01-13 00:00:00,TD,348,1
2023-01-13 00:00:00,TN,683,3
2023-01-13 00:00:00,TR,21,3
2023-01-13 00:00:00,TT,30,1
2023-01-13 00:00:00,UKS,1,4
2023-01-13 00:00:00,UKW,304,1
2023-01-13 00:00:00,US,,0
2023-01-13 00:00:00,VE,,0
2023-01-13 00:00:00,VN,,0
2023-01-13 00:00:00,WE,,0
2023-01-14 00:00:00,,,0
2023-01-14 00:00:00,"",,0
2023-01-14 00:00:00,AU,,0
2023-01-14 00:00:00,BN,,0
2023-01-14 00:00:00,BR,2756,11
2023-01-14 00:00:00,BS,,0
2023-01-14 00:00:00,BZ,,0
2023-01-14 00:00:00,CCS,,0
2023-01-14 00:00:00,CD,458,17
2023-01-14 00:00:00,CG,2479,15
2023-01-14 00:00:00,CM,390,11
2023-01-14 00:00:00,CO,841,11
2023-01-14 00:00:00,EC,,0
2023-01-14 00:00:00,EG,,0
2023-01-14 00:00:00,ER,,0
2023-01-14 00:00:00,FR,,0
2023-01-14 00:00:00,GA,3650,20
2023-01-14 00:00:00,GT,,0
2023-01-14 00:00:00,IQ,,0
2023-01-14 00:00:00,LH,,0
2023-01-14 00:00:00,MX,67,3
2023-01-14 00:00:00,PE,,0
2023-01-14 00:00:00,SG,,0
2023-01-14 00:00:00,TD,348,1
2023-01-14 00:00:00,TN,683,2
2023-01-14 00:00:00,TR,59,3
2023-01-14 00:00:00,TT,30,1
2023-01-14 00:00:00,UKS,1,4
2023-01-14 00:00:00,UKW,274,1
2023-01-14 00:00:00,US,,0
2023-01-14 00:00:00,VE,,0
2023-01-14 00:00:00,VN,,0
2023-01-14 00:00:00,WE,,0
2023-01-15 00:00:00,,,0
2023-01-15 00:00:00,"",,0
2023-01-15 00:00:00,AU,,0
2023-01-15 00:00:00,BN,,0
2023-01-15 00:00:00,BR,2756,11
2023-01-15 00:00:00,BS,,0
2023-01-15 00:00:00,BZ,,0
2023-01-15 00:00:00,CCS,,0
2023-01-15 00:00:00,CD,699,17
2023-01-15 00:00:00,CG,2479,15
2023-01-15 00:00:00,CM,461,12
2023-01-15 00:00:00,CO,839,11
2023-01-15 00:00:00,EC,,0
2023-01-15 00:00:00,EG,,0
2023-01-15 00:00:00,ER,,0
2023-01-15 00:00:00,FR,,0
2023-01-15 00:00:00,GA,3593,19
2023-01-15 00:00:00,GT,,0
2023-01-15 00:00:00,IQ,,0
2023-01-15 00:00:00,LH,,0
2023-01-15 00:00:00,MX,67,3
2023-01-15 00:00:00,PE,,0
2023-01-15 00:00:00,SG,,0
2023-01-15 00:00:00,TD,348,1
2023-01-15 00:00:00,TN,683,2
2023-01-15 00:00:00,TR,21,3
2023-01-15 00:00:00,TT,30,1
2023-01-15 00:00:00,UKS,1,4
2023-01-15 00:00:00,UKW,274,1
2023-01-15 00:00:00,US,,0
2023-01-15 00:00:00,VE,,0
2023-01-15 00:00:00,VN,,0
2023-01-15 00:00:00,WE,,0
2023-01-16 00:00:00,,,0
2023-01-16 00:00:00,"",,0
2023-01-16 00:00:00,AU,,0
2023-01-16 00:00:00,BN,,0
2023-01-16 00:00:00,BR,2756,11
2023-01-16 00:00:00,BS,,0
2023-01-16 00:00:00,BZ,,0
2023-01-16 00:00:00,CCS,,0
2023-01-16 00:00:00,CD,1039,18
2023-01-16 00:00:00,CG,2635,15
2023-01-16 00:00:00,CM,417,11
2023-01-16 00:00:00,CO,840,11
2023-01-16 00:00:00,EC,,0
2023-01-16 00:00:00,EG,,0
2023-01-16 00:00:00,ER,,0
2023-01-16 00:00:00,FR,,0
2023-01-16 00:00:00,GA,3583,19
2023-01-16 00:00:00,GT,,0
2023-01-16 00:00:00,IQ,,0
2023-01-16 00:00:00,LH,,0
2023-01-16 00:00:00,MX,67,3
2023-01-16 00:00:00,PE,,0
2023-01-16 00:00:00,SG,,0
2023-01-16 00:00:00,TD,348,1
2023-01-16 00:00:00,TN,683,2
2023-01-16 00:00:00,TR,21,3
2023-01-16 00:00:00,TT,30,1
2023-01-16 00:00:00,UKS,1,4
2023-01-16 00:00:00,UKW,274,1
2023-01-16 00:00:00,US,,0
2023-01-16 00:00:00,VE,,0
2023-01-16 00:00:00,VN,,0
2023-01-16 00:00:00,WE,,0
2023-01-17 00:00:00,,,0
2023-01-17 00:00:00,"",,0
2023-01-17 00:00:00,AU,,0
2023-01-17 00:00:00,BN,,0
2023-01-17 00:00:00,BR,2756,11
2023-01-17 00:00:00,BS,,0
2023-01-17 00:00:00,BZ,,0
2023-01-17 00:00:00,CCS,,0
2023-01-17 00:00:00,CD,1832,17
2023-01-17 00:00:00,CG,2642,16
2023-01-17 00:00:00,CM,345,11
2023-01-17 00:00:00,CO,822,10
2023-01-17 00:00:00,EC,,0
2023-01-17 00:00:00,EG,,0
2023-01-17 00:00:00,ER,,0
2023-01-17 00:00:00,FR,,0
2023-01-17 00:00:00,GA,3583,19
2023-01-17 00:00:00,GT,,0
2023-01-17 00:00:00,IQ,,0
2023-01-17 00:00:00,LH,,0
2023-01-17 00:00:00,MX,80,3
2023-01-17 00:00:00,PE,,0
2023-01-17 00:00:00,SG,,0
2023-01-17 00:00:00,TD,348,1
2023-01-17 00:00:00,TN,683,2
2023-01-17 00:00:00,TR,21,3
2023-01-17 00:00:00,TT,30,1
2023-01-17 00:00:00,UKS,1,4
2023-01-17 00:00:00,UKW,274,1
2023-01-17 00:00:00,US,,0
2023-01-17 00:00:00,VE,,0
2023-01-17 00:00:00,VN,,0
2023-01-17 00:00:00,WE,,0
2023-01-18 00:00:00,,,0
2023-01-18 00:00:00,"",,0
2023-01-18 00:00:00,AU,,0
2023-01-18 00:00:00,BN,,0
2023-01-18 00:00:00,BR,2756,11
2023-01-18 00:00:00,BS,,0
2023-01-18 00:00:00,BZ,,0
2023-01-18 00:00:00,CCS,,0
2023-01-18 00:00:00,CD,1167,18
2023-01-18 00:00:00,CG,2652,15
2023-01-18 00:00:00,CM,542,11
2023-01-18 00:00:00,CO,802,9
2023-01-18 00:00:00,EC,,0
2023-01-18 00:00:00,EG,,0
2023-01-18 00:00:00,ER,,0
2023-01-18 00:00:00,FR,,0
2023-01-18 00:00:00,GA,2981,14
2023-01-18 00:00:00,GT,,0
2023-01-18 00:00:00,IQ,,0
2023-01-18 00:00:00,LH,,0
2023-01-18 00:00:00,MX,67,3
2023-01-18 00:00:00,PE,,0
2023-01-18 00:00:00,SG,,0
2023-01-18 00:00:00,TD,348,1
2023-01-18 00:00:00,TN,683,2
2023-01-18 00:00:00,TR,21,3
2023-01-18 00:00:00,TT,30,1
2023-01-18 00:00:00,UKS,1,4
2023-01-18 00:00:00,UKW,274,1
2023-01-18 00:00:00,US,,0
2023-01-18 00:00:00,VE,,0
2023-01-18 00:00:00,VN,,0
2023-01-18 00:00:00,WE,,0
2023-01-19 00:00:00,,,0
2023-01-19 00:00:00,"",,0
2023-01-19 00:00:00,AU,,0
2023-01-19 00:00:00,BN,,0
2023-01-19 00:00:00,BR,2756,11
2023-01-19 00:00:00,BS,,0
2023-01-19 00:00:00,BZ,,0
2023-01-19 00:00:00,CCS,,0
2023-01-19 00:00:00,CD,1095,19
2023-01-19 00:00:00,CG,2411,15
2023-01-19 00:00:00,CM,281,11
2023-01-19 00:00:00,CO,804,9
2023-01-19 00:00:00,EC,,0
2023-01-19 00:00:00,EG,,0
2023-01-19 00:00:00,ER,,0
2023-01-19 00:00:00,FR,,0
2023-01-19 00:00:00,GA,2480,11
2023-01-19 00:00:00,GT,,0
2023-01-19 00:00:00,IQ,,0
2023-01-19 00:00:00,LH,,0
2023-01-19 00:00:00,MX,67,3
2023-01-19 00:00:00,PE,,0
2023-01-19 00:00:00,SG,,0
2023-01-19 00:00:00,TD,348,1
2023-01-19 00:00:00,TN,683,2
2023-01-19 00:00:00,TR,21,3
2023-01-19 00:00:00,TT,30,1
2023-01-19 00:00:00,UKS,1,4
2023-01-19 00:00:00,UKW,274,1
2023-01-19 00:00:00,US,,0
2023-01-19 00:00:00,VE,,0
2023-01-19 00:00:00,VN,,0
2023-01-19 00:00:00,WE,,0
2023-01-20 00:00:00,,,0
2023-01-20 00:00:00,"",,0
2023-01-20 00:00:00,AU,,0
2023-01-20 00:00:00,BN,,0
2023-01-20 00:00:00,BR,2756,11
2023-01-20 00:00:00,BS,,0
2023-01-20 00:00:00,BZ,,0
2023-01-20 00:00:00,CCS,,0
2023-01-20 00:00:00,CD,891,19
2023-01-20 00:00:00,CG,2440,14
2023-01-20 00:00:00,CM,339,12
2023-01-20 00:00:00,CO,811,10
2023-01-20 00:00:00,EC,,0
2023-01-20 00:00:00,EG,,0
2023-01-20 00:00:00,ER,,0
2023-01-20 00:00:00,FR,,0
2023-01-20 00:00:00,GA,2354,11
2023-01-20 00:00:00,GT,,0
2023-01-20 00:00:00,IQ,,0
2023-01-20 00:00:00,LH,,0
2023-01-20 00:00:00,MX,67,3
2023-01-20 00:00:00,PE,,0
2023-01-20 00:00:00,SG,,0
2023-01-20 00:00:00,TD,348,1
2023-01-20 00:00:00,TN,683,2
2023-01-20 00:00:00,TR,29,3
2023-01-20 00:00:00,TT,30,1
2023-01-20 00:00:00,UKS,1,4
2023-01-20 00:00:00,UKW,274,1
2023-01-20 00:00:00,US,,0
2023-01-20 00:00:00,VE,,0
2023-01-20 00:00:00,VN,,0
2023-01-20 00:00:00,WE,,0
2023-01-21 00:00:00,,,0
2023-01-21 00:00:00,"",,0
2023-01-21 00:00:00,AU,,0
2023-01-21 00:00:00,BN,,0
2023-01-21 00:00:00,BR,2639,10
2023-01-21 00:00:00,BS,,0
2023-01-21 00:00:00,BZ,,0
2023-01-21 00:00:00,CCS,,0
2023-01-21 00:00:00,CD,1120,21
2023-01-21 00:00:00,CG,2171,15
2023-01-21 00:00:00,CM,323,12
2023-01-21 00:00:00,CO,811,10
2023-01-21 00:00:00,EC,,0
2023-01-21 00:00:00,EG,,0
2023-01-21 00:00:00,ER,,0
2023-01-21 00:00:00,FR,,0
2023-01-21 00:00:00,GA,2354,12
2023-01-21 00:00:00,GT,,0
2023-01-21 00:00:00,IQ,,0
2023-01-21 00:00:00,LH,,0
2023-01-21 00:00:00,MX,67,3
2023-01-21 00:00:00,PE,,0
2023-01-21 00:00:00,SG,,0
2023-01-21 00:00:00,TD,348,1
2023-01-21 00:00:00,TN,683,2
2023-01-21 00:00:00,TR,78,3
2023-01-21 00:00:00,TT,30,1
2023-01-21 00:00:00,UKS,3,5
2023-01-21 00:00:00,UKW,274,1
2023-01-21 00:00:00,US,,0
2023-01-21 00:00:00,VE,,0
2023-01-21 00:00:00,VN,,0
2023-01-21 00:00:00,WE,,0
2023-01-22 00:00:00,,,0
2023-01-22 00:00:00,"",,0
2023-01-22 00:00:00,AU,,0
2023-01-22 00:00:00,BN,,0
2023-01-22 00:00:00,BR,2321,10
2023-01-22 00:00:00,BS,,0
2023-01-22 00:00:00,BZ,,0
2023-01-22 00:00:00,CCS,,0
2023-01-22 00:00:00,CD,1221,23
2023-01-22 00:00:00,CG,2108,15
2023-01-22 00:00:00,CM,404,12
2023-01-22 00:00:00,CO,811,10
2023-01-22 00:00:00,EC,,0
2023-01-22 00:00:00,EG,,0
2023-01-22 00:00:00,ER,,0
2023-01-22 00:00:00,FR,,0
2023-01-22 00:00:00,GA,2354,13
2023-01-22 00:00:00,GT,,0
2023-01-22 00:00:00,IQ,,0
2023-01-22 00:00:00,LH,,0
2023-01-22 00:00:00,MX,67,3
2023-01-22 00:00:00,PE,,0
2023-01-22 00:00:00,SG,,0
2023-01-22 00:00:00,TD,348,1
2023-01-22 00:00:00,TN,683,2
2023-01-22 00:00:00,TR,110,4
2023-01-22 00:00:00,TT,30,1
2023-01-22 00:00:00,UKS,3,5
2023-01-22 00:00:00,UKW,274,1
2023-01-22 00:00:00,US,,0
2023-01-22 00:00:00,VE,,0
2023-01-22 00:00:00,VN,,0
2023-01-22 00:00:00,WE,,0
2023-01-23 00:00:00,,,0
2023-01-23 00:00:00,"",,0
2023-01-23 00:00:00,AU,,0
2023-01-23 00:00:00,BN,,0
2023-01-23 00:00:00,BR,2633,10
2023-01-23 00:00:00,BS,,0
2023-01-23 00:00:00,BZ,,0
2023-01-23 00:00:00,CCS,,0
2023-01-23 00:00:00,CD,1098,23
2023-01-23 00:00:00,CG,2305,15
2023-01-23 00:00:00,CM,311,13
2023-01-23 00:00:00,CO,812,10
2023-01-23 00:00:00,EC,,0
2023-01-23 00:00:00,EG,,0
2023-01-23 00:00:00,ER,,0
2023-01-23 00:00:00,FR,,0
2023-01-23 00:00:00,GA,2354,14
2023-01-23 00:00:00,GT,,0
2023-01-23 00:00:00,IQ,,0
2023-01-23 00:00:00,LH,,0
2023-01-23 00:00:00,MX,67,3
2023-01-23 00:00:00,PE,,0
2023-01-23 00:00:00,SG,,0
2023-01-23 00:00:00,TD,348,1
2023-01-23 00:00:00,TN,683,2
2023-01-23 00:00:00,TR,68,4
2023-01-23 00:00:00,TT,30,1
2023-01-23 00:00:00,UKS,3,4
2023-01-23 00:00:00,UKW,274,1
2023-01-23 00:00:00,US,,0
2023-01-23 00:00:00,VE,,0
2023-01-23 00:00:00,VN,,0
2023-01-23 00:00:00,WE,,0
2023-01-24 00:00:00,,,0
2023-01-24 00:00:00,"",,0
2023-01-24 00:00:00,AU,,0
2023-01-24 00:00:00,BN,,0
2023-01-24 00:00:00,BR,2192,10
2023-01-24 00:00:00,BS,,0
2023-01-24 00:00:00,BZ,,0
2023-01-24 00:00:00,CCS,,0
2023-01-24 00:00:00,CD,1129,24
2023-01-24 00:00:00,CG,2460,17
2023-01-24 00:00:00,CM,1327,13
2023-01-24 00:00:00,CO,2427,10
2023-01-24 00:00:00,EC,,0
2023-01-24 00:00:00,EG,,0
2023-01-24 00:00:00,ER,,0
2023-01-24 00:00:00,FR,,0
2023-01-24 00:00:00,GA,2354,14
2023-01-24 00:00:00,GT,,0
2023-01-24 00:00:00,IQ,,0
2023-01-24 00:00:00,LH,,0
2023-01-24 00:00:00,MX,67,3
2023-01-24 00:00:00,PE,,0
2023-01-24 00:00:00,SG,,0
2023-01-24 00:00:00,TD,348,1
2023-01-24 00:00:00,TN,683,2
2023-01-24 00:00:00,TR,112,5
2023-01-24 00:00:00,TT,30,1
2023-01-24 00:00:00,UKS,2,4
2023-01-24 00:00:00,UKW,274,1
2023-01-24 00:00:00,US,,0
2023-01-24 00:00:00,VE,,0
2023-01-24 00:00:00,VN,,0
2023-01-24 00:00:00,WE,,0
2023-01-25 00:00:00,,,0
2023-01-25 00:00:00,"",,0
2023-01-25 00:00:00,AU,,0
2023-01-25 00:00:00,BN,,0
2023-01-25 00:00:00,BR,2247,10
2023-01-25 00:00:00,BS,,0
2023-01-25 00:00:00,BZ,,0
2023-01-25 00:00:00,CCS,,0
2023-01-25 00:00:00,CD,1143,24
2023-01-25 00:00:00,CG,2456,17
2023-01-25 00:00:00,CM,438,13
2023-01-25 00:00:00,CO,804,9
2023-01-25 00:00:00,EC,,0
2023-01-25 00:00:00,EG,,0
2023-01-25 00:00:00,ER,,0
2023-01-25 00:00:00,FR,,0
2023-01-25 00:00:00,GA,2354,14
2023-01-25 00:00:00,GT,,0
2023-01-25 00:00:00,IQ,,0
2023-01-25 00:00:00,LH,,0
2023-01-25 00:00:00,MX,67,3
2023-01-25 00:00:00,PE,,0
2023-01-25 00:00:00,SG,,0
2023-01-25 00:00:00,TD,348,1
2023-01-25 00:00:00,TN,683,2
2023-01-25 00:00:00,TR,35,4
2023-01-25 00:00:00,TT,30,1
2023-01-25 00:00:00,UKS,1,4
2023-01-25 00:00:00,UKW,274,1
2023-01-25 00:00:00,US,,0
2023-01-25 00:00:00,VE,,0
2023-01-25 00:00:00,VN,,0
2023-01-25 00:00:00,WE,,0
2023-01-26 00:00:00,,,0
2023-01-26 00:00:00,"",,0
2023-01-26 00:00:00,AU,,0
2023-01-26 00:00:00,BN,,0
2023-01-26 00:00:00,BR,2448,11
2023-01-26 00:00:00,BS,,0
2023-01-26 00:00:00,BZ,,0
2023-01-26 00:00:00,CCS,,0
2023-01-26 00:00:00,CD,1312,31
2023-01-26 00:00:00,CG,2611,18
2023-01-26 00:00:00,CM,469,13
2023-01-26 00:00:00,CO,801,9
2023-01-26 00:00:00,EC,,0
2023-01-26 00:00:00,EG,,0
2023-01-26 00:00:00,ER,,0
2023-01-26 00:00:00,FR,,0
2023-01-26 00:00:00,GA,2354,14
2023-01-26 00:00:00,GT,,0
2023-01-26 00:00:00,IQ,,0
2023-01-26 00:00:00,LH,,0
2023-01-26 00:00:00,MX,67,3
2023-01-26 00:00:00,PE,,0
2023-01-26 00:00:00,SG,,0
2023-01-26 00:00:00,TD,348,1
2023-01-26 00:00:00,TN,683,2
2023-01-26 00:00:00,TR,35,4
2023-01-26 00:00:00,TT,30,1
2023-01-26 00:00:00,UKS,1,5
2023-01-26 00:00:00,UKW,274,1
2023-01-26 00:00:00,US,,0
2023-01-26 00:00:00,VE,,0
2023-01-26 00:00:00,VN,,0
2023-01-26 00:00:00,WE,,0
2023-01-27 00:00:00,,,0
2023-01-27 00:00:00,"",,0
2023-01-27 00:00:00,AU,,0
2023-01-27 00:00:00,BN,,0
2023-01-27 00:00:00,BR,2504,11
2023-01-27 00:00:00,BS,,0
2023-01-27 00:00:00,BZ,,0
2023-01-27 00:00:00,CCS,,0
2023-01-27 00:00:00,CD,1043,27
2023-01-27 00:00:00,CG,2631,19
2023-01-27 00:00:00,CM,325,13
2023-01-27 00:00:00,CO,811,10
2023-01-27 00:00:00,EC,,0
2023-01-27 00:00:00,EG,,0
2023-01-27 00:00:00,ER,,0
2023-01-27 00:00:00,FR,,0
2023-01-27 00:00:00,GA,2896,14
2023-01-27 00:00:00,GT,,0
2023-01-27 00:00:00,IQ,,0
2023-01-27 00:00:00,LH,,0
2023-01-27 00:00:00,MX,67,3
2023-01-27 00:00:00,PE,,0
2023-01-27 00:00:00,SG,,0
2023-01-27 00:00:00,TD,348,1
2023-01-27 00:00:00,TN,683,2
2023-01-27 00:00:00,TR,38,4
2023-01-27 00:00:00,TT,30,1
2023-01-27 00:00:00,UKS,1,4
2023-01-27 00:00:00,UKW,274,1
2023-01-27 00:00:00,US,,0
2023-01-27 00:00:00,VE,,0
2023-01-27 00:00:00,VN,,0
2023-01-27 00:00:00,WE,,0
2023-01-28 00:00:00,,,0
2023-01-28 00:00:00,"",,0
2023-01-28 00:00:00,AU,,0
2023-01-28 00:00:00,BN,,0
2023-01-28 00:00:00,BR,2443,11
2023-01-28 00:00:00,BS,,0
2023-01-28 00:00:00,BZ,,0
2023-01-28 00:00:00,CCS,,0
2023-01-28 00:00:00,CD,1105,29
2023-01-28 00:00:00,CG,2511,18
2023-01-28 00:00:00,CM,325,13
2023-01-28 00:00:00,CO,811,10
2023-01-28 00:00:00,EC,,0
2023-01-28 00:00:00,EG,,0
2023-01-28 00:00:00,ER,,0
2023-01-28 00:00:00,FR,,0
2023-01-28 00:00:00,GA,3079,14
2023-01-28 00:00:00,GT,,0
2023-01-28 00:00:00,IQ,,0
2023-01-28 00:00:00,LH,,0
2023-01-28 00:00:00,MX,67,3
2023-01-28 00:00:00,PE,,0
2023-01-28 00:00:00,SG,,0
2023-01-28 00:00:00,TD,348,1
2023-01-28 00:00:00,TN,683,2
2023-01-28 00:00:00,TR,82,4
2023-01-28 00:00:00,TT,30,1
2023-01-28 00:00:00,UKS,1,5
2023-01-28 00:00:00,UKW,274,1
2023-01-28 00:00:00,US,,0
2023-01-28 00:00:00,VE,,0
2023-01-28 00:00:00,VN,,0
2023-01-28 00:00:00,WE,,0
2023-01-29 00:00:00,,,0
2023-01-29 00:00:00,"",,0
2023-01-29 00:00:00,AU,,0
2023-01-29 00:00:00,BN,,0
2023-01-29 00:00:00,BR,2443,11
2023-01-29 00:00:00,BS,,0
2023-01-29 00:00:00,BZ,,0
2023-01-29 00:00:00,CCS,,0
2023-01-29 00:00:00,CD,1194,29
2023-01-29 00:00:00,CG,2499,15
2023-01-29 00:00:00,CM,417,13
2023-01-29 00:00:00,CO,811,10
2023-01-29 00:00:00,EC,,0
2023-01-29 00:00:00,EG,,0
2023-01-29 00:00:00,ER,,0
2023-01-29 00:00:00,FR,,0
2023-01-29 00:00:00,GA,2674,16
2023-01-29 00:00:00,GT,51,1
2023-01-29 00:00:00,IQ,,0
2023-01-29 00:00:00,LH,,0
2023-01-29 00:00:00,MX,67,3
2023-01-29 00:00:00,PE,,0
2023-01-29 00:00:00,SG,,0
2023-01-29 00:00:00,TD,348,1
2023-01-29 00:00:00,TN,683,2
2023-01-29 00:00:00,TR,105,5
2023-01-29 00:00:00,TT,30,1
2023-01-29 00:00:00,UKS,1,5
2023-01-29 00:00:00,UKW,380,1
2023-01-29 00:00:00,US,,0
2023-01-29 00:00:00,VE,,0
2023-01-29 00:00:00,VN,,0
2023-01-29 00:00:00,WE,,0
2023-01-30 00:00:00,,,0
2023-01-30 00:00:00,"",,0
2023-01-30 00:00:00,AU,,0
2023-01-30 00:00:00,BN,,0
2023-01-30 00:00:00,BR,2443,11
2023-01-30 00:00:00,BS,,0
2023-01-30 00:00:00,BZ,,0
2023-01-30 00:00:00,CCS,,0
2023-01-30 00:00:00,CD,1183,30
2023-01-30 00:00:00,CG,2499,17
2023-01-30 00:00:00,CM,351,13
2023-01-30 00:00:00,CO,811,10
2023-01-30 00:00:00,EC,,0
2023-01-30 00:00:00,EG,,0
2023-01-30 00:00:00,ER,,0
2023-01-30 00:00:00,FR,,0
2023-01-30 00:00:00,GA,2674,16
2023-01-30 00:00:00,GT,51,1
2023-01-30 00:00:00,IQ,,0
2023-01-30 00:00:00,LH,,0
2023-01-30 00:00:00,MX,67,3
2023-01-30 00:00:00,PE,,0
2023-01-30 00:00:00,SG,,0
2023-01-30 00:00:00,TD,348,1
2023-01-30 00:00:00,TN,683,2
2023-01-30 00:00:00,TR,81,4
2023-01-30 00:00:00,TT,30,1
2023-01-30 00:00:00,UKS,1,5
2023-01-30 00:00:00,UKW,274,1
2023-01-30 00:00:00,US,,0
2023-01-30 00:00:00,VE,,0
2023-01-30 00:00:00,VN,,0
2023-01-30 00:00:00,WE,,0
2023-01-31 00:00:00,,,0
2023-01-31 00:00:00,"",,0
2023-01-31 00:00:00,AU,,0
2023-01-31 00:00:00,BN,,0
2023-01-31 00:00:00,BR,2443,11
2023-01-31 00:00:00,BS,,0
2023-01-31 00:00:00,BZ,,0
2023-01-31 00:00:00,CCS,,0
2023-01-31 00:00:00,CD,1181,28
2023-01-31 00:00:00,CG,2401,17
2023-01-31 00:00:00,CM,325,13
2023-01-31 00:00:00,CO,811,10
2023-01-31 00:00:00,EC,,0
2023-01-31 00:00:00,EG,,0
2023-01-31 00:00:00,ER,,0
2023-01-31 00:00:00,FR,,0
2023-01-31 00:00:00,GA,2674,15
2023-01-31 00:00:00,GT,,0
2023-01-31 00:00:00,IQ,,0
2023-01-31 00:00:00,LH,,0
2023-01-31 00:00:00,MX,67,3
2023-01-31 00:00:00,PE,,0
2023-01-31 00:00:00,SG,,0
2023-01-31 00:00:00,TD,348,1
2023-01-31 00:00:00,TN,683,2
2023-01-31 00:00:00,TR,35,5
2023-01-31 00:00:00,TT,30,1
2023-01-31 00:00:00,UKS,1,4
2023-01-31 00:00:00,UKW,,0
2023-01-31 00:00:00,US,,0
2023-01-31 00:00:00,VE,,0
2023-01-31 00:00:00,VN,,0
2023-01-31 00:00:00,WE,,0
2023-02-01 00:00:00,,,0
2023-02-01 00:00:00,"",,0
2023-02-01 00:00:00,AU,,0
2023-02-01 00:00:00,BN,,0
2023-02-01 00:00:00,BR,2443,11
2023-02-01 00:00:00,BS,,0
2023-02-01 00:00:00,BZ,,0
2023-02-01 00:00:00,CCS,,0
2023-02-01 00:00:00,CD,1257,29
2023-02-01 00:00:00,CG,2401,17
2023-02-01 00:00:00,CM,376,12
2023-02-01 00:00:00,CO,811,10
2023-02-01 00:00:00,EC,,0
2023-02-01 00:00:00,EG,,0
2023-02-01 00:00:00,ER,,0
2023-02-01 00:00:00,FR,,0
2023-02-01 00:00:00,GA,2674,16
2023-02-01 00:00:00,GT,,0
2023-02-01 00:00:00,IQ,,0
2023-02-01 00:00:00,LH,,0
2023-02-01 00:00:00,MX,67,3
2023-02-01 00:00:00,PE,,0
2023-02-01 00:00:00,SG,,0
2023-02-01 00:00:00,TD,348,1
2023-02-01 00:00:00,TN,683,2
2023-02-01 00:00:00,TR,119,4
2023-02-01 00:00:00,TT,30,1
2023-02-01 00:00:00,UKS,1,2
2023-02-01 00:00:00,UKW,,0
2023-02-01 00:00:00,US,,0
2023-02-01 00:00:00,VE,,0
2023-02-01 00:00:00,VN,,0
2023-02-01 00:00:00,WE,,0
2023-02-02 00:00:00,,,0
2023-02-02 00:00:00,"",,0
2023-02-02 00:00:00,AU,,0
2023-02-02 00:00:00,BN,,0
2023-02-02 00:00:00,BR,2443,11
2023-02-02 00:00:00,BS,,0
2023-02-02 00:00:00,BZ,,0
2023-02-02 00:00:00,CCS,,0
2023-02-02 00:00:00,CD,1456,30
2023-02-02 00:00:00,CG,2401,17
2023-02-02 00:00:00,CM,265,11
2023-02-02 00:00:00,CO,811,10
2023-02-02 00:00:00,EC,,0
2023-02-02 00:00:00,EG,,0
2023-02-02 00:00:00,ER,,0
2023-02-02 00:00:00,FR,,0
2023-02-02 00:00:00,GA,2674,16
2023-02-02 00:00:00,GT,,0
2023-02-02 00:00:00,IQ,,0
2023-02-02 00:00:00,LH,,0
2023-02-02 00:00:00,MX,67,3
2023-02-02 00:00:00,PE,,0
2023-02-02 00:00:00,SG,,0
2023-02-02 00:00:00,TD,348,1
2023-02-02 00:00:00,TN,683,2
2023-02-02 00:00:00,TR,95,4
2023-02-02 00:00:00,TT,30,1
2023-02-02 00:00:00,UKS,1,3
2023-02-02 00:00:00,UKW,,0
2023-02-02 00:00:00,US,,0
2023-02-02 00:00:00,VE,,0
2023-02-02 00:00:00,VN,,0
2023-02-02 00:00:00,WE,,0
2023-02-03 00:00:00,,,0
2023-02-03 00:00:00,"",,0
2023-02-03 00:00:00,AU,,0
2023-02-03 00:00:00,BN,,0
2023-02-03 00:00:00,BR,2443,11
2023-02-03 00:00:00,BS,,0
2023-02-03 00:00:00,BZ,,0
2023-02-03 00:00:00,CCS,,0
2023-02-03 00:00:00,CD,1206,34
2023-02-03 00:00:00,CG,2420,17
2023-02-03 00:00:00,CM,265,12
2023-02-03 00:00:00,CO,811,10
2023-02-03 00:00:00,EC,,0
2023-02-03 00:00:00,EG,,0
2023-02-03 00:00:00,ER,,0
2023-02-03 00:00:00,FR,,0
2023-02-03 00:00:00,GA,1787,15
2023-02-03 00:00:00,GT,,0
2023-02-03 00:00:00,IQ,,0
2023-02-03 00:00:00,LH,,0
2023-02-03 00:00:00,MX,67,3
2023-02-03 00:00:00,PE,,0
2023-02-03 00:00:00,SG,,0
2023-02-03 00:00:00,TD,348,1
2023-02-03 00:00:00,TN,683,2
2023-02-03 00:00:00,TR,95,4
2023-02-03 00:00:00,TT,106,1
2023-02-03 00:00:00,UKS,1,4
2023-02-03 00:00:00,UKW,,0
2023-02-03 00:00:00,US,,0
2023-02-03 00:00:00,VE,,0
2023-02-03 00:00:00,VN,,0
2023-02-03 00:00:00,WE,,0
2023-02-04 00:00:00,,,0
2023-02-04 00:00:00,"",,0
2023-02-04 00:00:00,AU,,0
2023-02-04 00:00:00,BN,,0
2023-02-04 00:00:00,BR,2443,11
2023-02-04 00:00:00,BS,,0
2023-02-04 00:00:00,BZ,,0
2023-02-04 00:00:00,CCS,,0
2023-02-04 00:00:00,CD,1247,37
2023-02-04 00:00:00,CG,2271,17
2023-02-04 00:00:00,CM,308,11
2023-02-04 00:00:00,CO,773,9
2023-02-04 00:00:00,EC,,0
2023-02-04 00:00:00,EG,,0
2023-02-04 00:00:00,ER,,0
2023-02-04 00:00:00,FR,,0
2023-02-04 00:00:00,GA,1685,15
2023-02-04 00:00:00,GT,,0
2023-02-04 00:00:00,IQ,,0
2023-02-04 00:00:00,LH,,0
2023-02-04 00:00:00,MX,67,3
2023-02-04 00:00:00,PE,,0
2023-02-04 00:00:00,SG,,0
2023-02-04 00:00:00,TD,348,1
2023-02-04 00:00:00,TN,683,2
2023-02-04 00:00:00,TR,95,4
2023-02-04 00:00:00,TT,144,2
2023-02-04 00:00:00,UKS,1,3
2023-02-04 00:00:00,UKW,,0
2023-02-04 00:00:00,US,,0
2023-02-04 00:00:00,VE,,0
2023-02-04 00:00:00,VN,,0
2023-02-04 00:00:00,WE,,0
2023-02-05 00:00:00,,,0
2023-02-05 00:00:00,"",,0
2023-02-05 00:00:00,AU,,0
2023-02-05 00:00:00,BN,,0
2023-02-05 00:00:00,BR,2443,11
2023-02-05 00:00:00,BS,,0
2023-02-05 00:00:00,BZ,,0
2023-02-05 00:00:00,CCS,,0
2023-02-05 00:00:00,CD,1094,33
2023-02-05 00:00:00,CG,2262,17
2023-02-05 00:00:00,CM,452,11
2023-02-05 00:00:00,CO,816,9
2023-02-05 00:00:00,EC,,0
2023-02-05 00:00:00,EG,,0
2023-02-05 00:00:00,ER,,0
2023-02-05 00:00:00,FR,,0
2023-02-05 00:00:00,GA,1773,14
2023-02-05 00:00:00,GT,,0
2023-02-05 00:00:00,IQ,,0
2023-02-05 00:00:00,LH,,0
2023-02-05 00:00:00,MX,67,3
2023-02-05 00:00:00,PE,,0
2023-02-05 00:00:00,SG,,0
2023-02-05 00:00:00,TD,348,1
2023-02-05 00:00:00,TN,683,2
2023-02-05 00:00:00,TR,95,4
2023-02-05 00:00:00,TT,116,1
2023-02-05 00:00:00,UKS,1,4
2023-02-05 00:00:00,UKW,,0
2023-02-05 00:00:00,US,,0
2023-02-05 00:00:00,VE,,0
2023-02-05 00:00:00,VN,,0
2023-02-05 00:00:00,WE,,0
2023-02-06 00:00:00,,,0
2023-02-06 00:00:00,"",,0
2023-02-06 00:00:00,AU,,0
2023-02-06 00:00:00,BN,,0
2023-02-06 00:00:00,BR,2443,11
2023-02-06 00:00:00,BS,,0
2023-02-06 00:00:00,BZ,,0
2023-02-06 00:00:00,CCS,,0
2023-02-06 00:00:00,CD,765,35
2023-02-06 00:00:00,CG,2407,17
2023-02-06 00:00:00,CM,373,11
2023-02-06 00:00:00,CO,833,9
2023-02-06 00:00:00,EC,,0
2023-02-06 00:00:00,EG,,0
2023-02-06 00:00:00,ER,,0
2023-02-06 00:00:00,FR,,0
2023-02-06 00:00:00,GA,1755,15
2023-02-06 00:00:00,GT,,0
2023-02-06 00:00:00,IQ,,0
2023-02-06 00:00:00,LH,,0
2023-02-06 00:00:00,MX,67,3
2023-02-06 00:00:00,PE,,0
2023-02-06 00:00:00,SG,,0
2023-02-06 00:00:00,TD,348,1
2023-02-06 00:00:00,TN,683,2
2023-02-06 00:00:00,TR,95,4
2023-02-06 00:00:00,TT,30,1
2023-02-06 00:00:00,UKS,1,4
2023-02-06 00:00:00,UKW,,0
2023-02-06 00:00:00,US,,0
2023-02-06 00:00:00,VE,,0
2023-02-06 00:00:00,VN,,0
2023-02-06 00:00:00,WE,,0
2023-02-07 00:00:00,,,0
2023-02-07 00:00:00,"",,0
2023-02-07 00:00:00,AU,,0
2023-02-07 00:00:00,BN,,0
2023-02-07 00:00:00,BR,2443,11
2023-02-07 00:00:00,BS,,0
2023-02-07 00:00:00,BZ,,0
2023-02-07 00:00:00,CCS,,0
2023-02-07 00:00:00,CD,817,33
2023-02-07 00:00:00,CG,2425,18
2023-02-07 00:00:00,CM,318,10
2023-02-07 00:00:00,CO,836,10
2023-02-07 00:00:00,EC,,0
2023-02-07 00:00:00,EG,,0
2023-02-07 00:00:00,ER,,0
2023-02-07 00:00:00,FR,,0
2023-02-07 00:00:00,GA,1783,15
2023-02-07 00:00:00,GT,,0
2023-02-07 00:00:00,IQ,,0
2023-02-07 00:00:00,LH,,0
2023-02-07 00:00:00,MX,67,3
2023-02-07 00:00:00,PE,,0
2023-02-07 00:00:00,SG,,0
2023-02-07 00:00:00,TD,348,1
2023-02-07 00:00:00,TN,683,2
2023-02-07 00:00:00,TR,95,4
2023-02-07 00:00:00,TT,30,1
2023-02-07 00:00:00,UKS,,3
2023-02-07 00:00:00,UKW,,0
2023-02-07 00:00:00,US,,0
2023-02-07 00:00:00,VE,,0
2023-02-07 00:00:00,VN,,0
2023-02-07 00:00:00,WE,,0
2023-02-08 00:00:00,,,0
2023-02-08 00:00:00,"",,0
2023-02-08 00:00:00,AU,,0
2023-02-08 00:00:00,BN,,0
2023-02-08 00:00:00,BR,2443,11
2023-02-08 00:00:00,BS,,0
2023-02-08 00:00:00,BZ,,0
2023-02-08 00:00:00,CCS,,0
2023-02-08 00:00:00,CD,801,34
2023-02-08 00:00:00,CG,3332,18
2023-02-08 00:00:00,CM,183,10
2023-02-08 00:00:00,CO,1365,11
2023-02-08 00:00:00,EC,,0
2023-02-08 00:00:00,EG,,0
2023-02-08 00:00:00,ER,,0
2023-02-08 00:00:00,FR,,0
2023-02-08 00:00:00,GA,1911,16
2023-02-08 00:00:00,GT,,0
2023-02-08 00:00:00,IQ,,0
2023-02-08 00:00:00,LH,,0
2023-02-08 00:00:00,MX,67,3
2023-02-08 00:00:00,PE,,0
2023-02-08 00:00:00,SG,,0
2023-02-08 00:00:00,TD,348,1
2023-02-08 00:00:00,TN,683,2
2023-02-08 00:00:00,TR,95,4
2023-02-08 00:00:00,TT,30,1
2023-02-08 00:00:00,UKS,,2
2023-02-08 00:00:00,UKW,,0
2023-02-08 00:00:00,US,,0
2023-02-08 00:00:00,VE,,0
2023-02-08 00:00:00,VN,,0
2023-02-08 00:00:00,WE,,0
2023-02-09 00:00:00,,,0
2023-02-09 00:00:00,"",,0
2023-02-09 00:00:00,AU,,0
2023-02-09 00:00:00,BN,,0
2023-02-09 00:00:00,BR,2443,11
2023-02-09 00:00:00,BS,,0
2023-02-09 00:00:00,BZ,,0
2023-02-09 00:00:00,CCS,,0
2023-02-09 00:00:00,CD,691,37
2023-02-09 00:00:00,CG,3331,18
2023-02-09 00:00:00,CM,183,9
2023-02-09 00:00:00,CO,1666,13
2023-02-09 00:00:00,EC,,0
2023-02-09 00:00:00,EG,,0
2023-02-09 00:00:00,ER,,0
2023-02-09 00:00:00,FR,,0
2023-02-09 00:00:00,GA,2262,16
2023-02-09 00:00:00,GT,,0
2023-02-09 00:00:00,IQ,,0
2023-02-09 00:00:00,LH,,0
2023-02-09 00:00:00,MX,67,3
2023-02-09 00:00:00,PE,,0
2023-02-09 00:00:00,SG,,0
2023-02-09 00:00:00,TD,584,2
2023-02-09 00:00:00,TN,683,2
2023-02-09 00:00:00,TR,100,4
2023-02-09 00:00:00,TT,30,1
2023-02-09 00:00:00,UKS,,3
2023-02-09 00:00:00,UKW,,0
2023-02-09 00:00:00,US,,0
2023-02-09 00:00:00,VE,,0
2023-02-09 00:00:00,VN,,0
2023-02-09 00:00:00,WE,,0
2023-02-10 00:00:00,,,0
2023-02-10 00:00:00,"",,0
2023-02-10 00:00:00,AU,,0
2023-02-10 00:00:00,BN,,0
2023-02-10 00:00:00,BR,2443,11
2023-02-10 00:00:00,BS,,0
2023-02-10 00:00:00,BZ,,0
2023-02-10 00:00:00,CCS,,0
2023-02-10 00:00:00,CD,732,37
2023-02-10 00:00:00,CG,4476,21
2023-02-10 00:00:00,CM,118,6
2023-02-10 00:00:00,CO,1599,13
2023-02-10 00:00:00,EC,,0
2023-02-10 00:00:00,EG,,0
2023-02-10 00:00:00,ER,,0
2023-02-10 00:00:00,FR,,0
2023-02-10 00:00:00,GA,1855,15
2023-02-10 00:00:00,GT,,0
2023-02-10 00:00:00,IQ,,0
2023-02-10 00:00:00,LH,,0
2023-02-10 00:00:00,MX,67,3
2023-02-10 00:00:00,PE,,0
2023-02-10 00:00:00,SG,,0
2023-02-10 00:00:00,TD,584,2
2023-02-10 00:00:00,TN,683,2
2023-02-10 00:00:00,TR,95,4
2023-02-10 00:00:00,TT,30,1
2023-02-10 00:00:00,UKS,5,3
2023-02-10 00:00:00,UKW,,0
2023-02-10 00:00:00,US,,0
2023-02-10 00:00:00,VE,,0
2023-02-10 00:00:00,VN,,0
2023-02-10 00:00:00,WE,,0
2023-02-11 00:00:00,,,0
2023-02-11 00:00:00,"",,0
2023-02-11 00:00:00,AU,,0
2023-02-11 00:00:00,BN,,0
2023-02-11 00:00:00,BR,2443,11
2023-02-11 00:00:00,BS,,0
2023-02-11 00:00:00,BZ,,0
2023-02-11 00:00:00,CCS,,0
2023-02-11 00:00:00,CD,656,32
2023-02-11 00:00:00,CG,4476,21
2023-02-11 00:00:00,CM,130,7
2023-02-11 00:00:00,CO,1599,13
2023-02-11 00:00:00,EC,,0
2023-02-11 00:00:00,EG,,0
2023-02-11 00:00:00,ER,,0
2023-02-11 00:00:00,FR,,0
2023-02-11 00:00:00,GA,2706,15
2023-02-11 00:00:00,GT,,0
2023-02-11 00:00:00,IQ,,0
2023-02-11 00:00:00,LH,,0
2023-02-11 00:00:00,MX,67,3
2023-02-11 00:00:00,PE,,0
2023-02-11 00:00:00,SG,,0
2023-02-11 00:00:00,TD,584,2
2023-02-11 00:00:00,TN,683,2
2023-02-11 00:00:00,TR,95,4
2023-02-11 00:00:00,TT,30,1
2023-02-11 00:00:00,UKS,1,3
2023-02-11 00:00:00,UKW,,0
2023-02-11 00:00:00,US,,0
2023-02-11 00:00:00,VE,,0
2023-02-11 00:00:00,VN,,0
2023-02-11 00:00:00,WE,,0
2023-02-12 00:00:00,,,0
2023-02-12 00:00:00,"",,0
2023-02-12 00:00:00,AU,,0
2023-02-12 00:00:00,BN,,0
2023-02-12 00:00:00,BR,2443,11
2023-02-12 00:00:00,BS,,0
2023-02-12 00:00:00,BZ,,0
2023-02-12 00:00:00,CCS,,0
2023-02-12 00:00:00,CD,598,31
2023-02-12 00:00:00,CG,4491,21
2023-02-12 00:00:00,CM,130,7
2023-02-12 00:00:00,CO,1599,13
2023-02-12 00:00:00,EC,,0
2023-02-12 00:00:00,EG,,0
2023-02-12 00:00:00,ER,,0
2023-02-12 00:00:00,FR,,0
2023-02-12 00:00:00,GA,3129,17
2023-02-12 00:00:00,GT,,0
2023-02-12 00:00:00,IQ,,0
2023-02-12 00:00:00,LH,,0
2023-02-12 00:00:00,MX,67,3
2023-02-12 00:00:00,PE,,0
2023-02-12 00:00:00,SG,,0
2023-02-12 00:00:00,TD,584,2
2023-02-12 00:00:00,TN,683,2
2023-02-12 00:00:00,TR,95,4
2023-02-12 00:00:00,TT,30,1
2023-02-12 00:00:00,UKS,1,4
2023-02-12 00:00:00,UKW,,0
2023-02-12 00:00:00,US,,0
2023-02-12 00:00:00,VE,,0
2023-02-12 00:00:00,VN,,0
2023-02-12 00:00:00,WE,,0
2023-02-13 00:00:00,,,0
2023-02-13 00:00:00,"",,0
2023-02-13 00:00:00,AU,,0
2023-02-13 00:00:00,BN,,0
2023-02-13 00:00:00,BR,2443,11
2023-02-13 00:00:00,BS,,0
2023-02-13 00:00:00,BZ,,0
2023-02-13 00:00:00,CCS,,0
2023-02-13 00:00:00,CD,821,32
2023-02-13 00:00:00,CG,4517,22
2023-02-13 00:00:00,CM,130,7
2023-02-13 00:00:00,CO,1599,13
2023-02-13 00:00:00,EC,,0
2023-02-13 00:00:00,EG,,0
2023-02-13 00:00:00,ER,,0
2023-02-13 00:00:00,FR,,0
2023-02-13 00:00:00,GA,3129,17
2023-02-13 00:00:00,GT,,0
2023-02-13 00:00:00,IQ,,0
2023-02-13 00:00:00,LH,,0
2023-02-13 00:00:00,MX,67,3
2023-02-13 00:00:00,PE,,0
2023-02-13 00:00:00,SG,,0
2023-02-13 00:00:00,TD,348,1
2023-02-13 00:00:00,TN,683,2
2023-02-13 00:00:00,TR,95,4
2023-02-13 00:00:00,TT,30,1
2023-02-13 00:00:00,UKS,1,3
2023-02-13 00:00:00,UKW,,0
2023-02-13 00:00:00,US,,0
2023-02-13 00:00:00,VE,,0
2023-02-13 00:00:00,VN,,0
2023-02-13 00:00:00,WE,,0
2023-02-14 00:00:00,,,0
2023-02-14 00:00:00,"",,0
2023-02-14 00:00:00,AU,,0
2023-02-14 00:00:00,BN,,0
2023-02-14 00:00:00,BR,2424,10
2023-02-14 00:00:00,BS,,0
2023-02-14 00:00:00,BZ,,0
2023-02-14 00:00:00,CCS,,0
2023-02-14 00:00:00,CD,703,29
2023-02-14 00:00:00,CG,4517,22
2023-02-14 00:00:00,CM,130,8
2023-02-14 00:00:00,CO,1589,12
2023-02-14 00:00:00,EC,,0
2023-02-14 00:00:00,EG,,0
2023-02-14 00:00:00,ER,,0
2023-02-14 00:00:00,FR,,0
2023-02-14 00:00:00,GA,3141,17
2023-02-14 00:00:00,GT,,0
2023-02-14 00:00:00,IQ,,0
2023-02-14 00:00:00,LH,,0
2023-02-14 00:00:00,MX,67,3
2023-02-14 00:00:00,PE,,0
2023-02-14 00:00:00,SG,,0
2023-02-14 00:00:00,TD,348,1
2023-02-14 00:00:00,TN,683,2
2023-02-14 00:00:00,TR,95,4
2023-02-14 00:00:00,TT,30,1
2023-02-14 00:00:00,UKS,1,3
2023-02-14 00:00:00,UKW,,0
2023-02-14 00:00:00,US,,0
2023-02-14 00:00:00,VE,,0
2023-02-14 00:00:00,VN,,0
2023-02-14 00:00:00,WE,,0
2023-02-15 00:00:00,,,0
2023-02-15 00:00:00,"",,0
2023-02-15 00:00:00,AU,,0
2023-02-15 00:00:00,BN,,0
2023-02-15 00:00:00,BR,1986,10
2023-02-15 00:00:00,BS,,0
2023-02-15 00:00:00,BZ,,0
2023-02-15 00:00:00,CCS,,0
2023-02-15 00:00:00,CD,561,29
2023-02-15 00:00:00,CG,4517,22
2023-02-15 00:00:00,CM,130,8
2023-02-15 00:00:00,CO,1709,12
2023-02-15 00:00:00,EC,,0
2023-02-15 00:00:00,EG,,0
2023-02-15 00:00:00,ER,,0
2023-02-15 00:00:00,FR,,0
2023-02-15 00:00:00,GA,3141,17
2023-02-15 00:00:00,GT,,0
2023-02-15 00:00:00,IQ,,0
2023-02-15 00:00:00,LH,,0
2023-02-15 00:00:00,MX,67,3
2023-02-15 00:00:00,PE,,0
2023-02-15 00:00:00,SG,,0
2023-02-15 00:00:00,TD,584,2
2023-02-15 00:00:00,TN,683,2
2023-02-15 00:00:00,TR,33,3
2023-02-15 00:00:00,TT,30,1
2023-02-15 00:00:00,UKS,1,3
2023-02-15 00:00:00,UKW,40,1
2023-02-15 00:00:00,US,,0
2023-02-15 00:00:00,VE,,0
2023-02-15 00:00:00,VN,,0
2023-02-15 00:00:00,WE,,0
2023-02-16 00:00:00,,,0
2023-02-16 00:00:00,"",,0
2023-02-16 00:00:00,AU,,0
2023-02-16 00:00:00,BN,,0
2023-02-16 00:00:00,BR,1986,10
2023-02-16 00:00:00,BS,,0
2023-02-16 00:00:00,BZ,,0
2023-02-16 00:00:00,CCS,,0
2023-02-16 00:00:00,CD,557,28
2023-02-16 00:00:00,CG,4404,20
2023-02-16 00:00:00,CM,130,8
2023-02-16 00:00:00,CO,1716,14
2023-02-16 00:00:00,EC,,0
2023-02-16 00:00:00,EG,,0
2023-02-16 00:00:00,ER,,0
2023-02-16 00:00:00,FR,,0
2023-02-16 00:00:00,GA,3177,17
2023-02-16 00:00:00,GT,,0
2023-02-16 00:00:00,IQ,,0
2023-02-16 00:00:00,LH,,0
2023-02-16 00:00:00,MX,139,3
2023-02-16 00:00:00,PE,,0
2023-02-16 00:00:00,SG,,0
2023-02-16 00:00:00,TD,584,2
2023-02-16 00:00:00,TN,683,2
2023-02-16 00:00:00,TR,39,3
2023-02-16 00:00:00,TT,30,1
2023-02-16 00:00:00,UKS,1,3
2023-02-16 00:00:00,UKW,40,1
2023-02-16 00:00:00,US,,0
2023-02-16 00:00:00,VE,,0
2023-02-16 00:00:00,VN,,0
2023-02-16 00:00:00,WE,,0
2023-02-17 00:00:00,,,0
2023-02-17 00:00:00,"",,0
2023-02-17 00:00:00,AU,,0
2023-02-17 00:00:00,BN,,0
2023-02-17 00:00:00,BR,2498,10
2023-02-17 00:00:00,BS,,0
2023-02-17 00:00:00,BZ,,0
2023-02-17 00:00:00,CCS,,0
2023-02-17 00:00:00,CD,564,29
2023-02-17 00:00:00,CG,4293,21
2023-02-17 00:00:00,CM,130,8
2023-02-17 00:00:00,CO,1199,14
2023-02-17 00:00:00,EC,,0
2023-02-17 00:00:00,EG,,0
2023-02-17 00:00:00,ER,,0
2023-02-17 00:00:00,FR,,0
2023-02-17 00:00:00,GA,3363,16
2023-02-17 00:00:00,GT,,0
2023-02-17 00:00:00,IQ,,0
2023-02-17 00:00:00,LH,,0
2023-02-17 00:00:00,MX,67,3
2023-02-17 00:00:00,PE,,0
2023-02-17 00:00:00,SG,,0
2023-02-17 00:00:00,TD,584,2
2023-02-17 00:00:00,TN,683,2
2023-02-17 00:00:00,TR,171,5
2023-02-17 00:00:00,TT,30,1
2023-02-17 00:00:00,UKS,1,2
2023-02-17 00:00:00,UKW,40,1
2023-02-17 00:00:00,US,,0
2023-02-17 00:00:00,VE,,0
2023-02-17 00:00:00,VN,,0
2023-02-17 00:00:00,WE,,0
2023-02-18 00:00:00,,,0
2023-02-18 00:00:00,"",,0
2023-02-18 00:00:00,AU,,0
2023-02-18 00:00:00,BN,,0
2023-02-18 00:00:00,BR,2624,11
2023-02-18 00:00:00,BS,,0
2023-02-18 00:00:00,BZ,,0
2023-02-18 00:00:00,CCS,,0
2023-02-18 00:00:00,CD,572,29
2023-02-18 00:00:00,CG,4293,21
2023-02-18 00:00:00,CM,130,8
2023-02-18 00:00:00,CO,1195,14
2023-02-18 00:00:00,EC,,0
2023-02-18 00:00:00,EG,,0
2023-02-18 00:00:00,ER,,0
2023-02-18 00:00:00,FR,,0
2023-02-18 00:00:00,GA,3061,16
2023-02-18 00:00:00,GT,,0
2023-02-18 00:00:00,IQ,,0
2023-02-18 00:00:00,LH,,0
2023-02-18 00:00:00,MX,67,3
2023-02-18 00:00:00,PE,,0
2023-02-18 00:00:00,SG,,0
2023-02-18 00:00:00,TD,348,1
2023-02-18 00:00:00,TN,683,2
2023-02-18 00:00:00,TR,171,5
2023-02-18 00:00:00,TT,30,1
2023-02-18 00:00:00,UKS,1,4
2023-02-18 00:00:00,UKW,40,1
2023-02-18 00:00:00,US,,0
2023-02-18 00:00:00,VE,,0
2023-02-18 00:00:00,VN,,0
2023-02-18 00:00:00,WE,,0
2023-02-19 00:00:00,,,0
2023-02-19 00:00:00,"",,0
2023-02-19 00:00:00,AU,,0
2023-02-19 00:00:00,BN,,0
2023-02-19 00:00:00,BR,2624,11
2023-02-19 00:00:00,BS,,0
2023-02-19 00:00:00,BZ,,0
2023-02-19 00:00:00,CCS,,0
2023-02-19 00:00:00,CD,774,33
2023-02-19 00:00:00,CG,4293,21
2023-02-19 00:00:00,CM,130,8
2023-02-19 00:00:00,CO,1190,13
2023-02-19 00:00:00,EC,,0
2023-02-19 00:00:00,EG,,0
2023-02-19 00:00:00,ER,,0
2023-02-19 00:00:00,FR,,0
2023-02-19 00:00:00,GA,3061,16
2023-02-19 00:00:00,GT,,0
2023-02-19 00:00:00,IQ,,0
2023-02-19 00:00:00,LH,,0
2023-02-19 00:00:00,MX,67,3
2023-02-19 00:00:00,PE,,0
2023-02-19 00:00:00,SG,,0
2023-02-19 00:00:00,TD,584,2
2023-02-19 00:00:00,TN,683,2
2023-02-19 00:00:00,TR,219,5
2023-02-19 00:00:00,TT,30,1
2023-02-19 00:00:00,UKS,1,3
2023-02-19 00:00:00,UKW,40,1
2023-02-19 00:00:00,US,,0
2023-02-19 00:00:00,VE,,0
2023-02-19 00:00:00,VN,,0
2023-02-19 00:00:00,WE,,0
2023-02-20 00:00:00,,,0
2023-02-20 00:00:00,"",,0
2023-02-20 00:00:00,AU,,0
2023-02-20 00:00:00,BN,,0
2023-02-20 00:00:00,BR,2624,11
2023-02-20 00:00:00,BS,,0
2023-02-20 00:00:00,BZ,,0
2023-02-20 00:00:00,CCS,,0
2023-02-20 00:00:00,CD,770,30
2023-02-20 00:00:00,CG,4111,20
2023-02-20 00:00:00,CM,130,8
2023-02-20 00:00:00,CO,1182,13
2023-02-20 00:00:00,EC,,0
2023-02-20 00:00:00,EG,,0
2023-02-20 00:00:00,ER,,0
2023-02-20 00:00:00,FR,,0
2023-02-20 00:00:00,GA,3061,16
2023-02-20 00:00:00,GT,,0
2023-02-20 00:00:00,IQ,,0
2023-02-20 00:00:00,LH,,0
2023-02-20 00:00:00,MX,67,3
2023-02-20 00:00:00,PE,,0
2023-02-20 00:00:00,SG,,0
2023-02-20 00:00:00,TD,584,2
2023-02-20 00:00:00,TN,683,2
2023-02-20 00:00:00,TR,232,5
2023-02-20 00:00:00,TT,30,1
2023-02-20 00:00:00,UKS,1,3
2023-02-20 00:00:00,UKW,40,1
2023-02-20 00:00:00,US,,0
2023-02-20 00:00:00,VE,,0
2023-02-20 00:00:00,VN,,0
2023-02-20 00:00:00,WE,,0
2023-02-21 00:00:00,,,0
2023-02-21 00:00:00,"",,0
2023-02-21 00:00:00,AU,,0
2023-02-21 00:00:00,BN,,0
2023-02-21 00:00:00,BR,2624,11
2023-02-21 00:00:00,BS,,0
2023-02-21 00:00:00,BZ,,0
2023-02-21 00:00:00,CCS,,0
2023-02-21 00:00:00,CD,691,31
2023-02-21 00:00:00,CG,4256,20
2023-02-21 00:00:00,CM,130,8
2023-02-21 00:00:00,CO,971,12
2023-02-21 00:00:00,EC,,0
2023-02-21 00:00:00,EG,,0
2023-02-21 00:00:00,ER,,0
2023-02-21 00:00:00,FR,,0
2023-02-21 00:00:00,GA,3000,14
2023-02-21 00:00:00,GT,,0
2023-02-21 00:00:00,IQ,,0
2023-02-21 00:00:00,LH,,0
2023-02-21 00:00:00,MX,67,3
2023-02-21 00:00:00,PE,,0
2023-02-21 00:00:00,SG,,0
2023-02-21 00:00:00,TD,652,3
2023-02-21 00:00:00,TN,683,2
2023-02-21 00:00:00,TR,171,5
2023-02-21 00:00:00,TT,30,1
2023-02-21 00:00:00,UKS,1,4
2023-02-21 00:00:00,UKW,40,1
2023-02-21 00:00:00,US,,0
2023-02-21 00:00:00,VE,,0
2023-02-21 00:00:00,VN,,0
2023-02-21 00:00:00,WE,,0
2023-02-22 00:00:00,,,0
2023-02-22 00:00:00,"",,0
2023-02-22 00:00:00,AU,,0
2023-02-22 00:00:00,BN,,0
2023-02-22 00:00:00,BR,2624,11
2023-02-22 00:00:00,BS,,0
2023-02-22 00:00:00,BZ,,0
2023-02-22 00:00:00,CCS,,0
2023-02-22 00:00:00,CD,531,31
2023-02-22 00:00:00,CG,4143,19
2023-02-22 00:00:00,CM,200,8
2023-02-22 00:00:00,CO,1071,12
2023-02-22 00:00:00,EC,,0
2023-02-22 00:00:00,EG,,0
2023-02-22 00:00:00,ER,,0
2023-02-22 00:00:00,FR,,0
2023-02-22 00:00:00,GA,2522,14
2023-02-22 00:00:00,GT,,0
2023-02-22 00:00:00,IQ,,0
2023-02-22 00:00:00,LH,,0
2023-02-22 00:00:00,MX,67,3
2023-02-22 00:00:00,PE,,0
2023-02-22 00:00:00,SG,,0
2023-02-22 00:00:00,TD,652,3
2023-02-22 00:00:00,TN,683,2
2023-02-22 00:00:00,TR,160,4
2023-02-22 00:00:00,TT,30,1
2023-02-22 00:00:00,UKS,1,3
2023-02-22 00:00:00,UKW,547,1
2023-02-22 00:00:00,US,,0
2023-02-22 00:00:00,VE,,0
2023-02-22 00:00:00,VN,,0
2023-02-22 00:00:00,WE,,0
2023-02-23 00:00:00,,,0
2023-02-23 00:00:00,"",,0
2023-02-23 00:00:00,AU,,0
2023-02-23 00:00:00,BN,,0
2023-02-23 00:00:00,BR,2634,11
2023-02-23 00:00:00,BS,,0
2023-02-23 00:00:00,BZ,,0
2023-02-23 00:00:00,CCS,,0
2023-02-23 00:00:00,CD,809,30
2023-02-23 00:00:00,CG,3595,19
2023-02-23 00:00:00,CM,130,8
2023-02-23 00:00:00,CO,1069,12
2023-02-23 00:00:00,EC,,0
2023-02-23 00:00:00,EG,,0
2023-02-23 00:00:00,ER,,0
2023-02-23 00:00:00,FR,,0
2023-02-23 00:00:00,GA,3585,14
2023-02-23 00:00:00,GT,,0
2023-02-23 00:00:00,IQ,,0
2023-02-23 00:00:00,LH,,0
2023-02-23 00:00:00,MX,67,3
2023-02-23 00:00:00,PE,,0
2023-02-23 00:00:00,SG,,0
2023-02-23 00:00:00,TD,652,3
2023-02-23 00:00:00,TN,683,2
2023-02-23 00:00:00,TR,153,4
2023-02-23 00:00:00,TT,30,1
2023-02-23 00:00:00,UKS,1,3
2023-02-23 00:00:00,UKW,437,1
2023-02-23 00:00:00,US,,0
2023-02-23 00:00:00,VE,,0
2023-02-23 00:00:00,VN,,0
2023-02-23 00:00:00,WE,,0
2023-02-24 00:00:00,,,0
2023-02-24 00:00:00,"",,0
2023-02-24 00:00:00,AU,,0
2023-02-24 00:00:00,BN,,0
2023-02-24 00:00:00,BR,2624,11
2023-02-24 00:00:00,BS,,0
2023-02-24 00:00:00,BZ,,0
2023-02-24 00:00:00,CCS,,0
2023-02-24 00:00:00,CD,521,30
2023-02-24 00:00:00,CG,3928,18
2023-02-24 00:00:00,CM,159,8
2023-02-24 00:00:00,CO,1084,12
2023-02-24 00:00:00,EC,,0
2023-02-24 00:00:00,EG,,0
2023-02-24 00:00:00,ER,,0
2023-02-24 00:00:00,FR,,0
2023-02-24 00:00:00,GA,4100,15
2023-02-24 00:00:00,GT,,0
2023-02-24 00:00:00,IQ,,0
2023-02-24 00:00:00,LH,,0
2023-02-24 00:00:00,MX,67,3
2023-02-24 00:00:00,PE,,0
2023-02-24 00:00:00,SG,,0
2023-02-24 00:00:00,TD,768,3
2023-02-24 00:00:00,TN,683,2
2023-02-24 00:00:00,TR,153,4
2023-02-24 00:00:00,TT,30,1
2023-02-24 00:00:00,UKS,1,3
2023-02-24 00:00:00,UKW,40,1
2023-02-24 00:00:00,US,,0
2023-02-24 00:00:00,VE,,0
2023-02-24 00:00:00,VN,,0
2023-02-24 00:00:00,WE,,0
2023-02-25 00:00:00,,,0
2023-02-25 00:00:00,"",,0
2023-02-25 00:00:00,AU,,0
2023-02-25 00:00:00,BN,,0
2023-02-25 00:00:00,BR,2624,11
2023-02-25 00:00:00,BS,,0
2023-02-25 00:00:00,BZ,,0
2023-02-25 00:00:00,CCS,,0
2023-02-25 00:00:00,CD,718,30
2023-02-25 00:00:00,CG,3572,18
2023-02-25 00:00:00,CM,130,8
2023-02-25 00:00:00,CO,1076,13
2023-02-25 00:00:00,EC,,0
2023-02-25 00:00:00,EG,,0
2023-02-25 00:00:00,ER,,0
2023-02-25 00:00:00,FR,,0
2023-02-25 00:00:00,GA,3183,15
2023-02-25 00:00:00,GT,,0
2023-02-25 00:00:00,IQ,,0
2023-02-25 00:00:00,LH,,0
2023-02-25 00:00:00,MX,67,3
2023-02-25 00:00:00,PE,,0
2023-02-25 00:00:00,SG,,0
2023-02-25 00:00:00,TD,652,3
2023-02-25 00:00:00,TN,683,2
2023-02-25 00:00:00,TR,153,4
2023-02-25 00:00:00,TT,341,1
2023-02-25 00:00:00,UKS,1,2
2023-02-25 00:00:00,UKW,,0
2023-02-25 00:00:00,US,,0
2023-02-25 00:00:00,VE,,0
2023-02-25 00:00:00,VN,,0
2023-02-25 00:00:00,WE,,0
2023-02-26 00:00:00,,,0
2023-02-26 00:00:00,"",,0
2023-02-26 00:00:00,AU,,0
2023-02-26 00:00:00,BN,,0
2023-02-26 00:00:00,BR,2624,11
2023-02-26 00:00:00,BS,,0
2023-02-26 00:00:00,BZ,,0
2023-02-26 00:00:00,CCS,,0
2023-02-26 00:00:00,CD,1098,30
2023-02-26 00:00:00,CG,3606,19
2023-02-26 00:00:00,CM,153,8
2023-02-26 00:00:00,CO,1156,15
2023-02-26 00:00:00,EC,,0
2023-02-26 00:00:00,EG,,0
2023-02-26 00:00:00,ER,,0
2023-02-26 00:00:00,FR,,0
2023-02-26 00:00:00,GA,3206,15
2023-02-26 00:00:00,GT,,0
2023-02-26 00:00:00,IQ,,0
2023-02-26 00:00:00,LH,,0
2023-02-26 00:00:00,MX,67,3
2023-02-26 00:00:00,PE,,0
2023-02-26 00:00:00,SG,,0
2023-02-26 00:00:00,TD,652,3
2023-02-26 00:00:00,TN,683,2
2023-02-26 00:00:00,TR,153,4
2023-02-26 00:00:00,TT,30,1
2023-02-26 00:00:00,UKS,1,2
2023-02-26 00:00:00,UKW,,0
2023-02-26 00:00:00,US,,0
2023-02-26 00:00:00,VE,,0
2023-02-26 00:00:00,VN,,0
2023-02-26 00:00:00,WE,,0
2023-02-27 00:00:00,,,0
2023-02-27 00:00:00,"",,0
2023-02-27 00:00:00,AU,,0
2023-02-27 00:00:00,BN,,0
2023-02-27 00:00:00,BR,2624,11
2023-02-27 00:00:00,BS,,0
2023-02-27 00:00:00,BZ,,0
2023-02-27 00:00:00,CCS,,0
2023-02-27 00:00:00,CD,900,31
2023-02-27 00:00:00,CG,3668,20
2023-02-27 00:00:00,CM,162,8
2023-02-27 00:00:00,CO,1225,16
2023-02-27 00:00:00,EC,,0
2023-02-27 00:00:00,EG,,0
2023-02-27 00:00:00,ER,,0
2023-02-27 00:00:00,FR,,0
2023-02-27 00:00:00,GA,3205,15
2023-02-27 00:00:00,GT,,0
2023-02-27 00:00:00,IQ,,0
2023-02-27 00:00:00,LH,,0
2023-02-27 00:00:00,MX,67,3
2023-02-27 00:00:00,PE,,0
2023-02-27 00:00:00,SG,,0
2023-02-27 00:00:00,TD,652,3
2023-02-27 00:00:00,TN,683,2
2023-02-27 00:00:00,TR,25,3
2023-02-27 00:00:00,TT,30,1
2023-02-27 00:00:00,UKS,1,3
2023-02-27 00:00:00,UKW,,0
2023-02-27 00:00:00,US,,0
2023-02-27 00:00:00,VE,,0
2023-02-27 00:00:00,VN,,0
2023-02-27 00:00:00,WE,,0
2023-02-28 00:00:00,,,0
2023-02-28 00:00:00,"",,0
2023-02-28 00:00:00,AU,,0
2023-02-28 00:00:00,BN,,0
2023-02-28 00:00:00,BR,2590,10
2023-02-28 00:00:00,BS,,0
2023-02-28 00:00:00,BZ,,0
2023-02-28 00:00:00,CCS,,0
2023-02-28 00:00:00,CD,939,30
2023-02-28 00:00:00,CG,3648,20
2023-02-28 00:00:00,CM,130,8
2023-02-28 00:00:00,CO,1214,15
2023-02-28 00:00:00,EC,,0
2023-02-28 00:00:00,EG,,0
2023-02-28 00:00:00,ER,,0
2023-02-28 00:00:00,FR,,0
2023-02-28 00:00:00,GA,3335,15
2023-02-28 00:00:00,GT,,0
2023-02-28 00:00:00,IQ,,0
2023-02-28 00:00:00,LH,,0
2023-02-28 00:00:00,MX,67,3
2023-02-28 00:00:00,PE,,0
2023-02-28 00:00:00,SG,,0
2023-02-28 00:00:00,TD,652,3
2023-02-28 00:00:00,TN,683,2
2023-02-28 00:00:00,TR,25,3
2023-02-28 00:00:00,TT,30,1
2023-02-28 00:00:00,UKS,1,2
2023-02-28 00:00:00,UKW,,0
2023-02-28 00:00:00,US,,0
2023-02-28 00:00:00,VE,,0
2023-02-28 00:00:00,VN,,0
2023-02-28 00:00:00,WE,,0
2023-03-01 00:00:00,,,0
2023-03-01 00:00:00,"",,0
2023-03-01 00:00:00,AU,,0
2023-03-01 00:00:00,BN,,0
2023-03-01 00:00:00,BR,2295,10
2023-03-01 00:00:00,BS,,0
2023-03-01 00:00:00,BZ,,0
2023-03-01 00:00:00,CCS,,0
2023-03-01 00:00:00,CD,1222,31
2023-03-01 00:00:00,CG,3528,19
2023-03-01 00:00:00,CM,158,8
2023-03-01 00:00:00,CO,1197,15
2023-03-01 00:00:00,EC,,0
2023-03-01 00:00:00,EG,,0
2023-03-01 00:00:00,ER,,0
2023-03-01 00:00:00,FR,,0
2023-03-01 00:00:00,GA,3372,15
2023-03-01 00:00:00,GT,,0
2023-03-01 00:00:00,IQ,,0
2023-03-01 00:00:00,LH,,0
2023-03-01 00:00:00,MX,67,3
2023-03-01 00:00:00,PE,,0
2023-03-01 00:00:00,SG,,0
2023-03-01 00:00:00,TD,652,3
2023-03-01 00:00:00,TN,683,2
2023-03-01 00:00:00,TR,134,2
2023-03-01 00:00:00,TT,30,1
2023-03-01 00:00:00,UKS,,3
2023-03-01 00:00:00,UKW,,0
2023-03-01 00:00:00,US,,0
2023-03-01 00:00:00,VE,,0
2023-03-01 00:00:00,VN,,0
2023-03-01 00:00:00,WE,,0
2023-03-02 00:00:00,,,0
2023-03-02 00:00:00,"",,0
2023-03-02 00:00:00,AU,,0
2023-03-02 00:00:00,BN,,0
2023-03-02 00:00:00,BR,2295,10
2023-03-02 00:00:00,BS,,0
2023-03-02 00:00:00,BZ,,0
2023-03-02 00:00:00,CCS,,0
2023-03-02 00:00:00,CD,610,30
2023-03-02 00:00:00,CG,3874,21
2023-03-02 00:00:00,CM,461,9
2023-03-02 00:00:00,CO,1192,15
2023-03-02 00:00:00,EC,,0
2023-03-02 00:00:00,EG,,0
2023-03-02 00:00:00,ER,,0
2023-03-02 00:00:00,FR,,0
2023-03-02 00:00:00,GA,3157,15
2023-03-02 00:00:00,GT,,0
2023-03-02 00:00:00,IQ,,0
2023-03-02 00:00:00,LH,,0
2023-03-02 00:00:00,MX,67,3
2023-03-02 00:00:00,PE,,0
2023-03-02 00:00:00,SG,,0
2023-03-02 00:00:00,TD,652,3
2023-03-02 00:00:00,TN,683,2
2023-03-02 00:00:00,TR,108,2
2023-03-02 00:00:00,TT,30,2
2023-03-02 00:00:00,UKS,,3
2023-03-02 00:00:00,UKW,,0
2023-03-02 00:00:00,US,,0
2023-03-02 00:00:00,VE,,0
2023-03-02 00:00:00,VN,,0
2023-03-02 00:00:00,WE,,0
2023-03-03 00:00:00,,,0
2023-03-03 00:00:00,"",,0
2023-03-03 00:00:00,AU,,0
2023-03-03 00:00:00,BN,,0
2023-03-03 00:00:00,BR,2295,10
2023-03-03 00:00:00,BS,,0
2023-03-03 00:00:00,BZ,,0
2023-03-03 00:00:00,CCS,,0
2023-03-03 00:00:00,CD,434,28
2023-03-03 00:00:00,CG,3978,21
2023-03-03 00:00:00,CM,461,9
2023-03-03 00:00:00,CO,1192,15
2023-03-03 00:00:00,EC,,0
2023-03-03 00:00:00,EG,,0
2023-03-03 00:00:00,ER,,0
2023-03-03 00:00:00,FR,,0
2023-03-03 00:00:00,GA,2628,15
2023-03-03 00:00:00,GT,,0
2023-03-03 00:00:00,IQ,,0
2023-03-03 00:00:00,LH,,0
2023-03-03 00:00:00,MX,96,3
2023-03-03 00:00:00,PE,,0
2023-03-03 00:00:00,SG,,0
2023-03-03 00:00:00,TD,728,3
2023-03-03 00:00:00,TN,683,2
2023-03-03 00:00:00,TR,104,2
2023-03-03 00:00:00,TT,30,2
2023-03-03 00:00:00,UKS,,3
2023-03-03 00:00:00,UKW,,0
2023-03-03 00:00:00,US,,0
2023-03-03 00:00:00,VE,,0
2023-03-03 00:00:00,VN,,0
2023-03-03 00:00:00,WE,,0
2023-03-04 00:00:00,,,0
2023-03-04 00:00:00,"",,0
2023-03-04 00:00:00,AU,,0
2023-03-04 00:00:00,BN,,0
2023-03-04 00:00:00,BR,2295,10
2023-03-04 00:00:00,BS,,0
2023-03-04 00:00:00,BZ,,0
2023-03-04 00:00:00,CCS,,0
2023-03-04 00:00:00,CD,402,27
2023-03-04 00:00:00,CG,3889,21
2023-03-04 00:00:00,CM,461,9
2023-03-04 00:00:00,CO,1192,15
2023-03-04 00:00:00,EC,,0
2023-03-04 00:00:00,EG,,0
2023-03-04 00:00:00,ER,,0
2023-03-04 00:00:00,FR,,0
2023-03-04 00:00:00,GA,2154,14
2023-03-04 00:00:00,GT,,0
2023-03-04 00:00:00,IQ,,0
2023-03-04 00:00:00,LH,,0
2023-03-04 00:00:00,MX,96,3
2023-03-04 00:00:00,PE,,0
2023-03-04 00:00:00,SG,,0
2023-03-04 00:00:00,TD,783,3
2023-03-04 00:00:00,TN,683,2
2023-03-04 00:00:00,TR,104,2
2023-03-04 00:00:00,TT,30,2
2023-03-04 00:00:00,UKS,,3
2023-03-04 00:00:00,UKW,,0
2023-03-04 00:00:00,US,,0
2023-03-04 00:00:00,VE,,0
2023-03-04 00:00:00,VN,,0
2023-03-04 00:00:00,WE,,0
2023-03-05 00:00:00,,,0
2023-03-05 00:00:00,"",,0
2023-03-05 00:00:00,AU,,0
2023-03-05 00:00:00,BN,,0
2023-03-05 00:00:00,BR,2453,10
2023-03-05 00:00:00,BS,,0
2023-03-05 00:00:00,BZ,,0
2023-03-05 00:00:00,CCS,,0
2023-03-05 00:00:00,CD,349,23
2023-03-05 00:00:00,CG,3758,22
2023-03-05 00:00:00,CM,461,9
2023-03-05 00:00:00,CO,1195,14
2023-03-05 00:00:00,EC,,0
2023-03-05 00:00:00,EG,,0
2023-03-05 00:00:00,ER,,0
2023-03-05 00:00:00,FR,,0
2023-03-05 00:00:00,GA,2105,15
2023-03-05 00:00:00,GT,,0
2023-03-05 00:00:00,IQ,,0
2023-03-05 00:00:00,LH,,0
2023-03-05 00:00:00,MX,96,3
2023-03-05 00:00:00,PE,,0
2023-03-05 00:00:00,SG,,0
2023-03-05 00:00:00,TD,652,3
2023-03-05 00:00:00,TN,683,2
2023-03-05 00:00:00,TR,15,1
2023-03-05 00:00:00,TT,30,2
2023-03-05 00:00:00,UKS,,3
2023-03-05 00:00:00,UKW,,0
2023-03-05 00:00:00,US,,0
2023-03-05 00:00:00,VE,,0
2023-03-05 00:00:00,VN,,0
2023-03-05 00:00:00,WE,,0
2023-03-06 00:00:00,,,0
2023-03-06 00:00:00,"",,0
2023-03-06 00:00:00,AU,,0
2023-03-06 00:00:00,BN,,0
2023-03-06 00:00:00,BR,2295,10
2023-03-06 00:00:00,BS,,0
2023-03-06 00:00:00,BZ,,0
2023-03-06 00:00:00,CCS,,0
2023-03-06 00:00:00,CD,685,23
2023-03-06 00:00:00,CG,3599,22
2023-03-06 00:00:00,CM,461,9
2023-03-06 00:00:00,CO,1186,12
2023-03-06 00:00:00,EC,,0
2023-03-06 00:00:00,EG,,0
2023-03-06 00:00:00,ER,,0
2023-03-06 00:00:00,FR,,0
2023-03-06 00:00:00,GA,2210,15
2023-03-06 00:00:00,GT,,0
2023-03-06 00:00:00,IQ,,0
2023-03-06 00:00:00,LH,,0
2023-03-06 00:00:00,MX,96,3
2023-03-06 00:00:00,PE,,0
2023-03-06 00:00:00,SG,,0
2023-03-06 00:00:00,TD,652,3
2023-03-06 00:00:00,TN,683,2
2023-03-06 00:00:00,TR,71,1
2023-03-06 00:00:00,TT,30,2
2023-03-06 00:00:00,UKS,,3
2023-03-06 00:00:00,UKW,,0
2023-03-06 00:00:00,US,,0
2023-03-06 00:00:00,VE,,0
2023-03-06 00:00:00,VN,,0
2023-03-06 00:00:00,WE,,0
2023-03-07 00:00:00,,,0
2023-03-07 00:00:00,"",,0
2023-03-07 00:00:00,AU,,0
2023-03-07 00:00:00,BN,,0
2023-03-07 00:00:00,BR,2295,10
2023-03-07 00:00:00,BS,,0
2023-03-07 00:00:00,BZ,,0
2023-03-07 00:00:00,CCS,,0
2023-03-07 00:00:00,CD,396,22
2023-03-07 00:00:00,CG,3639,23
2023-03-07 00:00:00,CM,461,9
2023-03-07 00:00:00,CO,1186,12
2023-03-07 00:00:00,EC,,0
2023-03-07 00:00:00,EG,,0
2023-03-07 00:00:00,ER,,0
2023-03-07 00:00:00,FR,,0
2023-03-07 00:00:00,GA,2027,16
2023-03-07 00:00:00,GT,,0
2023-03-07 00:00:00,IQ,,0
2023-03-07 00:00:00,LH,,0
2023-03-07 00:00:00,MX,96,3
2023-03-07 00:00:00,PE,,0
2023-03-07 00:00:00,SG,,0
2023-03-07 00:00:00,TD,652,3
2023-03-07 00:00:00,TN,683,2
2023-03-07 00:00:00,TR,138,2
2023-03-07 00:00:00,TT,30,1
2023-03-07 00:00:00,UKS,,3
2023-03-07 00:00:00,UKW,102,1
2023-03-07 00:00:00,US,,0
2023-03-07 00:00:00,VE,,0
2023-03-07 00:00:00,VN,,0
2023-03-07 00:00:00,WE,,0
2023-03-08 00:00:00,,,0
2023-03-08 00:00:00,"",,0
2023-03-08 00:00:00,AU,,0
2023-03-08 00:00:00,BN,,0
2023-03-08 00:00:00,BR,2295,10
2023-03-08 00:00:00,BS,,0
2023-03-08 00:00:00,BZ,,0
2023-03-08 00:00:00,CCS,,0
2023-03-08 00:00:00,CD,386,22
2023-03-08 00:00:00,CG,3729,23
2023-03-08 00:00:00,CM,461,9
2023-03-08 00:00:00,CO,1186,12
2023-03-08 00:00:00,EC,,0
2023-03-08 00:00:00,EG,,0
2023-03-08 00:00:00,ER,,0
2023-03-08 00:00:00,FR,,0
2023-03-08 00:00:00,GA,2300,17
2023-03-08 00:00:00,GT,,0
2023-03-08 00:00:00,IQ,,0
2023-03-08 00:00:00,LH,,0
2023-03-08 00:00:00,MX,96,3
2023-03-08 00:00:00,PE,,0
2023-03-08 00:00:00,SG,,0
2023-03-08 00:00:00,TD,652,3
2023-03-08 00:00:00,TN,683,2
2023-03-08 00:00:00,TR,138,2
2023-03-08 00:00:00,TT,30,1
2023-03-08 00:00:00,UKS,,4
2023-03-08 00:00:00,UKW,130,1
2023-03-08 00:00:00,US,,0
2023-03-08 00:00:00,VE,,0
2023-03-08 00:00:00,VN,,0
2023-03-08 00:00:00,WE,,0
2023-03-09 00:00:00,,,0
2023-03-09 00:00:00,"",,0
2023-03-09 00:00:00,AU,,0
2023-03-09 00:00:00,BN,,0
2023-03-09 00:00:00,BR,2295,10
2023-03-09 00:00:00,BS,,0
2023-03-09 00:00:00,BZ,,0
2023-03-09 00:00:00,CCS,,0
2023-03-09 00:00:00,CD,405,21
2023-03-09 00:00:00,CG,3639,23
2023-03-09 00:00:00,CM,587,9
2023-03-09 00:00:00,CO,1186,12
2023-03-09 00:00:00,EC,,0
2023-03-09 00:00:00,EG,,0
2023-03-09 00:00:00,ER,,0
2023-03-09 00:00:00,FR,,0
2023-03-09 00:00:00,GA,2077,14
2023-03-09 00:00:00,GT,,0
2023-03-09 00:00:00,IQ,,0
2023-03-09 00:00:00,LH,,0
2023-03-09 00:00:00,MX,96,3
2023-03-09 00:00:00,PE,,0
2023-03-09 00:00:00,SG,,0
2023-03-09 00:00:00,TD,652,3
2023-03-09 00:00:00,TN,683,2
2023-03-09 00:00:00,TR,138,2
2023-03-09 00:00:00,TT,30,1
2023-03-09 00:00:00,UKS,,3
2023-03-09 00:00:00,UKW,162,2
2023-03-09 00:00:00,US,,0
2023-03-09 00:00:00,VE,,0
2023-03-09 00:00:00,VN,,0
2023-03-09 00:00:00,WE,,0
2023-03-10 00:00:00,,,0
2023-03-10 00:00:00,"",,0
2023-03-10 00:00:00,AU,,0
2023-03-10 00:00:00,BN,,0
2023-03-10 00:00:00,BR,2295,10
2023-03-10 00:00:00,BS,,0
2023-03-10 00:00:00,BZ,,0
2023-03-10 00:00:00,CCS,,0
2023-03-10 00:00:00,CD,453,21
2023-03-10 00:00:00,CG,3606,22
2023-03-10 00:00:00,CM,517,9
2023-03-10 00:00:00,CO,1186,12
2023-03-10 00:00:00,EC,,0
2023-03-10 00:00:00,EG,,0
2023-03-10 00:00:00,ER,,0
2023-03-10 00:00:00,FR,,0
2023-03-10 00:00:00,GA,1308,13
2023-03-10 00:00:00,GT,,0
2023-03-10 00:00:00,IQ,,0
2023-03-10 00:00:00,LH,,0
2023-03-10 00:00:00,MX,96,3
2023-03-10 00:00:00,PE,,0
2023-03-10 00:00:00,SG,,0
2023-03-10 00:00:00,TD,652,3
2023-03-10 00:00:00,TN,683,2
2023-03-10 00:00:00,TR,138,2
2023-03-10 00:00:00,TT,30,1
2023-03-10 00:00:00,UKS,,4
2023-03-10 00:00:00,UKW,156,1
2023-03-10 00:00:00,US,,0
2023-03-10 00:00:00,VE,,0
2023-03-10 00:00:00,VN,,0
2023-03-10 00:00:00,WE,,0
2023-03-11 00:00:00,,,0
2023-03-11 00:00:00,"",,0
2023-03-11 00:00:00,AU,,0
2023-03-11 00:00:00,BN,,0
2023-03-11 00:00:00,BR,2295,10
2023-03-11 00:00:00,BS,,0
2023-03-11 00:00:00,BZ,,0
2023-03-11 00:00:00,CCS,,0
2023-03-11 00:00:00,CD,509,22
2023-03-11 00:00:00,CG,3608,22
2023-03-11 00:00:00,CM,998,10
2023-03-11 00:00:00,CO,1186,12
2023-03-11 00:00:00,EC,,0
2023-03-11 00:00:00,EG,,0
2023-03-11 00:00:00,ER,,0
2023-03-11 00:00:00,FR,,0
2023-03-11 00:00:00,GA,1287,13
2023-03-11 00:00:00,GT,,0
2023-03-11 00:00:00,IQ,,0
2023-03-11 00:00:00,LH,,0
2023-03-11 00:00:00,MX,96,3
2023-03-11 00:00:00,PE,,0
2023-03-11 00:00:00,SG,,0
2023-03-11 00:00:00,TD,681,3
2023-03-11 00:00:00,TN,683,2
2023-03-11 00:00:00,TR,138,2
2023-03-11 00:00:00,TT,30,1
2023-03-11 00:00:00,UKS,,4
2023-03-11 00:00:00,UKW,180,2
2023-03-11 00:00:00,US,,0
2023-03-11 00:00:00,VE,,0
2023-03-11 00:00:00,VN,,0
2023-03-11 00:00:00,WE,,0
2023-03-12 00:00:00,,,0
2023-03-12 00:00:00,"",,0
2023-03-12 00:00:00,AU,,0
2023-03-12 00:00:00,BN,,0
2023-03-12 00:00:00,BR,2295,10
2023-03-12 00:00:00,BS,,0
2023-03-12 00:00:00,BZ,,0
2023-03-12 00:00:00,CCS,,0
2023-03-12 00:00:00,CD,655,21
2023-03-12 00:00:00,CG,3790,23
2023-03-12 00:00:00,CM,640,9
2023-03-12 00:00:00,CO,1186,12
2023-03-12 00:00:00,EC,,0
2023-03-12 00:00:00,EG,,0
2023-03-12 00:00:00,ER,,0
2023-03-12 00:00:00,FR,,0
2023-03-12 00:00:00,GA,1317,12
2023-03-12 00:00:00,GT,,0
2023-03-12 00:00:00,IQ,,0
2023-03-12 00:00:00,LH,,0
2023-03-12 00:00:00,MX,96,3
2023-03-12 00:00:00,PE,,0
2023-03-12 00:00:00,SG,,0
2023-03-12 00:00:00,TD,677,3
2023-03-12 00:00:00,TN,683,2
2023-03-12 00:00:00,TR,138,2
2023-03-12 00:00:00,TT,30,1
2023-03-12 00:00:00,UKS,,4
2023-03-12 00:00:00,UKW,187,3
2023-03-12 00:00:00,US,,0
2023-03-12 00:00:00,VE,,0
2023-03-12 00:00:00,VN,,0
2023-03-12 00:00:00,WE,,0
2023-03-13 00:00:00,,,0
2023-03-13 00:00:00,"",,0
2023-03-13 00:00:00,AU,,0
2023-03-13 00:00:00,BN,,0
2023-03-13 00:00:00,BR,2295,10
2023-03-13 00:00:00,BS,,0
2023-03-13 00:00:00,BZ,,0
2023-03-13 00:00:00,CCS,,0
2023-03-13 00:00:00,CD,433,18
2023-03-13 00:00:00,CG,4460,23
2023-03-13 00:00:00,CM,670,9
2023-03-13 00:00:00,CO,1186,12
2023-03-13 00:00:00,EC,,0
2023-03-13 00:00:00,EG,,0
2023-03-13 00:00:00,ER,,0
2023-03-13 00:00:00,FR,,0
2023-03-13 00:00:00,GA,1382,11
2023-03-13 00:00:00,GT,,0
2023-03-13 00:00:00,IQ,,0
2023-03-13 00:00:00,LH,,0
2023-03-13 00:00:00,MX,96,3
2023-03-13 00:00:00,PE,,0
2023-03-13 00:00:00,SG,,0
2023-03-13 00:00:00,TD,652,3
2023-03-13 00:00:00,TN,625,1
2023-03-13 00:00:00,TR,138,2
2023-03-13 00:00:00,TT,30,1
2023-03-13 00:00:00,UKS,,3
2023-03-13 00:00:00,UKW,186,2
2023-03-13 00:00:00,US,,0
2023-03-13 00:00:00,VE,,0
2023-03-13 00:00:00,VN,,0
2023-03-13 00:00:00,WE,,0
2023-03-14 00:00:00,,,0
2023-03-14 00:00:00,"",,0
2023-03-14 00:00:00,AU,,0
2023-03-14 00:00:00,BN,,0
2023-03-14 00:00:00,BR,2295,10
2023-03-14 00:00:00,BS,,0
2023-03-14 00:00:00,BZ,,0
2023-03-14 00:00:00,CCS,,0
2023-03-14 00:00:00,CD,419,19
2023-03-14 00:00:00,CG,4362,24
2023-03-14 00:00:00,CM,591,12
2023-03-14 00:00:00,CO,1192,12
2023-03-14 00:00:00,EC,,0
2023-03-14 00:00:00,EG,,0
2023-03-14 00:00:00,ER,,0
2023-03-14 00:00:00,FR,,0
2023-03-14 00:00:00,GA,1557,13
2023-03-14 00:00:00,GT,,0
2023-03-14 00:00:00,IQ,,0
2023-03-14 00:00:00,LH,,0
2023-03-14 00:00:00,MX,96,3
2023-03-14 00:00:00,PE,,0
2023-03-14 00:00:00,SG,,0
2023-03-14 00:00:00,TD,652,3
2023-03-14 00:00:00,TN,528,1
2023-03-14 00:00:00,TR,138,2
2023-03-14 00:00:00,TT,30,1
2023-03-14 00:00:00,UKS,,3
2023-03-14 00:00:00,UKW,187,3
2023-03-14 00:00:00,US,,0
2023-03-14 00:00:00,VE,,0
2023-03-14 00:00:00,VN,,0
2023-03-14 00:00:00,WE,,0
2023-03-15 00:00:00,,,0
2023-03-15 00:00:00,"",,0
2023-03-15 00:00:00,AU,,0
2023-03-15 00:00:00,BN,,0
2023-03-15 00:00:00,BR,2295,10
2023-03-15 00:00:00,BS,,0
2023-03-15 00:00:00,BZ,,0
2023-03-15 00:00:00,CCS,,0
2023-03-15 00:00:00,CD,471,22
2023-03-15 00:00:00,CG,4423,25
2023-03-15 00:00:00,CM,591,12
2023-03-15 00:00:00,CO,1187,12
2023-03-15 00:00:00,EC,,0
2023-03-15 00:00:00,EG,,0
2023-03-15 00:00:00,ER,,0
2023-03-15 00:00:00,FR,,0
2023-03-15 00:00:00,GA,1675,12
2023-03-15 00:00:00,GT,,0
2023-03-15 00:00:00,IQ,,0
2023-03-15 00:00:00,LH,,0
2023-03-15 00:00:00,MX,96,3
2023-03-15 00:00:00,PE,,0
2023-03-15 00:00:00,SG,,0
2023-03-15 00:00:00,TD,652,3
2023-03-15 00:00:00,TN,528,1
2023-03-15 00:00:00,TR,138,2
2023-03-15 00:00:00,TT,30,1
2023-03-15 00:00:00,UKS,,2
2023-03-15 00:00:00,UKW,187,3
2023-03-15 00:00:00,US,,0
2023-03-15 00:00:00,VE,,0
2023-03-15 00:00:00,VN,,0
2023-03-15 00:00:00,WE,,0
2023-03-16 00:00:00,,,0
2023-03-16 00:00:00,"",,0
2023-03-16 00:00:00,AU,,0
2023-03-16 00:00:00,BN,,0
2023-03-16 00:00:00,BR,2295,10
2023-03-16 00:00:00,BS,,0
2023-03-16 00:00:00,BZ,,0
2023-03-16 00:00:00,CCS,,0
2023-03-16 00:00:00,CD,325,25
2023-03-16 00:00:00,CG,4616,25
2023-03-16 00:00:00,CM,591,12
2023-03-16 00:00:00,CO,1186,12
2023-03-16 00:00:00,EC,,0
2023-03-16 00:00:00,EG,,0
2023-03-16 00:00:00,ER,,0
2023-03-16 00:00:00,FR,,0
2023-03-16 00:00:00,GA,1912,14
2023-03-16 00:00:00,GT,,0
2023-03-16 00:00:00,IQ,,0
2023-03-16 00:00:00,LH,,0
2023-03-16 00:00:00,MX,96,3
2023-03-16 00:00:00,PE,,0
2023-03-16 00:00:00,SG,,0
2023-03-16 00:00:00,TD,652,3
2023-03-16 00:00:00,TN,528,1
2023-03-16 00:00:00,TR,63,1
2023-03-16 00:00:00,TT,30,1
2023-03-16 00:00:00,UKS,1,3
2023-03-16 00:00:00,UKW,187,3
2023-03-16 00:00:00,US,,0
2023-03-16 00:00:00,VE,,0
2023-03-16 00:00:00,VN,,0
2023-03-16 00:00:00,WE,,0
2023-03-17 00:00:00,,,0
2023-03-17 00:00:00,"",,0
2023-03-17 00:00:00,AU,,0
2023-03-17 00:00:00,BN,,0
2023-03-17 00:00:00,BR,1952,9
2023-03-17 00:00:00,BS,,0
2023-03-17 00:00:00,BZ,,0
2023-03-17 00:00:00,CCS,,0
2023-03-17 00:00:00,CD,413,24
2023-03-17 00:00:00,CG,4362,25
2023-03-17 00:00:00,CM,648,12
2023-03-17 00:00:00,CO,1186,12
2023-03-17 00:00:00,EC,,0
2023-03-17 00:00:00,EG,,0
2023-03-17 00:00:00,ER,,0
2023-03-17 00:00:00,FR,,0
2023-03-17 00:00:00,GA,1912,14
2023-03-17 00:00:00,GT,,0
2023-03-17 00:00:00,IQ,,0
2023-03-17 00:00:00,LH,,0
2023-03-17 00:00:00,MX,96,3
2023-03-17 00:00:00,PE,,0
2023-03-17 00:00:00,SG,,0
2023-03-17 00:00:00,TD,652,3
2023-03-17 00:00:00,TN,528,1
2023-03-17 00:00:00,TR,11,1
2023-03-17 00:00:00,TT,30,1
2023-03-17 00:00:00,UKS,,1
2023-03-17 00:00:00,UKW,187,3
2023-03-17 00:00:00,US,,0
2023-03-17 00:00:00,VE,,0
2023-03-17 00:00:00,VN,,0
2023-03-17 00:00:00,WE,,0
2023-03-18 00:00:00,,,0
2023-03-18 00:00:00,"",,0
2023-03-18 00:00:00,AU,,0
2023-03-18 00:00:00,BN,,0
2023-03-18 00:00:00,BR,1952,9
2023-03-18 00:00:00,BS,,0
2023-03-18 00:00:00,BZ,,0
2023-03-18 00:00:00,CCS,,0
2023-03-18 00:00:00,CD,536,26
2023-03-18 00:00:00,CG,4283,24
2023-03-18 00:00:00,CM,679,13
2023-03-18 00:00:00,CO,1202,12
2023-03-18 00:00:00,EC,,0
2023-03-18 00:00:00,EG,,0
2023-03-18 00:00:00,ER,,0
2023-03-18 00:00:00,FR,,0
2023-03-18 00:00:00,GA,1912,14
2023-03-18 00:00:00,GT,,0
2023-03-18 00:00:00,IQ,,0
2023-03-18 00:00:00,LH,,0
2023-03-18 00:00:00,MX,96,3
2023-03-18 00:00:00,PE,,0
2023-03-18 00:00:00,SG,,0
2023-03-18 00:00:00,TD,652,3
2023-03-18 00:00:00,TN,528,1
2023-03-18 00:00:00,TR,11,1
2023-03-18 00:00:00,TT,30,1
2023-03-18 00:00:00,UKS,,0
2023-03-18 00:00:00,UKW,187,3
2023-03-18 00:00:00,US,,0
2023-03-18 00:00:00,VE,,0
2023-03-18 00:00:00,VN,,0
2023-03-18 00:00:00,WE,,0
2023-03-19 00:00:00,,,0
2023-03-19 00:00:00,"",,0
2023-03-19 00:00:00,AU,,0
2023-03-19 00:00:00,BN,,0
2023-03-19 00:00:00,BR,1952,9
2023-03-19 00:00:00,BS,,0
2023-03-19 00:00:00,BZ,,0
2023-03-19 00:00:00,CCS,,0
2023-03-19 00:00:00,CD,397,28
2023-03-19 00:00:00,CG,4119,25
2023-03-19 00:00:00,CM,639,13
2023-03-19 00:00:00,CO,1186,12
2023-03-19 00:00:00,EC,,0
2023-03-19 00:00:00,EG,,0
2023-03-19 00:00:00,ER,,0
2023-03-19 00:00:00,FR,,0
2023-03-19 00:00:00,GA,1912,14
2023-03-19 00:00:00,GT,,0
2023-03-19 00:00:00,IQ,,0
2023-03-19 00:00:00,LH,,0
2023-03-19 00:00:00,MX,96,3
2023-03-19 00:00:00,PE,,0
2023-03-19 00:00:00,SG,,0
2023-03-19 00:00:00,TD,652,3
2023-03-19 00:00:00,TN,528,1
2023-03-19 00:00:00,TR,11,1
2023-03-19 00:00:00,TT,30,1
2023-03-19 00:00:00,UKS,,0
2023-03-19 00:00:00,UKW,187,3
2023-03-19 00:00:00,US,,0
2023-03-19 00:00:00,VE,,0
2023-03-19 00:00:00,VN,,0
2023-03-19 00:00:00,WE,,0
2023-03-20 00:00:00,,,0
2023-03-20 00:00:00,"",,0
2023-03-20 00:00:00,AU,,0
2023-03-20 00:00:00,BN,,0
2023-03-20 00:00:00,BR,1952,9
2023-03-20 00:00:00,BS,,0
2023-03-20 00:00:00,BZ,,0
2023-03-20 00:00:00,CCS,,0
2023-03-20 00:00:00,CD,408,30
2023-03-20 00:00:00,CG,4149,25
2023-03-20 00:00:00,CM,554,13
2023-03-20 00:00:00,CO,1186,12
2023-03-20 00:00:00,EC,,0
2023-03-20 00:00:00,EG,,0
2023-03-20 00:00:00,ER,,0
2023-03-20 00:00:00,FR,,0
2023-03-20 00:00:00,GA,1901,13
2023-03-20 00:00:00,GT,,0
2023-03-20 00:00:00,IQ,,0
2023-03-20 00:00:00,LH,,0
2023-03-20 00:00:00,MX,96,3
2023-03-20 00:00:00,PE,,0
2023-03-20 00:00:00,SG,,0
2023-03-20 00:00:00,TD,652,3
2023-03-20 00:00:00,TN,528,1
2023-03-20 00:00:00,TR,11,1
2023-03-20 00:00:00,TT,30,1
2023-03-20 00:00:00,UKS,3,3
2023-03-20 00:00:00,UKW,187,3
2023-03-20 00:00:00,US,,0
2023-03-20 00:00:00,VE,,0
2023-03-20 00:00:00,VN,,0
2023-03-20 00:00:00,WE,,0
2023-03-21 00:00:00,,,0
2023-03-21 00:00:00,"",,0
2023-03-21 00:00:00,AU,,0
2023-03-21 00:00:00,BN,,0
2023-03-21 00:00:00,BR,1952,9
2023-03-21 00:00:00,BS,,0
2023-03-21 00:00:00,BZ,,0
2023-03-21 00:00:00,CCS,,0
2023-03-21 00:00:00,CD,389,28
2023-03-21 00:00:00,CG,4233,19
2023-03-21 00:00:00,CM,221,11
2023-03-21 00:00:00,CO,1186,13
2023-03-21 00:00:00,EC,,0
2023-03-21 00:00:00,EG,,0
2023-03-21 00:00:00,ER,,0
2023-03-21 00:00:00,FR,,0
2023-03-21 00:00:00,GA,1371,11
2023-03-21 00:00:00,GT,,0
2023-03-21 00:00:00,IQ,,0
2023-03-21 00:00:00,LH,,0
2023-03-21 00:00:00,MX,96,3
2023-03-21 00:00:00,PE,,0
2023-03-21 00:00:00,SG,,0
2023-03-21 00:00:00,TD,652,3
2023-03-21 00:00:00,TN,528,1
2023-03-21 00:00:00,TR,38,1
2023-03-21 00:00:00,TT,30,1
2023-03-21 00:00:00,UKS,6,4
2023-03-21 00:00:00,UKW,187,3
2023-03-21 00:00:00,US,,0
2023-03-21 00:00:00,VE,,0
2023-03-21 00:00:00,VN,,0
2023-03-21 00:00:00,WE,,0
2023-03-22 00:00:00,,,0
2023-03-22 00:00:00,"",,0
2023-03-22 00:00:00,AU,,0
2023-03-22 00:00:00,BN,,0
2023-03-22 00:00:00,BR,1952,9
2023-03-22 00:00:00,BS,,0
2023-03-22 00:00:00,BZ,,0
2023-03-22 00:00:00,CCS,,0
2023-03-22 00:00:00,CD,450,28
2023-03-22 00:00:00,CG,4958,25
2023-03-22 00:00:00,CM,758,11
2023-03-22 00:00:00,CO,1204,13
2023-03-22 00:00:00,EC,,0
2023-03-22 00:00:00,EG,,0
2023-03-22 00:00:00,ER,,0
2023-03-22 00:00:00,FR,,0
2023-03-22 00:00:00,GA,1933,14
2023-03-22 00:00:00,GT,,0
2023-03-22 00:00:00,IQ,,0
2023-03-22 00:00:00,LH,,0
2023-03-22 00:00:00,MX,96,3
2023-03-22 00:00:00,PE,,0
2023-03-22 00:00:00,SG,,0
2023-03-22 00:00:00,TD,652,3
2023-03-22 00:00:00,TN,528,1
2023-03-22 00:00:00,TR,55,2
2023-03-22 00:00:00,TT,30,1
2023-03-22 00:00:00,UKS,6,4
2023-03-22 00:00:00,UKW,187,3
2023-03-22 00:00:00,US,,0
2023-03-22 00:00:00,VE,,0
2023-03-22 00:00:00,VN,,0
2023-03-22 00:00:00,WE,,0
2023-03-23 00:00:00,,,0
2023-03-23 00:00:00,"",,0
2023-03-23 00:00:00,AU,,0
2023-03-23 00:00:00,BN,,0
2023-03-23 00:00:00,BR,1952,9
2023-03-23 00:00:00,BS,,0
2023-03-23 00:00:00,BZ,,0
2023-03-23 00:00:00,CCS,,0
2023-03-23 00:00:00,CD,444,26
2023-03-23 00:00:00,CG,4958,26
2023-03-23 00:00:00,CM,288,12
2023-03-23 00:00:00,CO,1206,14
2023-03-23 00:00:00,EC,,0
2023-03-23 00:00:00,EG,,0
2023-03-23 00:00:00,ER,,0
2023-03-23 00:00:00,FR,,0
2023-03-23 00:00:00,GA,1960,13
2023-03-23 00:00:00,GT,,0
2023-03-23 00:00:00,IQ,,0
2023-03-23 00:00:00,LH,,0
2023-03-23 00:00:00,MX,97,4
2023-03-23 00:00:00,PE,,0
2023-03-23 00:00:00,SG,,0
2023-03-23 00:00:00,TD,652,3
2023-03-23 00:00:00,TN,528,1
2023-03-23 00:00:00,TR,55,2
2023-03-23 00:00:00,TT,30,1
2023-03-23 00:00:00,UKS,1,3
2023-03-23 00:00:00,UKW,177,2
2023-03-23 00:00:00,US,,0
2023-03-23 00:00:00,VE,,0
2023-03-23 00:00:00,VN,,0
2023-03-23 00:00:00,WE,,0
2023-03-24 00:00:00,,,0
2023-03-24 00:00:00,"",,0
2023-03-24 00:00:00,AU,,0
2023-03-24 00:00:00,BN,,0
2023-03-24 00:00:00,BR,1952,9
2023-03-24 00:00:00,BS,,0
2023-03-24 00:00:00,BZ,,0
2023-03-24 00:00:00,CCS,,0
2023-03-24 00:00:00,CD,458,27
2023-03-24 00:00:00,CG,5069,26
2023-03-24 00:00:00,CM,312,12
2023-03-24 00:00:00,CO,1206,14
2023-03-24 00:00:00,EC,,0
2023-03-24 00:00:00,EG,,0
2023-03-24 00:00:00,ER,,0
2023-03-24 00:00:00,FR,,0
2023-03-24 00:00:00,GA,2208,17
2023-03-24 00:00:00,GT,,0
2023-03-24 00:00:00,IQ,,0
2023-03-24 00:00:00,LH,,0
2023-03-24 00:00:00,MX,97,4
2023-03-24 00:00:00,PE,,0
2023-03-24 00:00:00,SG,,0
2023-03-24 00:00:00,TD,652,3
2023-03-24 00:00:00,TN,528,1
2023-03-24 00:00:00,TR,55,2
2023-03-24 00:00:00,TT,30,1
2023-03-24 00:00:00,UKS,1,3
2023-03-24 00:00:00,UKW,213,2
2023-03-24 00:00:00,US,,0
2023-03-24 00:00:00,VE,,0
2023-03-24 00:00:00,VN,,0
2023-03-24 00:00:00,WE,,0
2023-03-25 00:00:00,,,0
2023-03-25 00:00:00,"",,0
2023-03-25 00:00:00,AU,,0
2023-03-25 00:00:00,BN,,0
2023-03-25 00:00:00,BR,1952,9
2023-03-25 00:00:00,BS,,0
2023-03-25 00:00:00,BZ,,0
2023-03-25 00:00:00,CCS,,0
2023-03-25 00:00:00,CD,348,25
2023-03-25 00:00:00,CG,4997,26
2023-03-25 00:00:00,CM,452,12
2023-03-25 00:00:00,CO,1206,14
2023-03-25 00:00:00,EC,,0
2023-03-25 00:00:00,EG,,0
2023-03-25 00:00:00,ER,,0
2023-03-25 00:00:00,FR,,0
2023-03-25 00:00:00,GA,1960,16
2023-03-25 00:00:00,GT,,0
2023-03-25 00:00:00,IQ,,0
2023-03-25 00:00:00,LH,,0
2023-03-25 00:00:00,MX,97,4
2023-03-25 00:00:00,PE,,0
2023-03-25 00:00:00,SG,,0
2023-03-25 00:00:00,TD,652,3
2023-03-25 00:00:00,TN,528,1
2023-03-25 00:00:00,TR,55,2
2023-03-25 00:00:00,TT,30,1
2023-03-25 00:00:00,UKS,1,3
2023-03-25 00:00:00,UKW,250,3
2023-03-25 00:00:00,US,,0
2023-03-25 00:00:00,VE,,0
2023-03-25 00:00:00,VN,,0
2023-03-25 00:00:00,WE,,0
2023-03-26 00:00:00,,,0
2023-03-26 00:00:00,"",,0
2023-03-26 00:00:00,AU,,0
2023-03-26 00:00:00,BN,,0
2023-03-26 00:00:00,BR,1952,9
2023-03-26 00:00:00,BS,,0
2023-03-26 00:00:00,BZ,,0
2023-03-26 00:00:00,CCS,,0
2023-03-26 00:00:00,CD,368,26
2023-03-26 00:00:00,CG,4928,26
2023-03-26 00:00:00,CM,288,12
2023-03-26 00:00:00,CO,1204,13
2023-03-26 00:00:00,EC,,0
2023-03-26 00:00:00,EG,,0
2023-03-26 00:00:00,ER,,0
2023-03-26 00:00:00,FR,,0
2023-03-26 00:00:00,GA,1923,16
2023-03-26 00:00:00,GT,,0
2023-03-26 00:00:00,IQ,,0
2023-03-26 00:00:00,LH,,0
2023-03-26 00:00:00,MX,97,4
2023-03-26 00:00:00,PE,,0
2023-03-26 00:00:00,SG,,0
2023-03-26 00:00:00,TD,652,3
2023-03-26 00:00:00,TN,528,1
2023-03-26 00:00:00,TR,12,1
2023-03-26 00:00:00,TT,30,2
2023-03-26 00:00:00,UKS,1,3
2023-03-26 00:00:00,UKW,,0
2023-03-26 00:00:00,US,,0
2023-03-26 00:00:00,VE,,0
2023-03-26 00:00:00,VN,,0
2023-03-26 00:00:00,WE,,0
2023-03-27 00:00:00,,,0
2023-03-27 00:00:00,"",,0
2023-03-27 00:00:00,AU,,0
2023-03-27 00:00:00,BN,,0
2023-03-27 00:00:00,BR,1952,9
2023-03-27 00:00:00,BS,,0
2023-03-27 00:00:00,BZ,,0
2023-03-27 00:00:00,CCS,,0
2023-03-27 00:00:00,CD,471,26
2023-03-27 00:00:00,CG,4917,26
2023-03-27 00:00:00,CM,416,11
2023-03-27 00:00:00,CO,1266,15
2023-03-27 00:00:00,EC,,0
2023-03-27 00:00:00,EG,,0
2023-03-27 00:00:00,ER,,0
2023-03-27 00:00:00,FR,,0
2023-03-27 00:00:00,GA,1819,14
2023-03-27 00:00:00,GT,,0
2023-03-27 00:00:00,IQ,,0
2023-03-27 00:00:00,LH,,0
2023-03-27 00:00:00,MX,97,4
2023-03-27 00:00:00,PE,,0
2023-03-27 00:00:00,SG,,0
2023-03-27 00:00:00,TD,652,3
2023-03-27 00:00:00,TN,528,1
2023-03-27 00:00:00,TR,11,1
2023-03-27 00:00:00,TT,30,1
2023-03-27 00:00:00,UKS,1,3
2023-03-27 00:00:00,UKW,,0
2023-03-27 00:00:00,US,,0
2023-03-27 00:00:00,VE,,0
2023-03-27 00:00:00,VN,,0
2023-03-27 00:00:00,WE,,0
2023-03-28 00:00:00,,,0
2023-03-28 00:00:00,"",,0
2023-03-28 00:00:00,AU,,0
2023-03-28 00:00:00,BN,,0
2023-03-28 00:00:00,BR,1931,8
2023-03-28 00:00:00,BS,,0
2023-03-28 00:00:00,BZ,,0
2023-03-28 00:00:00,CCS,,0
2023-03-28 00:00:00,CD,532,26
2023-03-28 00:00:00,CG,5129,24
2023-03-28 00:00:00,CM,266,11
2023-03-28 00:00:00,CO,1180,14
2023-03-28 00:00:00,EC,,0
2023-03-28 00:00:00,EG,,0
2023-03-28 00:00:00,ER,,0
2023-03-28 00:00:00,FR,,0
2023-03-28 00:00:00,GA,2163,15
2023-03-28 00:00:00,GT,,0
2023-03-28 00:00:00,IQ,,0
2023-03-28 00:00:00,LH,,0
2023-03-28 00:00:00,MX,97,4
2023-03-28 00:00:00,PE,,0
2023-03-28 00:00:00,SG,,0
2023-03-28 00:00:00,TD,652,3
2023-03-28 00:00:00,TN,528,1
2023-03-28 00:00:00,TR,15,1
2023-03-28 00:00:00,TT,30,1
2023-03-28 00:00:00,UKS,1,3
2023-03-28 00:00:00,UKW,,0
2023-03-28 00:00:00,US,,0
2023-03-28 00:00:00,VE,,0
2023-03-28 00:00:00,VN,,0
2023-03-28 00:00:00,WE,,0
2023-03-29 00:00:00,,,0
2023-03-29 00:00:00,"",,0
2023-03-29 00:00:00,AU,,0
2023-03-29 00:00:00,BN,,0
2023-03-29 00:00:00,BR,1728,8
2023-03-29 00:00:00,BS,,0
2023-03-29 00:00:00,BZ,,0
2023-03-29 00:00:00,CCS,,0
2023-03-29 00:00:00,CD,554,26
2023-03-29 00:00:00,CG,5560,25
2023-03-29 00:00:00,CM,288,12
2023-03-29 00:00:00,CO,1170,14
2023-03-29 00:00:00,EC,,0
2023-03-29 00:00:00,EG,,0
2023-03-29 00:00:00,ER,,0
2023-03-29 00:00:00,FR,,0
2023-03-29 00:00:00,GA,2410,15
2023-03-29 00:00:00,GT,,0
2023-03-29 00:00:00,IQ,,0
2023-03-29 00:00:00,LH,,0
2023-03-29 00:00:00,MX,97,4
2023-03-29 00:00:00,PE,,0
2023-03-29 00:00:00,SG,,0
2023-03-29 00:00:00,TD,652,3
2023-03-29 00:00:00,TN,528,1
2023-03-29 00:00:00,TR,24,2
2023-03-29 00:00:00,TT,30,1
2023-03-29 00:00:00,UKS,1,4
2023-03-29 00:00:00,UKW,,0
2023-03-29 00:00:00,US,,0
2023-03-29 00:00:00,VE,,0
2023-03-29 00:00:00,VN,,0
2023-03-29 00:00:00,WE,,0
2023-03-30 00:00:00,,,0
2023-03-30 00:00:00,"",,0
2023-03-30 00:00:00,AU,,0
2023-03-30 00:00:00,BN,,0
2023-03-30 00:00:00,BR,1728,8
2023-03-30 00:00:00,BS,,0
2023-03-30 00:00:00,BZ,,0
2023-03-30 00:00:00,CCS,,0
2023-03-30 00:00:00,CD,519,25
2023-03-30 00:00:00,CG,6104,24
2023-03-30 00:00:00,CM,288,12
2023-03-30 00:00:00,CO,1167,13
2023-03-30 00:00:00,EC,,0
2023-03-30 00:00:00,EG,,0
2023-03-30 00:00:00,ER,,0
2023-03-30 00:00:00,FR,,0
2023-03-30 00:00:00,GA,1825,14
2023-03-30 00:00:00,GT,,0
2023-03-30 00:00:00,IQ,,0
2023-03-30 00:00:00,LH,,0
2023-03-30 00:00:00,MX,114,5
2023-03-30 00:00:00,PE,,0
2023-03-30 00:00:00,SG,,0
2023-03-30 00:00:00,TD,668,4
2023-03-30 00:00:00,TN,528,1
2023-03-30 00:00:00,TR,97,3
2023-03-30 00:00:00,TT,30,1
2023-03-30 00:00:00,UKS,1,3
2023-03-30 00:00:00,UKW,60,1
2023-03-30 00:00:00,US,,0
2023-03-30 00:00:00,VE,,0
2023-03-30 00:00:00,VN,,0
2023-03-30 00:00:00,WE,,0
2023-03-31 00:00:00,,,0
2023-03-31 00:00:00,"",,0
2023-03-31 00:00:00,AU,,0
2023-03-31 00:00:00,BN,,0
2023-03-31 00:00:00,BR,1582,7
2023-03-31 00:00:00,BS,,0
2023-03-31 00:00:00,BZ,,0
2023-03-31 00:00:00,CCS,,0
2023-03-31 00:00:00,CD,885,27
2023-03-31 00:00:00,CG,4777,17
2023-03-31 00:00:00,CM,288,12
2023-03-31 00:00:00,CO,1041,11
2023-03-31 00:00:00,EC,,0
2023-03-31 00:00:00,EG,,0
2023-03-31 00:00:00,ER,,0
2023-03-31 00:00:00,FR,,0
2023-03-31 00:00:00,GA,2111,14
2023-03-31 00:00:00,GT,,0
2023-03-31 00:00:00,IQ,,0
2023-03-31 00:00:00,LH,,0
2023-03-31 00:00:00,MX,114,5
2023-03-31 00:00:00,PE,,0
2023-03-31 00:00:00,SG,,0
2023-03-31 00:00:00,TD,668,4
2023-03-31 00:00:00,TN,528,1
2023-03-31 00:00:00,TR,97,3
2023-03-31 00:00:00,TT,30,1
2023-03-31 00:00:00,UKS,1,3
2023-03-31 00:00:00,UKW,60,1
2023-03-31 00:00:00,US,,0
2023-03-31 00:00:00,VE,,0
2023-03-31 00:00:00,VN,,0
2023-03-31 00:00:00,WE,,0
2023-04-01 00:00:00,,,0
2023-04-01 00:00:00,"",,0
2023-04-01 00:00:00,AU,,0
2023-04-01 00:00:00,BN,,0
2023-04-01 00:00:00,BR,580,4
2023-04-01 00:00:00,BS,,0
2023-04-01 00:00:00,BZ,,0
2023-04-01 00:00:00,CCS,,0
2023-04-01 00:00:00,CD,899,28
2023-04-01 00:00:00,CG,7225,25
2023-04-01 00:00:00,CM,260,11
2023-04-01 00:00:00,CO,988,11
2023-04-01 00:00:00,EC,,0
2023-04-01 00:00:00,EG,,0
2023-04-01 00:00:00,ER,,0
2023-04-01 00:00:00,FR,,0
2023-04-01 00:00:00,GA,2727,15
2023-04-01 00:00:00,GT,,0
2023-04-01 00:00:00,IQ,,0
2023-04-01 00:00:00,LH,,0
2023-04-01 00:00:00,MX,114,5
2023-04-01 00:00:00,PE,,0
2023-04-01 00:00:00,SG,,0
2023-04-01 00:00:00,TD,668,4
2023-04-01 00:00:00,TN,528,1
2023-04-01 00:00:00,TR,97,3
2023-04-01 00:00:00,TT,30,1
2023-04-01 00:00:00,UKS,1,3
2023-04-01 00:00:00,UKW,60,1
2023-04-01 00:00:00,US,,0
2023-04-01 00:00:00,VE,,0
2023-04-01 00:00:00,VN,,0
2023-04-01 00:00:00,WE,,0
2023-04-02 00:00:00,,,0
2023-04-02 00:00:00,"",,0
2023-04-02 00:00:00,AU,,0
2023-04-02 00:00:00,BN,,0
2023-04-02 00:00:00,BR,580,4
2023-04-02 00:00:00,BS,,0
2023-04-02 00:00:00,BZ,,0
2023-04-02 00:00:00,CCS,,0
2023-04-02 00:00:00,CD,920,29
2023-04-02 00:00:00,CG,9078,27
2023-04-02 00:00:00,CM,392,12
2023-04-02 00:00:00,CO,990,12
2023-04-02 00:00:00,EC,,0
2023-04-02 00:00:00,EG,,0
2023-04-02 00:00:00,ER,,0
2023-04-02 00:00:00,FR,,0
2023-04-02 00:00:00,GA,2773,17
2023-04-02 00:00:00,GT,,0
2023-04-02 00:00:00,IQ,,0
2023-04-02 00:00:00,LH,,0
2023-04-02 00:00:00,MX,114,5
2023-04-02 00:00:00,PE,,0
2023-04-02 00:00:00,SG,,0
2023-04-02 00:00:00,TD,668,4
2023-04-02 00:00:00,TN,528,1
2023-04-02 00:00:00,TR,97,3
2023-04-02 00:00:00,TT,30,1
2023-04-02 00:00:00,UKS,1,3
2023-04-02 00:00:00,UKW,60,1
2023-04-02 00:00:00,US,,0
2023-04-02 00:00:00,VE,,0
2023-04-02 00:00:00,VN,,0
2023-04-02 00:00:00,WE,,0
2023-04-03 00:00:00,,,0
2023-04-03 00:00:00,"",,0
2023-04-03 00:00:00,AU,,0
2023-04-03 00:00:00,BN,,0
2023-04-03 00:00:00,BR,580,4
2023-04-03 00:00:00,BS,,0
2023-04-03 00:00:00,BZ,,0
2023-04-03 00:00:00,CCS,,0
2023-04-03 00:00:00,CD,695,28
2023-04-03 00:00:00,CG,9103,28
2023-04-03 00:00:00,CM,391,12
2023-04-03 00:00:00,CO,990,12
2023-04-03 00:00:00,EC,,0
2023-04-03 00:00:00,EG,,0
2023-04-03 00:00:00,ER,,0
2023-04-03 00:00:00,FR,,0
2023-04-03 00:00:00,GA,2773,17
2023-04-03 00:00:00,GT,,0
2023-04-03 00:00:00,IQ,,0
2023-04-03 00:00:00,LH,,0
2023-04-03 00:00:00,MX,114,5
2023-04-03 00:00:00,PE,,0
2023-04-03 00:00:00,SG,,0
2023-04-03 00:00:00,TD,668,4
2023-04-03 00:00:00,TN,528,1
2023-04-03 00:00:00,TR,34,2
2023-04-03 00:00:00,TT,30,1
2023-04-03 00:00:00,UKS,6,4
2023-04-03 00:00:00,UKW,60,1
2023-04-03 00:00:00,US,,0
2023-04-03 00:00:00,VE,,0
2023-04-03 00:00:00,VN,,0
2023-04-03 00:00:00,WE,,0
2023-04-04 00:00:00,,,0
2023-04-04 00:00:00,"",,0
2023-04-04 00:00:00,AU,,0
2023-04-04 00:00:00,BN,,0
2023-04-04 00:00:00,BR,580,4
2023-04-04 00:00:00,BS,,0
2023-04-04 00:00:00,BZ,,0
2023-04-04 00:00:00,CCS,,0
2023-04-04 00:00:00,CD,505,28
2023-04-04 00:00:00,CG,9080,28
2023-04-04 00:00:00,CM,391,11
2023-04-04 00:00:00,CO,990,11
2023-04-04 00:00:00,EC,,0
2023-04-04 00:00:00,EG,,0
2023-04-04 00:00:00,ER,,0
2023-04-04 00:00:00,FR,,0
2023-04-04 00:00:00,GA,2797,17
2023-04-04 00:00:00,GT,,0
2023-04-04 00:00:00,IQ,,0
2023-04-04 00:00:00,LH,,0
2023-04-04 00:00:00,MX,114,5
2023-04-04 00:00:00,PE,,0
2023-04-04 00:00:00,SG,,0
2023-04-04 00:00:00,TD,668,4
2023-04-04 00:00:00,TN,528,1
2023-04-04 00:00:00,TR,17,2
2023-04-04 00:00:00,TT,30,1
2023-04-04 00:00:00,UKS,2,4
2023-04-04 00:00:00,UKW,60,1
2023-04-04 00:00:00,US,,0
2023-04-04 00:00:00,VE,,0
2023-04-04 00:00:00,VN,,0
2023-04-04 00:00:00,WE,,0
2023-04-05 00:00:00,,,0
2023-04-05 00:00:00,"",,0
2023-04-05 00:00:00,AU,,0
2023-04-05 00:00:00,BN,,0
2023-04-05 00:00:00,BR,580,4
2023-04-05 00:00:00,BS,,0
2023-04-05 00:00:00,BZ,,0
2023-04-05 00:00:00,CCS,,0
2023-04-05 00:00:00,CD,481,26
2023-04-05 00:00:00,CG,9146,27
2023-04-05 00:00:00,CM,391,12
2023-04-05 00:00:00,CO,956,10
2023-04-05 00:00:00,EC,,0
2023-04-05 00:00:00,EG,,0
2023-04-05 00:00:00,ER,,0
2023-04-05 00:00:00,FR,,0
2023-04-05 00:00:00,GA,2836,18
2023-04-05 00:00:00,GT,,0
2023-04-05 00:00:00,IQ,,0
2023-04-05 00:00:00,LH,,0
2023-04-05 00:00:00,MX,114,5
2023-04-05 00:00:00,PE,,0
2023-04-05 00:00:00,SG,,0
2023-04-05 00:00:00,TD,668,4
2023-04-05 00:00:00,TN,528,1
2023-04-05 00:00:00,TR,23,2
2023-04-05 00:00:00,TT,30,1
2023-04-05 00:00:00,UKS,1,3
2023-04-05 00:00:00,UKW,60,1
2023-04-05 00:00:00,US,,0
2023-04-05 00:00:00,VE,,0
2023-04-05 00:00:00,VN,,0
2023-04-05 00:00:00,WE,,0
2023-04-06 00:00:00,,,0
2023-04-06 00:00:00,"",,0
2023-04-06 00:00:00,AU,,0
2023-04-06 00:00:00,BN,,0
2023-04-06 00:00:00,BR,580,4
2023-04-06 00:00:00,BS,,0
2023-04-06 00:00:00,BZ,,0
2023-04-06 00:00:00,CCS,,0
2023-04-06 00:00:00,CD,437,26
2023-04-06 00:00:00,CG,9121,28
2023-04-06 00:00:00,CM,391,12
2023-04-06 00:00:00,CO,960,10
2023-04-06 00:00:00,EC,,0
2023-04-06 00:00:00,EG,,0
2023-04-06 00:00:00,ER,,0
2023-04-06 00:00:00,FR,,0
2023-04-06 00:00:00,GA,2881,20
2023-04-06 00:00:00,GT,,0
2023-04-06 00:00:00,IQ,,0
2023-04-06 00:00:00,LH,,0
2023-04-06 00:00:00,MX,114,5
2023-04-06 00:00:00,PE,,0
2023-04-06 00:00:00,SG,,0
2023-04-06 00:00:00,TD,668,4
2023-04-06 00:00:00,TN,528,1
2023-04-06 00:00:00,TR,28,3
2023-04-06 00:00:00,TT,30,1
2023-04-06 00:00:00,UKS,3,4
2023-04-06 00:00:00,UKW,60,1
2023-04-06 00:00:00,US,,0
2023-04-06 00:00:00,VE,,0
2023-04-06 00:00:00,VN,,0
2023-04-06 00:00:00,WE,,0
2023-04-07 00:00:00,,,0
2023-04-07 00:00:00,"",,0
2023-04-07 00:00:00,AU,,0
2023-04-07 00:00:00,BN,,0
2023-04-07 00:00:00,BR,580,4
2023-04-07 00:00:00,BS,,0
2023-04-07 00:00:00,BZ,,0
2023-04-07 00:00:00,CCS,,0
2023-04-07 00:00:00,CD,575,28
2023-04-07 00:00:00,CG,9119,26
2023-04-07 00:00:00,CM,391,12
2023-04-07 00:00:00,CO,985,10
2023-04-07 00:00:00,EC,,0
2023-04-07 00:00:00,EG,,0
2023-04-07 00:00:00,ER,,0
2023-04-07 00:00:00,FR,,0
2023-04-07 00:00:00,GA,2898,20
2023-04-07 00:00:00,GT,,0
2023-04-07 00:00:00,IQ,,0
2023-04-07 00:00:00,LH,,0
2023-04-07 00:00:00,MX,114,5
2023-04-07 00:00:00,PE,,0
2023-04-07 00:00:00,SG,,0
2023-04-07 00:00:00,TD,668,4
2023-04-07 00:00:00,TN,528,1
2023-04-07 00:00:00,TR,28,3
2023-04-07 00:00:00,TT,30,1
2023-04-07 00:00:00,UKS,3,5
2023-04-07 00:00:00,UKW,60,1
2023-04-07 00:00:00,US,,0
2023-04-07 00:00:00,VE,,0
2023-04-07 00:00:00,VN,,0
2023-04-07 00:00:00,WE,,0
2023-04-08 00:00:00,,,0
2023-04-08 00:00:00,"",,0
2023-04-08 00:00:00,AU,,0
2023-04-08 00:00:00,BN,,0
2023-04-08 00:00:00,BR,883,4
2023-04-08 00:00:00,BS,,0
2023-04-08 00:00:00,BZ,,0
2023-04-08 00:00:00,CCS,,0
2023-04-08 00:00:00,CD,534,28
2023-04-08 00:00:00,CG,9299,28
2023-04-08 00:00:00,CM,391,13
2023-04-08 00:00:00,CO,1006,11
2023-04-08 00:00:00,EC,,0
2023-04-08 00:00:00,EG,,0
2023-04-08 00:00:00,ER,,0
2023-04-08 00:00:00,FR,,0
2023-04-08 00:00:00,GA,2884,20
2023-04-08 00:00:00,GT,,0
2023-04-08 00:00:00,IQ,,0
2023-04-08 00:00:00,LH,,0
2023-04-08 00:00:00,MX,114,5
2023-04-08 00:00:00,PE,,0
2023-04-08 00:00:00,SG,,0
2023-04-08 00:00:00,TD,668,4
2023-04-08 00:00:00,TN,528,1
2023-04-08 00:00:00,TR,23,2
2023-04-08 00:00:00,TT,30,1
2023-04-08 00:00:00,UKS,3,4
2023-04-08 00:00:00,UKW,60,1
2023-04-08 00:00:00,US,,0
2023-04-08 00:00:00,VE,,0
2023-04-08 00:00:00,VN,,0
2023-04-08 00:00:00,WE,,0
2023-04-09 00:00:00,,,0
2023-04-09 00:00:00,"",,0
2023-04-09 00:00:00,AU,,0
2023-04-09 00:00:00,BN,,0
2023-04-09 00:00:00,BR,957,5
2023-04-09 00:00:00,BS,,0
2023-04-09 00:00:00,BZ,,0
2023-04-09 00:00:00,CCS,,0
2023-04-09 00:00:00,CD,470,27
2023-04-09 00:00:00,CG,9302,28
2023-04-09 00:00:00,CM,391,13
2023-04-09 00:00:00,CO,1006,11
2023-04-09 00:00:00,EC,,0
2023-04-09 00:00:00,EG,,0
2023-04-09 00:00:00,ER,,0
2023-04-09 00:00:00,FR,,0
2023-04-09 00:00:00,GA,2845,19
2023-04-09 00:00:00,GT,,0
2023-04-09 00:00:00,IQ,,0
2023-04-09 00:00:00,LH,,0
2023-04-09 00:00:00,MX,114,5
2023-04-09 00:00:00,PE,,0
2023-04-09 00:00:00,SG,,0
2023-04-09 00:00:00,TD,668,4
2023-04-09 00:00:00,TN,528,1
2023-04-09 00:00:00,TR,17,2
2023-04-09 00:00:00,TT,30,1
2023-04-09 00:00:00,UKS,3,4
2023-04-09 00:00:00,UKW,60,1
2023-04-09 00:00:00,US,,0
2023-04-09 00:00:00,VE,,0
2023-04-09 00:00:00,VN,,0
2023-04-09 00:00:00,WE,,0
2023-04-10 00:00:00,,,0
2023-04-10 00:00:00,"",,0
2023-04-10 00:00:00,AU,,0
2023-04-10 00:00:00,BN,,0
2023-04-10 00:00:00,BR,957,5
2023-04-10 00:00:00,BS,,0
2023-04-10 00:00:00,BZ,,0
2023-04-10 00:00:00,CCS,,0
2023-04-10 00:00:00,CD,660,26
2023-04-10 00:00:00,CG,9302,28
2023-04-10 00:00:00,CM,391,12
2023-04-10 00:00:00,CO,964,10
2023-04-10 00:00:00,EC,,0
2023-04-10 00:00:00,EG,,0
2023-04-10 00:00:00,ER,,0
2023-04-10 00:00:00,FR,,0
2023-04-10 00:00:00,GA,2652,18
2023-04-10 00:00:00,GT,,0
2023-04-10 00:00:00,IQ,,0
2023-04-10 00:00:00,LH,,0
2023-04-10 00:00:00,MX,114,5
2023-04-10 00:00:00,PE,,0
2023-04-10 00:00:00,SG,,0
2023-04-10 00:00:00,TD,668,4
2023-04-10 00:00:00,TN,528,1
2023-04-10 00:00:00,TR,17,2
2023-04-10 00:00:00,TT,30,1
2023-04-10 00:00:00,UKS,1,4
2023-04-10 00:00:00,UKW,60,1
2023-04-10 00:00:00,US,,0
2023-04-10 00:00:00,VE,,0
2023-04-10 00:00:00,VN,,0
2023-04-10 00:00:00,WE,,0
2023-04-11 00:00:00,,,0
2023-04-11 00:00:00,"",,0
2023-04-11 00:00:00,AU,,0
2023-04-11 00:00:00,BN,,0
2023-04-11 00:00:00,BR,957,5
2023-04-11 00:00:00,BS,,0
2023-04-11 00:00:00,BZ,,0
2023-04-11 00:00:00,CCS,,0
2023-04-11 00:00:00,CD,831,28
2023-04-11 00:00:00,CG,9302,28
2023-04-11 00:00:00,CM,391,12
2023-04-11 00:00:00,CO,957,10
2023-04-11 00:00:00,EC,,0
2023-04-11 00:00:00,EG,,0
2023-04-11 00:00:00,ER,,0
2023-04-11 00:00:00,FR,,0
2023-04-11 00:00:00,GA,2037,17
2023-04-11 00:00:00,GT,,0
2023-04-11 00:00:00,IQ,,0
2023-04-11 00:00:00,LH,,0
2023-04-11 00:00:00,MX,114,5
2023-04-11 00:00:00,PE,,0
2023-04-11 00:00:00,SG,,0
2023-04-11 00:00:00,TD,252,2
2023-04-11 00:00:00,TN,528,1
2023-04-11 00:00:00,TR,17,2
2023-04-11 00:00:00,TT,30,1
2023-04-11 00:00:00,UKS,1,3
2023-04-11 00:00:00,UKW,,0
2023-04-11 00:00:00,US,,0
2023-04-11 00:00:00,VE,,0
2023-04-11 00:00:00,VN,,0
2023-04-11 00:00:00,WE,,0
2023-04-12 00:00:00,,,0
2023-04-12 00:00:00,"",,0
2023-04-12 00:00:00,AU,,0
2023-04-12 00:00:00,BN,,0
2023-04-12 00:00:00,BR,1159,5
2023-04-12 00:00:00,BS,,0
2023-04-12 00:00:00,BZ,,0
2023-04-12 00:00:00,CCS,,0
2023-04-12 00:00:00,CD,783,29
2023-04-12 00:00:00,CG,8989,28
2023-04-12 00:00:00,CM,220,11
2023-04-12 00:00:00,CO,943,9
2023-04-12 00:00:00,EC,,0
2023-04-12 00:00:00,EG,,0
2023-04-12 00:00:00,ER,,0
2023-04-12 00:00:00,FR,,0
2023-04-12 00:00:00,GA,2178,18
2023-04-12 00:00:00,GT,,0
2023-04-12 00:00:00,IQ,,0
2023-04-12 00:00:00,LH,,0
2023-04-12 00:00:00,MX,114,5
2023-04-12 00:00:00,PE,,0
2023-04-12 00:00:00,SG,,0
2023-04-12 00:00:00,TD,252,2
2023-04-12 00:00:00,TN,528,1
2023-04-12 00:00:00,TR,17,2
2023-04-12 00:00:00,TT,30,1
2023-04-12 00:00:00,UKS,1,3
2023-04-12 00:00:00,UKW,,0
2023-04-12 00:00:00,US,,0
2023-04-12 00:00:00,VE,,0
2023-04-12 00:00:00,VN,,0
2023-04-12 00:00:00,WE,,0
2023-04-13 00:00:00,,,0
2023-04-13 00:00:00,"",,0
2023-04-13 00:00:00,AU,,0
2023-04-13 00:00:00,BN,,0
2023-04-13 00:00:00,BR,1388,6
2023-04-13 00:00:00,BS,,0
2023-04-13 00:00:00,BZ,,0
2023-04-13 00:00:00,CCS,,0
2023-04-13 00:00:00,CD,564,27
2023-04-13 00:00:00,CG,9559,28
2023-04-13 00:00:00,CM,246,11
2023-04-13 00:00:00,CO,945,9
2023-04-13 00:00:00,EC,,0
2023-04-13 00:00:00,EG,,0
2023-04-13 00:00:00,ER,,0
2023-04-13 00:00:00,FR,,0
2023-04-13 00:00:00,GA,2168,17
2023-04-13 00:00:00,GT,,0
2023-04-13 00:00:00,IQ,,0
2023-04-13 00:00:00,LH,,0
2023-04-13 00:00:00,MX,114,5
2023-04-13 00:00:00,PE,,0
2023-04-13 00:00:00,SG,,0
2023-04-13 00:00:00,TD,300,2
2023-04-13 00:00:00,TN,528,1
2023-04-13 00:00:00,TR,17,2
2023-04-13 00:00:00,TT,30,1
2023-04-13 00:00:00,UKS,1,3
2023-04-13 00:00:00,UKW,,0
2023-04-13 00:00:00,US,,0
2023-04-13 00:00:00,VE,,0
2023-04-13 00:00:00,VN,,0
2023-04-13 00:00:00,WE,,0
2023-04-14 00:00:00,,,0
2023-04-14 00:00:00,"",,0
2023-04-14 00:00:00,AU,,0
2023-04-14 00:00:00,BN,,0
2023-04-14 00:00:00,BR,1388,6
2023-04-14 00:00:00,BS,,0
2023-04-14 00:00:00,BZ,,0
2023-04-14 00:00:00,CCS,,0
2023-04-14 00:00:00,CD,724,27
2023-04-14 00:00:00,CG,8997,27
2023-04-14 00:00:00,CM,220,11
2023-04-14 00:00:00,CO,943,9
2023-04-14 00:00:00,EC,,0
2023-04-14 00:00:00,EG,,0
2023-04-14 00:00:00,ER,,0
2023-04-14 00:00:00,FR,,0
2023-04-14 00:00:00,GA,2099,16
2023-04-14 00:00:00,GT,,0
2023-04-14 00:00:00,IQ,,0
2023-04-14 00:00:00,LH,,0
2023-04-14 00:00:00,MX,114,5
2023-04-14 00:00:00,PE,,0
2023-04-14 00:00:00,SG,,0
2023-04-14 00:00:00,TD,252,2
2023-04-14 00:00:00,TN,528,1
2023-04-14 00:00:00,TR,17,2
2023-04-14 00:00:00,TT,30,1
2023-04-14 00:00:00,UKS,1,4
2023-04-14 00:00:00,UKW,,0
2023-04-14 00:00:00,US,,0
2023-04-14 00:00:00,VE,,0
2023-04-14 00:00:00,VN,,0
2023-04-14 00:00:00,WE,,0
2023-04-15 00:00:00,,,0
2023-04-15 00:00:00,"",,0
2023-04-15 00:00:00,AU,,0
2023-04-15 00:00:00,BN,,0
2023-04-15 00:00:00,BR,1388,6
2023-04-15 00:00:00,BS,,0
2023-04-15 00:00:00,BZ,,0
2023-04-15 00:00:00,CCS,,0
2023-04-15 00:00:00,CD,719,26
2023-04-15 00:00:00,CG,8989,26
2023-04-15 00:00:00,CM,220,11
2023-04-15 00:00:00,CO,943,9
2023-04-15 00:00:00,EC,,0
2023-04-15 00:00:00,EG,,0
2023-04-15 00:00:00,ER,,0
2023-04-15 00:00:00,FR,,0
2023-04-15 00:00:00,GA,2099,16
2023-04-15 00:00:00,GT,,0
2023-04-15 00:00:00,IQ,,0
2023-04-15 00:00:00,LH,,0
2023-04-15 00:00:00,MX,114,5
2023-04-15 00:00:00,PE,,0
2023-04-15 00:00:00,SG,,0
2023-04-15 00:00:00,TD,252,2
2023-04-15 00:00:00,TN,528,1
2023-04-15 00:00:00,TR,17,2
2023-04-15 00:00:00,TT,30,1
2023-04-15 00:00:00,UKS,1,5
2023-04-15 00:00:00,UKW,,0
2023-04-15 00:00:00,US,,0
2023-04-15 00:00:00,VE,,0
2023-04-15 00:00:00,VN,,0
2023-04-15 00:00:00,WE,,0
2023-04-16 00:00:00,,,0
2023-04-16 00:00:00,"",,0
2023-04-16 00:00:00,AU,,0
2023-04-16 00:00:00,BN,,0
2023-04-16 00:00:00,BR,1388,6
2023-04-16 00:00:00,BS,,0
2023-04-16 00:00:00,BZ,,0
2023-04-16 00:00:00,CCS,,0
2023-04-16 00:00:00,CD,657,25
2023-04-16 00:00:00,CG,8989,26
2023-04-16 00:00:00,CM,220,11
2023-04-16 00:00:00,CO,943,9
2023-04-16 00:00:00,EC,,0
2023-04-16 00:00:00,EG,,0
2023-04-16 00:00:00,ER,,0
2023-04-16 00:00:00,FR,,0
2023-04-16 00:00:00,GA,2111,16
2023-04-16 00:00:00,GT,,0
2023-04-16 00:00:00,IQ,,0
2023-04-16 00:00:00,LH,,0
2023-04-16 00:00:00,MX,114,5
2023-04-16 00:00:00,PE,,0
2023-04-16 00:00:00,SG,,0
2023-04-16 00:00:00,TD,252,2
2023-04-16 00:00:00,TN,528,1
2023-04-16 00:00:00,TR,17,2
2023-04-16 00:00:00,TT,30,1
2023-04-16 00:00:00,UKS,1,5
2023-04-16 00:00:00,UKW,211,3
2023-04-16 00:00:00,US,,0
2023-04-16 00:00:00,VE,,0
2023-04-16 00:00:00,VN,,0
2023-04-16 00:00:00,WE,,0
2023-04-17 00:00:00,,,0
2023-04-17 00:00:00,"",,0
2023-04-17 00:00:00,AU,,0
2023-04-17 00:00:00,BN,,0
2023-04-17 00:00:00,BR,1388,6
2023-04-17 00:00:00,BS,,0
2023-04-17 00:00:00,BZ,,0
2023-04-17 00:00:00,CCS,,0
2023-04-17 00:00:00,CD,439,28
2023-04-17 00:00:00,CG,8426,25
2023-04-17 00:00:00,CM,220,11
2023-04-17 00:00:00,CO,943,9
2023-04-17 00:00:00,EC,,0
2023-04-17 00:00:00,EG,,0
2023-04-17 00:00:00,ER,,0
2023-04-17 00:00:00,FR,,0
2023-04-17 00:00:00,GA,1855,16
2023-04-17 00:00:00,GT,,0
2023-04-17 00:00:00,IQ,,0
2023-04-17 00:00:00,LH,,0
2023-04-17 00:00:00,MX,114,5
2023-04-17 00:00:00,PE,,0
2023-04-17 00:00:00,SG,,0
2023-04-17 00:00:00,TD,252,2
2023-04-17 00:00:00,TN,528,1
2023-04-17 00:00:00,TR,17,2
2023-04-17 00:00:00,TT,30,1
2023-04-17 00:00:00,UKS,1,5
2023-04-17 00:00:00,UKW,186,2
2023-04-17 00:00:00,US,,0
2023-04-17 00:00:00,VE,,0
2023-04-17 00:00:00,VN,,0
2023-04-17 00:00:00,WE,,0
2023-04-18 00:00:00,,,0
2023-04-18 00:00:00,"",,0
2023-04-18 00:00:00,AU,,0
2023-04-18 00:00:00,BN,,0
2023-04-18 00:00:00,BR,1388,6
2023-04-18 00:00:00,BS,,0
2023-04-18 00:00:00,BZ,,0
2023-04-18 00:00:00,CCS,,0
2023-04-18 00:00:00,CD,633,28
2023-04-18 00:00:00,CG,8148,25
2023-04-18 00:00:00,CM,220,11
2023-04-18 00:00:00,CO,943,10
2023-04-18 00:00:00,EC,,0
2023-04-18 00:00:00,EG,,0
2023-04-18 00:00:00,ER,,0
2023-04-18 00:00:00,FR,,0
2023-04-18 00:00:00,GA,1832,16
2023-04-18 00:00:00,GT,,0
2023-04-18 00:00:00,IQ,,0
2023-04-18 00:00:00,LH,,0
2023-04-18 00:00:00,MX,114,5
2023-04-18 00:00:00,PE,,0
2023-04-18 00:00:00,SG,,0
2023-04-18 00:00:00,TD,252,2
2023-04-18 00:00:00,TN,528,1
2023-04-18 00:00:00,TR,17,2
2023-04-18 00:00:00,TT,30,1
2023-04-18 00:00:00,UKS,1,5
2023-04-18 00:00:00,UKW,145,2
2023-04-18 00:00:00,US,,0
2023-04-18 00:00:00,VE,,0
2023-04-18 00:00:00,VN,,0
2023-04-18 00:00:00,WE,,0
2023-04-19 00:00:00,,,0
2023-04-19 00:00:00,"",,0
2023-04-19 00:00:00,AU,,0
2023-04-19 00:00:00,BN,,0
2023-04-19 00:00:00,BR,1388,6
2023-04-19 00:00:00,BS,,0
2023-04-19 00:00:00,BZ,,0
2023-04-19 00:00:00,CCS,,0
2023-04-19 00:00:00,CD,728,28
2023-04-19 00:00:00,CG,8141,25
2023-04-19 00:00:00,CM,220,11
2023-04-19 00:00:00,CO,943,10
2023-04-19 00:00:00,EC,,0
2023-04-19 00:00:00,EG,,0
2023-04-19 00:00:00,ER,,0
2023-04-19 00:00:00,FR,,0
2023-04-19 00:00:00,GA,1687,15
2023-04-19 00:00:00,GT,,0
2023-04-19 00:00:00,IQ,,0
2023-04-19 00:00:00,LH,,0
2023-04-19 00:00:00,MX,114,5
2023-04-19 00:00:00,PE,,0
2023-04-19 00:00:00,SG,,0
2023-04-19 00:00:00,TD,668,4
2023-04-19 00:00:00,TN,528,1
2023-04-19 00:00:00,TR,23,2
2023-04-19 00:00:00,TT,30,1
2023-04-19 00:00:00,UKS,1,6
2023-04-19 00:00:00,UKW,145,2
2023-04-19 00:00:00,US,,0
2023-04-19 00:00:00,VE,,0
2023-04-19 00:00:00,VN,,0
2023-04-19 00:00:00,WE,,0
2023-04-20 00:00:00,,,0
2023-04-20 00:00:00,"",,0
2023-04-20 00:00:00,AU,,0
2023-04-20 00:00:00,BN,,0
2023-04-20 00:00:00,BR,2365,6
2023-04-20 00:00:00,BS,,0
2023-04-20 00:00:00,BZ,,0
2023-04-20 00:00:00,CCS,,0
2023-04-20 00:00:00,CD,780,29
2023-04-20 00:00:00,CG,7625,26
2023-04-20 00:00:00,CM,129,10
2023-04-20 00:00:00,CO,943,10
2023-04-20 00:00:00,EC,,0
2023-04-20 00:00:00,EG,,0
2023-04-20 00:00:00,ER,,0
2023-04-20 00:00:00,FR,,0
2023-04-20 00:00:00,GA,1575,15
2023-04-20 00:00:00,GT,343,1
2023-04-20 00:00:00,IQ,,0
2023-04-20 00:00:00,LH,,0
2023-04-20 00:00:00,MX,114,5
2023-04-20 00:00:00,PE,,0
2023-04-20 00:00:00,SG,,0
2023-04-20 00:00:00,TD,668,4
2023-04-20 00:00:00,TN,528,1
2023-04-20 00:00:00,TR,47,3
2023-04-20 00:00:00,TT,30,1
2023-04-20 00:00:00,UKS,1,5
2023-04-20 00:00:00,UKW,145,2
2023-04-20 00:00:00,US,,0
2023-04-20 00:00:00,VE,,0
2023-04-20 00:00:00,VN,,0
2023-04-20 00:00:00,WE,,0
2023-04-21 00:00:00,,,0
2023-04-21 00:00:00,"",,0
2023-04-21 00:00:00,AU,,0
2023-04-21 00:00:00,BN,,0
2023-04-21 00:00:00,BR,1388,6
2023-04-21 00:00:00,BS,,0
2023-04-21 00:00:00,BZ,,0
2023-04-21 00:00:00,CCS,,0
2023-04-21 00:00:00,CD,675,31
2023-04-21 00:00:00,CG,7080,26
2023-04-21 00:00:00,CM,129,10
2023-04-21 00:00:00,CO,943,10
2023-04-21 00:00:00,EC,,0
2023-04-21 00:00:00,EG,,0
2023-04-21 00:00:00,ER,,0
2023-04-21 00:00:00,FR,,0
2023-04-21 00:00:00,GA,1569,15
2023-04-21 00:00:00,GT,377,2
2023-04-21 00:00:00,IQ,,0
2023-04-21 00:00:00,LH,,0
2023-04-21 00:00:00,MX,114,5
2023-04-21 00:00:00,PE,,0
2023-04-21 00:00:00,SG,,0
2023-04-21 00:00:00,TD,668,4
2023-04-21 00:00:00,TN,528,1
2023-04-21 00:00:00,TR,49,3
2023-04-21 00:00:00,TT,32,2
2023-04-21 00:00:00,UKS,1,5
2023-04-21 00:00:00,UKW,145,2
2023-04-21 00:00:00,US,,0
2023-04-21 00:00:00,VE,,0
2023-04-21 00:00:00,VN,,0
2023-04-21 00:00:00,WE,,0
2023-04-22 00:00:00,,,0
2023-04-22 00:00:00,"",,0
2023-04-22 00:00:00,AU,,0
2023-04-22 00:00:00,BN,,0
2023-04-22 00:00:00,BR,1388,6
2023-04-22 00:00:00,BS,,0
2023-04-22 00:00:00,BZ,,0
2023-04-22 00:00:00,CCS,,0
2023-04-22 00:00:00,CD,544,30
2023-04-22 00:00:00,CG,7080,26
2023-04-22 00:00:00,CM,174,10
2023-04-22 00:00:00,CO,943,10
2023-04-22 00:00:00,EC,,0
2023-04-22 00:00:00,EG,,0
2023-04-22 00:00:00,ER,,0
2023-04-22 00:00:00,FR,,0
2023-04-22 00:00:00,GA,1569,15
2023-04-22 00:00:00,GT,377,2
2023-04-22 00:00:00,IQ,,0
2023-04-22 00:00:00,LH,,0
2023-04-22 00:00:00,MX,114,5
2023-04-22 00:00:00,PE,,0
2023-04-22 00:00:00,SG,,0
2023-04-22 00:00:00,TD,836,4
2023-04-22 00:00:00,TN,528,1
2023-04-22 00:00:00,TR,38,2
2023-04-22 00:00:00,TT,30,2
2023-04-22 00:00:00,UKS,1,5
2023-04-22 00:00:00,UKW,145,2
2023-04-22 00:00:00,US,,0
2023-04-22 00:00:00,VE,,0
2023-04-22 00:00:00,VN,,0
2023-04-22 00:00:00,WE,,0
2023-04-23 00:00:00,,,0
2023-04-23 00:00:00,"",,0
2023-04-23 00:00:00,AU,,0
2023-04-23 00:00:00,BN,,0
2023-04-23 00:00:00,BR,1571,6
2023-04-23 00:00:00,BS,,0
2023-04-23 00:00:00,BZ,,0
2023-04-23 00:00:00,CCS,,0
2023-04-23 00:00:00,CD,681,30
2023-04-23 00:00:00,CG,7080,26
2023-04-23 00:00:00,CM,220,11
2023-04-23 00:00:00,CO,959,10
2023-04-23 00:00:00,EC,,0
2023-04-23 00:00:00,EG,,0
2023-04-23 00:00:00,ER,,0
2023-04-23 00:00:00,FR,,0
2023-04-23 00:00:00,GA,2120,16
2023-04-23 00:00:00,GT,377,2
2023-04-23 00:00:00,IQ,,0
2023-04-23 00:00:00,LH,,0
2023-04-23 00:00:00,MX,114,5
2023-04-23 00:00:00,PE,,0
2023-04-23 00:00:00,SG,,0
2023-04-23 00:00:00,TD,668,4
2023-04-23 00:00:00,TN,528,1
2023-04-23 00:00:00,TR,29,2
2023-04-23 00:00:00,TT,30,1
2023-04-23 00:00:00,UKS,1,5
2023-04-23 00:00:00,UKW,145,2
2023-04-23 00:00:00,US,,0
2023-04-23 00:00:00,VE,,0
2023-04-23 00:00:00,VN,,0
2023-04-23 00:00:00,WE,,0
2023-04-24 00:00:00,,,0
2023-04-24 00:00:00,"",,0
2023-04-24 00:00:00,AU,,0
2023-04-24 00:00:00,BN,,0
2023-04-24 00:00:00,BR,1388,6
2023-04-24 00:00:00,BS,,0
2023-04-24 00:00:00,BZ,,0
2023-04-24 00:00:00,CCS,,0
2023-04-24 00:00:00,CD,708,30
2023-04-24 00:00:00,CG,7248,25
2023-04-24 00:00:00,CM,220,11
2023-04-24 00:00:00,CO,974,11
2023-04-24 00:00:00,EC,,0
2023-04-24 00:00:00,EG,,0
2023-04-24 00:00:00,ER,,0
2023-04-24 00:00:00,FR,,0
2023-04-24 00:00:00,GA,2120,16
2023-04-24 00:00:00,GT,459,2
2023-04-24 00:00:00,IQ,,0
2023-04-24 00:00:00,LH,,0
2023-04-24 00:00:00,MX,114,5
2023-04-24 00:00:00,PE,,0
2023-04-24 00:00:00,SG,,0
2023-04-24 00:00:00,TD,692,4
2023-04-24 00:00:00,TN,528,1
2023-04-24 00:00:00,TR,29,2
2023-04-24 00:00:00,TT,30,1
2023-04-24 00:00:00,UKS,1,4
2023-04-24 00:00:00,UKW,145,2
2023-04-24 00:00:00,US,,0
2023-04-24 00:00:00,VE,,0
2023-04-24 00:00:00,VN,,0
2023-04-24 00:00:00,WE,,0
2023-04-25 00:00:00,,,0
2023-04-25 00:00:00,"",,0
2023-04-25 00:00:00,AU,,0
2023-04-25 00:00:00,BN,,0
2023-04-25 00:00:00,BR,1388,6
2023-04-25 00:00:00,BS,,0
2023-04-25 00:00:00,BZ,,0
2023-04-25 00:00:00,CCS,,0
2023-04-25 00:00:00,CD,787,30
2023-04-25 00:00:00,CG,7272,25
2023-04-25 00:00:00,CM,220,11
2023-04-25 00:00:00,CO,989,12
2023-04-25 00:00:00,EC,,0
2023-04-25 00:00:00,EG,,0
2023-04-25 00:00:00,ER,,0
2023-04-25 00:00:00,FR,,0
2023-04-25 00:00:00,GA,2120,16
2023-04-25 00:00:00,GT,504,3
2023-04-25 00:00:00,IQ,,0
2023-04-25 00:00:00,LH,,0
2023-04-25 00:00:00,MX,114,5
2023-04-25 00:00:00,PE,,0
2023-04-25 00:00:00,SG,,0
2023-04-25 00:00:00,TD,684,4
2023-04-25 00:00:00,TN,528,1
2023-04-25 00:00:00,TR,29,2
2023-04-25 00:00:00,TT,30,1
2023-04-25 00:00:00,UKS,1,4
2023-04-25 00:00:00,UKW,145,2
2023-04-25 00:00:00,US,,0
2023-04-25 00:00:00,VE,,0
2023-04-25 00:00:00,VN,,0
2023-04-25 00:00:00,WE,,0
2023-04-26 00:00:00,,,0
2023-04-26 00:00:00,"",,0
2023-04-26 00:00:00,AU,,0
2023-04-26 00:00:00,BN,,0
2023-04-26 00:00:00,BR,1388,6
2023-04-26 00:00:00,BS,,0
2023-04-26 00:00:00,BZ,,0
2023-04-26 00:00:00,CCS,,0
2023-04-26 00:00:00,CD,850,30
2023-04-26 00:00:00,CG,7304,25
2023-04-26 00:00:00,CM,220,11
2023-04-26 00:00:00,CO,986,13
2023-04-26 00:00:00,EC,,0
2023-04-26 00:00:00,EG,,0
2023-04-26 00:00:00,ER,,0
2023-04-26 00:00:00,FR,,0
2023-04-26 00:00:00,GA,2120,16
2023-04-26 00:00:00,GT,504,3
2023-04-26 00:00:00,IQ,,0
2023-04-26 00:00:00,LH,,0
2023-04-26 00:00:00,MX,114,5
2023-04-26 00:00:00,PE,,0
2023-04-26 00:00:00,SG,,0
2023-04-26 00:00:00,TD,668,4
2023-04-26 00:00:00,TN,528,1
2023-04-26 00:00:00,TR,29,2
2023-04-26 00:00:00,TT,30,1
2023-04-26 00:00:00,UKS,1,4
2023-04-26 00:00:00,UKW,145,2
2023-04-26 00:00:00,US,,0
2023-04-26 00:00:00,VE,,0
2023-04-26 00:00:00,VN,,0
2023-04-26 00:00:00,WE,,0
2023-04-27 00:00:00,,,0
2023-04-27 00:00:00,"",,0
2023-04-27 00:00:00,AU,,0
2023-04-27 00:00:00,BN,,0
2023-04-27 00:00:00,BR,1388,6
2023-04-27 00:00:00,BS,,0
2023-04-27 00:00:00,BZ,,0
2023-04-27 00:00:00,CCS,,0
2023-04-27 00:00:00,CD,632,30
2023-04-27 00:00:00,CG,7355,26
2023-04-27 00:00:00,CM,220,11
2023-04-27 00:00:00,CO,992,13
2023-04-27 00:00:00,EC,,0
2023-04-27 00:00:00,EG,,0
2023-04-27 00:00:00,ER,,0
2023-04-27 00:00:00,FR,,0
2023-04-27 00:00:00,GA,2120,16
2023-04-27 00:00:00,GT,409,2
2023-04-27 00:00:00,IQ,,0
2023-04-27 00:00:00,LH,,0
2023-04-27 00:00:00,MX,114,5
2023-04-27 00:00:00,PE,,0
2023-04-27 00:00:00,SG,,0
2023-04-27 00:00:00,TD,668,4
2023-04-27 00:00:00,TN,528,1
2023-04-27 00:00:00,TR,29,2
2023-04-27 00:00:00,TT,30,1
2023-04-27 00:00:00,UKS,1,4
2023-04-27 00:00:00,UKW,105,1
2023-04-27 00:00:00,US,,0
2023-04-27 00:00:00,VE,,0
2023-04-27 00:00:00,VN,,0
2023-04-27 00:00:00,WE,,0
2023-04-28 00:00:00,,,0
2023-04-28 00:00:00,"",,0
2023-04-28 00:00:00,AU,,0
2023-04-28 00:00:00,BN,,0
2023-04-28 00:00:00,BR,1388,6
2023-04-28 00:00:00,BS,,0
2023-04-28 00:00:00,BZ,,0
2023-04-28 00:00:00,CCS,,0
2023-04-28 00:00:00,CD,770,28
2023-04-28 00:00:00,CG,7363,27
2023-04-28 00:00:00,CM,220,11
2023-04-28 00:00:00,CO,986,13
2023-04-28 00:00:00,EC,,0
2023-04-28 00:00:00,EG,,0
2023-04-28 00:00:00,ER,,0
2023-04-28 00:00:00,FR,,0
2023-04-28 00:00:00,GA,2114,15
2023-04-28 00:00:00,GT,394,2
2023-04-28 00:00:00,IQ,,0
2023-04-28 00:00:00,LH,,0
2023-04-28 00:00:00,MX,114,5
2023-04-28 00:00:00,PE,,0
2023-04-28 00:00:00,SG,,0
2023-04-28 00:00:00,TD,781,5
2023-04-28 00:00:00,TN,528,1
2023-04-28 00:00:00,TR,18,1
2023-04-28 00:00:00,TT,30,1
2023-04-28 00:00:00,UKS,1,5
2023-04-28 00:00:00,UKW,64,1
2023-04-28 00:00:00,US,,0
2023-04-28 00:00:00,VE,,0
2023-04-28 00:00:00,VN,,0
2023-04-28 00:00:00,WE,,0
2023-04-29 00:00:00,,,0
2023-04-29 00:00:00,"",,0
2023-04-29 00:00:00,AU,,0
2023-04-29 00:00:00,BN,,0
2023-04-29 00:00:00,BR,1388,6
2023-04-29 00:00:00,BS,,0
2023-04-29 00:00:00,BZ,,0
2023-04-29 00:00:00,CCS,,0
2023-04-29 00:00:00,CD,594,27
2023-04-29 00:00:00,CG,6590,26
2023-04-29 00:00:00,CM,220,11
2023-04-29 00:00:00,CO,986,13
2023-04-29 00:00:00,EC,,0
2023-04-29 00:00:00,EG,,0
2023-04-29 00:00:00,ER,,0
2023-04-29 00:00:00,FR,,0
2023-04-29 00:00:00,GA,2050,14
2023-04-29 00:00:00,GT,394,2
2023-04-29 00:00:00,IQ,,0
2023-04-29 00:00:00,LH,,0
2023-04-29 00:00:00,MX,114,5
2023-04-29 00:00:00,PE,,0
2023-04-29 00:00:00,SG,,0
2023-04-29 00:00:00,TD,795,5
2023-04-29 00:00:00,TN,528,1
2023-04-29 00:00:00,TR,6,1
2023-04-29 00:00:00,TT,30,1
2023-04-29 00:00:00,UKS,1,4
2023-04-29 00:00:00,UKW,64,1
2023-04-29 00:00:00,US,,0
2023-04-29 00:00:00,VE,,0
2023-04-29 00:00:00,VN,,0
2023-04-29 00:00:00,WE,,0
2023-04-30 00:00:00,,,0
2023-04-30 00:00:00,"",,0
2023-04-30 00:00:00,AU,,0
2023-04-30 00:00:00,BN,,0
2023-04-30 00:00:00,BR,1388,6
2023-04-30 00:00:00,BS,,0
2023-04-30 00:00:00,BZ,,0
2023-04-30 00:00:00,CCS,,0
2023-04-30 00:00:00,CD,608,30
2023-04-30 00:00:00,CG,6371,25
2023-04-30 00:00:00,CM,220,11
2023-04-30 00:00:00,CO,988,14
2023-04-30 00:00:00,EC,,0
2023-04-30 00:00:00,EG,,0
2023-04-30 00:00:00,ER,,0
2023-04-30 00:00:00,FR,,0
2023-04-30 00:00:00,GA,1844,13
2023-04-30 00:00:00,GT,394,2
2023-04-30 00:00:00,IQ,,0
2023-04-30 00:00:00,LH,,0
2023-04-30 00:00:00,MX,114,5
2023-04-30 00:00:00,PE,,0
2023-04-30 00:00:00,SG,,0
2023-04-30 00:00:00,TD,826,6
2023-04-30 00:00:00,TN,528,1
2023-04-30 00:00:00,TR,6,1
2023-04-30 00:00:00,TT,30,1
2023-04-30 00:00:00,UKS,1,4
2023-04-30 00:00:00,UKW,64,1
2023-04-30 00:00:00,US,,0
2023-04-30 00:00:00,VE,,0
2023-04-30 00:00:00,VN,,0
2023-04-30 00:00:00,WE,,0
2023-05-01 00:00:00,,,0
2023-05-01 00:00:00,"",,0
2023-05-01 00:00:00,AU,,0
2023-05-01 00:00:00,BN,,0
2023-05-01 00:00:00,BR,2663,9
2023-05-01 00:00:00,BS,,0
2023-05-01 00:00:00,BZ,,0
2023-05-01 00:00:00,CCS,,0
2023-05-01 00:00:00,CD,607,29
2023-05-01 00:00:00,CG,6283,25
2023-05-01 00:00:00,CM,220,11
2023-05-01 00:00:00,CO,996,14
2023-05-01 00:00:00,EC,,0
2023-05-01 00:00:00,EG,,0
2023-05-01 00:00:00,ER,,0
2023-05-01 00:00:00,FR,,0
2023-05-01 00:00:00,GA,1904,14
2023-05-01 00:00:00,GT,278,1
2023-05-01 00:00:00,IQ,,0
2023-05-01 00:00:00,LH,,0
2023-05-01 00:00:00,MX,114,5
2023-05-01 00:00:00,PE,,0
2023-05-01 00:00:00,SG,,0
2023-05-01 00:00:00,TD,1124,7
2023-05-01 00:00:00,TN,528,1
2023-05-01 00:00:00,TR,6,1
2023-05-01 00:00:00,TT,30,1
2023-05-01 00:00:00,UKS,1,5
2023-05-01 00:00:00,UKW,64,1
2023-05-01 00:00:00,US,,0
2023-05-01 00:00:00,VE,,0
2023-05-01 00:00:00,VN,,0
2023-05-01 00:00:00,WE,,0
2023-05-02 00:00:00,,,0
2023-05-02 00:00:00,"",,0
2023-05-02 00:00:00,AU,,0
2023-05-02 00:00:00,BN,,0
2023-05-02 00:00:00,BR,2663,9
2023-05-02 00:00:00,BS,,0
2023-05-02 00:00:00,BZ,,0
2023-05-02 00:00:00,CCS,,0
2023-05-02 00:00:00,CD,583,28
2023-05-02 00:00:00,CG,6278,25
2023-05-02 00:00:00,CM,220,12
2023-05-02 00:00:00,CO,998,14
2023-05-02 00:00:00,EC,,0
2023-05-02 00:00:00,EG,,0
2023-05-02 00:00:00,ER,,0
2023-05-02 00:00:00,FR,,0
2023-05-02 00:00:00,GA,1932,15
2023-05-02 00:00:00,GT,267,1
2023-05-02 00:00:00,IQ,,0
2023-05-02 00:00:00,LH,,0
2023-05-02 00:00:00,MX,152,6
2023-05-02 00:00:00,PE,,0
2023-05-02 00:00:00,SG,,0
2023-05-02 00:00:00,TD,1124,7
2023-05-02 00:00:00,TN,528,1
2023-05-02 00:00:00,TR,17,1
2023-05-02 00:00:00,TT,30,1
2023-05-02 00:00:00,UKS,1,4
2023-05-02 00:00:00,UKW,64,1
2023-05-02 00:00:00,US,,0
2023-05-02 00:00:00,VE,,0
2023-05-02 00:00:00,VN,,0
2023-05-02 00:00:00,WE,,0
2023-05-03 00:00:00,,,0
2023-05-03 00:00:00,"",,0
2023-05-03 00:00:00,AU,,0
2023-05-03 00:00:00,BN,,0
2023-05-03 00:00:00,BR,2663,9
2023-05-03 00:00:00,BS,,0
2023-05-03 00:00:00,BZ,,0
2023-05-03 00:00:00,CCS,,0
2023-05-03 00:00:00,CD,579,29
2023-05-03 00:00:00,CG,6297,26
2023-05-03 00:00:00,CM,220,11
2023-05-03 00:00:00,CO,998,14
2023-05-03 00:00:00,EC,,0
2023-05-03 00:00:00,EG,,0
2023-05-03 00:00:00,ER,,0
2023-05-03 00:00:00,FR,,0
2023-05-03 00:00:00,GA,2168,15
2023-05-03 00:00:00,GT,267,1
2023-05-03 00:00:00,IQ,,0
2023-05-03 00:00:00,LH,,0
2023-05-03 00:00:00,MX,152,6
2023-05-03 00:00:00,PE,,0
2023-05-03 00:00:00,SG,,0
2023-05-03 00:00:00,TD,1110,7
2023-05-03 00:00:00,TN,528,1
2023-05-03 00:00:00,TR,23,2
2023-05-03 00:00:00,TT,30,1
2023-05-03 00:00:00,UKS,1,4
2023-05-03 00:00:00,UKW,64,1
2023-05-03 00:00:00,US,,0
2023-05-03 00:00:00,VE,,0
2023-05-03 00:00:00,VN,,0
2023-05-03 00:00:00,WE,,0
2023-05-04 00:00:00,,,0
2023-05-04 00:00:00,"",,0
2023-05-04 00:00:00,AU,,0
2023-05-04 00:00:00,BN,,0
2023-05-04 00:00:00,BR,2663,9
2023-05-04 00:00:00,BS,,0
2023-05-04 00:00:00,BZ,,0
2023-05-04 00:00:00,CCS,,0
2023-05-04 00:00:00,CD,864,29
2023-05-04 00:00:00,CG,6250,25
2023-05-04 00:00:00,CM,220,11
2023-05-04 00:00:00,CO,998,14
2023-05-04 00:00:00,EC,,0
2023-05-04 00:00:00,EG,,0
2023-05-04 00:00:00,ER,,0
2023-05-04 00:00:00,FR,,0
2023-05-04 00:00:00,GA,2169,16
2023-05-04 00:00:00,GT,267,1
2023-05-04 00:00:00,IQ,,0
2023-05-04 00:00:00,LH,,0
2023-05-04 00:00:00,MX,152,6
2023-05-04 00:00:00,PE,,0
2023-05-04 00:00:00,SG,,0
2023-05-04 00:00:00,TD,1110,7
2023-05-04 00:00:00,TN,528,1
2023-05-04 00:00:00,TR,23,2
2023-05-04 00:00:00,TT,30,1
2023-05-04 00:00:00,UKS,1,4
2023-05-04 00:00:00,UKW,64,1
2023-05-04 00:00:00,US,,0
2023-05-04 00:00:00,VE,,0
2023-05-04 00:00:00,VN,,0
2023-05-04 00:00:00,WE,,0
2023-05-05 00:00:00,,,0
2023-05-05 00:00:00,"",,0
2023-05-05 00:00:00,AU,,0
2023-05-05 00:00:00,BN,,0
2023-05-05 00:00:00,BR,2663,9
2023-05-05 00:00:00,BS,,0
2023-05-05 00:00:00,BZ,,0
2023-05-05 00:00:00,CCS,,0
2023-05-05 00:00:00,CD,599,27
2023-05-05 00:00:00,CG,6376,25
2023-05-05 00:00:00,CM,220,11
2023-05-05 00:00:00,CO,998,14
2023-05-05 00:00:00,EC,,0
2023-05-05 00:00:00,EG,,0
2023-05-05 00:00:00,ER,,0
2023-05-05 00:00:00,FR,,0
2023-05-05 00:00:00,GA,2165,15
2023-05-05 00:00:00,GT,267,1
2023-05-05 00:00:00,IQ,,0
2023-05-05 00:00:00,LH,,0
2023-05-05 00:00:00,MX,152,6
2023-05-05 00:00:00,PE,,0
2023-05-05 00:00:00,SG,,0
2023-05-05 00:00:00,TD,1120,7
2023-05-05 00:00:00,TN,528,1
2023-05-05 00:00:00,TR,23,2
2023-05-05 00:00:00,TT,30,1
2023-05-05 00:00:00,UKS,1,4
2023-05-05 00:00:00,UKW,64,1
2023-05-05 00:00:00,US,,0
2023-05-05 00:00:00,VE,,0
2023-05-05 00:00:00,VN,,0
2023-05-05 00:00:00,WE,,0
2023-05-06 00:00:00,,,0
2023-05-06 00:00:00,"",,0
2023-05-06 00:00:00,AU,,0
2023-05-06 00:00:00,BN,,0
2023-05-06 00:00:00,BR,2738,9
2023-05-06 00:00:00,BS,,0
2023-05-06 00:00:00,BZ,,0
2023-05-06 00:00:00,CCS,,0
2023-05-06 00:00:00,CD,733,27
2023-05-06 00:00:00,CG,6382,26
2023-05-06 00:00:00,CM,220,11
2023-05-06 00:00:00,CO,998,14
2023-05-06 00:00:00,EC,,0
2023-05-06 00:00:00,EG,,0
2023-05-06 00:00:00,ER,,0
2023-05-06 00:00:00,FR,,0
2023-05-06 00:00:00,GA,2343,16
2023-05-06 00:00:00,GT,267,1
2023-05-06 00:00:00,IQ,,0
2023-05-06 00:00:00,LH,,0
2023-05-06 00:00:00,MX,152,6
2023-05-06 00:00:00,PE,,0
2023-05-06 00:00:00,SG,,0
2023-05-06 00:00:00,TD,1110,7
2023-05-06 00:00:00,TN,528,1
2023-05-06 00:00:00,TR,23,2
2023-05-06 00:00:00,TT,30,1
2023-05-06 00:00:00,UKS,1,4
2023-05-06 00:00:00,UKW,64,1
2023-05-06 00:00:00,US,,0
2023-05-06 00:00:00,VE,,0
2023-05-06 00:00:00,VN,,0
2023-05-06 00:00:00,WE,,0
2023-05-07 00:00:00,,,0
2023-05-07 00:00:00,"",,0
2023-05-07 00:00:00,AU,,0
2023-05-07 00:00:00,BN,,0
2023-05-07 00:00:00,BR,2663,9
2023-05-07 00:00:00,BS,,0
2023-05-07 00:00:00,BZ,,0
2023-05-07 00:00:00,CCS,,0
2023-05-07 00:00:00,CD,531,27
2023-05-07 00:00:00,CG,6382,26
2023-05-07 00:00:00,CM,220,11
2023-05-07 00:00:00,CO,986,13
2023-05-07 00:00:00,EC,,0
2023-05-07 00:00:00,EG,,0
2023-05-07 00:00:00,ER,,0
2023-05-07 00:00:00,FR,,0
2023-05-07 00:00:00,GA,2386,17
2023-05-07 00:00:00,GT,267,1
2023-05-07 00:00:00,IQ,,0
2023-05-07 00:00:00,LH,,0
2023-05-07 00:00:00,MX,152,6
2023-05-07 00:00:00,PE,,0
2023-05-07 00:00:00,SG,,0
2023-05-07 00:00:00,TD,1110,7
2023-05-07 00:00:00,TN,528,1
2023-05-07 00:00:00,TR,128,2
2023-05-07 00:00:00,TT,30,1
2023-05-07 00:00:00,UKS,1,4
2023-05-07 00:00:00,UKW,64,1
2023-05-07 00:00:00,US,,0
2023-05-07 00:00:00,VE,,0
2023-05-07 00:00:00,VN,,0
2023-05-07 00:00:00,WE,,0
2023-05-08 00:00:00,,,0
2023-05-08 00:00:00,"",,0
2023-05-08 00:00:00,AU,,0
2023-05-08 00:00:00,BN,,0
2023-05-08 00:00:00,BR,2663,9
2023-05-08 00:00:00,BS,,0
2023-05-08 00:00:00,BZ,,0
2023-05-08 00:00:00,CCS,,0
2023-05-08 00:00:00,CD,526,26
2023-05-08 00:00:00,CG,6170,25
2023-05-08 00:00:00,CM,637,12
2023-05-08 00:00:00,CO,986,13
2023-05-08 00:00:00,EC,,0
2023-05-08 00:00:00,EG,,0
2023-05-08 00:00:00,ER,,0
2023-05-08 00:00:00,FR,,0
2023-05-08 00:00:00,GA,2439,17
2023-05-08 00:00:00,GT,,0
2023-05-08 00:00:00,IQ,,0
2023-05-08 00:00:00,LH,,0
2023-05-08 00:00:00,MX,152,6
2023-05-08 00:00:00,PE,,0
2023-05-08 00:00:00,SG,,0
2023-05-08 00:00:00,TD,1110,7
2023-05-08 00:00:00,TN,528,1
2023-05-08 00:00:00,TR,150,3
2023-05-08 00:00:00,TT,30,1
2023-05-08 00:00:00,UKS,1,4
2023-05-08 00:00:00,UKW,64,1
2023-05-08 00:00:00,US,,0
2023-05-08 00:00:00,VE,,0
2023-05-08 00:00:00,VN,,0
2023-05-08 00:00:00,WE,,0
2023-05-09 00:00:00,,,0
2023-05-09 00:00:00,"",,0
2023-05-09 00:00:00,AU,,0
2023-05-09 00:00:00,BN,,0
2023-05-09 00:00:00,BR,2663,9
2023-05-09 00:00:00,BS,,0
2023-05-09 00:00:00,BZ,,0
2023-05-09 00:00:00,CCS,,0
2023-05-09 00:00:00,CD,741,31
2023-05-09 00:00:00,CG,6127,24
2023-05-09 00:00:00,CM,599,12
2023-05-09 00:00:00,CO,982,12
2023-05-09 00:00:00,EC,,0
2023-05-09 00:00:00,EG,,0
2023-05-09 00:00:00,ER,,0
2023-05-09 00:00:00,FR,,0
2023-05-09 00:00:00,GA,2488,17
2023-05-09 00:00:00,GT,,0
2023-05-09 00:00:00,IQ,,0
2023-05-09 00:00:00,LH,,0
2023-05-09 00:00:00,MX,152,6
2023-05-09 00:00:00,PE,,0
2023-05-09 00:00:00,SG,,0
2023-05-09 00:00:00,TD,1110,7
2023-05-09 00:00:00,TN,528,1
2023-05-09 00:00:00,TR,150,3
2023-05-09 00:00:00,TT,30,1
2023-05-09 00:00:00,UKS,1,4
2023-05-09 00:00:00,UKW,64,1
2023-05-09 00:00:00,US,,0
2023-05-09 00:00:00,VE,,0
2023-05-09 00:00:00,VN,,0
2023-05-09 00:00:00,WE,,0
2023-05-10 00:00:00,,,0
2023-05-10 00:00:00,"",,0
2023-05-10 00:00:00,AU,,0
2023-05-10 00:00:00,BN,,0
2023-05-10 00:00:00,BR,2663,9
2023-05-10 00:00:00,BS,,0
2023-05-10 00:00:00,BZ,,0
2023-05-10 00:00:00,CCS,,0
2023-05-10 00:00:00,CD,865,30
2023-05-10 00:00:00,CG,6036,23
2023-05-10 00:00:00,CM,599,12
2023-05-10 00:00:00,CO,979,12
2023-05-10 00:00:00,EC,,0
2023-05-10 00:00:00,EG,,0
2023-05-10 00:00:00,ER,,0
2023-05-10 00:00:00,FR,,0
2023-05-10 00:00:00,GA,1898,16
2023-05-10 00:00:00,GT,,0
2023-05-10 00:00:00,IQ,,0
2023-05-10 00:00:00,LH,,0
2023-05-10 00:00:00,MX,545,6
2023-05-10 00:00:00,PE,,0
2023-05-10 00:00:00,SG,,0
2023-05-10 00:00:00,TD,1115,6
2023-05-10 00:00:00,TN,528,1
2023-05-10 00:00:00,TR,150,3
2023-05-10 00:00:00,TT,30,1
2023-05-10 00:00:00,UKS,1,5
2023-05-10 00:00:00,UKW,64,1
2023-05-10 00:00:00,US,,0
2023-05-10 00:00:00,VE,,0
2023-05-10 00:00:00,VN,,0
2023-05-10 00:00:00,WE,,0
2023-05-11 00:00:00,,,0
2023-05-11 00:00:00,"",,0
2023-05-11 00:00:00,AU,,0
2023-05-11 00:00:00,BN,,0
2023-05-11 00:00:00,BR,2663,9
2023-05-11 00:00:00,BS,,0
2023-05-11 00:00:00,BZ,,0
2023-05-11 00:00:00,CCS,,0
2023-05-11 00:00:00,CD,882,29
2023-05-11 00:00:00,CG,5957,23
2023-05-11 00:00:00,CM,568,12
2023-05-11 00:00:00,CO,979,12
2023-05-11 00:00:00,EC,,0
2023-05-11 00:00:00,EG,,0
2023-05-11 00:00:00,ER,,0
2023-05-11 00:00:00,FR,,0
2023-05-11 00:00:00,GA,2279,17
2023-05-11 00:00:00,GT,,0
2023-05-11 00:00:00,IQ,,0
2023-05-11 00:00:00,LH,,0
2023-05-11 00:00:00,MX,704,7
2023-05-11 00:00:00,PE,,0
2023-05-11 00:00:00,SG,,0
2023-05-11 00:00:00,TD,1148,7
2023-05-11 00:00:00,TN,528,1
2023-05-11 00:00:00,TR,150,3
2023-05-11 00:00:00,TT,30,1
2023-05-11 00:00:00,UKS,1,4
2023-05-11 00:00:00,UKW,,0
2023-05-11 00:00:00,US,,0
2023-05-11 00:00:00,VE,,0
2023-05-11 00:00:00,VN,,0
2023-05-11 00:00:00,WE,,0
2023-05-12 00:00:00,,,0
2023-05-12 00:00:00,"",,0
2023-05-12 00:00:00,AU,,0
2023-05-12 00:00:00,BN,,0
2023-05-12 00:00:00,BR,2663,9
2023-05-12 00:00:00,BS,,0
2023-05-12 00:00:00,BZ,,0
2023-05-12 00:00:00,CCS,,0
2023-05-12 00:00:00,CD,1101,31
2023-05-12 00:00:00,CG,5895,22
2023-05-12 00:00:00,CM,568,11
2023-05-12 00:00:00,CO,984,12
2023-05-12 00:00:00,EC,,0
2023-05-12 00:00:00,EG,,0
2023-05-12 00:00:00,ER,,0
2023-05-12 00:00:00,FR,,0
2023-05-12 00:00:00,GA,2275,17
2023-05-12 00:00:00,GT,,0
2023-05-12 00:00:00,IQ,,0
2023-05-12 00:00:00,LH,,0
2023-05-12 00:00:00,MX,704,7
2023-05-12 00:00:00,PE,,0
2023-05-12 00:00:00,SG,,0
2023-05-12 00:00:00,TD,698,4
2023-05-12 00:00:00,TN,528,1
2023-05-12 00:00:00,TR,150,3
2023-05-12 00:00:00,TT,30,1
2023-05-12 00:00:00,UKS,1,4
2023-05-12 00:00:00,UKW,,0
2023-05-12 00:00:00,US,,0
2023-05-12 00:00:00,VE,,0
2023-05-12 00:00:00,VN,,0
2023-05-12 00:00:00,WE,,0
2023-05-13 00:00:00,,,0
2023-05-13 00:00:00,"",,0
2023-05-13 00:00:00,AU,,0
2023-05-13 00:00:00,BN,,0
2023-05-13 00:00:00,BR,2663,9
2023-05-13 00:00:00,BS,,0
2023-05-13 00:00:00,BZ,,0
2023-05-13 00:00:00,CCS,,0
2023-05-13 00:00:00,CD,1114,30
2023-05-13 00:00:00,CG,5912,22
2023-05-13 00:00:00,CM,568,12
2023-05-13 00:00:00,CO,997,12
2023-05-13 00:00:00,EC,,0
2023-05-13 00:00:00,EG,,0
2023-05-13 00:00:00,ER,,0
2023-05-13 00:00:00,FR,,0
2023-05-13 00:00:00,GA,2372,17
2023-05-13 00:00:00,GT,,0
2023-05-13 00:00:00,IQ,,0
2023-05-13 00:00:00,LH,,0
2023-05-13 00:00:00,MX,704,7
2023-05-13 00:00:00,PE,,0
2023-05-13 00:00:00,SG,,0
2023-05-13 00:00:00,TD,678,4
2023-05-13 00:00:00,TN,528,1
2023-05-13 00:00:00,TR,150,3
2023-05-13 00:00:00,TT,30,1
2023-05-13 00:00:00,UKS,1,5
2023-05-13 00:00:00,UKW,,0
2023-05-13 00:00:00,US,,0
2023-05-13 00:00:00,VE,,0
2023-05-13 00:00:00,VN,,0
2023-05-13 00:00:00,WE,,0
2023-05-14 00:00:00,,,0
2023-05-14 00:00:00,"",,0
2023-05-14 00:00:00,AU,,0
2023-05-14 00:00:00,BN,,0
2023-05-14 00:00:00,BR,2299,8
2023-05-14 00:00:00,BS,,0
2023-05-14 00:00:00,BZ,,0
2023-05-14 00:00:00,CCS,,0
2023-05-14 00:00:00,CD,1083,29
2023-05-14 00:00:00,CG,4403,22
2023-05-14 00:00:00,CM,568,12
2023-05-14 00:00:00,CO,1026,13
2023-05-14 00:00:00,EC,,0
2023-05-14 00:00:00,EG,,0
2023-05-14 00:00:00,ER,,0
2023-05-14 00:00:00,FR,,0
2023-05-14 00:00:00,GA,2153,17
2023-05-14 00:00:00,GT,,0
2023-05-14 00:00:00,IQ,,0
2023-05-14 00:00:00,LH,,0
2023-05-14 00:00:00,MX,704,7
2023-05-14 00:00:00,PE,,0
2023-05-14 00:00:00,SG,,0
2023-05-14 00:00:00,TD,731,5
2023-05-14 00:00:00,TN,528,1
2023-05-14 00:00:00,TR,150,3
2023-05-14 00:00:00,TT,30,1
2023-05-14 00:00:00,UKS,1,4
2023-05-14 00:00:00,UKW,,0
2023-05-14 00:00:00,US,,0
2023-05-14 00:00:00,VE,,0
2023-05-14 00:00:00,VN,,0
2023-05-14 00:00:00,WE,,0
2023-05-15 00:00:00,,,0
2023-05-15 00:00:00,"",,0
2023-05-15 00:00:00,AU,,0
2023-05-15 00:00:00,BN,,0
2023-05-15 00:00:00,BR,1572,8
2023-05-15 00:00:00,BS,,0
2023-05-15 00:00:00,BZ,,0
2023-05-15 00:00:00,CCS,,0
2023-05-15 00:00:00,CD,956,27
2023-05-15 00:00:00,CG,2614,22
2023-05-15 00:00:00,CM,575,12
2023-05-15 00:00:00,CO,1037,14
2023-05-15 00:00:00,EC,,0
2023-05-15 00:00:00,EG,,0
2023-05-15 00:00:00,ER,,0
2023-05-15 00:00:00,FR,,0
2023-05-15 00:00:00,GA,2194,17
2023-05-15 00:00:00,GT,,0
2023-05-15 00:00:00,IQ,,0
2023-05-15 00:00:00,LH,,0
2023-05-15 00:00:00,MX,704,7
2023-05-15 00:00:00,PE,,0
2023-05-15 00:00:00,SG,,0
2023-05-15 00:00:00,TD,678,4
2023-05-15 00:00:00,TN,528,1
2023-05-15 00:00:00,TR,150,3
2023-05-15 00:00:00,TT,30,1
2023-05-15 00:00:00,UKS,1,4
2023-05-15 00:00:00,UKW,,0
2023-05-15 00:00:00,US,,0
2023-05-15 00:00:00,VE,,0
2023-05-15 00:00:00,VN,,0
2023-05-15 00:00:00,WE,,0
2023-05-16 00:00:00,,,0
2023-05-16 00:00:00,"",,0
2023-05-16 00:00:00,AU,,0
2023-05-16 00:00:00,BN,,0
2023-05-16 00:00:00,BR,1572,8
2023-05-16 00:00:00,BS,,0
2023-05-16 00:00:00,BZ,,0
2023-05-16 00:00:00,CCS,,0
2023-05-16 00:00:00,CD,976,26
2023-05-16 00:00:00,CG,2514,21
2023-05-16 00:00:00,CM,568,12
2023-05-16 00:00:00,CO,1037,15
2023-05-16 00:00:00,EC,,0
2023-05-16 00:00:00,EG,,0
2023-05-16 00:00:00,ER,,0
2023-05-16 00:00:00,FR,,0
2023-05-16 00:00:00,GA,2153,17
2023-05-16 00:00:00,GT,,0
2023-05-16 00:00:00,IQ,,0
2023-05-16 00:00:00,LH,,0
2023-05-16 00:00:00,MX,704,7
2023-05-16 00:00:00,PE,,0
2023-05-16 00:00:00,SG,,0
2023-05-16 00:00:00,TD,697,4
2023-05-16 00:00:00,TN,528,1
2023-05-16 00:00:00,TR,150,3
2023-05-16 00:00:00,TT,30,1
2023-05-16 00:00:00,UKS,1,4
2023-05-16 00:00:00,UKW,,0
2023-05-16 00:00:00,US,,0
2023-05-16 00:00:00,VE,,0
2023-05-16 00:00:00,VN,,0
2023-05-16 00:00:00,WE,,0
2023-05-17 00:00:00,,,0
2023-05-17 00:00:00,"",,0
2023-05-17 00:00:00,AU,,0
2023-05-17 00:00:00,BN,,0
2023-05-17 00:00:00,BR,1572,8
2023-05-17 00:00:00,BS,,0
2023-05-17 00:00:00,BZ,,0
2023-05-17 00:00:00,CCS,,0
2023-05-17 00:00:00,CD,1049,31
2023-05-17 00:00:00,CG,2612,21
2023-05-17 00:00:00,CM,568,12
2023-05-17 00:00:00,CO,1025,14
2023-05-17 00:00:00,EC,,0
2023-05-17 00:00:00,EG,,0
2023-05-17 00:00:00,ER,,0
2023-05-17 00:00:00,FR,,0
2023-05-17 00:00:00,GA,1619,16
2023-05-17 00:00:00,GT,,0
2023-05-17 00:00:00,IQ,,0
2023-05-17 00:00:00,LH,,0
2023-05-17 00:00:00,MX,704,7
2023-05-17 00:00:00,PE,,0
2023-05-17 00:00:00,SG,,0
2023-05-17 00:00:00,TD,736,5
2023-05-17 00:00:00,TN,528,1
2023-05-17 00:00:00,TR,150,3
2023-05-17 00:00:00,TT,30,1
2023-05-17 00:00:00,UKS,1,4
2023-05-17 00:00:00,UKW,,0
2023-05-17 00:00:00,US,,0
2023-05-17 00:00:00,VE,,0
2023-05-17 00:00:00,VN,,0
2023-05-17 00:00:00,WE,,0
2023-05-18 00:00:00,,,0
2023-05-18 00:00:00,"",,0
2023-05-18 00:00:00,AU,,0
2023-05-18 00:00:00,BN,,0
2023-05-18 00:00:00,BR,1572,8
2023-05-18 00:00:00,BS,,0
2023-05-18 00:00:00,BZ,,0
2023-05-18 00:00:00,CCS,,0
2023-05-18 00:00:00,CD,1184,32
2023-05-18 00:00:00,CG,2612,22
2023-05-18 00:00:00,CM,605,12
2023-05-18 00:00:00,CO,1072,16
2023-05-18 00:00:00,EC,,0
2023-05-18 00:00:00,EG,,0
2023-05-18 00:00:00,ER,,0
2023-05-18 00:00:00,FR,,0
2023-05-18 00:00:00,GA,2282,18
2023-05-18 00:00:00,GT,,0
2023-05-18 00:00:00,IQ,,0
2023-05-18 00:00:00,LH,,0
2023-05-18 00:00:00,MX,704,7
2023-05-18 00:00:00,PE,,0
2023-05-18 00:00:00,SG,,0
2023-05-18 00:00:00,TD,736,5
2023-05-18 00:00:00,TN,528,1
2023-05-18 00:00:00,TR,150,3
2023-05-18 00:00:00,TT,30,1
2023-05-18 00:00:00,UKS,,0
2023-05-18 00:00:00,UKW,,0
2023-05-18 00:00:00,US,,0
2023-05-18 00:00:00,VE,,0
2023-05-18 00:00:00,VN,,0
2023-05-18 00:00:00,WE,,0
2023-05-19 00:00:00,,,0
2023-05-19 00:00:00,"",,0
2023-05-19 00:00:00,AU,,0
2023-05-19 00:00:00,BN,,0
2023-05-19 00:00:00,BR,1572,8
2023-05-19 00:00:00,BS,,0
2023-05-19 00:00:00,BZ,,0
2023-05-19 00:00:00,CCS,,0
2023-05-19 00:00:00,CD,1375,34
2023-05-19 00:00:00,CG,3267,22
2023-05-19 00:00:00,CM,666,12
2023-05-19 00:00:00,CO,1068,15
2023-05-19 00:00:00,EC,,0
2023-05-19 00:00:00,EG,,0
2023-05-19 00:00:00,ER,,0
2023-05-19 00:00:00,FR,,0
2023-05-19 00:00:00,GA,2360,19
2023-05-19 00:00:00,GT,,0
2023-05-19 00:00:00,IQ,,0
2023-05-19 00:00:00,LH,,0
2023-05-19 00:00:00,MX,666,6
2023-05-19 00:00:00,PE,,0
2023-05-19 00:00:00,SG,,0
2023-05-19 00:00:00,TD,736,5
2023-05-19 00:00:00,TN,528,1
2023-05-19 00:00:00,TR,38,2
2023-05-19 00:00:00,TT,30,1
2023-05-19 00:00:00,UKS,,0
2023-05-19 00:00:00,UKW,,0
2023-05-19 00:00:00,US,,0
2023-05-19 00:00:00,VE,,0
2023-05-19 00:00:00,VN,,0
2023-05-19 00:00:00,WE,,0
2023-05-20 00:00:00,,,0
2023-05-20 00:00:00,"",,0
2023-05-20 00:00:00,AU,,0
2023-05-20 00:00:00,BN,,0
2023-05-20 00:00:00,BR,1572,8
2023-05-20 00:00:00,BS,,0
2023-05-20 00:00:00,BZ,,0
2023-05-20 00:00:00,CCS,,0
2023-05-20 00:00:00,CD,1383,33
2023-05-20 00:00:00,CG,3537,22
2023-05-20 00:00:00,CM,868,12
2023-05-20 00:00:00,CO,1043,15
2023-05-20 00:00:00,EC,,0
2023-05-20 00:00:00,EG,,0
2023-05-20 00:00:00,ER,,0
2023-05-20 00:00:00,FR,,0
2023-05-20 00:00:00,GA,2316,17
2023-05-20 00:00:00,GT,,0
2023-05-20 00:00:00,IQ,,0
2023-05-20 00:00:00,LH,,0
2023-05-20 00:00:00,MX,666,6
2023-05-20 00:00:00,PE,,0
2023-05-20 00:00:00,SG,,0
2023-05-20 00:00:00,TD,1152,7
2023-05-20 00:00:00,TN,528,1
2023-05-20 00:00:00,TR,23,2
2023-05-20 00:00:00,TT,30,1
2023-05-20 00:00:00,UKS,,0
2023-05-20 00:00:00,UKW,,0
2023-05-20 00:00:00,US,,0
2023-05-20 00:00:00,VE,,0
2023-05-20 00:00:00,VN,,0
2023-05-20 00:00:00,WE,,0
2023-05-21 00:00:00,,,0
2023-05-21 00:00:00,"",,0
2023-05-21 00:00:00,AU,,0
2023-05-21 00:00:00,BN,,0
2023-05-21 00:00:00,BR,1572,8
2023-05-21 00:00:00,BS,,0
2023-05-21 00:00:00,BZ,,0
2023-05-21 00:00:00,CCS,,0
2023-05-21 00:00:00,CD,1382,30
2023-05-21 00:00:00,CG,3480,21
2023-05-21 00:00:00,CM,568,12
2023-05-21 00:00:00,CO,1043,14
2023-05-21 00:00:00,EC,,0
2023-05-21 00:00:00,EG,,0
2023-05-21 00:00:00,ER,,0
2023-05-21 00:00:00,FR,,0
2023-05-21 00:00:00,GA,1782,17
2023-05-21 00:00:00,GT,,0
2023-05-21 00:00:00,IQ,,0
2023-05-21 00:00:00,LH,,0
2023-05-21 00:00:00,MX,666,6
2023-05-21 00:00:00,PE,,0
2023-05-21 00:00:00,SG,,0
2023-05-21 00:00:00,TD,1152,7
2023-05-21 00:00:00,TN,528,1
2023-05-21 00:00:00,TR,23,2
2023-05-21 00:00:00,TT,30,1
2023-05-21 00:00:00,UKS,,0
2023-05-21 00:00:00,UKW,,0
2023-05-21 00:00:00,US,,0
2023-05-21 00:00:00,VE,,0
2023-05-21 00:00:00,VN,,0
2023-05-21 00:00:00,WE,,0
2023-05-22 00:00:00,,,0
2023-05-22 00:00:00,"",,0
2023-05-22 00:00:00,AU,,0
2023-05-22 00:00:00,BN,,0
2023-05-22 00:00:00,BR,1568,7
2023-05-22 00:00:00,BS,,0
2023-05-22 00:00:00,BZ,,0
2023-05-22 00:00:00,CCS,,0
2023-05-22 00:00:00,CD,1158,28
2023-05-22 00:00:00,CG,3483,22
2023-05-22 00:00:00,CM,718,13
2023-05-22 00:00:00,CO,1043,15
2023-05-22 00:00:00,EC,,0
2023-05-22 00:00:00,EG,,0
2023-05-22 00:00:00,ER,,0
2023-05-22 00:00:00,FR,,0
2023-05-22 00:00:00,GA,1782,17
2023-05-22 00:00:00,GT,,0
2023-05-22 00:00:00,IQ,,0
2023-05-22 00:00:00,LH,,0
2023-05-22 00:00:00,MX,666,6
2023-05-22 00:00:00,PE,,0
2023-05-22 00:00:00,SG,,0
2023-05-22 00:00:00,TD,1152,7
2023-05-22 00:00:00,TN,528,1
2023-05-22 00:00:00,TR,23,2
2023-05-22 00:00:00,TT,30,1
2023-05-22 00:00:00,UKS,1,2
2023-05-22 00:00:00,UKW,,0
2023-05-22 00:00:00,US,,0
2023-05-22 00:00:00,VE,,0
2023-05-22 00:00:00,VN,,0
2023-05-22 00:00:00,WE,,0
2023-05-23 00:00:00,,,0
2023-05-23 00:00:00,"",,0
2023-05-23 00:00:00,AU,,0
2023-05-23 00:00:00,BN,,0
2023-05-23 00:00:00,BR,1466,7
2023-05-23 00:00:00,BS,,0
2023-05-23 00:00:00,BZ,,0
2023-05-23 00:00:00,CCS,,0
2023-05-23 00:00:00,CD,923,26
2023-05-23 00:00:00,CG,3505,22
2023-05-23 00:00:00,CM,649,12
2023-05-23 00:00:00,CO,1205,16
2023-05-23 00:00:00,EC,,0
2023-05-23 00:00:00,EG,,0
2023-05-23 00:00:00,ER,,0
2023-05-23 00:00:00,FR,,0
2023-05-23 00:00:00,GA,1668,16
2023-05-23 00:00:00,GT,,0
2023-05-23 00:00:00,IQ,,0
2023-05-23 00:00:00,LH,,0
2023-05-23 00:00:00,MX,666,6
2023-05-23 00:00:00,PE,,0
2023-05-23 00:00:00,SG,,0
2023-05-23 00:00:00,TD,1152,7
2023-05-23 00:00:00,TN,528,1
2023-05-23 00:00:00,TR,23,2
2023-05-23 00:00:00,TT,30,1
2023-05-23 00:00:00,UKS,1,2
2023-05-23 00:00:00,UKW,,0
2023-05-23 00:00:00,US,,0
2023-05-23 00:00:00,VE,,0
2023-05-23 00:00:00,VN,,0
2023-05-23 00:00:00,WE,,0
2023-05-24 00:00:00,,,0
2023-05-24 00:00:00,"",,0
2023-05-24 00:00:00,AU,,0
2023-05-24 00:00:00,BN,,0
2023-05-24 00:00:00,BR,1466,7
2023-05-24 00:00:00,BS,,0
2023-05-24 00:00:00,BZ,,0
2023-05-24 00:00:00,CCS,,0
2023-05-24 00:00:00,CD,1065,28
2023-05-24 00:00:00,CG,3505,22
2023-05-24 00:00:00,CM,574,12
2023-05-24 00:00:00,CO,1205,16
2023-05-24 00:00:00,EC,,0
2023-05-24 00:00:00,EG,,0
2023-05-24 00:00:00,ER,,0
2023-05-24 00:00:00,FR,,0
2023-05-24 00:00:00,GA,1391,15
2023-05-24 00:00:00,GT,,0
2023-05-24 00:00:00,IQ,,0
2023-05-24 00:00:00,LH,,0
2023-05-24 00:00:00,MX,666,6
2023-05-24 00:00:00,PE,,0
2023-05-24 00:00:00,SG,,0
2023-05-24 00:00:00,TD,1152,7
2023-05-24 00:00:00,TN,528,1
2023-05-24 00:00:00,TR,23,2
2023-05-24 00:00:00,TT,30,1
2023-05-24 00:00:00,UKS,1,2
2023-05-24 00:00:00,UKW,,0
2023-05-24 00:00:00,US,,0
2023-05-24 00:00:00,VE,,0
2023-05-24 00:00:00,VN,,0
2023-05-24 00:00:00,WE,,0
2023-05-25 00:00:00,,,0
2023-05-25 00:00:00,"",,0
2023-05-25 00:00:00,AU,,0
2023-05-25 00:00:00,BN,,0
2023-05-25 00:00:00,BR,1466,7
2023-05-25 00:00:00,BS,,0
2023-05-25 00:00:00,BZ,,0
2023-05-25 00:00:00,CCS,,0
2023-05-25 00:00:00,CD,1093,32
2023-05-25 00:00:00,CG,3933,23
2023-05-25 00:00:00,CM,585,12
2023-05-25 00:00:00,CO,1206,16
2023-05-25 00:00:00,EC,,0
2023-05-25 00:00:00,EG,,0
2023-05-25 00:00:00,ER,,0
2023-05-25 00:00:00,FR,,0
2023-05-25 00:00:00,GA,1382,14
2023-05-25 00:00:00,GT,,0
2023-05-25 00:00:00,IQ,,0
2023-05-25 00:00:00,LH,,0
2023-05-25 00:00:00,MX,666,6
2023-05-25 00:00:00,PE,,0
2023-05-25 00:00:00,SG,,0
2023-05-25 00:00:00,TD,1152,7
2023-05-25 00:00:00,TN,528,1
2023-05-25 00:00:00,TR,23,2
2023-05-25 00:00:00,TT,30,1
2023-05-25 00:00:00,UKS,1,3
2023-05-25 00:00:00,UKW,,0
2023-05-25 00:00:00,US,,0
2023-05-25 00:00:00,VE,,0
2023-05-25 00:00:00,VN,,0
2023-05-25 00:00:00,WE,,0
2023-05-26 00:00:00,,,0
2023-05-26 00:00:00,"",,0
2023-05-26 00:00:00,AU,,0
2023-05-26 00:00:00,BN,,0
2023-05-26 00:00:00,BR,1466,7
2023-05-26 00:00:00,BS,,0
2023-05-26 00:00:00,BZ,,0
2023-05-26 00:00:00,CCS,,0
2023-05-26 00:00:00,CD,1091,31
2023-05-26 00:00:00,CG,3973,24
2023-05-26 00:00:00,CM,676,12
2023-05-26 00:00:00,CO,1206,16
2023-05-26 00:00:00,EC,,0
2023-05-26 00:00:00,EG,,0
2023-05-26 00:00:00,ER,,0
2023-05-26 00:00:00,FR,,0
2023-05-26 00:00:00,GA,1021,11
2023-05-26 00:00:00,GT,,0
2023-05-26 00:00:00,IQ,,0
2023-05-26 00:00:00,LH,,0
2023-05-26 00:00:00,MX,666,6
2023-05-26 00:00:00,PE,,0
2023-05-26 00:00:00,SG,,0
2023-05-26 00:00:00,TD,1152,7
2023-05-26 00:00:00,TN,528,1
2023-05-26 00:00:00,TR,7,1
2023-05-26 00:00:00,TT,30,1
2023-05-26 00:00:00,UKS,1,1
2023-05-26 00:00:00,UKW,,0
2023-05-26 00:00:00,US,,0
2023-05-26 00:00:00,VE,,0
2023-05-26 00:00:00,VN,,0
2023-05-26 00:00:00,WE,,0
2023-05-27 00:00:00,,,0
2023-05-27 00:00:00,"",,0
2023-05-27 00:00:00,AU,,0
2023-05-27 00:00:00,BN,,0
2023-05-27 00:00:00,BR,1466,7
2023-05-27 00:00:00,BS,,0
2023-05-27 00:00:00,BZ,,0
2023-05-27 00:00:00,CCS,,0
2023-05-27 00:00:00,CD,1024,29
2023-05-27 00:00:00,CG,3974,24
2023-05-27 00:00:00,CM,585,12
2023-05-27 00:00:00,CO,1218,16
2023-05-27 00:00:00,EC,,0
2023-05-27 00:00:00,EG,,0
2023-05-27 00:00:00,ER,,0
2023-05-27 00:00:00,FR,,0
2023-05-27 00:00:00,GA,1204,13
2023-05-27 00:00:00,GT,,0
2023-05-27 00:00:00,IQ,,0
2023-05-27 00:00:00,LH,,0
2023-05-27 00:00:00,MX,666,6
2023-05-27 00:00:00,PE,,0
2023-05-27 00:00:00,SG,,0
2023-05-27 00:00:00,TD,1152,7
2023-05-27 00:00:00,TN,528,1
2023-05-27 00:00:00,TR,,0
2023-05-27 00:00:00,TT,30,1
2023-05-27 00:00:00,UKS,1,1
2023-05-27 00:00:00,UKW,,0
2023-05-27 00:00:00,US,,0
2023-05-27 00:00:00,VE,,0
2023-05-27 00:00:00,VN,,0
2023-05-27 00:00:00,WE,,0
2023-05-28 00:00:00,,,0
2023-05-28 00:00:00,"",,0
2023-05-28 00:00:00,AU,,0
2023-05-28 00:00:00,BN,,0
2023-05-28 00:00:00,BR,1466,7
2023-05-28 00:00:00,BS,,0
2023-05-28 00:00:00,BZ,,0
2023-05-28 00:00:00,CCS,,0
2023-05-28 00:00:00,CD,1002,29
2023-05-28 00:00:00,CG,3902,24
2023-05-28 00:00:00,CM,985,11
2023-05-28 00:00:00,CO,1235,17
2023-05-28 00:00:00,EC,,0
2023-05-28 00:00:00,EG,,0
2023-05-28 00:00:00,ER,,0
2023-05-28 00:00:00,FR,,0
2023-05-28 00:00:00,GA,1195,12
2023-05-28 00:00:00,GT,,0
2023-05-28 00:00:00,IQ,,0
2023-05-28 00:00:00,LH,,0
2023-05-28 00:00:00,MX,666,6
2023-05-28 00:00:00,PE,,0
2023-05-28 00:00:00,SG,,0
2023-05-28 00:00:00,TD,1152,7
2023-05-28 00:00:00,TN,528,1
2023-05-28 00:00:00,TR,,0
2023-05-28 00:00:00,TT,30,1
2023-05-28 00:00:00,UKS,1,3
2023-05-28 00:00:00,UKW,,0
2023-05-28 00:00:00,US,,0
2023-05-28 00:00:00,VE,,0
2023-05-28 00:00:00,VN,,0
2023-05-28 00:00:00,WE,,0
2023-05-29 00:00:00,,,0
2023-05-29 00:00:00,"",,0
2023-05-29 00:00:00,AU,,0
2023-05-29 00:00:00,BN,,0
2023-05-29 00:00:00,BR,1466,7
2023-05-29 00:00:00,BS,,0
2023-05-29 00:00:00,BZ,,0
2023-05-29 00:00:00,CCS,,0
2023-05-29 00:00:00,CD,1316,27
2023-05-29 00:00:00,CG,3834,24
2023-05-29 00:00:00,CM,588,11
2023-05-29 00:00:00,CO,1235,17
2023-05-29 00:00:00,EC,,0
2023-05-29 00:00:00,EG,,0
2023-05-29 00:00:00,ER,,0
2023-05-29 00:00:00,FR,,0
2023-05-29 00:00:00,GA,1169,12
2023-05-29 00:00:00,GT,,0
2023-05-29 00:00:00,IQ,,0
2023-05-29 00:00:00,LH,,0
2023-05-29 00:00:00,MX,666,6
2023-05-29 00:00:00,PE,,0
2023-05-29 00:00:00,SG,,0
2023-05-29 00:00:00,TD,1152,7
2023-05-29 00:00:00,TN,528,1
2023-05-29 00:00:00,TR,,0
2023-05-29 00:00:00,TT,30,1
2023-05-29 00:00:00,UKS,1,1
2023-05-29 00:00:00,UKW,,0
2023-05-29 00:00:00,US,,0
2023-05-29 00:00:00,VE,,0
2023-05-29 00:00:00,VN,,0
2023-05-29 00:00:00,WE,,0
2023-05-30 00:00:00,,,0
2023-05-30 00:00:00,"",,0
2023-05-30 00:00:00,AU,,0
2023-05-30 00:00:00,BN,,0
2023-05-30 00:00:00,BR,1466,7
2023-05-30 00:00:00,BS,,0
2023-05-30 00:00:00,BZ,,0
2023-05-30 00:00:00,CCS,,0
2023-05-30 00:00:00,CD,1378,28
2023-05-30 00:00:00,CG,3834,24
2023-05-30 00:00:00,CM,443,10
2023-05-30 00:00:00,CO,1235,16
2023-05-30 00:00:00,EC,,0
2023-05-30 00:00:00,EG,,0
2023-05-30 00:00:00,ER,,0
2023-05-30 00:00:00,FR,,0
2023-05-30 00:00:00,GA,1114,11
2023-05-30 00:00:00,GT,,0
2023-05-30 00:00:00,IQ,,0
2023-05-30 00:00:00,LH,,0
2023-05-30 00:00:00,MX,666,6
2023-05-30 00:00:00,PE,,0
2023-05-30 00:00:00,SG,,0
2023-05-30 00:00:00,TD,1084,6
2023-05-30 00:00:00,TN,528,1
2023-05-30 00:00:00,TR,24,1
2023-05-30 00:00:00,TT,30,1
2023-05-30 00:00:00,UKS,1,2
2023-05-30 00:00:00,UKW,,0
2023-05-30 00:00:00,US,,0
2023-05-30 00:00:00,VE,,0
2023-05-30 00:00:00,VN,,0
2023-05-30 00:00:00,WE,,0
2023-05-31 00:00:00,,,0
2023-05-31 00:00:00,"",,0
2023-05-31 00:00:00,AU,,0
2023-05-31 00:00:00,BN,,0
2023-05-31 00:00:00,BR,1466,7
2023-05-31 00:00:00,BS,,0
2023-05-31 00:00:00,BZ,,0
2023-05-31 00:00:00,CCS,,0
2023-05-31 00:00:00,CD,1293,25
2023-05-31 00:00:00,CG,3711,23
2023-05-31 00:00:00,CM,220,10
2023-05-31 00:00:00,CO,1438,15
2023-05-31 00:00:00,EC,,0
2023-05-31 00:00:00,EG,,0
2023-05-31 00:00:00,ER,,0
2023-05-31 00:00:00,FR,,0
2023-05-31 00:00:00,GA,931,11
2023-05-31 00:00:00,GT,,0
2023-05-31 00:00:00,IQ,,0
2023-05-31 00:00:00,LH,,0
2023-05-31 00:00:00,MX,921,7
2023-05-31 00:00:00,PE,,0
2023-05-31 00:00:00,SG,,0
2023-05-31 00:00:00,TD,1152,7
2023-05-31 00:00:00,TN,528,1
2023-05-31 00:00:00,TR,24,1
2023-05-31 00:00:00,TT,30,1
2023-05-31 00:00:00,UKS,1,3
2023-05-31 00:00:00,UKW,,0
2023-05-31 00:00:00,US,,0
2023-05-31 00:00:00,VE,,0
2023-05-31 00:00:00,VN,,0
2023-05-31 00:00:00,WE,,0
2023-06-01 00:00:00,,,0
2023-06-01 00:00:00,"",,0
2023-06-01 00:00:00,AU,,0
2023-06-01 00:00:00,BN,,0
2023-06-01 00:00:00,BR,1466,7
2023-06-01 00:00:00,BS,,0
2023-06-01 00:00:00,BZ,,0
2023-06-01 00:00:00,CCS,,0
2023-06-01 00:00:00,CD,1301,26
2023-06-01 00:00:00,CG,3643,23
2023-06-01 00:00:00,CM,280,10
2023-06-01 00:00:00,CO,1089,16
2023-06-01 00:00:00,EC,,0
2023-06-01 00:00:00,EG,,0
2023-06-01 00:00:00,ER,,0
2023-06-01 00:00:00,FR,,0
2023-06-01 00:00:00,GA,947,12
2023-06-01 00:00:00,GT,,0
2023-06-01 00:00:00,IQ,,0
2023-06-01 00:00:00,LH,,0
2023-06-01 00:00:00,MX,921,7
2023-06-01 00:00:00,PE,,0
2023-06-01 00:00:00,SG,,0
2023-06-01 00:00:00,TD,1152,7
2023-06-01 00:00:00,TN,528,1
2023-06-01 00:00:00,TR,24,1
2023-06-01 00:00:00,TT,30,1
2023-06-01 00:00:00,UKS,1,1
2023-06-01 00:00:00,UKW,,0
2023-06-01 00:00:00,US,,0
2023-06-01 00:00:00,VE,,0
2023-06-01 00:00:00,VN,,0
2023-06-01 00:00:00,WE,,0
2023-06-02 00:00:00,,,0
2023-06-02 00:00:00,"",,0
2023-06-02 00:00:00,AU,,0
2023-06-02 00:00:00,BN,,0
2023-06-02 00:00:00,BR,1516,7
2023-06-02 00:00:00,BS,,0
2023-06-02 00:00:00,BZ,,0
2023-06-02 00:00:00,CCS,,0
2023-06-02 00:00:00,CD,1353,25
2023-06-02 00:00:00,CG,3343,21
2023-06-02 00:00:00,CM,637,10
2023-06-02 00:00:00,CO,1546,16
2023-06-02 00:00:00,EC,,0
2023-06-02 00:00:00,EG,,0
2023-06-02 00:00:00,ER,,0
2023-06-02 00:00:00,FR,,0
2023-06-02 00:00:00,GA,764,10
2023-06-02 00:00:00,GT,,0
2023-06-02 00:00:00,IQ,,0
2023-06-02 00:00:00,LH,,0
2023-06-02 00:00:00,MX,921,7
2023-06-02 00:00:00,PE,,0
2023-06-02 00:00:00,SG,,0
2023-06-02 00:00:00,TD,1152,7
2023-06-02 00:00:00,TN,528,1
2023-06-02 00:00:00,TR,24,1
2023-06-02 00:00:00,TT,30,1
2023-06-02 00:00:00,UKS,1,1
2023-06-02 00:00:00,UKW,,0
2023-06-02 00:00:00,US,,0
2023-06-02 00:00:00,VE,,0
2023-06-02 00:00:00,VN,,0
2023-06-02 00:00:00,WE,,0
2023-06-03 00:00:00,,,0
2023-06-03 00:00:00,"",,0
2023-06-03 00:00:00,AU,,0
2023-06-03 00:00:00,BN,,0
2023-06-03 00:00:00,BR,1811,8
2023-06-03 00:00:00,BS,,0
2023-06-03 00:00:00,BZ,,0
2023-06-03 00:00:00,CCS,,0
2023-06-03 00:00:00,CD,1300,26
2023-06-03 00:00:00,CG,2919,21
2023-06-03 00:00:00,CM,398,10
2023-06-03 00:00:00,CO,1932,17
2023-06-03 00:00:00,EC,,0
2023-06-03 00:00:00,EG,,0
2023-06-03 00:00:00,ER,,0
2023-06-03 00:00:00,FR,,0
2023-06-03 00:00:00,GA,947,12
2023-06-03 00:00:00,GT,,0
2023-06-03 00:00:00,IQ,,0
2023-06-03 00:00:00,LH,,0
2023-06-03 00:00:00,MX,921,7
2023-06-03 00:00:00,PE,,0
2023-06-03 00:00:00,SG,,0
2023-06-03 00:00:00,TD,736,5
2023-06-03 00:00:00,TN,,0
2023-06-03 00:00:00,TR,24,1
2023-06-03 00:00:00,TT,30,1
2023-06-03 00:00:00,UKS,1,2
2023-06-03 00:00:00,UKW,,0
2023-06-03 00:00:00,US,,0
2023-06-03 00:00:00,VE,,0
2023-06-03 00:00:00,VN,,0
2023-06-03 00:00:00,WE,,0
2023-06-04 00:00:00,,,0
2023-06-04 00:00:00,"",,0
2023-06-04 00:00:00,AU,,0
2023-06-04 00:00:00,BN,,0
2023-06-04 00:00:00,BR,1811,8
2023-06-04 00:00:00,BS,,0
2023-06-04 00:00:00,BZ,,0
2023-06-04 00:00:00,CCS,,0
2023-06-04 00:00:00,CD,1257,25
2023-06-04 00:00:00,CG,2919,21
2023-06-04 00:00:00,CM,455,10
2023-06-04 00:00:00,CO,1862,16
2023-06-04 00:00:00,EC,,0
2023-06-04 00:00:00,EG,,0
2023-06-04 00:00:00,ER,,0
2023-06-04 00:00:00,FR,,0
2023-06-04 00:00:00,GA,764,10
2023-06-04 00:00:00,GT,194,1
2023-06-04 00:00:00,IQ,,0
2023-06-04 00:00:00,LH,,0
2023-06-04 00:00:00,MX,921,7
2023-06-04 00:00:00,PE,,0
2023-06-04 00:00:00,SG,,0
2023-06-04 00:00:00,TD,627,3
2023-06-04 00:00:00,TN,,0
2023-06-04 00:00:00,TR,24,1
2023-06-04 00:00:00,TT,30,1
2023-06-04 00:00:00,UKS,1,1
2023-06-04 00:00:00,UKW,,0
2023-06-04 00:00:00,US,,0
2023-06-04 00:00:00,VE,,0
2023-06-04 00:00:00,VN,,0
2023-06-04 00:00:00,WE,,0
2023-06-05 00:00:00,,,0
2023-06-05 00:00:00,"",,0
2023-06-05 00:00:00,AU,,0
2023-06-05 00:00:00,BN,,0
2023-06-05 00:00:00,BR,1811,8
2023-06-05 00:00:00,BS,,0
2023-06-05 00:00:00,BZ,,0
2023-06-05 00:00:00,CCS,,0
2023-06-05 00:00:00,CD,1281,24
2023-06-05 00:00:00,CG,2919,21
2023-06-05 00:00:00,CM,786,12
2023-06-05 00:00:00,CO,1106,16
2023-06-05 00:00:00,EC,,0
2023-06-05 00:00:00,EG,,0
2023-06-05 00:00:00,ER,,0
2023-06-05 00:00:00,FR,,0
2023-06-05 00:00:00,GA,993,12
2023-06-05 00:00:00,GT,194,1
2023-06-05 00:00:00,IQ,,0
2023-06-05 00:00:00,LH,,0
2023-06-05 00:00:00,MX,921,7
2023-06-05 00:00:00,PE,,0
2023-06-05 00:00:00,SG,,0
2023-06-05 00:00:00,TD,623,4
2023-06-05 00:00:00,TN,,0
2023-06-05 00:00:00,TR,24,1
2023-06-05 00:00:00,TT,30,1
2023-06-05 00:00:00,UKS,1,1
2023-06-05 00:00:00,UKW,,0
2023-06-05 00:00:00,US,,0
2023-06-05 00:00:00,VE,,0
2023-06-05 00:00:00,VN,,0
2023-06-05 00:00:00,WE,,0
2023-06-06 00:00:00,,,0
2023-06-06 00:00:00,"",,0
2023-06-06 00:00:00,AU,,0
2023-06-06 00:00:00,BN,,0
2023-06-06 00:00:00,BR,2066,9
2023-06-06 00:00:00,BS,,0
2023-06-06 00:00:00,BZ,,0
2023-06-06 00:00:00,CCS,,0
2023-06-06 00:00:00,CD,1317,23
2023-06-06 00:00:00,CG,2919,21
2023-06-06 00:00:00,CM,786,12
2023-06-06 00:00:00,CO,1116,17
2023-06-06 00:00:00,EC,,0
2023-06-06 00:00:00,EG,,0
2023-06-06 00:00:00,ER,,0
2023-06-06 00:00:00,FR,,0
2023-06-06 00:00:00,GA,1197,14
2023-06-06 00:00:00,GT,,0
2023-06-06 00:00:00,IQ,,0
2023-06-06 00:00:00,LH,,0
2023-06-06 00:00:00,MX,921,7
2023-06-06 00:00:00,PE,,0
2023-06-06 00:00:00,SG,,0
2023-06-06 00:00:00,TD,623,4
2023-06-06 00:00:00,TN,,0
2023-06-06 00:00:00,TR,24,1
2023-06-06 00:00:00,TT,30,1
2023-06-06 00:00:00,UKS,1,1
2023-06-06 00:00:00,UKW,,0
2023-06-06 00:00:00,US,,0
2023-06-06 00:00:00,VE,,0
2023-06-06 00:00:00,VN,,0
2023-06-06 00:00:00,WE,,0
2023-06-07 00:00:00,,,0
2023-06-07 00:00:00,"",,0
2023-06-07 00:00:00,AU,,0
2023-06-07 00:00:00,BN,,0
2023-06-07 00:00:00,BR,1816,8
2023-06-07 00:00:00,BS,,0
2023-06-07 00:00:00,BZ,,0
2023-06-07 00:00:00,CCS,,0
2023-06-07 00:00:00,CD,1272,23
2023-06-07 00:00:00,CG,2919,21
2023-06-07 00:00:00,CM,786,12
2023-06-07 00:00:00,CO,931,16
2023-06-07 00:00:00,EC,,0
2023-06-07 00:00:00,EG,,0
2023-06-07 00:00:00,ER,,0
2023-06-07 00:00:00,FR,,0
2023-06-07 00:00:00,GA,1167,13
2023-06-07 00:00:00,GT,,0
2023-06-07 00:00:00,IQ,,0
2023-06-07 00:00:00,LH,,0
2023-06-07 00:00:00,MX,921,7
2023-06-07 00:00:00,PE,,0
2023-06-07 00:00:00,SG,,0
2023-06-07 00:00:00,TD,623,4
2023-06-07 00:00:00,TN,,0
2023-06-07 00:00:00,TR,24,1
2023-06-07 00:00:00,TT,30,1
2023-06-07 00:00:00,UKS,1,1
2023-06-07 00:00:00,UKW,,0
2023-06-07 00:00:00,US,,0
2023-06-07 00:00:00,VE,,0
2023-06-07 00:00:00,VN,,0
2023-06-07 00:00:00,WE,,0
2023-06-08 00:00:00,,,0
2023-06-08 00:00:00,"",,0
2023-06-08 00:00:00,AU,,0
2023-06-08 00:00:00,BN,,0
2023-06-08 00:00:00,BR,1811,8
2023-06-08 00:00:00,BS,,0
2023-06-08 00:00:00,BZ,,0
2023-06-08 00:00:00,CCS,,0
2023-06-08 00:00:00,CD,1260,22
2023-06-08 00:00:00,CG,2954,20
2023-06-08 00:00:00,CM,786,12
2023-06-08 00:00:00,CO,1180,19
2023-06-08 00:00:00,EC,,0
2023-06-08 00:00:00,EG,,0
2023-06-08 00:00:00,ER,,0
2023-06-08 00:00:00,FR,,0
2023-06-08 00:00:00,GA,1150,13
2023-06-08 00:00:00,GT,,0
2023-06-08 00:00:00,IQ,,0
2023-06-08 00:00:00,LH,,0
2023-06-08 00:00:00,MX,921,7
2023-06-08 00:00:00,PE,,0
2023-06-08 00:00:00,SG,,0
2023-06-08 00:00:00,TD,623,4
2023-06-08 00:00:00,TN,,0
2023-06-08 00:00:00,TR,156,1
2023-06-08 00:00:00,TT,30,1
2023-06-08 00:00:00,UKS,1,1
2023-06-08 00:00:00,UKW,,0
2023-06-08 00:00:00,US,,0
2023-06-08 00:00:00,VE,,0
2023-06-08 00:00:00,VN,,0
2023-06-08 00:00:00,WE,,0
2023-06-09 00:00:00,,,0
2023-06-09 00:00:00,"",,0
2023-06-09 00:00:00,AU,,0
2023-06-09 00:00:00,BN,,0
2023-06-09 00:00:00,BR,1811,8
2023-06-09 00:00:00,BS,,0
2023-06-09 00:00:00,BZ,,0
2023-06-09 00:00:00,CCS,,0
2023-06-09 00:00:00,CD,1361,22
2023-06-09 00:00:00,CG,3142,21
2023-06-09 00:00:00,CM,786,12
2023-06-09 00:00:00,CO,1165,19
2023-06-09 00:00:00,EC,,0
2023-06-09 00:00:00,EG,,0
2023-06-09 00:00:00,ER,,0
2023-06-09 00:00:00,FR,,0
2023-06-09 00:00:00,GA,1118,13
2023-06-09 00:00:00,GT,,0
2023-06-09 00:00:00,IQ,,0
2023-06-09 00:00:00,LH,,0
2023-06-09 00:00:00,MX,921,7
2023-06-09 00:00:00,PE,,0
2023-06-09 00:00:00,SG,,0
2023-06-09 00:00:00,TD,623,4
2023-06-09 00:00:00,TN,,0
2023-06-09 00:00:00,TR,24,1
2023-06-09 00:00:00,TT,30,1
2023-06-09 00:00:00,UKS,1,1
2023-06-09 00:00:00,UKW,,0
2023-06-09 00:00:00,US,,0
2023-06-09 00:00:00,VE,,0
2023-06-09 00:00:00,VN,,0
2023-06-09 00:00:00,WE,,0
2023-06-10 00:00:00,,,0
2023-06-10 00:00:00,"",,0
2023-06-10 00:00:00,AU,,0
2023-06-10 00:00:00,BN,,0
2023-06-10 00:00:00,BR,1811,8
2023-06-10 00:00:00,BS,,0
2023-06-10 00:00:00,BZ,,0
2023-06-10 00:00:00,CCS,,0
2023-06-10 00:00:00,CD,1320,21
2023-06-10 00:00:00,CG,3225,22
2023-06-10 00:00:00,CM,786,12
2023-06-10 00:00:00,CO,1251,19
2023-06-10 00:00:00,EC,,0
2023-06-10 00:00:00,EG,,0
2023-06-10 00:00:00,ER,,0
2023-06-10 00:00:00,FR,,0
2023-06-10 00:00:00,GA,1118,13
2023-06-10 00:00:00,GT,,0
2023-06-10 00:00:00,IQ,,0
2023-06-10 00:00:00,LH,,0
2023-06-10 00:00:00,MX,921,7
2023-06-10 00:00:00,PE,,0
2023-06-10 00:00:00,SG,,0
2023-06-10 00:00:00,TD,623,4
2023-06-10 00:00:00,TN,,0
2023-06-10 00:00:00,TR,188,1
2023-06-10 00:00:00,TT,30,1
2023-06-10 00:00:00,UKS,1,1
2023-06-10 00:00:00,UKW,,0
2023-06-10 00:00:00,US,,0
2023-06-10 00:00:00,VE,,0
2023-06-10 00:00:00,VN,,0
2023-06-10 00:00:00,WE,,0
2023-06-11 00:00:00,,,0
2023-06-11 00:00:00,"",,0
2023-06-11 00:00:00,AU,,0
2023-06-11 00:00:00,BN,,0
2023-06-11 00:00:00,BR,1947,8
2023-06-11 00:00:00,BS,,0
2023-06-11 00:00:00,BZ,,0
2023-06-11 00:00:00,CCS,,0
2023-06-11 00:00:00,CD,1294,25
2023-06-11 00:00:00,CG,3225,22
2023-06-11 00:00:00,CM,786,12
2023-06-11 00:00:00,CO,1165,19
2023-06-11 00:00:00,EC,,0
2023-06-11 00:00:00,EG,,0
2023-06-11 00:00:00,ER,,0
2023-06-11 00:00:00,FR,,0
2023-06-11 00:00:00,GA,1118,13
2023-06-11 00:00:00,GT,,0
2023-06-11 00:00:00,IQ,,0
2023-06-11 00:00:00,LH,,0
2023-06-11 00:00:00,MX,921,7
2023-06-11 00:00:00,PE,,0
2023-06-11 00:00:00,SG,,0
2023-06-11 00:00:00,TD,623,4
2023-06-11 00:00:00,TN,,0
2023-06-11 00:00:00,TR,293,2
2023-06-11 00:00:00,TT,30,1
2023-06-11 00:00:00,UKS,1,1
2023-06-11 00:00:00,UKW,,0
2023-06-11 00:00:00,US,,0
2023-06-11 00:00:00,VE,,0
2023-06-11 00:00:00,VN,,0
2023-06-11 00:00:00,WE,,0
2023-06-12 00:00:00,,,0
2023-06-12 00:00:00,"",,0
2023-06-12 00:00:00,AU,,0
2023-06-12 00:00:00,BN,,0
2023-06-12 00:00:00,BR,1811,8
2023-06-12 00:00:00,BS,,0
2023-06-12 00:00:00,BZ,,0
2023-06-12 00:00:00,CCS,,0
2023-06-12 00:00:00,CD,1312,23
2023-06-12 00:00:00,CG,3225,22
2023-06-12 00:00:00,CM,786,12
2023-06-12 00:00:00,CO,1226,20
2023-06-12 00:00:00,EC,,0
2023-06-12 00:00:00,EG,,0
2023-06-12 00:00:00,ER,,0
2023-06-12 00:00:00,FR,,0
2023-06-12 00:00:00,GA,1105,12
2023-06-12 00:00:00,GT,,0
2023-06-12 00:00:00,IQ,,0
2023-06-12 00:00:00,LH,,0
2023-06-12 00:00:00,MX,921,7
2023-06-12 00:00:00,PE,,0
2023-06-12 00:00:00,SG,,0
2023-06-12 00:00:00,TD,623,4
2023-06-12 00:00:00,TN,,0
2023-06-12 00:00:00,TR,299,3
2023-06-12 00:00:00,TT,30,1
2023-06-12 00:00:00,UKS,1,1
2023-06-12 00:00:00,UKW,,0
2023-06-12 00:00:00,US,,0
2023-06-12 00:00:00,VE,,0
2023-06-12 00:00:00,VN,,0
2023-06-12 00:00:00,WE,,0
2023-06-13 00:00:00,,,0
2023-06-13 00:00:00,"",,0
2023-06-13 00:00:00,AU,,0
2023-06-13 00:00:00,BN,,0
2023-06-13 00:00:00,BR,1811,8
2023-06-13 00:00:00,BS,,0
2023-06-13 00:00:00,BZ,,0
2023-06-13 00:00:00,CCS,,0
2023-06-13 00:00:00,CD,1314,21
2023-06-13 00:00:00,CG,3225,22
2023-06-13 00:00:00,CM,786,12
2023-06-13 00:00:00,CO,1273,21
2023-06-13 00:00:00,EC,,0
2023-06-13 00:00:00,EG,,0
2023-06-13 00:00:00,ER,,0
2023-06-13 00:00:00,FR,,0
2023-06-13 00:00:00,GA,1241,13
2023-06-13 00:00:00,GT,,0
2023-06-13 00:00:00,IQ,,0
2023-06-13 00:00:00,LH,,0
2023-06-13 00:00:00,MX,921,7
2023-06-13 00:00:00,PE,,0
2023-06-13 00:00:00,SG,,0
2023-06-13 00:00:00,TD,623,4
2023-06-13 00:00:00,TN,,0
2023-06-13 00:00:00,TR,56,2
2023-06-13 00:00:00,TT,30,1
2023-06-13 00:00:00,UKS,1,1
2023-06-13 00:00:00,UKW,,0
2023-06-13 00:00:00,US,,0
2023-06-13 00:00:00,VE,,0
2023-06-13 00:00:00,VN,,0
2023-06-13 00:00:00,WE,,0
2023-06-14 00:00:00,,,0
2023-06-14 00:00:00,"",,0
2023-06-14 00:00:00,AU,,0
2023-06-14 00:00:00,BN,,0
2023-06-14 00:00:00,BR,1811,8
2023-06-14 00:00:00,BS,,0
2023-06-14 00:00:00,BZ,,0
2023-06-14 00:00:00,CCS,,0
2023-06-14 00:00:00,CD,1389,19
2023-06-14 00:00:00,CG,3225,22
2023-06-14 00:00:00,CM,786,12
2023-06-14 00:00:00,CO,1272,21
2023-06-14 00:00:00,EC,,0
2023-06-14 00:00:00,EG,,0
2023-06-14 00:00:00,ER,,0
2023-06-14 00:00:00,FR,,0
2023-06-14 00:00:00,GA,1923,13
2023-06-14 00:00:00,GT,,0
2023-06-14 00:00:00,IQ,,0
2023-06-14 00:00:00,LH,,0
2023-06-14 00:00:00,MX,921,7
2023-06-14 00:00:00,PE,,0
2023-06-14 00:00:00,SG,,0
2023-06-14 00:00:00,TD,623,4
2023-06-14 00:00:00,TN,,0
2023-06-14 00:00:00,TR,127,3
2023-06-14 00:00:00,TT,30,1
2023-06-14 00:00:00,UKS,1,1
2023-06-14 00:00:00,UKW,,0
2023-06-14 00:00:00,US,,0
2023-06-14 00:00:00,VE,,0
2023-06-14 00:00:00,VN,,0
2023-06-14 00:00:00,WE,,0
2023-06-15 00:00:00,,,0
2023-06-15 00:00:00,"",,0
2023-06-15 00:00:00,AU,,0
2023-06-15 00:00:00,BN,,0
2023-06-15 00:00:00,BR,1811,8
2023-06-15 00:00:00,BS,,0
2023-06-15 00:00:00,BZ,,0
2023-06-15 00:00:00,CCS,,0
2023-06-15 00:00:00,CD,1401,18
2023-06-15 00:00:00,CG,3225,22
2023-06-15 00:00:00,CM,857,12
2023-06-15 00:00:00,CO,1201,19
2023-06-15 00:00:00,EC,,0
2023-06-15 00:00:00,EG,,0
2023-06-15 00:00:00,ER,,0
2023-06-15 00:00:00,FR,,0
2023-06-15 00:00:00,GA,3308,14
2023-06-15 00:00:00,GT,,0
2023-06-15 00:00:00,IQ,,0
2023-06-15 00:00:00,LH,,0
2023-06-15 00:00:00,MX,921,7
2023-06-15 00:00:00,PE,,0
2023-06-15 00:00:00,SG,,0
2023-06-15 00:00:00,TD,623,4
2023-06-15 00:00:00,TN,,0
2023-06-15 00:00:00,TR,185,3
2023-06-15 00:00:00,TT,30,1
2023-06-15 00:00:00,UKS,1,2
2023-06-15 00:00:00,UKW,,0
2023-06-15 00:00:00,US,,0
2023-06-15 00:00:00,VE,,0
2023-06-15 00:00:00,VN,,0
2023-06-15 00:00:00,WE,,0
2023-06-16 00:00:00,,,0
2023-06-16 00:00:00,"",,0
2023-06-16 00:00:00,AU,,0
2023-06-16 00:00:00,BN,,0
2023-06-16 00:00:00,BR,1811,8
2023-06-16 00:00:00,BS,,0
2023-06-16 00:00:00,BZ,,0
2023-06-16 00:00:00,CCS,,0
2023-06-16 00:00:00,CD,1275,19
2023-06-16 00:00:00,CG,3225,22
2023-06-16 00:00:00,CM,826,12
2023-06-16 00:00:00,CO,1114,19
2023-06-16 00:00:00,EC,,0
2023-06-16 00:00:00,EG,,0
2023-06-16 00:00:00,ER,,0
2023-06-16 00:00:00,FR,,0
2023-06-16 00:00:00,GA,2986,15
2023-06-16 00:00:00,GT,,0
2023-06-16 00:00:00,IQ,,0
2023-06-16 00:00:00,LH,,0
2023-06-16 00:00:00,MX,921,7
2023-06-16 00:00:00,PE,,0
2023-06-16 00:00:00,SG,,0
2023-06-16 00:00:00,TD,623,4
2023-06-16 00:00:00,TN,,0
2023-06-16 00:00:00,TR,176,3
2023-06-16 00:00:00,TT,30,1
2023-06-16 00:00:00,UKS,1,1
2023-06-16 00:00:00,UKW,57,1
2023-06-16 00:00:00,US,,0
2023-06-16 00:00:00,VE,,0
2023-06-16 00:00:00,VN,,0
2023-06-16 00:00:00,WE,,0
2023-06-17 00:00:00,,,0
2023-06-17 00:00:00,"",,0
2023-06-17 00:00:00,AU,,0
2023-06-17 00:00:00,BN,,0
2023-06-17 00:00:00,BR,1811,8
2023-06-17 00:00:00,BS,,0
2023-06-17 00:00:00,BZ,,0
2023-06-17 00:00:00,CCS,,0
2023-06-17 00:00:00,CD,1324,19
2023-06-17 00:00:00,CG,3225,22
2023-06-17 00:00:00,CM,826,12
2023-06-17 00:00:00,CO,1114,19
2023-06-17 00:00:00,EC,,0
2023-06-17 00:00:00,EG,,0
2023-06-17 00:00:00,ER,,0
2023-06-17 00:00:00,FR,,0
2023-06-17 00:00:00,GA,3006,16
2023-06-17 00:00:00,GT,,0
2023-06-17 00:00:00,IQ,,0
2023-06-17 00:00:00,LH,,0
2023-06-17 00:00:00,MX,921,7
2023-06-17 00:00:00,PE,,0
2023-06-17 00:00:00,SG,,0
2023-06-17 00:00:00,TD,623,4
2023-06-17 00:00:00,TN,340,1
2023-06-17 00:00:00,TR,176,3
2023-06-17 00:00:00,TT,30,1
2023-06-17 00:00:00,UKS,1,1
2023-06-17 00:00:00,UKW,,0
2023-06-17 00:00:00,US,,0
2023-06-17 00:00:00,VE,,0
2023-06-17 00:00:00,VN,,0
2023-06-17 00:00:00,WE,,0
2023-06-18 00:00:00,,,0
2023-06-18 00:00:00,"",,0
2023-06-18 00:00:00,AU,,0
2023-06-18 00:00:00,BN,,0
2023-06-18 00:00:00,BR,1811,8
2023-06-18 00:00:00,BS,,0
2023-06-18 00:00:00,BZ,,0
2023-06-18 00:00:00,CCS,,0
2023-06-18 00:00:00,CD,1364,17
2023-06-18 00:00:00,CG,3225,22
2023-06-18 00:00:00,CM,786,12
2023-06-18 00:00:00,CO,1101,18
2023-06-18 00:00:00,EC,,0
2023-06-18 00:00:00,EG,,0
2023-06-18 00:00:00,ER,,0
2023-06-18 00:00:00,FR,,0
2023-06-18 00:00:00,GA,3034,17
2023-06-18 00:00:00,GT,,0
2023-06-18 00:00:00,IQ,,0
2023-06-18 00:00:00,LH,,0
2023-06-18 00:00:00,MX,921,7
2023-06-18 00:00:00,PE,,0
2023-06-18 00:00:00,SG,,0
2023-06-18 00:00:00,TD,623,4
2023-06-18 00:00:00,TN,340,1
2023-06-18 00:00:00,TR,16,2
2023-06-18 00:00:00,TT,30,1
2023-06-18 00:00:00,UKS,1,2
2023-06-18 00:00:00,UKW,,0
2023-06-18 00:00:00,US,,0
2023-06-18 00:00:00,VE,,0
2023-06-18 00:00:00,VN,,0
2023-06-18 00:00:00,WE,,0
2023-06-19 00:00:00,,,0
2023-06-19 00:00:00,"",,0
2023-06-19 00:00:00,AU,,0
2023-06-19 00:00:00,BN,,0
2023-06-19 00:00:00,BR,1811,8
2023-06-19 00:00:00,BS,,0
2023-06-19 00:00:00,BZ,,0
2023-06-19 00:00:00,CCS,,0
2023-06-19 00:00:00,CD,1494,19
2023-06-19 00:00:00,CG,3200,21
2023-06-19 00:00:00,CM,786,12
2023-06-19 00:00:00,CO,1240,18
2023-06-19 00:00:00,EC,,0
2023-06-19 00:00:00,EG,,0
2023-06-19 00:00:00,ER,,0
2023-06-19 00:00:00,FR,,0
2023-06-19 00:00:00,GA,3034,16
2023-06-19 00:00:00,GT,,0
2023-06-19 00:00:00,IQ,,0
2023-06-19 00:00:00,LH,,0
2023-06-19 00:00:00,MX,921,7
2023-06-19 00:00:00,PE,,0
2023-06-19 00:00:00,SG,,0
2023-06-19 00:00:00,TD,623,4
2023-06-19 00:00:00,TN,340,1
2023-06-19 00:00:00,TR,12,2
2023-06-19 00:00:00,TT,30,1
2023-06-19 00:00:00,UKS,1,1
2023-06-19 00:00:00,UKW,,0
2023-06-19 00:00:00,US,,0
2023-06-19 00:00:00,VE,,0
2023-06-19 00:00:00,VN,,0
2023-06-19 00:00:00,WE,,0
2023-06-20 00:00:00,,,0
2023-06-20 00:00:00,"",,0
2023-06-20 00:00:00,AU,,0
2023-06-20 00:00:00,BN,,0
2023-06-20 00:00:00,BR,1729,7
2023-06-20 00:00:00,BS,,0
2023-06-20 00:00:00,BZ,,0
2023-06-20 00:00:00,CCS,,0
2023-06-20 00:00:00,CD,1610,18
2023-06-20 00:00:00,CG,2607,20
2023-06-20 00:00:00,CM,937,12
2023-06-20 00:00:00,CO,1455,17
2023-06-20 00:00:00,EC,,0
2023-06-20 00:00:00,EG,,0
2023-06-20 00:00:00,ER,,0
2023-06-20 00:00:00,FR,,0
2023-06-20 00:00:00,GA,2949,13
2023-06-20 00:00:00,GT,,0
2023-06-20 00:00:00,IQ,,0
2023-06-20 00:00:00,LH,,0
2023-06-20 00:00:00,MX,776,6
2023-06-20 00:00:00,PE,,0
2023-06-20 00:00:00,SG,,0
2023-06-20 00:00:00,TD,623,4
2023-06-20 00:00:00,TN,340,1
2023-06-20 00:00:00,TR,35,2
2023-06-20 00:00:00,TT,30,1
2023-06-20 00:00:00,UKS,1,1
2023-06-20 00:00:00,UKW,,0
2023-06-20 00:00:00,US,,0
2023-06-20 00:00:00,VE,,0
2023-06-20 00:00:00,VN,,0
2023-06-20 00:00:00,WE,,0
2023-06-21 00:00:00,,,0
2023-06-21 00:00:00,"",,0
2023-06-21 00:00:00,AU,,0
2023-06-21 00:00:00,BN,,0
2023-06-21 00:00:00,BR,1434,7
2023-06-21 00:00:00,BS,,0
2023-06-21 00:00:00,BZ,,0
2023-06-21 00:00:00,CCS,,0
2023-06-21 00:00:00,CD,1256,16
2023-06-21 00:00:00,CG,2275,20
2023-06-21 00:00:00,CM,786,12
2023-06-21 00:00:00,CO,1081,17
2023-06-21 00:00:00,EC,,0
2023-06-21 00:00:00,EG,,0
2023-06-21 00:00:00,ER,,0
2023-06-21 00:00:00,FR,,0
2023-06-21 00:00:00,GA,3572,13
2023-06-21 00:00:00,GT,,0
2023-06-21 00:00:00,IQ,,0
2023-06-21 00:00:00,LH,,0
2023-06-21 00:00:00,MX,342,5
2023-06-21 00:00:00,PE,,0
2023-06-21 00:00:00,SG,,0
2023-06-21 00:00:00,TD,623,4
2023-06-21 00:00:00,TN,340,1
2023-06-21 00:00:00,TR,51,3
2023-06-21 00:00:00,TT,30,1
2023-06-21 00:00:00,UKS,1,2
2023-06-21 00:00:00,UKW,,0
2023-06-21 00:00:00,US,,0
2023-06-21 00:00:00,VE,,0
2023-06-21 00:00:00,VN,,0
2023-06-21 00:00:00,WE,,0
2023-06-22 00:00:00,,,0
2023-06-22 00:00:00,"",,0
2023-06-22 00:00:00,AU,,0
2023-06-22 00:00:00,BN,,0
2023-06-22 00:00:00,BR,1434,7
2023-06-22 00:00:00,BS,,0
2023-06-22 00:00:00,BZ,,0
2023-06-22 00:00:00,CCS,,0
2023-06-22 00:00:00,CD,1366,17
2023-06-22 00:00:00,CG,2275,20
2023-06-22 00:00:00,CM,392,11
2023-06-22 00:00:00,CO,1081,17
2023-06-22 00:00:00,EC,,0
2023-06-22 00:00:00,EG,,0
2023-06-22 00:00:00,ER,,0
2023-06-22 00:00:00,FR,,0
2023-06-22 00:00:00,GA,3752,15
2023-06-22 00:00:00,GT,,0
2023-06-22 00:00:00,IQ,,0
2023-06-22 00:00:00,LH,,0
2023-06-22 00:00:00,MX,327,5
2023-06-22 00:00:00,PE,,0
2023-06-22 00:00:00,SG,,0
2023-06-22 00:00:00,TD,623,4
2023-06-22 00:00:00,TN,340,1
2023-06-22 00:00:00,TR,54,2
2023-06-22 00:00:00,TT,30,1
2023-06-22 00:00:00,UKS,1,1
2023-06-22 00:00:00,UKW,,0
2023-06-22 00:00:00,US,,0
2023-06-22 00:00:00,VE,,0
2023-06-22 00:00:00,VN,,0
2023-06-22 00:00:00,WE,,0
2023-06-23 00:00:00,,,0
2023-06-23 00:00:00,"",,0
2023-06-23 00:00:00,AU,,0
2023-06-23 00:00:00,BN,,0
2023-06-23 00:00:00,BR,1434,7
2023-06-23 00:00:00,BS,,0
2023-06-23 00:00:00,BZ,,0
2023-06-23 00:00:00,CCS,,0
2023-06-23 00:00:00,CD,1240,14
2023-06-23 00:00:00,CG,2220,19
2023-06-23 00:00:00,CM,392,11
2023-06-23 00:00:00,CO,1118,17
2023-06-23 00:00:00,EC,,0
2023-06-23 00:00:00,EG,,0
2023-06-23 00:00:00,ER,,0
2023-06-23 00:00:00,FR,,0
2023-06-23 00:00:00,GA,2842,15
2023-06-23 00:00:00,GT,,0
2023-06-23 00:00:00,IQ,,0
2023-06-23 00:00:00,LH,,0
2023-06-23 00:00:00,MX,327,5
2023-06-23 00:00:00,PE,,0
2023-06-23 00:00:00,SG,,0
2023-06-23 00:00:00,TD,623,4
2023-06-23 00:00:00,TN,340,1
2023-06-23 00:00:00,TR,51,2
2023-06-23 00:00:00,TT,30,1
2023-06-23 00:00:00,UKS,1,1
2023-06-23 00:00:00,UKW,,0
2023-06-23 00:00:00,US,,0
2023-06-23 00:00:00,VE,,0
2023-06-23 00:00:00,VN,,0
2023-06-23 00:00:00,WE,,0
2023-06-24 00:00:00,,,0
2023-06-24 00:00:00,"",,0
2023-06-24 00:00:00,AU,,0
2023-06-24 00:00:00,BN,,0
2023-06-24 00:00:00,BR,1434,7
2023-06-24 00:00:00,BS,,0
2023-06-24 00:00:00,BZ,,0
2023-06-24 00:00:00,CCS,,0
2023-06-24 00:00:00,CD,1442,17
2023-06-24 00:00:00,CG,2192,19
2023-06-24 00:00:00,CM,392,11
2023-06-24 00:00:00,CO,1098,18
2023-06-24 00:00:00,EC,,0
2023-06-24 00:00:00,EG,,0
2023-06-24 00:00:00,ER,,0
2023-06-24 00:00:00,FR,,0
2023-06-24 00:00:00,GA,2842,15
2023-06-24 00:00:00,GT,103,1
2023-06-24 00:00:00,IQ,,0
2023-06-24 00:00:00,LH,,0
2023-06-24 00:00:00,MX,327,5
2023-06-24 00:00:00,PE,,0
2023-06-24 00:00:00,SG,,0
2023-06-24 00:00:00,TD,623,4
2023-06-24 00:00:00,TN,340,1
2023-06-24 00:00:00,TR,51,2
2023-06-24 00:00:00,TT,30,1
2023-06-24 00:00:00,UKS,1,2
2023-06-24 00:00:00,UKW,,0
2023-06-24 00:00:00,US,,0
2023-06-24 00:00:00,VE,,0
2023-06-24 00:00:00,VN,,0
2023-06-24 00:00:00,WE,,0
2023-06-25 00:00:00,,,0
2023-06-25 00:00:00,"",,0
2023-06-25 00:00:00,AU,,0
2023-06-25 00:00:00,BN,,0
2023-06-25 00:00:00,BR,1434,7
2023-06-25 00:00:00,BS,,0
2023-06-25 00:00:00,BZ,,0
2023-06-25 00:00:00,CCS,,0
2023-06-25 00:00:00,CD,1513,18
2023-06-25 00:00:00,CG,2145,18
2023-06-25 00:00:00,CM,392,11
2023-06-25 00:00:00,CO,1102,19
2023-06-25 00:00:00,EC,,0
2023-06-25 00:00:00,EG,,0
2023-06-25 00:00:00,ER,,0
2023-06-25 00:00:00,FR,,0
2023-06-25 00:00:00,GA,2331,15
2023-06-25 00:00:00,GT,103,1
2023-06-25 00:00:00,IQ,,0
2023-06-25 00:00:00,LH,,0
2023-06-25 00:00:00,MX,327,5
2023-06-25 00:00:00,PE,,0
2023-06-25 00:00:00,SG,,0
2023-06-25 00:00:00,TD,623,4
2023-06-25 00:00:00,TN,340,1
2023-06-25 00:00:00,TR,51,2
2023-06-25 00:00:00,TT,30,1
2023-06-25 00:00:00,UKS,1,1
2023-06-25 00:00:00,UKW,,0
2023-06-25 00:00:00,US,,0
2023-06-25 00:00:00,VE,,0
2023-06-25 00:00:00,VN,,0
2023-06-25 00:00:00,WE,,0
2023-06-26 00:00:00,,,0
2023-06-26 00:00:00,"",,0
2023-06-26 00:00:00,AU,,0
2023-06-26 00:00:00,BN,,0
2023-06-26 00:00:00,BR,1482,7
2023-06-26 00:00:00,BS,,0
2023-06-26 00:00:00,BZ,,0
2023-06-26 00:00:00,CCS,,0
2023-06-26 00:00:00,CD,1429,21
2023-06-26 00:00:00,CG,2637,20
2023-06-26 00:00:00,CM,392,11
2023-06-26 00:00:00,CO,1081,20
2023-06-26 00:00:00,EC,,0
2023-06-26 00:00:00,EG,,0
2023-06-26 00:00:00,ER,,0
2023-06-26 00:00:00,FR,,0
2023-06-26 00:00:00,GA,2361,15
2023-06-26 00:00:00,GT,,0
2023-06-26 00:00:00,IQ,,0
2023-06-26 00:00:00,LH,,0
2023-06-26 00:00:00,MX,327,5
2023-06-26 00:00:00,PE,,0
2023-06-26 00:00:00,SG,,0
2023-06-26 00:00:00,TD,623,4
2023-06-26 00:00:00,TN,340,1
2023-06-26 00:00:00,TR,51,2
2023-06-26 00:00:00,TT,30,1
2023-06-26 00:00:00,UKS,1,1
2023-06-26 00:00:00,UKW,,0
2023-06-26 00:00:00,US,,0
2023-06-26 00:00:00,VE,,0
2023-06-26 00:00:00,VN,,0
2023-06-26 00:00:00,WE,,0
2023-06-27 00:00:00,,,0
2023-06-27 00:00:00,"",,0
2023-06-27 00:00:00,AU,,0
2023-06-27 00:00:00,BN,,0
2023-06-27 00:00:00,BR,1434,7
2023-06-27 00:00:00,BS,,0
2023-06-27 00:00:00,BZ,,0
2023-06-27 00:00:00,CCS,,0
2023-06-27 00:00:00,CD,1471,22
2023-06-27 00:00:00,CG,2539,20
2023-06-27 00:00:00,CM,392,11
2023-06-27 00:00:00,CO,1086,20
2023-06-27 00:00:00,EC,,0
2023-06-27 00:00:00,EG,,0
2023-06-27 00:00:00,ER,,0
2023-06-27 00:00:00,FR,,0
2023-06-27 00:00:00,GA,1099,15
2023-06-27 00:00:00,GT,,0
2023-06-27 00:00:00,IQ,,0
2023-06-27 00:00:00,LH,,0
2023-06-27 00:00:00,MX,327,5
2023-06-27 00:00:00,PE,,0
2023-06-27 00:00:00,SG,,0
2023-06-27 00:00:00,TD,623,4
2023-06-27 00:00:00,TN,340,1
2023-06-27 00:00:00,TR,51,2
2023-06-27 00:00:00,TT,30,1
2023-06-27 00:00:00,UKS,1,1
2023-06-27 00:00:00,UKW,,0
2023-06-27 00:00:00,US,,0
2023-06-27 00:00:00,VE,,0
2023-06-27 00:00:00,VN,,0
2023-06-27 00:00:00,WE,,0
2023-06-28 00:00:00,,,0
2023-06-28 00:00:00,"",,0
2023-06-28 00:00:00,AU,,0
2023-06-28 00:00:00,BN,,0
2023-06-28 00:00:00,BR,1434,7
2023-06-28 00:00:00,BS,,0
2023-06-28 00:00:00,BZ,,0
2023-06-28 00:00:00,CCS,,0
2023-06-28 00:00:00,CD,1539,23
2023-06-28 00:00:00,CG,2145,19
2023-06-28 00:00:00,CM,392,11
2023-06-28 00:00:00,CO,1082,20
2023-06-28 00:00:00,EC,,0
2023-06-28 00:00:00,EG,,0
2023-06-28 00:00:00,ER,,0
2023-06-28 00:00:00,FR,,0
2023-06-28 00:00:00,GA,2396,15
2023-06-28 00:00:00,GT,,0
2023-06-28 00:00:00,IQ,,0
2023-06-28 00:00:00,LH,,0
2023-06-28 00:00:00,MX,327,5
2023-06-28 00:00:00,PE,,0
2023-06-28 00:00:00,SG,,0
2023-06-28 00:00:00,TD,623,4
2023-06-28 00:00:00,TN,340,1
2023-06-28 00:00:00,TR,51,2
2023-06-28 00:00:00,TT,30,1
2023-06-28 00:00:00,UKS,1,1
2023-06-28 00:00:00,UKW,,0
2023-06-28 00:00:00,US,,0
2023-06-28 00:00:00,VE,,0
2023-06-28 00:00:00,VN,,0
2023-06-28 00:00:00,WE,,0
2023-06-29 00:00:00,,,0
2023-06-29 00:00:00,"",,0
2023-06-29 00:00:00,AU,,0
2023-06-29 00:00:00,BN,,0
2023-06-29 00:00:00,BR,1434,7
2023-06-29 00:00:00,BS,,0
2023-06-29 00:00:00,BZ,,0
2023-06-29 00:00:00,CCS,,0
2023-06-29 00:00:00,CD,1090,23
2023-06-29 00:00:00,CG,2145,19
2023-06-29 00:00:00,CM,392,11
2023-06-29 00:00:00,CO,1082,20
2023-06-29 00:00:00,EC,,0
2023-06-29 00:00:00,EG,,0
2023-06-29 00:00:00,ER,,0
2023-06-29 00:00:00,FR,,0
2023-06-29 00:00:00,GA,2997,15
2023-06-29 00:00:00,GT,,0
2023-06-29 00:00:00,IQ,,0
2023-06-29 00:00:00,LH,,0
2023-06-29 00:00:00,MX,327,5
2023-06-29 00:00:00,PE,,0
2023-06-29 00:00:00,SG,,0
2023-06-29 00:00:00,TD,623,4
2023-06-29 00:00:00,TN,340,1
2023-06-29 00:00:00,TR,51,2
2023-06-29 00:00:00,TT,30,1
2023-06-29 00:00:00,UKS,1,1
2023-06-29 00:00:00,UKW,,0
2023-06-29 00:00:00,US,,0
2023-06-29 00:00:00,VE,,0
2023-06-29 00:00:00,VN,,0
2023-06-29 00:00:00,WE,,0
2023-06-30 00:00:00,,,0
2023-06-30 00:00:00,"",,0
2023-06-30 00:00:00,AU,,0
2023-06-30 00:00:00,BN,,0
2023-06-30 00:00:00,BR,1434,7
2023-06-30 00:00:00,BS,,0
2023-06-30 00:00:00,BZ,,0
2023-06-30 00:00:00,CCS,,0
2023-06-30 00:00:00,CD,845,24
2023-06-30 00:00:00,CG,2145,19
2023-06-30 00:00:00,CM,392,11
2023-06-30 00:00:00,CO,1082,20
2023-06-30 00:00:00,EC,,0
2023-06-30 00:00:00,EG,,0
2023-06-30 00:00:00,ER,,0
2023-06-30 00:00:00,FR,,0
2023-06-30 00:00:00,GA,1678,17
2023-06-30 00:00:00,GT,,0
2023-06-30 00:00:00,IQ,,0
2023-06-30 00:00:00,LH,,0
2023-06-30 00:00:00,MX,327,5
2023-06-30 00:00:00,PE,,0
2023-06-30 00:00:00,SG,,0
2023-06-30 00:00:00,TD,623,4
2023-06-30 00:00:00,TN,340,1
2023-06-30 00:00:00,TR,51,2
2023-06-30 00:00:00,TT,30,1
2023-06-30 00:00:00,UKS,1,1
2023-06-30 00:00:00,UKW,,0
2023-06-30 00:00:00,US,,0
2023-06-30 00:00:00,VE,,0
2023-06-30 00:00:00,VN,,0
2023-06-30 00:00:00,WE,,0
2023-07-01 00:00:00,,,0
2023-07-01 00:00:00,"",,0
2023-07-01 00:00:00,AU,,0
2023-07-01 00:00:00,BN,,0
2023-07-01 00:00:00,BR,1434,7
2023-07-01 00:00:00,BS,,0
2023-07-01 00:00:00,BZ,,0
2023-07-01 00:00:00,CCS,,0
2023-07-01 00:00:00,CD,886,25
2023-07-01 00:00:00,CG,2257,19
2023-07-01 00:00:00,CM,392,11
2023-07-01 00:00:00,CO,1071,19
2023-07-01 00:00:00,EC,,0
2023-07-01 00:00:00,EG,,0
2023-07-01 00:00:00,ER,,0
2023-07-01 00:00:00,FR,,0
2023-07-01 00:00:00,GA,2867,18
2023-07-01 00:00:00,GT,,0
2023-07-01 00:00:00,IQ,,0
2023-07-01 00:00:00,LH,,0
2023-07-01 00:00:00,MX,327,5
2023-07-01 00:00:00,PE,,0
2023-07-01 00:00:00,SG,,0
2023-07-01 00:00:00,TD,735,5
2023-07-01 00:00:00,TN,340,1
2023-07-01 00:00:00,TR,54,2
2023-07-01 00:00:00,TT,30,1
2023-07-01 00:00:00,UKS,1,2
2023-07-01 00:00:00,UKW,,0
2023-07-01 00:00:00,US,,0
2023-07-01 00:00:00,VE,,0
2023-07-01 00:00:00,VN,,0
2023-07-01 00:00:00,WE,,0
2023-07-02 00:00:00,,,0
2023-07-02 00:00:00,"",,0
2023-07-02 00:00:00,AU,,0
2023-07-02 00:00:00,BN,,0
2023-07-02 00:00:00,BR,1434,7
2023-07-02 00:00:00,BS,,0
2023-07-02 00:00:00,BZ,,0
2023-07-02 00:00:00,CCS,,0
2023-07-02 00:00:00,CD,996,26
2023-07-02 00:00:00,CG,2150,19
2023-07-02 00:00:00,CM,787,11
2023-07-02 00:00:00,CO,1046,19
2023-07-02 00:00:00,EC,,0
2023-07-02 00:00:00,EG,,0
2023-07-02 00:00:00,ER,,0
2023-07-02 00:00:00,FR,,0
2023-07-02 00:00:00,GA,3250,20
2023-07-02 00:00:00,GT,,0
2023-07-02 00:00:00,IQ,,0
2023-07-02 00:00:00,LH,,0
2023-07-02 00:00:00,MX,327,5
2023-07-02 00:00:00,PE,,0
2023-07-02 00:00:00,SG,,0
2023-07-02 00:00:00,TD,763,5
2023-07-02 00:00:00,TN,340,1
2023-07-02 00:00:00,TR,59,4
2023-07-02 00:00:00,TT,30,1
2023-07-02 00:00:00,UKS,1,2
2023-07-02 00:00:00,UKW,,0
2023-07-02 00:00:00,US,,0
2023-07-02 00:00:00,VE,,0
2023-07-02 00:00:00,VN,,0
2023-07-02 00:00:00,WE,,0
2023-07-03 00:00:00,,,0
2023-07-03 00:00:00,"",,0
2023-07-03 00:00:00,AU,,0
2023-07-03 00:00:00,BN,,0
2023-07-03 00:00:00,BR,1434,7
2023-07-03 00:00:00,BS,,0
2023-07-03 00:00:00,BZ,,0
2023-07-03 00:00:00,CCS,,0
2023-07-03 00:00:00,CD,1259,28
2023-07-03 00:00:00,CG,2140,19
2023-07-03 00:00:00,CM,1155,13
2023-07-03 00:00:00,CO,1076,17
2023-07-03 00:00:00,EC,,0
2023-07-03 00:00:00,EG,,0
2023-07-03 00:00:00,ER,,0
2023-07-03 00:00:00,FR,,0
2023-07-03 00:00:00,GA,3336,21
2023-07-03 00:00:00,GT,,0
2023-07-03 00:00:00,IQ,,0
2023-07-03 00:00:00,LH,,0
2023-07-03 00:00:00,MX,327,5
2023-07-03 00:00:00,PE,,0
2023-07-03 00:00:00,SG,,0
2023-07-03 00:00:00,TD,735,5
2023-07-03 00:00:00,TN,340,1
2023-07-03 00:00:00,TR,17,1
2023-07-03 00:00:00,TT,30,1
2023-07-03 00:00:00,UKS,1,2
2023-07-03 00:00:00,UKW,,0
2023-07-03 00:00:00,US,,0
2023-07-03 00:00:00,VE,,0
2023-07-03 00:00:00,VN,,0
2023-07-03 00:00:00,WE,,0
2023-07-04 00:00:00,,,0
2023-07-04 00:00:00,"",,0
2023-07-04 00:00:00,AU,,0
2023-07-04 00:00:00,BN,,0
2023-07-04 00:00:00,BR,1434,7
2023-07-04 00:00:00,BS,,0
2023-07-04 00:00:00,BZ,,0
2023-07-04 00:00:00,CCS,,0
2023-07-04 00:00:00,CD,1228,27
2023-07-04 00:00:00,CG,2233,20
2023-07-04 00:00:00,CM,1155,13
2023-07-04 00:00:00,CO,1096,18
2023-07-04 00:00:00,EC,,0
2023-07-04 00:00:00,EG,,0
2023-07-04 00:00:00,ER,,0
2023-07-04 00:00:00,FR,,0
2023-07-04 00:00:00,GA,3336,21
2023-07-04 00:00:00,GT,,0
2023-07-04 00:00:00,IQ,,0
2023-07-04 00:00:00,LH,,0
2023-07-04 00:00:00,MX,327,5
2023-07-04 00:00:00,PE,,0
2023-07-04 00:00:00,SG,,0
2023-07-04 00:00:00,TD,735,5
2023-07-04 00:00:00,TN,340,1
2023-07-04 00:00:00,TR,12,1
2023-07-04 00:00:00,TT,30,1
2023-07-04 00:00:00,UKS,1,2
2023-07-04 00:00:00,UKW,,0
2023-07-04 00:00:00,US,,0
2023-07-04 00:00:00,VE,,0
2023-07-04 00:00:00,VN,,0
2023-07-04 00:00:00,WE,,0
2023-07-05 00:00:00,,,0
2023-07-05 00:00:00,"",,0
2023-07-05 00:00:00,AU,,0
2023-07-05 00:00:00,BN,,0
2023-07-05 00:00:00,BR,1434,7
2023-07-05 00:00:00,BS,,0
2023-07-05 00:00:00,BZ,,0
2023-07-05 00:00:00,CCS,,0
2023-07-05 00:00:00,CD,1040,26
2023-07-05 00:00:00,CG,2463,20
2023-07-05 00:00:00,CM,1155,13
2023-07-05 00:00:00,CO,1096,19
2023-07-05 00:00:00,EC,,0
2023-07-05 00:00:00,EG,,0
2023-07-05 00:00:00,ER,,0
2023-07-05 00:00:00,FR,,0
2023-07-05 00:00:00,GA,3293,20
2023-07-05 00:00:00,GT,,0
2023-07-05 00:00:00,IQ,,0
2023-07-05 00:00:00,LH,,0
2023-07-05 00:00:00,MX,327,5
2023-07-05 00:00:00,PE,,0
2023-07-05 00:00:00,SG,,0
2023-07-05 00:00:00,TD,735,5
2023-07-05 00:00:00,TN,340,1
2023-07-05 00:00:00,TR,12,1
2023-07-05 00:00:00,TT,30,1
2023-07-05 00:00:00,UKS,1,2
2023-07-05 00:00:00,UKW,,0
2023-07-05 00:00:00,US,,0
2023-07-05 00:00:00,VE,,0
2023-07-05 00:00:00,VN,,0
2023-07-05 00:00:00,WE,,0
2023-07-06 00:00:00,,,0
2023-07-06 00:00:00,"",,0
2023-07-06 00:00:00,AU,,0
2023-07-06 00:00:00,BN,,0
2023-07-06 00:00:00,BR,1434,7
2023-07-06 00:00:00,BS,,0
2023-07-06 00:00:00,BZ,,0
2023-07-06 00:00:00,CCS,,0
2023-07-06 00:00:00,CD,1075,26
2023-07-06 00:00:00,CG,2557,21
2023-07-06 00:00:00,CM,1155,13
2023-07-06 00:00:00,CO,1096,19
2023-07-06 00:00:00,EC,,0
2023-07-06 00:00:00,EG,,0
2023-07-06 00:00:00,ER,,0
2023-07-06 00:00:00,FR,,0
2023-07-06 00:00:00,GA,3251,20
2023-07-06 00:00:00,GT,255,1
2023-07-06 00:00:00,IQ,,0
2023-07-06 00:00:00,LH,,0
2023-07-06 00:00:00,MX,327,5
2023-07-06 00:00:00,PE,,0
2023-07-06 00:00:00,SG,,0
2023-07-06 00:00:00,TD,735,5
2023-07-06 00:00:00,TN,340,1
2023-07-06 00:00:00,TR,36,1
2023-07-06 00:00:00,TT,98,1
2023-07-06 00:00:00,UKS,1,3
2023-07-06 00:00:00,UKW,,0
2023-07-06 00:00:00,US,,0
2023-07-06 00:00:00,VE,,0
2023-07-06 00:00:00,VN,,0
2023-07-06 00:00:00,WE,,0
2023-07-07 00:00:00,,,0
2023-07-07 00:00:00,"",,0
2023-07-07 00:00:00,AU,,0
2023-07-07 00:00:00,BN,,0
2023-07-07 00:00:00,BR,1434,7
2023-07-07 00:00:00,BS,,0
2023-07-07 00:00:00,BZ,,0
2023-07-07 00:00:00,CCS,,0
2023-07-07 00:00:00,CD,1029,27
2023-07-07 00:00:00,CG,2549,20
2023-07-07 00:00:00,CM,1155,13
2023-07-07 00:00:00,CO,1096,19
2023-07-07 00:00:00,EC,,0
2023-07-07 00:00:00,EG,,0
2023-07-07 00:00:00,ER,,0
2023-07-07 00:00:00,FR,,0
2023-07-07 00:00:00,GA,3542,20
2023-07-07 00:00:00,GT,255,1
2023-07-07 00:00:00,IQ,,0
2023-07-07 00:00:00,LH,,0
2023-07-07 00:00:00,MX,63,3
2023-07-07 00:00:00,PE,,0
2023-07-07 00:00:00,SG,,0
2023-07-07 00:00:00,TD,623,4
2023-07-07 00:00:00,TN,340,1
2023-07-07 00:00:00,TR,49,2
2023-07-07 00:00:00,TT,120,2
2023-07-07 00:00:00,UKS,1,2
2023-07-07 00:00:00,UKW,,0
2023-07-07 00:00:00,US,,0
2023-07-07 00:00:00,VE,,0
2023-07-07 00:00:00,VN,,0
2023-07-07 00:00:00,WE,,0
2023-07-08 00:00:00,,,0
2023-07-08 00:00:00,"",,0
2023-07-08 00:00:00,AU,,0
2023-07-08 00:00:00,BN,,0
2023-07-08 00:00:00,BR,1996,8
2023-07-08 00:00:00,BS,,0
2023-07-08 00:00:00,BZ,,0
2023-07-08 00:00:00,CCS,,0
2023-07-08 00:00:00,CD,1004,27
2023-07-08 00:00:00,CG,2246,19
2023-07-08 00:00:00,CM,1109,12
2023-07-08 00:00:00,CO,896,18
2023-07-08 00:00:00,EC,,0
2023-07-08 00:00:00,EG,,0
2023-07-08 00:00:00,ER,,0
2023-07-08 00:00:00,FR,,0
2023-07-08 00:00:00,GA,3464,19
2023-07-08 00:00:00,GT,255,1
2023-07-08 00:00:00,IQ,,0
2023-07-08 00:00:00,LH,,0
2023-07-08 00:00:00,MX,55,3
2023-07-08 00:00:00,PE,,0
2023-07-08 00:00:00,SG,,0
2023-07-08 00:00:00,TD,623,4
2023-07-08 00:00:00,TN,340,1
2023-07-08 00:00:00,TR,49,2
2023-07-08 00:00:00,TT,120,2
2023-07-08 00:00:00,UKS,1,2
2023-07-08 00:00:00,UKW,,0
2023-07-08 00:00:00,US,,0
2023-07-08 00:00:00,VE,,0
2023-07-08 00:00:00,VN,,0
2023-07-08 00:00:00,WE,,0
2023-07-09 00:00:00,,,0
2023-07-09 00:00:00,"",,0
2023-07-09 00:00:00,AU,,0
2023-07-09 00:00:00,BN,,0
2023-07-09 00:00:00,BR,1914,7
2023-07-09 00:00:00,BS,,0
2023-07-09 00:00:00,BZ,,0
2023-07-09 00:00:00,CCS,,0
2023-07-09 00:00:00,CD,933,26
2023-07-09 00:00:00,CG,2013,20
2023-07-09 00:00:00,CM,1064,12
2023-07-09 00:00:00,CO,933,19
2023-07-09 00:00:00,EC,,0
2023-07-09 00:00:00,EG,,0
2023-07-09 00:00:00,ER,,0
2023-07-09 00:00:00,FR,,0
2023-07-09 00:00:00,GA,2862,16
2023-07-09 00:00:00,GT,255,1
2023-07-09 00:00:00,IQ,,0
2023-07-09 00:00:00,LH,,0
2023-07-09 00:00:00,MX,55,3
2023-07-09 00:00:00,PE,,0
2023-07-09 00:00:00,SG,,0
2023-07-09 00:00:00,TD,735,5
2023-07-09 00:00:00,TN,340,1
2023-07-09 00:00:00,TR,49,2
2023-07-09 00:00:00,TT,120,2
2023-07-09 00:00:00,UKS,1,2
2023-07-09 00:00:00,UKW,,0
2023-07-09 00:00:00,US,,0
2023-07-09 00:00:00,VE,,0
2023-07-09 00:00:00,VN,,0
2023-07-09 00:00:00,WE,,0
2023-07-10 00:00:00,,,0
2023-07-10 00:00:00,"",,0
2023-07-10 00:00:00,AU,,0
2023-07-10 00:00:00,BN,,0
2023-07-10 00:00:00,BR,1434,7
2023-07-10 00:00:00,BS,,0
2023-07-10 00:00:00,BZ,,0
2023-07-10 00:00:00,CCS,,0
2023-07-10 00:00:00,CD,821,23
2023-07-10 00:00:00,CG,1865,19
2023-07-10 00:00:00,CM,1064,12
2023-07-10 00:00:00,CO,960,20
2023-07-10 00:00:00,EC,,0
2023-07-10 00:00:00,EG,,0
2023-07-10 00:00:00,ER,,0
2023-07-10 00:00:00,FR,,0
2023-07-10 00:00:00,GA,1644,16
2023-07-10 00:00:00,GT,255,1
2023-07-10 00:00:00,IQ,,0
2023-07-10 00:00:00,LH,,0
2023-07-10 00:00:00,MX,55,3
2023-07-10 00:00:00,PE,,0
2023-07-10 00:00:00,SG,,0
2023-07-10 00:00:00,TD,,0
2023-07-10 00:00:00,TN,340,1
2023-07-10 00:00:00,TR,49,2
2023-07-10 00:00:00,TT,120,2
2023-07-10 00:00:00,UKS,1,1
2023-07-10 00:00:00,UKW,,0
2023-07-10 00:00:00,US,,0
2023-07-10 00:00:00,VE,,0
2023-07-10 00:00:00,VN,,0
2023-07-10 00:00:00,WE,,0
2023-07-11 00:00:00,,,0
2023-07-11 00:00:00,"",,0
2023-07-11 00:00:00,AU,,0
2023-07-11 00:00:00,BN,,0
2023-07-11 00:00:00,BR,1411,6
2023-07-11 00:00:00,BS,,0
2023-07-11 00:00:00,BZ,,0
2023-07-11 00:00:00,CCS,,0
2023-07-11 00:00:00,CD,912,25
2023-07-11 00:00:00,CG,1844,18
2023-07-11 00:00:00,CM,1064,12
2023-07-11 00:00:00,CO,1094,22
2023-07-11 00:00:00,EC,,0
2023-07-11 00:00:00,EG,,0
2023-07-11 00:00:00,ER,,0
2023-07-11 00:00:00,FR,,0
2023-07-11 00:00:00,GA,1644,16
2023-07-11 00:00:00,GT,255,1
2023-07-11 00:00:00,IQ,,0
2023-07-11 00:00:00,LH,,0
2023-07-11 00:00:00,MX,91,3
2023-07-11 00:00:00,PE,,0
2023-07-11 00:00:00,SG,,0
2023-07-11 00:00:00,TD,623,4
2023-07-11 00:00:00,TN,340,1
2023-07-11 00:00:00,TR,49,2
2023-07-11 00:00:00,TT,120,2
2023-07-11 00:00:00,UKS,1,1
2023-07-11 00:00:00,UKW,,0
2023-07-11 00:00:00,US,,0
2023-07-11 00:00:00,VE,,0
2023-07-11 00:00:00,VN,,0
2023-07-11 00:00:00,WE,,0
2023-07-12 00:00:00,,,0
2023-07-12 00:00:00,"",,0
2023-07-12 00:00:00,AU,,0
2023-07-12 00:00:00,BN,,0
2023-07-12 00:00:00,BR,1347,6
2023-07-12 00:00:00,BS,,0
2023-07-12 00:00:00,BZ,,0
2023-07-12 00:00:00,CCS,,0
2023-07-12 00:00:00,CD,841,25
2023-07-12 00:00:00,CG,1818,18
2023-07-12 00:00:00,CM,1064,12
2023-07-12 00:00:00,CO,1054,21
2023-07-12 00:00:00,EC,,0
2023-07-12 00:00:00,EG,,0
2023-07-12 00:00:00,ER,,0
2023-07-12 00:00:00,FR,,0
2023-07-12 00:00:00,GA,1830,16
2023-07-12 00:00:00,GT,,0
2023-07-12 00:00:00,IQ,,0
2023-07-12 00:00:00,LH,,0
2023-07-12 00:00:00,MX,102,4
2023-07-12 00:00:00,PE,,0
2023-07-12 00:00:00,SG,,0
2023-07-12 00:00:00,TD,623,4
2023-07-12 00:00:00,TN,340,1
2023-07-12 00:00:00,TR,49,2
2023-07-12 00:00:00,TT,120,2
2023-07-12 00:00:00,UKS,1,1
2023-07-12 00:00:00,UKW,,0
2023-07-12 00:00:00,US,,0
2023-07-12 00:00:00,VE,,0
2023-07-12 00:00:00,VN,,0
2023-07-12 00:00:00,WE,,0
2023-07-13 00:00:00,,,0
2023-07-13 00:00:00,"",,0
2023-07-13 00:00:00,AU,,0
2023-07-13 00:00:00,BN,,0
2023-07-13 00:00:00,BR,2249,7
2023-07-13 00:00:00,BS,,0
2023-07-13 00:00:00,BZ,,0
2023-07-13 00:00:00,CCS,,0
2023-07-13 00:00:00,CD,802,24
2023-07-13 00:00:00,CG,1879,18
2023-07-13 00:00:00,CM,1064,12
2023-07-13 00:00:00,CO,1041,21
2023-07-13 00:00:00,EC,,0
2023-07-13 00:00:00,EG,,0
2023-07-13 00:00:00,ER,,0
2023-07-13 00:00:00,FR,,0
2023-07-13 00:00:00,GA,1938,16
2023-07-13 00:00:00,GT,137,1
2023-07-13 00:00:00,IQ,,0
2023-07-13 00:00:00,LH,,0
2023-07-13 00:00:00,MX,102,4
2023-07-13 00:00:00,PE,,0
2023-07-13 00:00:00,SG,,0
2023-07-13 00:00:00,TD,623,4
2023-07-13 00:00:00,TN,340,1
2023-07-13 00:00:00,TR,20,3
2023-07-13 00:00:00,TT,120,2
2023-07-13 00:00:00,UKS,,0
2023-07-13 00:00:00,UKW,,0
2023-07-13 00:00:00,US,,0
2023-07-13 00:00:00,VE,,0
2023-07-13 00:00:00,VN,,0
2023-07-13 00:00:00,WE,,0
2023-07-14 00:00:00,,,0
2023-07-14 00:00:00,"",,0
2023-07-14 00:00:00,AU,,0
2023-07-14 00:00:00,BN,,0
2023-07-14 00:00:00,BR,2249,7
2023-07-14 00:00:00,BS,,0
2023-07-14 00:00:00,BZ,,0
2023-07-14 00:00:00,CCS,,0
2023-07-14 00:00:00,CD,757,24
2023-07-14 00:00:00,CG,2017,18
2023-07-14 00:00:00,CM,1064,12
2023-07-14 00:00:00,CO,961,19
2023-07-14 00:00:00,EC,,0
2023-07-14 00:00:00,EG,,0
2023-07-14 00:00:00,ER,,0
2023-07-14 00:00:00,FR,,0
2023-07-14 00:00:00,GA,1938,15
2023-07-14 00:00:00,GT,137,1
2023-07-14 00:00:00,IQ,,0
2023-07-14 00:00:00,LH,,0
2023-07-14 00:00:00,MX,102,4
2023-07-14 00:00:00,PE,,0
2023-07-14 00:00:00,SG,,0
2023-07-14 00:00:00,TD,623,4
2023-07-14 00:00:00,TN,340,1
2023-07-14 00:00:00,TR,20,3
2023-07-14 00:00:00,TT,245,3
2023-07-14 00:00:00,UKS,,0
2023-07-14 00:00:00,UKW,,0
2023-07-14 00:00:00,US,,0
2023-07-14 00:00:00,VE,,0
2023-07-14 00:00:00,VN,,0
2023-07-14 00:00:00,WE,,0
2023-07-15 00:00:00,,,0
2023-07-15 00:00:00,"",,0
2023-07-15 00:00:00,AU,,0
2023-07-15 00:00:00,BN,,0
2023-07-15 00:00:00,BR,2074,6
2023-07-15 00:00:00,BS,,0
2023-07-15 00:00:00,BZ,,0
2023-07-15 00:00:00,CCS,,0
2023-07-15 00:00:00,CD,724,23
2023-07-15 00:00:00,CG,2016,18
2023-07-15 00:00:00,CM,1064,12
2023-07-15 00:00:00,CO,980,22
2023-07-15 00:00:00,EC,,0
2023-07-15 00:00:00,EG,,0
2023-07-15 00:00:00,ER,,0
2023-07-15 00:00:00,FR,,0
2023-07-15 00:00:00,GA,1938,15
2023-07-15 00:00:00,GT,137,1
2023-07-15 00:00:00,IQ,,0
2023-07-15 00:00:00,LH,,0
2023-07-15 00:00:00,MX,85,3
2023-07-15 00:00:00,PE,,0
2023-07-15 00:00:00,SG,,0
2023-07-15 00:00:00,TD,623,4
2023-07-15 00:00:00,TN,340,1
2023-07-15 00:00:00,TR,20,2
2023-07-15 00:00:00,TT,245,3
2023-07-15 00:00:00,UKS,,0
2023-07-15 00:00:00,UKW,,0
2023-07-15 00:00:00,US,,0
2023-07-15 00:00:00,VE,,0
2023-07-15 00:00:00,VN,,0
2023-07-15 00:00:00,WE,,0
2023-07-16 00:00:00,,,0
2023-07-16 00:00:00,"",,0
2023-07-16 00:00:00,AU,,0
2023-07-16 00:00:00,BN,,0
2023-07-16 00:00:00,BR,1347,6
2023-07-16 00:00:00,BS,,0
2023-07-16 00:00:00,BZ,,0
2023-07-16 00:00:00,CCS,,0
2023-07-16 00:00:00,CD,805,23
2023-07-16 00:00:00,CG,2016,18
2023-07-16 00:00:00,CM,1596,12
2023-07-16 00:00:00,CO,962,22
2023-07-16 00:00:00,EC,,0
2023-07-16 00:00:00,EG,,0
2023-07-16 00:00:00,ER,,0
2023-07-16 00:00:00,FR,,0
2023-07-16 00:00:00,GA,1288,15
2023-07-16 00:00:00,GT,,0
2023-07-16 00:00:00,IQ,,0
2023-07-16 00:00:00,LH,,0
2023-07-16 00:00:00,MX,55,3
2023-07-16 00:00:00,PE,,0
2023-07-16 00:00:00,SG,,0
2023-07-16 00:00:00,TD,669,6
2023-07-16 00:00:00,TN,340,1
2023-07-16 00:00:00,TR,20,2
2023-07-16 00:00:00,TT,191,2
2023-07-16 00:00:00,UKS,,0
2023-07-16 00:00:00,UKW,,0
2023-07-16 00:00:00,US,,0
2023-07-16 00:00:00,VE,,0
2023-07-16 00:00:00,VN,,0
2023-07-16 00:00:00,WE,,0
2023-07-17 00:00:00,,,0
2023-07-17 00:00:00,"",,0
2023-07-17 00:00:00,AU,,0
2023-07-17 00:00:00,BN,,0
2023-07-17 00:00:00,BR,1347,6
2023-07-17 00:00:00,BS,,0
2023-07-17 00:00:00,BZ,,0
2023-07-17 00:00:00,CCS,,0
2023-07-17 00:00:00,CD,787,20
2023-07-17 00:00:00,CG,2016,18
2023-07-17 00:00:00,CM,1064,12
2023-07-17 00:00:00,CO,921,20
2023-07-17 00:00:00,EC,,0
2023-07-17 00:00:00,EG,,0
2023-07-17 00:00:00,ER,,0
2023-07-17 00:00:00,FR,,0
2023-07-17 00:00:00,GA,1310,16
2023-07-17 00:00:00,GT,,0
2023-07-17 00:00:00,IQ,,0
2023-07-17 00:00:00,LH,,0
2023-07-17 00:00:00,MX,94,3
2023-07-17 00:00:00,PE,,0
2023-07-17 00:00:00,SG,,0
2023-07-17 00:00:00,TD,669,6
2023-07-17 00:00:00,TN,340,1
2023-07-17 00:00:00,TR,20,2
2023-07-17 00:00:00,TT,155,2
2023-07-17 00:00:00,UKS,,0
2023-07-17 00:00:00,UKW,,0
2023-07-17 00:00:00,US,,0
2023-07-17 00:00:00,VE,,0
2023-07-17 00:00:00,VN,,0
2023-07-17 00:00:00,WE,,0
2023-07-18 00:00:00,,,0
2023-07-18 00:00:00,"",,0
2023-07-18 00:00:00,AU,,0
2023-07-18 00:00:00,BN,,0
2023-07-18 00:00:00,BR,1844,8
2023-07-18 00:00:00,BS,,0
2023-07-18 00:00:00,BZ,,0
2023-07-18 00:00:00,CCS,,0
2023-07-18 00:00:00,CD,1127,19
2023-07-18 00:00:00,CG,2019,18
2023-07-18 00:00:00,CM,1079,12
2023-07-18 00:00:00,CO,1038,22
2023-07-18 00:00:00,EC,,0
2023-07-18 00:00:00,EG,,0
2023-07-18 00:00:00,ER,,0
2023-07-18 00:00:00,FR,,0
2023-07-18 00:00:00,GA,1432,16
2023-07-18 00:00:00,GT,,0
2023-07-18 00:00:00,IQ,,0
2023-07-18 00:00:00,LH,,0
2023-07-18 00:00:00,MX,102,4
2023-07-18 00:00:00,PE,,0
2023-07-18 00:00:00,SG,,0
2023-07-18 00:00:00,TD,669,6
2023-07-18 00:00:00,TN,340,1
2023-07-18 00:00:00,TR,27,1
2023-07-18 00:00:00,TT,155,2
2023-07-18 00:00:00,UKS,1,2
2023-07-18 00:00:00,UKW,,0
2023-07-18 00:00:00,US,,0
2023-07-18 00:00:00,VE,,0
2023-07-18 00:00:00,VN,,0
2023-07-18 00:00:00,WE,,0
2023-07-19 00:00:00,,,0
2023-07-19 00:00:00,"",,0
2023-07-19 00:00:00,AU,,0
2023-07-19 00:00:00,BN,,0
2023-07-19 00:00:00,BR,1734,7
2023-07-19 00:00:00,BS,,0
2023-07-19 00:00:00,BZ,,0
2023-07-19 00:00:00,CCS,,0
2023-07-19 00:00:00,CD,1185,19
2023-07-19 00:00:00,CG,2016,18
2023-07-19 00:00:00,CM,1079,12
2023-07-19 00:00:00,CO,1038,21
2023-07-19 00:00:00,EC,,0
2023-07-19 00:00:00,EG,,0
2023-07-19 00:00:00,ER,,0
2023-07-19 00:00:00,FR,,0
2023-07-19 00:00:00,GA,1411,16
2023-07-19 00:00:00,GT,,0
2023-07-19 00:00:00,IQ,,0
2023-07-19 00:00:00,LH,,0
2023-07-19 00:00:00,MX,55,3
2023-07-19 00:00:00,PE,,0
2023-07-19 00:00:00,SG,,0
2023-07-19 00:00:00,TD,669,6
2023-07-19 00:00:00,TN,340,1
2023-07-19 00:00:00,TR,42,2
2023-07-19 00:00:00,TT,155,2
2023-07-19 00:00:00,UKS,1,1
2023-07-19 00:00:00,UKW,275,2
2023-07-19 00:00:00,US,,0
2023-07-19 00:00:00,VE,,0
2023-07-19 00:00:00,VN,,0
2023-07-19 00:00:00,WE,,0
2023-07-20 00:00:00,,,0
2023-07-20 00:00:00,"",,0
2023-07-20 00:00:00,AU,,0
2023-07-20 00:00:00,BN,,0
2023-07-20 00:00:00,BR,1739,8
2023-07-20 00:00:00,BS,,0
2023-07-20 00:00:00,BZ,,0
2023-07-20 00:00:00,CCS,,0
2023-07-20 00:00:00,CD,1509,22
2023-07-20 00:00:00,CG,2132,18
2023-07-20 00:00:00,CM,1126,12
2023-07-20 00:00:00,CO,1038,21
2023-07-20 00:00:00,EC,,0
2023-07-20 00:00:00,EG,,0
2023-07-20 00:00:00,ER,,0
2023-07-20 00:00:00,FR,,0
2023-07-20 00:00:00,GA,1974,17
2023-07-20 00:00:00,GT,,0
2023-07-20 00:00:00,IQ,,0
2023-07-20 00:00:00,LH,,0
2023-07-20 00:00:00,MX,55,3
2023-07-20 00:00:00,PE,,0
2023-07-20 00:00:00,SG,,0
2023-07-20 00:00:00,TD,669,6
2023-07-20 00:00:00,TN,340,1
2023-07-20 00:00:00,TR,42,2
2023-07-20 00:00:00,TT,155,2
2023-07-20 00:00:00,UKS,1,1
2023-07-20 00:00:00,UKW,275,2
2023-07-20 00:00:00,US,,0
2023-07-20 00:00:00,VE,,0
2023-07-20 00:00:00,VN,,0
2023-07-20 00:00:00,WE,,0
2023-07-21 00:00:00,,,0
2023-07-21 00:00:00,"",,0
2023-07-21 00:00:00,AU,,0
2023-07-21 00:00:00,BN,,0
2023-07-21 00:00:00,BR,1668,7
2023-07-21 00:00:00,BS,,0
2023-07-21 00:00:00,BZ,,0
2023-07-21 00:00:00,CCS,,0
2023-07-21 00:00:00,CD,1562,24
2023-07-21 00:00:00,CG,2601,19
2023-07-21 00:00:00,CM,1064,12
2023-07-21 00:00:00,CO,1038,21
2023-07-21 00:00:00,EC,,0
2023-07-21 00:00:00,EG,,0
2023-07-21 00:00:00,ER,,0
2023-07-21 00:00:00,FR,,0
2023-07-21 00:00:00,GA,1834,16
2023-07-21 00:00:00,GT,,0
2023-07-21 00:00:00,IQ,,0
2023-07-21 00:00:00,LH,,0
2023-07-21 00:00:00,MX,55,3
2023-07-21 00:00:00,PE,,0
2023-07-21 00:00:00,SG,,0
2023-07-21 00:00:00,TD,669,6
2023-07-21 00:00:00,TN,340,1
2023-07-21 00:00:00,TR,42,2
2023-07-21 00:00:00,TT,155,2
2023-07-21 00:00:00,UKS,1,2
2023-07-21 00:00:00,UKW,275,2
2023-07-21 00:00:00,US,,0
2023-07-21 00:00:00,VE,,0
2023-07-21 00:00:00,VN,,0
2023-07-21 00:00:00,WE,,0
2023-07-22 00:00:00,,,0
2023-07-22 00:00:00,"",,0
2023-07-22 00:00:00,AU,,0
2023-07-22 00:00:00,BN,,0
2023-07-22 00:00:00,BR,1544,7
2023-07-22 00:00:00,BS,,0
2023-07-22 00:00:00,BZ,,0
2023-07-22 00:00:00,CCS,,0
2023-07-22 00:00:00,CD,1550,24
2023-07-22 00:00:00,CG,3121,20
2023-07-22 00:00:00,CM,1064,12
2023-07-22 00:00:00,CO,1054,23
2023-07-22 00:00:00,EC,,0
2023-07-22 00:00:00,EG,,0
2023-07-22 00:00:00,ER,,0
2023-07-22 00:00:00,FR,,0
2023-07-22 00:00:00,GA,1252,16
2023-07-22 00:00:00,GT,,0
2023-07-22 00:00:00,IQ,,0
2023-07-22 00:00:00,LH,,0
2023-07-22 00:00:00,MX,55,3
2023-07-22 00:00:00,PE,,0
2023-07-22 00:00:00,SG,,0
2023-07-22 00:00:00,TD,418,4
2023-07-22 00:00:00,TN,340,1
2023-07-22 00:00:00,TR,42,2
2023-07-22 00:00:00,TT,155,2
2023-07-22 00:00:00,UKS,1,1
2023-07-22 00:00:00,UKW,275,2
2023-07-22 00:00:00,US,,0
2023-07-22 00:00:00,VE,,0
2023-07-22 00:00:00,VN,,0
2023-07-22 00:00:00,WE,,0
2023-07-23 00:00:00,,,0
2023-07-23 00:00:00,"",,0
2023-07-23 00:00:00,AU,,0
2023-07-23 00:00:00,BN,,0
2023-07-23 00:00:00,BR,1544,7
2023-07-23 00:00:00,BS,,0
2023-07-23 00:00:00,BZ,,0
2023-07-23 00:00:00,CCS,,0
2023-07-23 00:00:00,CD,936,21
2023-07-23 00:00:00,CG,3121,20
2023-07-23 00:00:00,CM,1064,12
2023-07-23 00:00:00,CO,1089,22
2023-07-23 00:00:00,EC,,0
2023-07-23 00:00:00,EG,,0
2023-07-23 00:00:00,ER,,0
2023-07-23 00:00:00,FR,,0
2023-07-23 00:00:00,GA,1101,15
2023-07-23 00:00:00,GT,,0
2023-07-23 00:00:00,IQ,,0
2023-07-23 00:00:00,LH,,0
2023-07-23 00:00:00,MX,55,3
2023-07-23 00:00:00,PE,,0
2023-07-23 00:00:00,SG,,0
2023-07-23 00:00:00,TD,645,5
2023-07-23 00:00:00,TN,340,1
2023-07-23 00:00:00,TR,42,2
2023-07-23 00:00:00,TT,98,1
2023-07-23 00:00:00,UKS,1,1
2023-07-23 00:00:00,UKW,275,2
2023-07-23 00:00:00,US,,0
2023-07-23 00:00:00,VE,,0
2023-07-23 00:00:00,VN,,0
2023-07-23 00:00:00,WE,,0
2023-07-24 00:00:00,,,0
2023-07-24 00:00:00,"",,0
2023-07-24 00:00:00,AU,,0
2023-07-24 00:00:00,BN,,0
2023-07-24 00:00:00,BR,1544,7
2023-07-24 00:00:00,BS,,0
2023-07-24 00:00:00,BZ,,0
2023-07-24 00:00:00,CCS,,0
2023-07-24 00:00:00,CD,757,21
2023-07-24 00:00:00,CG,3121,20
2023-07-24 00:00:00,CM,1064,12
2023-07-24 00:00:00,CO,914,19
2023-07-24 00:00:00,EC,,0
2023-07-24 00:00:00,EG,,0
2023-07-24 00:00:00,ER,,0
2023-07-24 00:00:00,FR,,0
2023-07-24 00:00:00,GA,1013,15
2023-07-24 00:00:00,GT,,0
2023-07-24 00:00:00,IQ,,0
2023-07-24 00:00:00,LH,,0
2023-07-24 00:00:00,MX,55,3
2023-07-24 00:00:00,PE,,0
2023-07-24 00:00:00,SG,,0
2023-07-24 00:00:00,TD,793,7
2023-07-24 00:00:00,TN,340,1
2023-07-24 00:00:00,TR,42,2
2023-07-24 00:00:00,TT,30,1
2023-07-24 00:00:00,UKS,1,2
2023-07-24 00:00:00,UKW,275,2
2023-07-24 00:00:00,US,,0
2023-07-24 00:00:00,VE,,0
2023-07-24 00:00:00,VN,,0
2023-07-24 00:00:00,WE,,0
2023-07-25 00:00:00,,,0
2023-07-25 00:00:00,"",,0
2023-07-25 00:00:00,AU,,0
2023-07-25 00:00:00,BN,,0
2023-07-25 00:00:00,BR,1544,7
2023-07-25 00:00:00,BS,,0
2023-07-25 00:00:00,BZ,,0
2023-07-25 00:00:00,CCS,,0
2023-07-25 00:00:00,CD,1124,19
2023-07-25 00:00:00,CG,3442,20
2023-07-25 00:00:00,CM,1007,11
2023-07-25 00:00:00,CO,1013,21
2023-07-25 00:00:00,EC,,0
2023-07-25 00:00:00,EG,,0
2023-07-25 00:00:00,ER,,0
2023-07-25 00:00:00,FR,,0
2023-07-25 00:00:00,GA,1062,14
2023-07-25 00:00:00,GT,,0
2023-07-25 00:00:00,IQ,,0
2023-07-25 00:00:00,LH,,0
2023-07-25 00:00:00,MX,55,3
2023-07-25 00:00:00,PE,,0
2023-07-25 00:00:00,SG,,0
2023-07-25 00:00:00,TD,916,7
2023-07-25 00:00:00,TN,340,1
2023-07-25 00:00:00,TR,48,3
2023-07-25 00:00:00,TT,30,1
2023-07-25 00:00:00,UKS,1,1
2023-07-25 00:00:00,UKW,275,2
2023-07-25 00:00:00,US,,0
2023-07-25 00:00:00,VE,,0
2023-07-25 00:00:00,VN,,0
2023-07-25 00:00:00,WE,,0
2023-07-26 00:00:00,,,0
2023-07-26 00:00:00,"",,0
2023-07-26 00:00:00,AU,,0
2023-07-26 00:00:00,BN,,0
2023-07-26 00:00:00,BR,1544,7
2023-07-26 00:00:00,BS,,0
2023-07-26 00:00:00,BZ,,0
2023-07-26 00:00:00,CCS,,0
2023-07-26 00:00:00,CD,1154,20
2023-07-26 00:00:00,CG,3109,19
2023-07-26 00:00:00,CM,908,11
2023-07-26 00:00:00,CO,1013,20
2023-07-26 00:00:00,EC,,0
2023-07-26 00:00:00,EG,,0
2023-07-26 00:00:00,ER,,0
2023-07-26 00:00:00,FR,,0
2023-07-26 00:00:00,GA,810,13
2023-07-26 00:00:00,GT,,0
2023-07-26 00:00:00,IQ,,0
2023-07-26 00:00:00,LH,,0
2023-07-26 00:00:00,MX,55,3
2023-07-26 00:00:00,PE,,0
2023-07-26 00:00:00,SG,,0
2023-07-26 00:00:00,TD,793,7
2023-07-26 00:00:00,TN,340,1
2023-07-26 00:00:00,TR,48,3
2023-07-26 00:00:00,TT,30,1
2023-07-26 00:00:00,UKS,1,1
2023-07-26 00:00:00,UKW,,0
2023-07-26 00:00:00,US,,0
2023-07-26 00:00:00,VE,,0
2023-07-26 00:00:00,VN,,0
2023-07-26 00:00:00,WE,,0
2023-07-27 00:00:00,,,0
2023-07-27 00:00:00,"",,0
2023-07-27 00:00:00,AU,,0
2023-07-27 00:00:00,BN,,0
2023-07-27 00:00:00,BR,1544,7
2023-07-27 00:00:00,BS,,0
2023-07-27 00:00:00,BZ,,0
2023-07-27 00:00:00,CCS,,0
2023-07-27 00:00:00,CD,1063,20
2023-07-27 00:00:00,CG,3113,20
2023-07-27 00:00:00,CM,892,11
2023-07-27 00:00:00,CO,1014,21
2023-07-27 00:00:00,EC,,0
2023-07-27 00:00:00,EG,,0
2023-07-27 00:00:00,ER,,0
2023-07-27 00:00:00,FR,,0
2023-07-27 00:00:00,GA,1037,13
2023-07-27 00:00:00,GT,,0
2023-07-27 00:00:00,IQ,,0
2023-07-27 00:00:00,LH,,0
2023-07-27 00:00:00,MX,55,3
2023-07-27 00:00:00,PE,,0
2023-07-27 00:00:00,SG,,0
2023-07-27 00:00:00,TD,799,7
2023-07-27 00:00:00,TN,340,1
2023-07-27 00:00:00,TR,44,2
2023-07-27 00:00:00,TT,30,1
2023-07-27 00:00:00,UKS,1,2
2023-07-27 00:00:00,UKW,40,1
2023-07-27 00:00:00,US,,0
2023-07-27 00:00:00,VE,,0
2023-07-27 00:00:00,VN,,0
2023-07-27 00:00:00,WE,,0
2023-07-28 00:00:00,,,0
2023-07-28 00:00:00,"",,0
2023-07-28 00:00:00,AU,,0
2023-07-28 00:00:00,BN,,0
2023-07-28 00:00:00,BR,1544,7
2023-07-28 00:00:00,BS,,0
2023-07-28 00:00:00,BZ,,0
2023-07-28 00:00:00,CCS,,0
2023-07-28 00:00:00,CD,1031,19
2023-07-28 00:00:00,CG,3126,20
2023-07-28 00:00:00,CM,892,11
2023-07-28 00:00:00,CO,1030,21
2023-07-28 00:00:00,EC,,0
2023-07-28 00:00:00,EG,,0
2023-07-28 00:00:00,ER,,0
2023-07-28 00:00:00,FR,,0
2023-07-28 00:00:00,GA,947,12
2023-07-28 00:00:00,GT,,0
2023-07-28 00:00:00,IQ,,0
2023-07-28 00:00:00,LH,,0
2023-07-28 00:00:00,MX,55,3
2023-07-28 00:00:00,PE,,0
2023-07-28 00:00:00,SG,,0
2023-07-28 00:00:00,TD,964,7
2023-07-28 00:00:00,TN,340,1
2023-07-28 00:00:00,TR,42,2
2023-07-28 00:00:00,TT,30,1
2023-07-28 00:00:00,UKS,1,1
2023-07-28 00:00:00,UKW,158,1
2023-07-28 00:00:00,US,,0
2023-07-28 00:00:00,VE,,0
2023-07-28 00:00:00,VN,,0
2023-07-28 00:00:00,WE,,0
2023-07-29 00:00:00,,,0
2023-07-29 00:00:00,"",,0
2023-07-29 00:00:00,AU,,0
2023-07-29 00:00:00,BN,,0
2023-07-29 00:00:00,BR,1544,7
2023-07-29 00:00:00,BS,,0
2023-07-29 00:00:00,BZ,,0
2023-07-29 00:00:00,CCS,,0
2023-07-29 00:00:00,CD,1038,19
2023-07-29 00:00:00,CG,3113,20
2023-07-29 00:00:00,CM,870,10
2023-07-29 00:00:00,CO,1045,23
2023-07-29 00:00:00,EC,,0
2023-07-29 00:00:00,EG,,0
2023-07-29 00:00:00,ER,,0
2023-07-29 00:00:00,FR,,0
2023-07-29 00:00:00,GA,853,14
2023-07-29 00:00:00,GT,,0
2023-07-29 00:00:00,IQ,,0
2023-07-29 00:00:00,LH,,0
2023-07-29 00:00:00,MX,55,3
2023-07-29 00:00:00,PE,,0
2023-07-29 00:00:00,SG,,0
2023-07-29 00:00:00,TD,792,7
2023-07-29 00:00:00,TN,340,1
2023-07-29 00:00:00,TR,42,2
2023-07-29 00:00:00,TT,30,1
2023-07-29 00:00:00,UKS,1,1
2023-07-29 00:00:00,UKW,217,2
2023-07-29 00:00:00,US,,0
2023-07-29 00:00:00,VE,,0
2023-07-29 00:00:00,VN,,0
2023-07-29 00:00:00,WE,,0
2023-07-30 00:00:00,,,0
2023-07-30 00:00:00,"",,0
2023-07-30 00:00:00,AU,,0
2023-07-30 00:00:00,BN,,0
2023-07-30 00:00:00,BR,1544,7
2023-07-30 00:00:00,BS,,0
2023-07-30 00:00:00,BZ,,0
2023-07-30 00:00:00,CCS,,0
2023-07-30 00:00:00,CD,784,18
2023-07-30 00:00:00,CG,3110,19
2023-07-30 00:00:00,CM,854,10
2023-07-30 00:00:00,CO,1045,23
2023-07-30 00:00:00,EC,,0
2023-07-30 00:00:00,EG,,0
2023-07-30 00:00:00,ER,,0
2023-07-30 00:00:00,FR,,0
2023-07-30 00:00:00,GA,853,13
2023-07-30 00:00:00,GT,,0
2023-07-30 00:00:00,IQ,,0
2023-07-30 00:00:00,LH,,0
2023-07-30 00:00:00,MX,55,3
2023-07-30 00:00:00,PE,,0
2023-07-30 00:00:00,SG,,0
2023-07-30 00:00:00,TD,1207,8
2023-07-30 00:00:00,TN,340,1
2023-07-30 00:00:00,TR,42,2
2023-07-30 00:00:00,TT,167,2
2023-07-30 00:00:00,UKS,1,2
2023-07-30 00:00:00,UKW,217,2
2023-07-30 00:00:00,US,,0
2023-07-30 00:00:00,VE,,0
2023-07-30 00:00:00,VN,,0
2023-07-30 00:00:00,WE,,0
2023-07-31 00:00:00,,,0
2023-07-31 00:00:00,"",,0
2023-07-31 00:00:00,AU,,0
2023-07-31 00:00:00,BN,,0
2023-07-31 00:00:00,BR,1649,7
2023-07-31 00:00:00,BS,,0
2023-07-31 00:00:00,BZ,,0
2023-07-31 00:00:00,CCS,,0
2023-07-31 00:00:00,CD,669,19
2023-07-31 00:00:00,CG,3102,19
2023-07-31 00:00:00,CM,854,10
2023-07-31 00:00:00,CO,1045,23
2023-07-31 00:00:00,EC,,0
2023-07-31 00:00:00,EG,,0
2023-07-31 00:00:00,ER,,0
2023-07-31 00:00:00,FR,,0
2023-07-31 00:00:00,GA,889,14
2023-07-31 00:00:00,GT,,0
2023-07-31 00:00:00,IQ,,0
2023-07-31 00:00:00,LH,,0
2023-07-31 00:00:00,MX,55,3
2023-07-31 00:00:00,PE,,0
2023-07-31 00:00:00,SG,,0
2023-07-31 00:00:00,TD,1260,9
2023-07-31 00:00:00,TN,340,1
2023-07-31 00:00:00,TR,42,2
2023-07-31 00:00:00,TT,167,2
2023-07-31 00:00:00,UKS,1,1
2023-07-31 00:00:00,UKW,217,2
2023-07-31 00:00:00,US,,0
2023-07-31 00:00:00,VE,,0
2023-07-31 00:00:00,VN,,0
2023-07-31 00:00:00,WE,,0
2023-08-01 00:00:00,,,0
2023-08-01 00:00:00,"",,0
2023-08-01 00:00:00,AU,,0
2023-08-01 00:00:00,BN,,0
2023-08-01 00:00:00,BR,1544,7
2023-08-01 00:00:00,BS,,0
2023-08-01 00:00:00,BZ,,0
2023-08-01 00:00:00,CCS,,0
2023-08-01 00:00:00,CD,679,18
2023-08-01 00:00:00,CG,3233,20
2023-08-01 00:00:00,CM,91,8
2023-08-01 00:00:00,CO,1071,22
2023-08-01 00:00:00,EC,,0
2023-08-01 00:00:00,EG,,0
2023-08-01 00:00:00,ER,,0
2023-08-01 00:00:00,FR,,0
2023-08-01 00:00:00,GA,1070,15
2023-08-01 00:00:00,GT,,0
2023-08-01 00:00:00,IQ,,0
2023-08-01 00:00:00,LH,,0
2023-08-01 00:00:00,MX,55,3
2023-08-01 00:00:00,PE,,0
2023-08-01 00:00:00,SG,,0
2023-08-01 00:00:00,TD,1260,9
2023-08-01 00:00:00,TN,340,1
2023-08-01 00:00:00,TR,42,2
2023-08-01 00:00:00,TT,167,2
2023-08-01 00:00:00,UKS,1,2
2023-08-01 00:00:00,UKW,217,2
2023-08-01 00:00:00,US,,0
2023-08-01 00:00:00,VE,,0
2023-08-01 00:00:00,VN,,0
2023-08-01 00:00:00,WE,,0
2023-08-02 00:00:00,,,0
2023-08-02 00:00:00,"",,0
2023-08-02 00:00:00,AU,,0
2023-08-02 00:00:00,BN,,0
2023-08-02 00:00:00,BR,1544,7
2023-08-02 00:00:00,BS,,0
2023-08-02 00:00:00,BZ,,0
2023-08-02 00:00:00,CCS,,0
2023-08-02 00:00:00,CD,723,18
2023-08-02 00:00:00,CG,3233,20
2023-08-02 00:00:00,CM,91,8
2023-08-02 00:00:00,CO,1118,22
2023-08-02 00:00:00,EC,,0
2023-08-02 00:00:00,EG,,0
2023-08-02 00:00:00,ER,,0
2023-08-02 00:00:00,FR,,0
2023-08-02 00:00:00,GA,1285,16
2023-08-02 00:00:00,GT,,0
2023-08-02 00:00:00,IQ,,0
2023-08-02 00:00:00,LH,,0
2023-08-02 00:00:00,MX,55,3
2023-08-02 00:00:00,PE,,0
2023-08-02 00:00:00,SG,,0
2023-08-02 00:00:00,TD,1260,9
2023-08-02 00:00:00,TN,340,1
2023-08-02 00:00:00,TR,42,2
2023-08-02 00:00:00,TT,167,2
2023-08-02 00:00:00,UKS,1,3
2023-08-02 00:00:00,UKW,217,2
2023-08-02 00:00:00,US,,0
2023-08-02 00:00:00,VE,,0
2023-08-02 00:00:00,VN,,0
2023-08-02 00:00:00,WE,,0
2023-08-03 00:00:00,,,0
2023-08-03 00:00:00,"",,0
2023-08-03 00:00:00,AU,,0
2023-08-03 00:00:00,BN,,0
2023-08-03 00:00:00,BR,1544,7
2023-08-03 00:00:00,BS,,0
2023-08-03 00:00:00,BZ,,0
2023-08-03 00:00:00,CCS,,0
2023-08-03 00:00:00,CD,715,16
2023-08-03 00:00:00,CG,3102,19
2023-08-03 00:00:00,CM,98,8
2023-08-03 00:00:00,CO,1141,24
2023-08-03 00:00:00,EC,,0
2023-08-03 00:00:00,EG,,0
2023-08-03 00:00:00,ER,,0
2023-08-03 00:00:00,FR,,0
2023-08-03 00:00:00,GA,1513,17
2023-08-03 00:00:00,GT,,0
2023-08-03 00:00:00,IQ,,0
2023-08-03 00:00:00,LH,,0
2023-08-03 00:00:00,MX,55,3
2023-08-03 00:00:00,PE,,0
2023-08-03 00:00:00,SG,,0
2023-08-03 00:00:00,TD,1260,9
2023-08-03 00:00:00,TN,340,1
2023-08-03 00:00:00,TR,42,2
2023-08-03 00:00:00,TT,167,2
2023-08-03 00:00:00,UKS,1,2
2023-08-03 00:00:00,UKW,217,2
2023-08-03 00:00:00,US,,0
2023-08-03 00:00:00,VE,,0
2023-08-03 00:00:00,VN,,0
2023-08-03 00:00:00,WE,,0
2023-08-04 00:00:00,,,0
2023-08-04 00:00:00,"",,0
2023-08-04 00:00:00,AU,,0
2023-08-04 00:00:00,BN,,0
2023-08-04 00:00:00,BR,1606,7
2023-08-04 00:00:00,BS,,0
2023-08-04 00:00:00,BZ,,0
2023-08-04 00:00:00,CCS,,0
2023-08-04 00:00:00,CD,658,16
2023-08-04 00:00:00,CG,2888,18
2023-08-04 00:00:00,CM,91,8
2023-08-04 00:00:00,CO,1171,24
2023-08-04 00:00:00,EC,,0
2023-08-04 00:00:00,EG,,0
2023-08-04 00:00:00,ER,,0
2023-08-04 00:00:00,FR,,0
2023-08-04 00:00:00,GA,1370,18
2023-08-04 00:00:00,GT,,0
2023-08-04 00:00:00,IQ,,0
2023-08-04 00:00:00,LH,,0
2023-08-04 00:00:00,MX,55,3
2023-08-04 00:00:00,PE,,0
2023-08-04 00:00:00,SG,,0
2023-08-04 00:00:00,TD,1260,9
2023-08-04 00:00:00,TN,340,1
2023-08-04 00:00:00,TR,42,2
2023-08-04 00:00:00,TT,167,2
2023-08-04 00:00:00,UKS,1,2
2023-08-04 00:00:00,UKW,217,2
2023-08-04 00:00:00,US,,0
2023-08-04 00:00:00,VE,,0
2023-08-04 00:00:00,VN,,0
2023-08-04 00:00:00,WE,,0
2023-08-05 00:00:00,,,0
2023-08-05 00:00:00,"",,0
2023-08-05 00:00:00,AU,,0
2023-08-05 00:00:00,BN,,0
2023-08-05 00:00:00,BR,1625,8
2023-08-05 00:00:00,BS,,0
2023-08-05 00:00:00,BZ,,0
2023-08-05 00:00:00,CCS,,0
2023-08-05 00:00:00,CD,603,14
2023-08-05 00:00:00,CG,2323,17
2023-08-05 00:00:00,CM,91,8
2023-08-05 00:00:00,CO,1196,25
2023-08-05 00:00:00,EC,,0
2023-08-05 00:00:00,EG,,0
2023-08-05 00:00:00,ER,,0
2023-08-05 00:00:00,FR,,0
2023-08-05 00:00:00,GA,1277,17
2023-08-05 00:00:00,GT,,0
2023-08-05 00:00:00,IQ,,0
2023-08-05 00:00:00,LH,,0
2023-08-05 00:00:00,MX,55,3
2023-08-05 00:00:00,PE,,0
2023-08-05 00:00:00,SG,,0
2023-08-05 00:00:00,TD,1260,9
2023-08-05 00:00:00,TN,340,1
2023-08-05 00:00:00,TR,42,2
2023-08-05 00:00:00,TT,439,2
2023-08-05 00:00:00,UKS,1,3
2023-08-05 00:00:00,UKW,217,2
2023-08-05 00:00:00,US,,0
2023-08-05 00:00:00,VE,,0
2023-08-05 00:00:00,VN,,0
2023-08-05 00:00:00,WE,,0
2023-08-06 00:00:00,,,0
2023-08-06 00:00:00,"",,0
2023-08-06 00:00:00,AU,,0
2023-08-06 00:00:00,BN,,0
2023-08-06 00:00:00,BR,1706,9
2023-08-06 00:00:00,BS,,0
2023-08-06 00:00:00,BZ,,0
2023-08-06 00:00:00,CCS,,0
2023-08-06 00:00:00,CD,551,14
2023-08-06 00:00:00,CG,1838,17
2023-08-06 00:00:00,CM,91,8
2023-08-06 00:00:00,CO,1163,25
2023-08-06 00:00:00,EC,,0
2023-08-06 00:00:00,EG,,0
2023-08-06 00:00:00,ER,,0
2023-08-06 00:00:00,FR,,0
2023-08-06 00:00:00,GA,1383,17
2023-08-06 00:00:00,GT,,0
2023-08-06 00:00:00,IQ,,0
2023-08-06 00:00:00,LH,,0
2023-08-06 00:00:00,MX,55,3
2023-08-06 00:00:00,PE,,0
2023-08-06 00:00:00,SG,,0
2023-08-06 00:00:00,TD,1260,9
2023-08-06 00:00:00,TN,340,1
2023-08-06 00:00:00,TR,42,2
2023-08-06 00:00:00,TT,538,3
2023-08-06 00:00:00,UKS,1,2
2023-08-06 00:00:00,UKW,217,2
2023-08-06 00:00:00,US,,0
2023-08-06 00:00:00,VE,,0
2023-08-06 00:00:00,VN,,0
2023-08-06 00:00:00,WE,,0
2023-08-07 00:00:00,,,0
2023-08-07 00:00:00,"",,0
2023-08-07 00:00:00,AU,,0
2023-08-07 00:00:00,BN,,0
2023-08-07 00:00:00,BR,1706,9
2023-08-07 00:00:00,BS,,0
2023-08-07 00:00:00,BZ,,0
2023-08-07 00:00:00,CCS,,0
2023-08-07 00:00:00,CD,592,13
2023-08-07 00:00:00,CG,1892,18
2023-08-07 00:00:00,CM,219,8
2023-08-07 00:00:00,CO,1163,25
2023-08-07 00:00:00,EC,,0
2023-08-07 00:00:00,EG,,0
2023-08-07 00:00:00,ER,,0
2023-08-07 00:00:00,FR,,0
2023-08-07 00:00:00,GA,1241,16
2023-08-07 00:00:00,GT,,0
2023-08-07 00:00:00,IQ,,0
2023-08-07 00:00:00,LH,,0
2023-08-07 00:00:00,MX,55,3
2023-08-07 00:00:00,PE,,0
2023-08-07 00:00:00,SG,,0
2023-08-07 00:00:00,TD,1676,11
2023-08-07 00:00:00,TN,340,1
2023-08-07 00:00:00,TR,42,2
2023-08-07 00:00:00,TT,538,3
2023-08-07 00:00:00,UKS,1,2
2023-08-07 00:00:00,UKW,217,2
2023-08-07 00:00:00,US,,0
2023-08-07 00:00:00,VE,,0
2023-08-07 00:00:00,VN,,0
2023-08-07 00:00:00,WE,,0
2023-08-08 00:00:00,,,0
2023-08-08 00:00:00,"",,0
2023-08-08 00:00:00,AU,,0
2023-08-08 00:00:00,BN,,0
2023-08-08 00:00:00,BR,1706,9
2023-08-08 00:00:00,BS,,0
2023-08-08 00:00:00,BZ,,0
2023-08-08 00:00:00,CCS,,0
2023-08-08 00:00:00,CD,601,13
2023-08-08 00:00:00,CG,2018,17
2023-08-08 00:00:00,CM,245,8
2023-08-08 00:00:00,CO,1163,25
2023-08-08 00:00:00,EC,,0
2023-08-08 00:00:00,EG,,0
2023-08-08 00:00:00,ER,,0
2023-08-08 00:00:00,FR,,0
2023-08-08 00:00:00,GA,1241,15
2023-08-08 00:00:00,GT,,0
2023-08-08 00:00:00,IQ,,0
2023-08-08 00:00:00,LH,,0
2023-08-08 00:00:00,MX,55,3
2023-08-08 00:00:00,PE,,0
2023-08-08 00:00:00,SG,,0
2023-08-08 00:00:00,TD,1735,11
2023-08-08 00:00:00,TN,340,1
2023-08-08 00:00:00,TR,16,1
2023-08-08 00:00:00,TT,538,3
2023-08-08 00:00:00,UKS,1,3
2023-08-08 00:00:00,UKW,40,1
2023-08-08 00:00:00,US,,0
2023-08-08 00:00:00,VE,,0
2023-08-08 00:00:00,VN,,0
2023-08-08 00:00:00,WE,,0
2023-08-09 00:00:00,,,0
2023-08-09 00:00:00,"",,0
2023-08-09 00:00:00,AU,,0
2023-08-09 00:00:00,BN,,0
2023-08-09 00:00:00,BR,2067,9
2023-08-09 00:00:00,BS,,0
2023-08-09 00:00:00,BZ,,0
2023-08-09 00:00:00,CCS,,0
2023-08-09 00:00:00,CD,600,12
2023-08-09 00:00:00,CG,1801,14
2023-08-09 00:00:00,CM,186,8
2023-08-09 00:00:00,CO,1163,25
2023-08-09 00:00:00,EC,,0
2023-08-09 00:00:00,EG,,0
2023-08-09 00:00:00,ER,,0
2023-08-09 00:00:00,FR,,0
2023-08-09 00:00:00,GA,1060,13
2023-08-09 00:00:00,GT,,0
2023-08-09 00:00:00,IQ,,0
2023-08-09 00:00:00,LH,,0
2023-08-09 00:00:00,MX,55,3
2023-08-09 00:00:00,PE,,0
2023-08-09 00:00:00,SG,,0
2023-08-09 00:00:00,TD,1829,11
2023-08-09 00:00:00,TN,340,1
2023-08-09 00:00:00,TR,12,1
2023-08-09 00:00:00,TT,538,3
2023-08-09 00:00:00,UKS,1,2
2023-08-09 00:00:00,UKW,40,1
2023-08-09 00:00:00,US,,0
2023-08-09 00:00:00,VE,,0
2023-08-09 00:00:00,VN,,0
2023-08-09 00:00:00,WE,,0
2023-08-10 00:00:00,,,0
2023-08-10 00:00:00,"",,0
2023-08-10 00:00:00,AU,,0
2023-08-10 00:00:00,BN,,0
2023-08-10 00:00:00,BR,1706,9
2023-08-10 00:00:00,BS,,0
2023-08-10 00:00:00,BZ,,0
2023-08-10 00:00:00,CCS,,0
2023-08-10 00:00:00,CD,678,12
2023-08-10 00:00:00,CG,2493,18
2023-08-10 00:00:00,CM,182,8
2023-08-10 00:00:00,CO,1179,26
2023-08-10 00:00:00,EC,,0
2023-08-10 00:00:00,EG,,0
2023-08-10 00:00:00,ER,,0
2023-08-10 00:00:00,FR,,0
2023-08-10 00:00:00,GA,984,14
2023-08-10 00:00:00,GT,173,1
2023-08-10 00:00:00,IQ,,0
2023-08-10 00:00:00,LH,,0
2023-08-10 00:00:00,MX,55,3
2023-08-10 00:00:00,PE,,0
2023-08-10 00:00:00,SG,,0
2023-08-10 00:00:00,TD,1892,12
2023-08-10 00:00:00,TN,340,1
2023-08-10 00:00:00,TR,12,1
2023-08-10 00:00:00,TT,538,3
2023-08-10 00:00:00,UKS,1,2
2023-08-10 00:00:00,UKW,40,1
2023-08-10 00:00:00,US,,0
2023-08-10 00:00:00,VE,,0
2023-08-10 00:00:00,VN,,0
2023-08-10 00:00:00,WE,,0
2023-08-11 00:00:00,,,0
2023-08-11 00:00:00,"",,0
2023-08-11 00:00:00,AU,,0
2023-08-11 00:00:00,BN,,0
2023-08-11 00:00:00,BR,1706,9
2023-08-11 00:00:00,BS,,0
2023-08-11 00:00:00,BZ,,0
2023-08-11 00:00:00,CCS,,0
2023-08-11 00:00:00,CD,701,11
2023-08-11 00:00:00,CG,3507,19
2023-08-11 00:00:00,CM,133,9
2023-08-11 00:00:00,CO,1163,26
2023-08-11 00:00:00,EC,,0
2023-08-11 00:00:00,EG,,0
2023-08-11 00:00:00,ER,,0
2023-08-11 00:00:00,FR,,0
2023-08-11 00:00:00,GA,997,14
2023-08-11 00:00:00,GT,173,1
2023-08-11 00:00:00,IQ,,0
2023-08-11 00:00:00,LH,,0
2023-08-11 00:00:00,MX,55,3
2023-08-11 00:00:00,PE,,0
2023-08-11 00:00:00,SG,,0
2023-08-11 00:00:00,TD,1892,12
2023-08-11 00:00:00,TN,340,1
2023-08-11 00:00:00,TR,20,2
2023-08-11 00:00:00,TT,564,3
2023-08-11 00:00:00,UKS,1,3
2023-08-11 00:00:00,UKW,40,1
2023-08-11 00:00:00,US,,0
2023-08-11 00:00:00,VE,,0
2023-08-11 00:00:00,VN,,0
2023-08-11 00:00:00,WE,,0
2023-08-12 00:00:00,,,0
2023-08-12 00:00:00,"",,0
2023-08-12 00:00:00,AU,,0
2023-08-12 00:00:00,BN,,0
2023-08-12 00:00:00,BR,1706,9
2023-08-12 00:00:00,BS,,0
2023-08-12 00:00:00,BZ,,0
2023-08-12 00:00:00,CCS,,0
2023-08-12 00:00:00,CD,767,10
2023-08-12 00:00:00,CG,3608,19
2023-08-12 00:00:00,CM,133,9
2023-08-12 00:00:00,CO,1163,26
2023-08-12 00:00:00,EC,,0
2023-08-12 00:00:00,EG,,0
2023-08-12 00:00:00,ER,,0
2023-08-12 00:00:00,FR,,0
2023-08-12 00:00:00,GA,1110,13
2023-08-12 00:00:00,GT,173,1
2023-08-12 00:00:00,IQ,,0
2023-08-12 00:00:00,LH,,0
2023-08-12 00:00:00,MX,55,3
2023-08-12 00:00:00,PE,,0
2023-08-12 00:00:00,SG,,0
2023-08-12 00:00:00,TD,1892,12
2023-08-12 00:00:00,TN,340,1
2023-08-12 00:00:00,TR,76,1
2023-08-12 00:00:00,TT,693,4
2023-08-12 00:00:00,UKS,1,2
2023-08-12 00:00:00,UKW,40,1
2023-08-12 00:00:00,US,,0
2023-08-12 00:00:00,VE,,0
2023-08-12 00:00:00,VN,,0
2023-08-12 00:00:00,WE,,0
2023-08-13 00:00:00,,,0
2023-08-13 00:00:00,"",,0
2023-08-13 00:00:00,AU,,0
2023-08-13 00:00:00,BN,,0
2023-08-13 00:00:00,BR,1706,9
2023-08-13 00:00:00,BS,,0
2023-08-13 00:00:00,BZ,,0
2023-08-13 00:00:00,CCS,,0
2023-08-13 00:00:00,CD,627,9
2023-08-13 00:00:00,CG,3495,19
2023-08-13 00:00:00,CM,133,9
2023-08-13 00:00:00,CO,1155,25
2023-08-13 00:00:00,EC,,0
2023-08-13 00:00:00,EG,,0
2023-08-13 00:00:00,ER,,0
2023-08-13 00:00:00,FR,,0
2023-08-13 00:00:00,GA,879,11
2023-08-13 00:00:00,GT,,0
2023-08-13 00:00:00,IQ,,0
2023-08-13 00:00:00,LH,,0
2023-08-13 00:00:00,MX,55,3
2023-08-13 00:00:00,PE,,0
2023-08-13 00:00:00,SG,,0
2023-08-13 00:00:00,TD,2038,13
2023-08-13 00:00:00,TN,340,1
2023-08-13 00:00:00,TR,112,2
2023-08-13 00:00:00,TT,693,4
2023-08-13 00:00:00,UKS,,0
2023-08-13 00:00:00,UKW,40,1
2023-08-13 00:00:00,US,,0
2023-08-13 00:00:00,VE,,0
2023-08-13 00:00:00,VN,,0
2023-08-13 00:00:00,WE,,0
2023-08-14 00:00:00,,,0
2023-08-14 00:00:00,"",,0
2023-08-14 00:00:00,AU,,0
2023-08-14 00:00:00,BN,,0
2023-08-14 00:00:00,BR,1706,9
2023-08-14 00:00:00,BS,,0
2023-08-14 00:00:00,BZ,,0
2023-08-14 00:00:00,CCS,,0
2023-08-14 00:00:00,CD,611,10
2023-08-14 00:00:00,CG,3495,19
2023-08-14 00:00:00,CM,334,9
2023-08-14 00:00:00,CO,1166,26
2023-08-14 00:00:00,EC,,0
2023-08-14 00:00:00,EG,,0
2023-08-14 00:00:00,ER,,0
2023-08-14 00:00:00,FR,,0
2023-08-14 00:00:00,GA,965,14
2023-08-14 00:00:00,GT,,0
2023-08-14 00:00:00,IQ,,0
2023-08-14 00:00:00,LH,,0
2023-08-14 00:00:00,MX,55,3
2023-08-14 00:00:00,PE,,0
2023-08-14 00:00:00,SG,,0
2023-08-14 00:00:00,TD,1892,12
2023-08-14 00:00:00,TN,340,1
2023-08-14 00:00:00,TR,112,2
2023-08-14 00:00:00,TT,693,4
2023-08-14 00:00:00,UKS,,1
2023-08-14 00:00:00,UKW,40,1
2023-08-14 00:00:00,US,,0
2023-08-14 00:00:00,VE,,0
2023-08-14 00:00:00,VN,,0
2023-08-14 00:00:00,WE,,0
2023-08-15 00:00:00,,,0
2023-08-15 00:00:00,"",,0
2023-08-15 00:00:00,AU,,0
2023-08-15 00:00:00,BN,,0
2023-08-15 00:00:00,BR,1706,9
2023-08-15 00:00:00,BS,,0
2023-08-15 00:00:00,BZ,,0
2023-08-15 00:00:00,CCS,,0
2023-08-15 00:00:00,CD,674,10
2023-08-15 00:00:00,CG,3495,19
2023-08-15 00:00:00,CM,133,9
2023-08-15 00:00:00,CO,1177,26
2023-08-15 00:00:00,EC,,0
2023-08-15 00:00:00,EG,,0
2023-08-15 00:00:00,ER,,0
2023-08-15 00:00:00,FR,,0
2023-08-15 00:00:00,GA,1026,15
2023-08-15 00:00:00,GT,,0
2023-08-15 00:00:00,IQ,,0
2023-08-15 00:00:00,LH,,0
2023-08-15 00:00:00,MX,55,3
2023-08-15 00:00:00,PE,,0
2023-08-15 00:00:00,SG,,0
2023-08-15 00:00:00,TD,1892,12
2023-08-15 00:00:00,TN,340,1
2023-08-15 00:00:00,TR,65,1
2023-08-15 00:00:00,TT,693,4
2023-08-15 00:00:00,UKS,,0
2023-08-15 00:00:00,UKW,40,1
2023-08-15 00:00:00,US,,0
2023-08-15 00:00:00,VE,,0
2023-08-15 00:00:00,VN,,0
2023-08-15 00:00:00,WE,,0
2023-08-16 00:00:00,,,0
2023-08-16 00:00:00,"",,0
2023-08-16 00:00:00,AU,,0
2023-08-16 00:00:00,BN,,0
2023-08-16 00:00:00,BR,1706,9
2023-08-16 00:00:00,BS,,0
2023-08-16 00:00:00,BZ,,0
2023-08-16 00:00:00,CCS,,0
2023-08-16 00:00:00,CD,588,10
2023-08-16 00:00:00,CG,3268,18
2023-08-16 00:00:00,CM,133,10
2023-08-16 00:00:00,CO,1177,26
2023-08-16 00:00:00,EC,,0
2023-08-16 00:00:00,EG,,0
2023-08-16 00:00:00,ER,,0
2023-08-16 00:00:00,FR,,0
2023-08-16 00:00:00,GA,1263,16
2023-08-16 00:00:00,GT,,0
2023-08-16 00:00:00,IQ,,0
2023-08-16 00:00:00,LH,,0
2023-08-16 00:00:00,MX,55,3
2023-08-16 00:00:00,PE,,0
2023-08-16 00:00:00,SG,,0
2023-08-16 00:00:00,TD,1784,11
2023-08-16 00:00:00,TN,340,1
2023-08-16 00:00:00,TR,12,1
2023-08-16 00:00:00,TT,693,4
2023-08-16 00:00:00,UKS,1,2
2023-08-16 00:00:00,UKW,40,1
2023-08-16 00:00:00,US,,0
2023-08-16 00:00:00,VE,,0
2023-08-16 00:00:00,VN,,0
2023-08-16 00:00:00,WE,,0
2023-08-17 00:00:00,,,0
2023-08-17 00:00:00,"",,0
2023-08-17 00:00:00,AU,,0
2023-08-17 00:00:00,BN,,0
2023-08-17 00:00:00,BR,1706,9
2023-08-17 00:00:00,BS,,0
2023-08-17 00:00:00,BZ,,0
2023-08-17 00:00:00,CCS,,0
2023-08-17 00:00:00,CD,627,11
2023-08-17 00:00:00,CG,3268,18
2023-08-17 00:00:00,CM,203,9
2023-08-17 00:00:00,CO,1183,26
2023-08-17 00:00:00,EC,,0
2023-08-17 00:00:00,EG,,0
2023-08-17 00:00:00,ER,,0
2023-08-17 00:00:00,FR,,0
2023-08-17 00:00:00,GA,1263,15
2023-08-17 00:00:00,GT,,0
2023-08-17 00:00:00,IQ,,0
2023-08-17 00:00:00,LH,,0
2023-08-17 00:00:00,MX,55,3
2023-08-17 00:00:00,PE,,0
2023-08-17 00:00:00,SG,,0
2023-08-17 00:00:00,TD,1446,10
2023-08-17 00:00:00,TN,340,1
2023-08-17 00:00:00,TR,12,1
2023-08-17 00:00:00,TT,693,4
2023-08-17 00:00:00,UKS,1,2
2023-08-17 00:00:00,UKW,40,1
2023-08-17 00:00:00,US,,0
2023-08-17 00:00:00,VE,,0
2023-08-17 00:00:00,VN,,0
2023-08-17 00:00:00,WE,,0
2023-08-18 00:00:00,,,0
2023-08-18 00:00:00,"",,0
2023-08-18 00:00:00,AU,,0
2023-08-18 00:00:00,BN,,0
2023-08-18 00:00:00,BR,1706,9
2023-08-18 00:00:00,BS,,0
2023-08-18 00:00:00,BZ,,0
2023-08-18 00:00:00,CCS,,0
2023-08-18 00:00:00,CD,593,11
2023-08-18 00:00:00,CG,3250,17
2023-08-18 00:00:00,CM,446,9
2023-08-18 00:00:00,CO,1191,27
2023-08-18 00:00:00,EC,,0
2023-08-18 00:00:00,EG,,0
2023-08-18 00:00:00,ER,,0
2023-08-18 00:00:00,FR,,0
2023-08-18 00:00:00,GA,1455,15
2023-08-18 00:00:00,GT,,0
2023-08-18 00:00:00,IQ,,0
2023-08-18 00:00:00,LH,,0
2023-08-18 00:00:00,MX,55,3
2023-08-18 00:00:00,PE,,0
2023-08-18 00:00:00,SG,,0
2023-08-18 00:00:00,TD,1328,10
2023-08-18 00:00:00,TN,340,1
2023-08-18 00:00:00,TR,12,1
2023-08-18 00:00:00,TT,693,4
2023-08-18 00:00:00,UKS,1,2
2023-08-18 00:00:00,UKW,40,1
2023-08-18 00:00:00,US,,0
2023-08-18 00:00:00,VE,,0
2023-08-18 00:00:00,VN,,0
2023-08-18 00:00:00,WE,,0
2023-08-19 00:00:00,,,0
2023-08-19 00:00:00,"",,0
2023-08-19 00:00:00,AU,,0
2023-08-19 00:00:00,BN,,0
2023-08-19 00:00:00,BR,1625,8
2023-08-19 00:00:00,BS,,0
2023-08-19 00:00:00,BZ,,0
2023-08-19 00:00:00,CCS,,0
2023-08-19 00:00:00,CD,669,12
2023-08-19 00:00:00,CG,3125,17
2023-08-19 00:00:00,CM,800,9
2023-08-19 00:00:00,CO,1191,27
2023-08-19 00:00:00,EC,,0
2023-08-19 00:00:00,EG,,0
2023-08-19 00:00:00,ER,,0
2023-08-19 00:00:00,FR,,0
2023-08-19 00:00:00,GA,1390,16
2023-08-19 00:00:00,GT,,0
2023-08-19 00:00:00,IQ,,0
2023-08-19 00:00:00,LH,,0
2023-08-19 00:00:00,MX,55,3
2023-08-19 00:00:00,PE,,0
2023-08-19 00:00:00,SG,,0
2023-08-19 00:00:00,TD,1300,9
2023-08-19 00:00:00,TN,340,1
2023-08-19 00:00:00,TR,12,1
2023-08-19 00:00:00,TT,693,4
2023-08-19 00:00:00,UKS,1,2
2023-08-19 00:00:00,UKW,40,1
2023-08-19 00:00:00,US,,0
2023-08-19 00:00:00,VE,,0
2023-08-19 00:00:00,VN,,0
2023-08-19 00:00:00,WE,,0
2023-08-20 00:00:00,,,0
2023-08-20 00:00:00,"",,0
2023-08-20 00:00:00,AU,,0
2023-08-20 00:00:00,BN,,0
2023-08-20 00:00:00,BR,1625,8
2023-08-20 00:00:00,BS,,0
2023-08-20 00:00:00,BZ,,0
2023-08-20 00:00:00,CCS,,0
2023-08-20 00:00:00,CD,618,9
2023-08-20 00:00:00,CG,3122,17
2023-08-20 00:00:00,CM,759,9
2023-08-20 00:00:00,CO,1191,27
2023-08-20 00:00:00,EC,,0
2023-08-20 00:00:00,EG,,0
2023-08-20 00:00:00,ER,,0
2023-08-20 00:00:00,FR,,0
2023-08-20 00:00:00,GA,1355,16
2023-08-20 00:00:00,GT,,0
2023-08-20 00:00:00,IQ,,0
2023-08-20 00:00:00,LH,,0
2023-08-20 00:00:00,MX,65,3
2023-08-20 00:00:00,PE,,0
2023-08-20 00:00:00,SG,,0
2023-08-20 00:00:00,TD,1283,9
2023-08-20 00:00:00,TN,340,1
2023-08-20 00:00:00,TR,12,1
2023-08-20 00:00:00,TT,693,4
2023-08-20 00:00:00,UKS,1,2
2023-08-20 00:00:00,UKW,40,1
2023-08-20 00:00:00,US,,0
2023-08-20 00:00:00,VE,,0
2023-08-20 00:00:00,VN,,0
2023-08-20 00:00:00,WE,,0
2023-08-21 00:00:00,,,0
2023-08-21 00:00:00,"",,0
2023-08-21 00:00:00,AU,,0
2023-08-21 00:00:00,BN,,0
2023-08-21 00:00:00,BR,1625,8
2023-08-21 00:00:00,BS,,0
2023-08-21 00:00:00,BZ,,0
2023-08-21 00:00:00,CCS,,0
2023-08-21 00:00:00,CD,644,10
2023-08-21 00:00:00,CG,2931,16
2023-08-21 00:00:00,CM,668,8
2023-08-21 00:00:00,CO,1205,27
2023-08-21 00:00:00,EC,,0
2023-08-21 00:00:00,EG,,0
2023-08-21 00:00:00,ER,,0
2023-08-21 00:00:00,FR,,0
2023-08-21 00:00:00,GA,1319,15
2023-08-21 00:00:00,GT,,0
2023-08-21 00:00:00,IQ,,0
2023-08-21 00:00:00,LH,,0
2023-08-21 00:00:00,MX,55,3
2023-08-21 00:00:00,PE,,0
2023-08-21 00:00:00,SG,,0
2023-08-21 00:00:00,TD,1007,8
2023-08-21 00:00:00,TN,340,1
2023-08-21 00:00:00,TR,12,1
2023-08-21 00:00:00,TT,693,4
2023-08-21 00:00:00,UKS,1,2
2023-08-21 00:00:00,UKW,40,1
2023-08-21 00:00:00,US,,0
2023-08-21 00:00:00,VE,,0
2023-08-21 00:00:00,VN,,0
2023-08-21 00:00:00,WE,,0
2023-08-22 00:00:00,,,0
2023-08-22 00:00:00,"",,0
2023-08-22 00:00:00,AU,,0
2023-08-22 00:00:00,BN,,0
2023-08-22 00:00:00,BR,1625,8
2023-08-22 00:00:00,BS,,0
2023-08-22 00:00:00,BZ,,0
2023-08-22 00:00:00,CCS,,0
2023-08-22 00:00:00,CD,472,9
2023-08-22 00:00:00,CG,2931,16
2023-08-22 00:00:00,CM,790,10
2023-08-22 00:00:00,CO,1191,27
2023-08-22 00:00:00,EC,,0
2023-08-22 00:00:00,EG,,0
2023-08-22 00:00:00,ER,,0
2023-08-22 00:00:00,FR,,0
2023-08-22 00:00:00,GA,1183,14
2023-08-22 00:00:00,GT,,0
2023-08-22 00:00:00,IQ,,0
2023-08-22 00:00:00,LH,,0
2023-08-22 00:00:00,MX,55,3
2023-08-22 00:00:00,PE,,0
2023-08-22 00:00:00,SG,,0
2023-08-22 00:00:00,TD,1163,7
2023-08-22 00:00:00,TN,340,1
2023-08-22 00:00:00,TR,16,1
2023-08-22 00:00:00,TT,693,4
2023-08-22 00:00:00,UKS,1,2
2023-08-22 00:00:00,UKW,40,1
2023-08-22 00:00:00,US,,0
2023-08-22 00:00:00,VE,,0
2023-08-22 00:00:00,VN,,0
2023-08-22 00:00:00,WE,,0
2023-08-23 00:00:00,,,0
2023-08-23 00:00:00,"",,0
2023-08-23 00:00:00,AU,,0
2023-08-23 00:00:00,BN,,0
2023-08-23 00:00:00,BR,1625,8
2023-08-23 00:00:00,BS,,0
2023-08-23 00:00:00,BZ,,0
2023-08-23 00:00:00,CCS,,0
2023-08-23 00:00:00,CD,198,9
2023-08-23 00:00:00,CG,2931,16
2023-08-23 00:00:00,CM,790,9
2023-08-23 00:00:00,CO,1191,26
2023-08-23 00:00:00,EC,,0
2023-08-23 00:00:00,EG,,0
2023-08-23 00:00:00,ER,,0
2023-08-23 00:00:00,FR,,0
2023-08-23 00:00:00,GA,1111,14
2023-08-23 00:00:00,GT,259,1
2023-08-23 00:00:00,IQ,,0
2023-08-23 00:00:00,LH,,0
2023-08-23 00:00:00,MX,55,3
2023-08-23 00:00:00,PE,,0
2023-08-23 00:00:00,SG,,0
2023-08-23 00:00:00,TD,1225,8
2023-08-23 00:00:00,TN,340,1
2023-08-23 00:00:00,TR,24,3
2023-08-23 00:00:00,TT,693,4
2023-08-23 00:00:00,UKS,,1
2023-08-23 00:00:00,UKW,40,1
2023-08-23 00:00:00,US,,0
2023-08-23 00:00:00,VE,,0
2023-08-23 00:00:00,VN,,0
2023-08-23 00:00:00,WE,,0
2023-08-24 00:00:00,,,0
2023-08-24 00:00:00,"",,0
2023-08-24 00:00:00,AU,,0
2023-08-24 00:00:00,BN,,0
2023-08-24 00:00:00,BR,1625,8
2023-08-24 00:00:00,BS,,0
2023-08-24 00:00:00,BZ,,0
2023-08-24 00:00:00,CCS,,0
2023-08-24 00:00:00,CD,219,9
2023-08-24 00:00:00,CG,3020,16
2023-08-24 00:00:00,CM,790,10
2023-08-24 00:00:00,CO,1191,26
2023-08-24 00:00:00,EC,,0
2023-08-24 00:00:00,EG,,0
2023-08-24 00:00:00,ER,,0
2023-08-24 00:00:00,FR,,0
2023-08-24 00:00:00,GA,1031,13
2023-08-24 00:00:00,GT,,0
2023-08-24 00:00:00,IQ,,0
2023-08-24 00:00:00,LH,,0
2023-08-24 00:00:00,MX,55,3
2023-08-24 00:00:00,PE,,0
2023-08-24 00:00:00,SG,,0
2023-08-24 00:00:00,TD,1225,8
2023-08-24 00:00:00,TN,340,1
2023-08-24 00:00:00,TR,24,3
2023-08-24 00:00:00,TT,693,4
2023-08-24 00:00:00,UKS,,0
2023-08-24 00:00:00,UKW,40,1
2023-08-24 00:00:00,US,,0
2023-08-24 00:00:00,VE,,0
2023-08-24 00:00:00,VN,,0
2023-08-24 00:00:00,WE,,0
2023-08-25 00:00:00,,,0
2023-08-25 00:00:00,"",,0
2023-08-25 00:00:00,AU,,0
2023-08-25 00:00:00,BN,,0
2023-08-25 00:00:00,BR,1625,8
2023-08-25 00:00:00,BS,,0
2023-08-25 00:00:00,BZ,,0
2023-08-25 00:00:00,CCS,,0
2023-08-25 00:00:00,CD,203,8
2023-08-25 00:00:00,CG,3022,17
2023-08-25 00:00:00,CM,837,11
2023-08-25 00:00:00,CO,1191,26
2023-08-25 00:00:00,EC,,0
2023-08-25 00:00:00,EG,,0
2023-08-25 00:00:00,ER,,0
2023-08-25 00:00:00,FR,,0
2023-08-25 00:00:00,GA,1558,14
2023-08-25 00:00:00,GT,,0
2023-08-25 00:00:00,IQ,,0
2023-08-25 00:00:00,LH,,0
2023-08-25 00:00:00,MX,55,3
2023-08-25 00:00:00,PE,,0
2023-08-25 00:00:00,SG,,0
2023-08-25 00:00:00,TD,1225,8
2023-08-25 00:00:00,TN,340,1
2023-08-25 00:00:00,TR,24,3
2023-08-25 00:00:00,TT,693,4
2023-08-25 00:00:00,UKS,,0
2023-08-25 00:00:00,UKW,40,1
2023-08-25 00:00:00,US,,0
2023-08-25 00:00:00,VE,,0
2023-08-25 00:00:00,VN,,0
2023-08-25 00:00:00,WE,,0
2023-08-26 00:00:00,,,0
2023-08-26 00:00:00,"",,0
2023-08-26 00:00:00,AU,,0
2023-08-26 00:00:00,BN,,0
2023-08-26 00:00:00,BR,1625,8
2023-08-26 00:00:00,BS,,0
2023-08-26 00:00:00,BZ,,0
2023-08-26 00:00:00,CCS,,0
2023-08-26 00:00:00,CD,210,9
2023-08-26 00:00:00,CG,2607,16
2023-08-26 00:00:00,CM,772,8
2023-08-26 00:00:00,CO,1191,26
2023-08-26 00:00:00,EC,,0
2023-08-26 00:00:00,EG,,0
2023-08-26 00:00:00,ER,,0
2023-08-26 00:00:00,FR,,0
2023-08-26 00:00:00,GA,1864,17
2023-08-26 00:00:00,GT,,0
2023-08-26 00:00:00,IQ,,0
2023-08-26 00:00:00,LH,,0
2023-08-26 00:00:00,MX,55,3
2023-08-26 00:00:00,PE,,0
2023-08-26 00:00:00,SG,,0
2023-08-26 00:00:00,TD,1163,8
2023-08-26 00:00:00,TN,340,1
2023-08-26 00:00:00,TR,24,3
2023-08-26 00:00:00,TT,693,4
2023-08-26 00:00:00,UKS,,1
2023-08-26 00:00:00,UKW,40,1
2023-08-26 00:00:00,US,,0
2023-08-26 00:00:00,VE,,0
2023-08-26 00:00:00,VN,,0
2023-08-26 00:00:00,WE,,0
2023-08-27 00:00:00,,,0
2023-08-27 00:00:00,"",,0
2023-08-27 00:00:00,AU,,0
2023-08-27 00:00:00,BN,,0
2023-08-27 00:00:00,BR,1625,8
2023-08-27 00:00:00,BS,,0
2023-08-27 00:00:00,BZ,,0
2023-08-27 00:00:00,CCS,,0
2023-08-27 00:00:00,CD,208,9
2023-08-27 00:00:00,CG,2651,16
2023-08-27 00:00:00,CM,759,9
2023-08-27 00:00:00,CO,1191,26
2023-08-27 00:00:00,EC,,0
2023-08-27 00:00:00,EG,,0
2023-08-27 00:00:00,ER,,0
2023-08-27 00:00:00,FR,,0
2023-08-27 00:00:00,GA,1867,17
2023-08-27 00:00:00,GT,218,1
2023-08-27 00:00:00,IQ,,0
2023-08-27 00:00:00,LH,,0
2023-08-27 00:00:00,MX,55,3
2023-08-27 00:00:00,PE,,0
2023-08-27 00:00:00,SG,,0
2023-08-27 00:00:00,TD,995,8
2023-08-27 00:00:00,TN,340,1
2023-08-27 00:00:00,TR,24,3
2023-08-27 00:00:00,TT,693,4
2023-08-27 00:00:00,UKS,,0
2023-08-27 00:00:00,UKW,40,1
2023-08-27 00:00:00,US,,0
2023-08-27 00:00:00,VE,,0
2023-08-27 00:00:00,VN,,0
2023-08-27 00:00:00,WE,,0
2023-08-28 00:00:00,,,0
2023-08-28 00:00:00,"",,0
2023-08-28 00:00:00,AU,,0
2023-08-28 00:00:00,BN,,0
2023-08-28 00:00:00,BR,1625,8
2023-08-28 00:00:00,BS,,0
2023-08-28 00:00:00,BZ,,0
2023-08-28 00:00:00,CCS,,0
2023-08-28 00:00:00,CD,264,10
2023-08-28 00:00:00,CG,2714,17
2023-08-28 00:00:00,CM,759,9
2023-08-28 00:00:00,CO,1237,27
2023-08-28 00:00:00,EC,,0
2023-08-28 00:00:00,EG,,0
2023-08-28 00:00:00,ER,,0
2023-08-28 00:00:00,FR,,0
2023-08-28 00:00:00,GA,2618,18
2023-08-28 00:00:00,GT,218,1
2023-08-28 00:00:00,IQ,,0
2023-08-28 00:00:00,LH,,0
2023-08-28 00:00:00,MX,55,3
2023-08-28 00:00:00,PE,,0
2023-08-28 00:00:00,SG,,0
2023-08-28 00:00:00,TD,995,8
2023-08-28 00:00:00,TN,340,1
2023-08-28 00:00:00,TR,36,3
2023-08-28 00:00:00,TT,693,4
2023-08-28 00:00:00,UKS,,1
2023-08-28 00:00:00,UKW,40,1
2023-08-28 00:00:00,US,,0
2023-08-28 00:00:00,VE,,0
2023-08-28 00:00:00,VN,,0
2023-08-28 00:00:00,WE,,0
2023-08-29 00:00:00,,,0
2023-08-29 00:00:00,"",,0
2023-08-29 00:00:00,AU,,0
2023-08-29 00:00:00,BN,,0
2023-08-29 00:00:00,BR,1543,7
2023-08-29 00:00:00,BS,,0
2023-08-29 00:00:00,BZ,,0
2023-08-29 00:00:00,CCS,,0
2023-08-29 00:00:00,CD,220,10
2023-08-29 00:00:00,CG,2731,18
2023-08-29 00:00:00,CM,759,9
2023-08-29 00:00:00,CO,1257,28
2023-08-29 00:00:00,EC,,0
2023-08-29 00:00:00,EG,,0
2023-08-29 00:00:00,ER,,0
2023-08-29 00:00:00,FR,,0
2023-08-29 00:00:00,GA,2759,19
2023-08-29 00:00:00,GT,218,1
2023-08-29 00:00:00,IQ,,0
2023-08-29 00:00:00,LH,,0
2023-08-29 00:00:00,MX,55,3
2023-08-29 00:00:00,PE,,0
2023-08-29 00:00:00,SG,,0
2023-08-29 00:00:00,TD,995,8
2023-08-29 00:00:00,TN,340,1
2023-08-29 00:00:00,TR,46,4
2023-08-29 00:00:00,TT,693,4
2023-08-29 00:00:00,UKS,,2
2023-08-29 00:00:00,UKW,237,2
2023-08-29 00:00:00,US,,0
2023-08-29 00:00:00,VE,,0
2023-08-29 00:00:00,VN,,0
2023-08-29 00:00:00,WE,,0
2023-08-30 00:00:00,,,0
2023-08-30 00:00:00,"",,0
2023-08-30 00:00:00,AU,,0
2023-08-30 00:00:00,BN,,0
2023-08-30 00:00:00,BR,1428,7
2023-08-30 00:00:00,BS,,0
2023-08-30 00:00:00,BZ,,0
2023-08-30 00:00:00,CCS,,0
2023-08-30 00:00:00,CD,420,10
2023-08-30 00:00:00,CG,2731,18
2023-08-30 00:00:00,CM,759,9
2023-08-30 00:00:00,CO,1245,28
2023-08-30 00:00:00,EC,,0
2023-08-30 00:00:00,EG,,0
2023-08-30 00:00:00,ER,,0
2023-08-30 00:00:00,FR,,0
2023-08-30 00:00:00,GA,2347,19
2023-08-30 00:00:00,GT,218,1
2023-08-30 00:00:00,IQ,,0
2023-08-30 00:00:00,LH,,0
2023-08-30 00:00:00,MX,55,3
2023-08-30 00:00:00,PE,,0
2023-08-30 00:00:00,SG,,0
2023-08-30 00:00:00,TD,995,8
2023-08-30 00:00:00,TN,340,1
2023-08-30 00:00:00,TR,46,4
2023-08-30 00:00:00,TT,693,4
2023-08-30 00:00:00,UKS,1,3
2023-08-30 00:00:00,UKW,237,2
2023-08-30 00:00:00,US,,0
2023-08-30 00:00:00,VE,,0
2023-08-30 00:00:00,VN,,0
2023-08-30 00:00:00,WE,,0
2023-08-31 00:00:00,,,0
2023-08-31 00:00:00,"",,0
2023-08-31 00:00:00,AU,,0
2023-08-31 00:00:00,BN,,0
2023-08-31 00:00:00,BR,1428,7
2023-08-31 00:00:00,BS,,0
2023-08-31 00:00:00,BZ,,0
2023-08-31 00:00:00,CCS,,0
2023-08-31 00:00:00,CD,433,11
2023-08-31 00:00:00,CG,2639,17
2023-08-31 00:00:00,CM,814,9
2023-08-31 00:00:00,CO,1217,28
2023-08-31 00:00:00,EC,,0
2023-08-31 00:00:00,EG,,0
2023-08-31 00:00:00,ER,,0
2023-08-31 00:00:00,FR,,0
2023-08-31 00:00:00,GA,2314,18
2023-08-31 00:00:00,GT,363,1
2023-08-31 00:00:00,IQ,,0
2023-08-31 00:00:00,LH,,0
2023-08-31 00:00:00,MX,55,3
2023-08-31 00:00:00,PE,,0
2023-08-31 00:00:00,SG,,0
2023-08-31 00:00:00,TD,995,8
2023-08-31 00:00:00,TN,340,1
2023-08-31 00:00:00,TR,46,4
2023-08-31 00:00:00,TT,693,4
2023-08-31 00:00:00,UKS,1,4
2023-08-31 00:00:00,UKW,237,2
2023-08-31 00:00:00,US,,0
2023-08-31 00:00:00,VE,,0
2023-08-31 00:00:00,VN,,0
2023-08-31 00:00:00,WE,,0
2023-09-01 00:00:00,,,0
2023-09-01 00:00:00,"",,0
2023-09-01 00:00:00,AU,,0
2023-09-01 00:00:00,BN,,0
2023-09-01 00:00:00,BR,1428,7
2023-09-01 00:00:00,BS,,0
2023-09-01 00:00:00,BZ,,0
2023-09-01 00:00:00,CCS,,0
2023-09-01 00:00:00,CD,420,11
2023-09-01 00:00:00,CG,2631,17
2023-09-01 00:00:00,CM,827,10
2023-09-01 00:00:00,CO,1257,28
2023-09-01 00:00:00,EC,,0
2023-09-01 00:00:00,EG,,0
2023-09-01 00:00:00,ER,,0
2023-09-01 00:00:00,FR,,0
2023-09-01 00:00:00,GA,2291,18
2023-09-01 00:00:00,GT,476,2
2023-09-01 00:00:00,IQ,,0
2023-09-01 00:00:00,LH,,0
2023-09-01 00:00:00,MX,55,3
2023-09-01 00:00:00,PE,,0
2023-09-01 00:00:00,SG,,0
2023-09-01 00:00:00,TD,995,8
2023-09-01 00:00:00,TN,340,1
2023-09-01 00:00:00,TR,51,4
2023-09-01 00:00:00,TT,693,4
2023-09-01 00:00:00,UKS,1,5
2023-09-01 00:00:00,UKW,237,2
2023-09-01 00:00:00,US,,0
2023-09-01 00:00:00,VE,,0
2023-09-01 00:00:00,VN,,0
2023-09-01 00:00:00,WE,,0
2023-09-02 00:00:00,,,0
2023-09-02 00:00:00,"",,0
2023-09-02 00:00:00,AU,,0
2023-09-02 00:00:00,BN,,0
2023-09-02 00:00:00,BR,1428,7
2023-09-02 00:00:00,BS,,0
2023-09-02 00:00:00,BZ,,0
2023-09-02 00:00:00,CCS,,0
2023-09-02 00:00:00,CD,455,10
2023-09-02 00:00:00,CG,2755,15
2023-09-02 00:00:00,CM,827,10
2023-09-02 00:00:00,CO,1270,28
2023-09-02 00:00:00,EC,,0
2023-09-02 00:00:00,EG,,0
2023-09-02 00:00:00,ER,,0
2023-09-02 00:00:00,FR,,0
2023-09-02 00:00:00,GA,2103,16
2023-09-02 00:00:00,GT,271,1
2023-09-02 00:00:00,IQ,,0
2023-09-02 00:00:00,LH,,0
2023-09-02 00:00:00,MX,55,3
2023-09-02 00:00:00,PE,,0
2023-09-02 00:00:00,SG,,0
2023-09-02 00:00:00,TD,995,8
2023-09-02 00:00:00,TN,340,1
2023-09-02 00:00:00,TR,51,4
2023-09-02 00:00:00,TT,693,4
2023-09-02 00:00:00,UKS,1,4
2023-09-02 00:00:00,UKW,237,2
2023-09-02 00:00:00,US,,0
2023-09-02 00:00:00,VE,,0
2023-09-02 00:00:00,VN,,0
2023-09-02 00:00:00,WE,,0
2023-09-03 00:00:00,,,0
2023-09-03 00:00:00,"",,0
2023-09-03 00:00:00,AU,,0
2023-09-03 00:00:00,BN,,0
2023-09-03 00:00:00,BR,1428,7
2023-09-03 00:00:00,BS,,0
2023-09-03 00:00:00,BZ,,0
2023-09-03 00:00:00,CCS,,0
2023-09-03 00:00:00,CD,455,10
2023-09-03 00:00:00,CG,2369,16
2023-09-03 00:00:00,CM,827,10
2023-09-03 00:00:00,CO,1274,29
2023-09-03 00:00:00,EC,,0
2023-09-03 00:00:00,EG,,0
2023-09-03 00:00:00,ER,,0
2023-09-03 00:00:00,FR,,0
2023-09-03 00:00:00,GA,1857,15
2023-09-03 00:00:00,GT,258,1
2023-09-03 00:00:00,IQ,,0
2023-09-03 00:00:00,LH,,0
2023-09-03 00:00:00,MX,55,3
2023-09-03 00:00:00,PE,,0
2023-09-03 00:00:00,SG,,0
2023-09-03 00:00:00,TD,995,8
2023-09-03 00:00:00,TN,340,1
2023-09-03 00:00:00,TR,54,5
2023-09-03 00:00:00,TT,693,4
2023-09-03 00:00:00,UKS,1,3
2023-09-03 00:00:00,UKW,237,2
2023-09-03 00:00:00,US,,0
2023-09-03 00:00:00,VE,,0
2023-09-03 00:00:00,VN,,0
2023-09-03 00:00:00,WE,,0
2023-09-04 00:00:00,,,0
2023-09-04 00:00:00,"",,0
2023-09-04 00:00:00,AU,,0
2023-09-04 00:00:00,BN,,0
2023-09-04 00:00:00,BR,1468,7
2023-09-04 00:00:00,BS,,0
2023-09-04 00:00:00,BZ,,0
2023-09-04 00:00:00,CCS,,0
2023-09-04 00:00:00,CD,363,12
2023-09-04 00:00:00,CG,2600,18
2023-09-04 00:00:00,CM,616,9
2023-09-04 00:00:00,CO,1431,30
2023-09-04 00:00:00,EC,,0
2023-09-04 00:00:00,EG,,0
2023-09-04 00:00:00,ER,,0
2023-09-04 00:00:00,FR,,0
2023-09-04 00:00:00,GA,2241,16
2023-09-04 00:00:00,GT,,0
2023-09-04 00:00:00,IQ,,0
2023-09-04 00:00:00,LH,,0
2023-09-04 00:00:00,MX,55,3
2023-09-04 00:00:00,PE,,0
2023-09-04 00:00:00,SG,,0
2023-09-04 00:00:00,TD,995,8
2023-09-04 00:00:00,TN,340,1
2023-09-04 00:00:00,TR,49,4
2023-09-04 00:00:00,TT,693,4
2023-09-04 00:00:00,UKS,1,3
2023-09-04 00:00:00,UKW,237,2
2023-09-04 00:00:00,US,,0
2023-09-04 00:00:00,VE,,0
2023-09-04 00:00:00,VN,,0
2023-09-04 00:00:00,WE,,0
2023-09-05 00:00:00,,,0
2023-09-05 00:00:00,"",,0
2023-09-05 00:00:00,AU,,0
2023-09-05 00:00:00,BN,,0
2023-09-05 00:00:00,BR,1428,7
2023-09-05 00:00:00,BS,,0
2023-09-05 00:00:00,BZ,,0
2023-09-05 00:00:00,CCS,,0
2023-09-05 00:00:00,CD,323,10
2023-09-05 00:00:00,CG,2506,18
2023-09-05 00:00:00,CM,159,9
2023-09-05 00:00:00,CO,1432,30
2023-09-05 00:00:00,EC,,0
2023-09-05 00:00:00,EG,,0
2023-09-05 00:00:00,ER,,0
2023-09-05 00:00:00,FR,,0
2023-09-05 00:00:00,GA,2401,17
2023-09-05 00:00:00,GT,,0
2023-09-05 00:00:00,IQ,,0
2023-09-05 00:00:00,LH,,0
2023-09-05 00:00:00,MX,55,3
2023-09-05 00:00:00,PE,,0
2023-09-05 00:00:00,SG,,0
2023-09-05 00:00:00,TD,1359,7
2023-09-05 00:00:00,TN,340,1
2023-09-05 00:00:00,TR,46,4
2023-09-05 00:00:00,TT,693,4
2023-09-05 00:00:00,UKS,1,3
2023-09-05 00:00:00,UKW,237,2
2023-09-05 00:00:00,US,,0
2023-09-05 00:00:00,VE,,0
2023-09-05 00:00:00,VN,,0
2023-09-05 00:00:00,WE,,0
2023-09-06 00:00:00,,,0
2023-09-06 00:00:00,"",,0
2023-09-06 00:00:00,AU,,0
2023-09-06 00:00:00,BN,,0
2023-09-06 00:00:00,BR,1428,7
2023-09-06 00:00:00,BS,,0
2023-09-06 00:00:00,BZ,,0
2023-09-06 00:00:00,CCS,,0
2023-09-06 00:00:00,CD,379,11
2023-09-06 00:00:00,CG,2470,18
2023-09-06 00:00:00,CM,231,9
2023-09-06 00:00:00,CO,1431,30
2023-09-06 00:00:00,EC,,0
2023-09-06 00:00:00,EG,,0
2023-09-06 00:00:00,ER,,0
2023-09-06 00:00:00,FR,,0
2023-09-06 00:00:00,GA,2442,17
2023-09-06 00:00:00,GT,,0
2023-09-06 00:00:00,IQ,,0
2023-09-06 00:00:00,LH,,0
2023-09-06 00:00:00,MX,55,3
2023-09-06 00:00:00,PE,,0
2023-09-06 00:00:00,SG,,0
2023-09-06 00:00:00,TD,1145,8
2023-09-06 00:00:00,TN,340,1
2023-09-06 00:00:00,TR,46,4
2023-09-06 00:00:00,TT,693,4
2023-09-06 00:00:00,UKS,1,3
2023-09-06 00:00:00,UKW,124,1
2023-09-06 00:00:00,US,,0
2023-09-06 00:00:00,VE,,0
2023-09-06 00:00:00,VN,,0
2023-09-06 00:00:00,WE,,0
2023-09-07 00:00:00,,,0
2023-09-07 00:00:00,"",,0
2023-09-07 00:00:00,AU,,0
2023-09-07 00:00:00,BN,,0
2023-09-07 00:00:00,BR,1428,7
2023-09-07 00:00:00,BS,,0
2023-09-07 00:00:00,BZ,,0
2023-09-07 00:00:00,CCS,,0
2023-09-07 00:00:00,CD,659,11
2023-09-07 00:00:00,CG,2526,18
2023-09-07 00:00:00,CM,159,10
2023-09-07 00:00:00,CO,1447,30
2023-09-07 00:00:00,EC,,0
2023-09-07 00:00:00,EG,,0
2023-09-07 00:00:00,ER,,0
2023-09-07 00:00:00,FR,,0
2023-09-07 00:00:00,GA,2399,16
2023-09-07 00:00:00,GT,,0
2023-09-07 00:00:00,IQ,,0
2023-09-07 00:00:00,LH,,0
2023-09-07 00:00:00,MX,55,3
2023-09-07 00:00:00,PE,,0
2023-09-07 00:00:00,SG,,0
2023-09-07 00:00:00,TD,1145,8
2023-09-07 00:00:00,TN,340,1
2023-09-07 00:00:00,TR,46,4
2023-09-07 00:00:00,TT,693,4
2023-09-07 00:00:00,UKS,1,3
2023-09-07 00:00:00,UKW,40,1
2023-09-07 00:00:00,US,,0
2023-09-07 00:00:00,VE,,0
2023-09-07 00:00:00,VN,,0
2023-09-07 00:00:00,WE,,0
2023-09-08 00:00:00,,,0
2023-09-08 00:00:00,"",,0
2023-09-08 00:00:00,AU,,0
2023-09-08 00:00:00,BN,,0
2023-09-08 00:00:00,BR,1428,7
2023-09-08 00:00:00,BS,,0
2023-09-08 00:00:00,BZ,,0
2023-09-08 00:00:00,CCS,,0
2023-09-08 00:00:00,CD,847,12
2023-09-08 00:00:00,CG,2431,18
2023-09-08 00:00:00,CM,159,10
2023-09-08 00:00:00,CO,1478,31
2023-09-08 00:00:00,EC,,0
2023-09-08 00:00:00,EG,,0
2023-09-08 00:00:00,ER,,0
2023-09-08 00:00:00,FR,,0
2023-09-08 00:00:00,GA,2412,17
2023-09-08 00:00:00,GT,,0
2023-09-08 00:00:00,IQ,,0
2023-09-08 00:00:00,LH,,0
2023-09-08 00:00:00,MX,30,2
2023-09-08 00:00:00,PE,,0
2023-09-08 00:00:00,SG,,0
2023-09-08 00:00:00,TD,1145,8
2023-09-08 00:00:00,TN,340,1
2023-09-08 00:00:00,TR,46,4
2023-09-08 00:00:00,TT,693,4
2023-09-08 00:00:00,UKS,1,3
2023-09-08 00:00:00,UKW,40,1
2023-09-08 00:00:00,US,,0
2023-09-08 00:00:00,VE,,0
2023-09-08 00:00:00,VN,,0
2023-09-08 00:00:00,WE,,0
2023-09-09 00:00:00,,,0
2023-09-09 00:00:00,"",,0
2023-09-09 00:00:00,AU,,0
2023-09-09 00:00:00,BN,,0
2023-09-09 00:00:00,BR,1428,7
2023-09-09 00:00:00,BS,,0
2023-09-09 00:00:00,BZ,,0
2023-09-09 00:00:00,CCS,,0
2023-09-09 00:00:00,CD,819,13
2023-09-09 00:00:00,CG,1929,18
2023-09-09 00:00:00,CM,159,10
2023-09-09 00:00:00,CO,1321,29
2023-09-09 00:00:00,EC,,0
2023-09-09 00:00:00,EG,,0
2023-09-09 00:00:00,ER,,0
2023-09-09 00:00:00,FR,,0
2023-09-09 00:00:00,GA,2751,19
2023-09-09 00:00:00,GT,,0
2023-09-09 00:00:00,IQ,,0
2023-09-09 00:00:00,LH,,0
2023-09-09 00:00:00,MX,30,2
2023-09-09 00:00:00,PE,,0
2023-09-09 00:00:00,SG,,0
2023-09-09 00:00:00,TD,1145,8
2023-09-09 00:00:00,TN,340,1
2023-09-09 00:00:00,TR,46,4
2023-09-09 00:00:00,TT,693,4
2023-09-09 00:00:00,UKS,1,3
2023-09-09 00:00:00,UKW,41,1
2023-09-09 00:00:00,US,,0
2023-09-09 00:00:00,VE,,0
2023-09-09 00:00:00,VN,,0
2023-09-09 00:00:00,WE,,0
2023-09-10 00:00:00,,,0
2023-09-10 00:00:00,"",,0
2023-09-10 00:00:00,AU,,0
2023-09-10 00:00:00,BN,,0
2023-09-10 00:00:00,BR,1428,7
2023-09-10 00:00:00,BS,,0
2023-09-10 00:00:00,BZ,,0
2023-09-10 00:00:00,CCS,,0
2023-09-10 00:00:00,CD,819,13
2023-09-10 00:00:00,CG,2646,20
2023-09-10 00:00:00,CM,68,10
2023-09-10 00:00:00,CO,1309,28
2023-09-10 00:00:00,EC,,0
2023-09-10 00:00:00,EG,,0
2023-09-10 00:00:00,ER,,0
2023-09-10 00:00:00,FR,,0
2023-09-10 00:00:00,GA,2797,19
2023-09-10 00:00:00,GT,,0
2023-09-10 00:00:00,IQ,,0
2023-09-10 00:00:00,LH,,0
2023-09-10 00:00:00,MX,1616,2
2023-09-10 00:00:00,PE,,0
2023-09-10 00:00:00,SG,,0
2023-09-10 00:00:00,TD,1145,8
2023-09-10 00:00:00,TN,340,1
2023-09-10 00:00:00,TR,46,4
2023-09-10 00:00:00,TT,693,4
2023-09-10 00:00:00,UKS,1,3
2023-09-10 00:00:00,UKW,428,2
2023-09-10 00:00:00,US,,0
2023-09-10 00:00:00,VE,,0
2023-09-10 00:00:00,VN,,0
2023-09-10 00:00:00,WE,,0
2023-09-11 00:00:00,,,0
2023-09-11 00:00:00,"",,0
2023-09-11 00:00:00,AU,,0
2023-09-11 00:00:00,BN,,0
2023-09-11 00:00:00,BR,1428,7
2023-09-11 00:00:00,BS,,0
2023-09-11 00:00:00,BZ,,0
2023-09-11 00:00:00,CCS,,0
2023-09-11 00:00:00,CD,831,15
2023-09-11 00:00:00,CG,2685,21
2023-09-11 00:00:00,CM,68,10
2023-09-11 00:00:00,CO,1398,28
2023-09-11 00:00:00,EC,,0
2023-09-11 00:00:00,EG,,0
2023-09-11 00:00:00,ER,,0
2023-09-11 00:00:00,FR,,0
2023-09-11 00:00:00,GA,2751,19
2023-09-11 00:00:00,GT,,0
2023-09-11 00:00:00,IQ,,0
2023-09-11 00:00:00,LH,,0
2023-09-11 00:00:00,MX,360,3
2023-09-11 00:00:00,PE,,0
2023-09-11 00:00:00,SG,,0
2023-09-11 00:00:00,TD,1145,8
2023-09-11 00:00:00,TN,340,1
2023-09-11 00:00:00,TR,46,4
2023-09-11 00:00:00,TT,693,4
2023-09-11 00:00:00,UKS,1,3
2023-09-11 00:00:00,UKW,553,3
2023-09-11 00:00:00,US,,0
2023-09-11 00:00:00,VE,,0
2023-09-11 00:00:00,VN,,0
2023-09-11 00:00:00,WE,,0
2023-09-12 00:00:00,,,0
2023-09-12 00:00:00,"",,0
2023-09-12 00:00:00,AU,,0
2023-09-12 00:00:00,BN,,0
2023-09-12 00:00:00,BR,1428,7
2023-09-12 00:00:00,BS,,0
2023-09-12 00:00:00,BZ,,0
2023-09-12 00:00:00,CCS,,0
2023-09-12 00:00:00,CD,1274,17
2023-09-12 00:00:00,CG,2624,20
2023-09-12 00:00:00,CM,148,11
2023-09-12 00:00:00,CO,1424,29
2023-09-12 00:00:00,EC,,0
2023-09-12 00:00:00,EG,,0
2023-09-12 00:00:00,ER,,0
2023-09-12 00:00:00,FR,,0
2023-09-12 00:00:00,GA,2751,19
2023-09-12 00:00:00,GT,,0
2023-09-12 00:00:00,IQ,,0
2023-09-12 00:00:00,LH,,0
2023-09-12 00:00:00,MX,75,3
2023-09-12 00:00:00,PE,,0
2023-09-12 00:00:00,SG,,0
2023-09-12 00:00:00,TD,1145,8
2023-09-12 00:00:00,TN,340,1
2023-09-12 00:00:00,TR,46,4
2023-09-12 00:00:00,TT,693,4
2023-09-12 00:00:00,UKS,3,2
2023-09-12 00:00:00,UKW,553,3
2023-09-12 00:00:00,US,,0
2023-09-12 00:00:00,VE,,0
2023-09-12 00:00:00,VN,,0
2023-09-12 00:00:00,WE,,0
2023-09-13 00:00:00,,,0
2023-09-13 00:00:00,"",,0
2023-09-13 00:00:00,AU,,0
2023-09-13 00:00:00,BN,,0
2023-09-13 00:00:00,BR,1428,7
2023-09-13 00:00:00,BS,,0
2023-09-13 00:00:00,BZ,,0
2023-09-13 00:00:00,CCS,,0
2023-09-13 00:00:00,CD,1575,17
2023-09-13 00:00:00,CG,3849,20
2023-09-13 00:00:00,CM,154,10
2023-09-13 00:00:00,CO,1399,29
2023-09-13 00:00:00,EC,,0
2023-09-13 00:00:00,EG,,0
2023-09-13 00:00:00,ER,,0
2023-09-13 00:00:00,FR,,0
2023-09-13 00:00:00,GA,2893,19
2023-09-13 00:00:00,GT,,0
2023-09-13 00:00:00,IQ,,0
2023-09-13 00:00:00,LH,,0
2023-09-13 00:00:00,MX,75,3
2023-09-13 00:00:00,PE,,0
2023-09-13 00:00:00,SG,,0
2023-09-13 00:00:00,TD,1145,8
2023-09-13 00:00:00,TN,340,1
2023-09-13 00:00:00,TR,50,4
2023-09-13 00:00:00,TT,693,4
2023-09-13 00:00:00,UKS,3,4
2023-09-13 00:00:00,UKW,553,3
2023-09-13 00:00:00,US,,0
2023-09-13 00:00:00,VE,,0
2023-09-13 00:00:00,VN,,0
2023-09-13 00:00:00,WE,,0
2023-09-14 00:00:00,,,0
2023-09-14 00:00:00,"",,0
2023-09-14 00:00:00,AU,,0
2023-09-14 00:00:00,BN,,0
2023-09-14 00:00:00,BR,1428,7
2023-09-14 00:00:00,BS,,0
2023-09-14 00:00:00,BZ,,0
2023-09-14 00:00:00,CCS,,0
2023-09-14 00:00:00,CD,1852,17
2023-09-14 00:00:00,CG,3436,19
2023-09-14 00:00:00,CM,160,11
2023-09-14 00:00:00,CO,1391,30
2023-09-14 00:00:00,EC,,0
2023-09-14 00:00:00,EG,,0
2023-09-14 00:00:00,ER,,0
2023-09-14 00:00:00,FR,,0
2023-09-14 00:00:00,GA,2751,19
2023-09-14 00:00:00,GT,,0
2023-09-14 00:00:00,IQ,,0
2023-09-14 00:00:00,LH,,0
2023-09-14 00:00:00,MX,75,3
2023-09-14 00:00:00,PE,,0
2023-09-14 00:00:00,SG,,0
2023-09-14 00:00:00,TD,1145,8
2023-09-14 00:00:00,TN,340,1
2023-09-14 00:00:00,TR,54,5
2023-09-14 00:00:00,TT,693,4
2023-09-14 00:00:00,UKS,3,3
2023-09-14 00:00:00,UKW,515,1
2023-09-14 00:00:00,US,,0
2023-09-14 00:00:00,VE,,0
2023-09-14 00:00:00,VN,,0
2023-09-14 00:00:00,WE,,0
2023-09-15 00:00:00,,,0
2023-09-15 00:00:00,"",,0
2023-09-15 00:00:00,AU,,0
2023-09-15 00:00:00,BN,,0
2023-09-15 00:00:00,BR,1428,7
2023-09-15 00:00:00,BS,,0
2023-09-15 00:00:00,BZ,,0
2023-09-15 00:00:00,CCS,,0
2023-09-15 00:00:00,CD,1855,18
2023-09-15 00:00:00,CG,2035,18
2023-09-15 00:00:00,CM,148,11
2023-09-15 00:00:00,CO,1406,30
2023-09-15 00:00:00,EC,,0
2023-09-15 00:00:00,EG,,0
2023-09-15 00:00:00,ER,,0
2023-09-15 00:00:00,FR,,0
2023-09-15 00:00:00,GA,2661,18
2023-09-15 00:00:00,GT,,0
2023-09-15 00:00:00,IQ,,0
2023-09-15 00:00:00,LH,,0
2023-09-15 00:00:00,MX,75,3
2023-09-15 00:00:00,PE,,0
2023-09-15 00:00:00,SG,,0
2023-09-15 00:00:00,TD,1409,8
2023-09-15 00:00:00,TN,340,1
2023-09-15 00:00:00,TR,49,4
2023-09-15 00:00:00,TT,693,4
2023-09-15 00:00:00,UKS,3,3
2023-09-15 00:00:00,UKW,530,1
2023-09-15 00:00:00,US,,0
2023-09-15 00:00:00,VE,,0
2023-09-15 00:00:00,VN,,0
2023-09-15 00:00:00,WE,,0
2023-09-16 00:00:00,,,0
2023-09-16 00:00:00,"",,0
2023-09-16 00:00:00,AU,,0
2023-09-16 00:00:00,BN,,0
2023-09-16 00:00:00,BR,1428,7
2023-09-16 00:00:00,BS,,0
2023-09-16 00:00:00,BZ,,0
2023-09-16 00:00:00,CCS,,0
2023-09-16 00:00:00,CD,1855,18
2023-09-16 00:00:00,CG,2036,20
2023-09-16 00:00:00,CM,208,11
2023-09-16 00:00:00,CO,1377,29
2023-09-16 00:00:00,EC,,0
2023-09-16 00:00:00,EG,,0
2023-09-16 00:00:00,ER,,0
2023-09-16 00:00:00,FR,,0
2023-09-16 00:00:00,GA,2625,19
2023-09-16 00:00:00,GT,,0
2023-09-16 00:00:00,IQ,,0
2023-09-16 00:00:00,LH,,0
2023-09-16 00:00:00,MX,75,3
2023-09-16 00:00:00,PE,,0
2023-09-16 00:00:00,SG,,0
2023-09-16 00:00:00,TD,1433,9
2023-09-16 00:00:00,TN,340,1
2023-09-16 00:00:00,TR,46,4
2023-09-16 00:00:00,TT,693,4
2023-09-16 00:00:00,UKS,3,5
2023-09-16 00:00:00,UKW,540,2
2023-09-16 00:00:00,US,,0
2023-09-16 00:00:00,VE,,0
2023-09-16 00:00:00,VN,,0
2023-09-16 00:00:00,WE,,0
2023-09-17 00:00:00,,,0
2023-09-17 00:00:00,"",,0
2023-09-17 00:00:00,AU,,0
2023-09-17 00:00:00,BN,,0
2023-09-17 00:00:00,BR,1428,7
2023-09-17 00:00:00,BS,,0
2023-09-17 00:00:00,BZ,,0
2023-09-17 00:00:00,CCS,,0
2023-09-17 00:00:00,CD,1839,17
2023-09-17 00:00:00,CG,1924,19
2023-09-17 00:00:00,CM,148,11
2023-09-17 00:00:00,CO,1377,29
2023-09-17 00:00:00,EC,,0
2023-09-17 00:00:00,EG,,0
2023-09-17 00:00:00,ER,,0
2023-09-17 00:00:00,FR,,0
2023-09-17 00:00:00,GA,2613,18
2023-09-17 00:00:00,GT,,0
2023-09-17 00:00:00,IQ,,0
2023-09-17 00:00:00,LH,,0
2023-09-17 00:00:00,MX,75,3
2023-09-17 00:00:00,PE,,0
2023-09-17 00:00:00,SG,,0
2023-09-17 00:00:00,TD,1513,9
2023-09-17 00:00:00,TN,340,1
2023-09-17 00:00:00,TR,46,4
2023-09-17 00:00:00,TT,693,4
2023-09-17 00:00:00,UKS,3,4
2023-09-17 00:00:00,UKW,264,1
2023-09-17 00:00:00,US,,0
2023-09-17 00:00:00,VE,,0
2023-09-17 00:00:00,VN,,0
2023-09-17 00:00:00,WE,,0
2023-09-18 00:00:00,,,0
2023-09-18 00:00:00,"",,0
2023-09-18 00:00:00,AU,,0
2023-09-18 00:00:00,BN,,0
2023-09-18 00:00:00,BR,1865,9
2023-09-18 00:00:00,BS,,0
2023-09-18 00:00:00,BZ,,0
2023-09-18 00:00:00,CCS,,0
2023-09-18 00:00:00,CD,1899,18
2023-09-18 00:00:00,CG,1968,19
2023-09-18 00:00:00,CM,148,11
2023-09-18 00:00:00,CO,1377,29
2023-09-18 00:00:00,EC,,0
2023-09-18 00:00:00,EG,,0
2023-09-18 00:00:00,ER,,0
2023-09-18 00:00:00,FR,,0
2023-09-18 00:00:00,GA,2942,21
2023-09-18 00:00:00,GT,40,2
2023-09-18 00:00:00,IQ,,0
2023-09-18 00:00:00,LH,,0
2023-09-18 00:00:00,MX,75,3
2023-09-18 00:00:00,PE,,0
2023-09-18 00:00:00,SG,,0
2023-09-18 00:00:00,TD,1488,8
2023-09-18 00:00:00,TN,340,1
2023-09-18 00:00:00,TR,46,4
2023-09-18 00:00:00,TT,714,4
2023-09-18 00:00:00,UKS,3,4
2023-09-18 00:00:00,UKW,45,1
2023-09-18 00:00:00,US,,0
2023-09-18 00:00:00,VE,,0
2023-09-18 00:00:00,VN,,0
2023-09-18 00:00:00,WE,,0
2023-09-19 00:00:00,,,0
2023-09-19 00:00:00,"",,0
2023-09-19 00:00:00,AU,,0
2023-09-19 00:00:00,BN,,0
2023-09-19 00:00:00,BR,1865,9
2023-09-19 00:00:00,BS,,0
2023-09-19 00:00:00,BZ,,0
2023-09-19 00:00:00,CCS,,0
2023-09-19 00:00:00,CD,1895,19
2023-09-19 00:00:00,CG,1924,19
2023-09-19 00:00:00,CM,148,11
2023-09-19 00:00:00,CO,1431,28
2023-09-19 00:00:00,EC,,0
2023-09-19 00:00:00,EG,,0
2023-09-19 00:00:00,ER,,0
2023-09-19 00:00:00,FR,,0
2023-09-19 00:00:00,GA,2866,21
2023-09-19 00:00:00,GT,40,2
2023-09-19 00:00:00,IQ,,0
2023-09-19 00:00:00,LH,,0
2023-09-19 00:00:00,MX,75,3
2023-09-19 00:00:00,PE,,0
2023-09-19 00:00:00,SG,,0
2023-09-19 00:00:00,TD,1433,9
2023-09-19 00:00:00,TN,340,1
2023-09-19 00:00:00,TR,46,4
2023-09-19 00:00:00,TT,807,5
2023-09-19 00:00:00,UKS,3,5
2023-09-19 00:00:00,UKW,40,1
2023-09-19 00:00:00,US,,0
2023-09-19 00:00:00,VE,,0
2023-09-19 00:00:00,VN,,0
2023-09-19 00:00:00,WE,,0
2023-09-20 00:00:00,,,0
2023-09-20 00:00:00,"",,0
2023-09-20 00:00:00,AU,,0
2023-09-20 00:00:00,BN,,0
2023-09-20 00:00:00,BR,1793,8
2023-09-20 00:00:00,BS,,0
2023-09-20 00:00:00,BZ,,0
2023-09-20 00:00:00,CCS,,0
2023-09-20 00:00:00,CD,1903,19
2023-09-20 00:00:00,CG,1895,19
2023-09-20 00:00:00,CM,148,11
2023-09-20 00:00:00,CO,1425,29
2023-09-20 00:00:00,EC,,0
2023-09-20 00:00:00,EG,,0
2023-09-20 00:00:00,ER,,0
2023-09-20 00:00:00,FR,,0
2023-09-20 00:00:00,GA,2716,20
2023-09-20 00:00:00,GT,40,2
2023-09-20 00:00:00,IQ,,0
2023-09-20 00:00:00,LH,,0
2023-09-20 00:00:00,MX,75,3
2023-09-20 00:00:00,PE,,0
2023-09-20 00:00:00,SG,,0
2023-09-20 00:00:00,TD,1489,7
2023-09-20 00:00:00,TN,340,1
2023-09-20 00:00:00,TR,46,4
2023-09-20 00:00:00,TT,807,5
2023-09-20 00:00:00,UKS,3,4
2023-09-20 00:00:00,UKW,40,1
2023-09-20 00:00:00,US,,0
2023-09-20 00:00:00,VE,,0
2023-09-20 00:00:00,VN,,0
2023-09-20 00:00:00,WE,,0
2023-09-21 00:00:00,,,0
2023-09-21 00:00:00,"",,0
2023-09-21 00:00:00,AU,,0
2023-09-21 00:00:00,BN,,0
2023-09-21 00:00:00,BR,1614,7
2023-09-21 00:00:00,BS,,0
2023-09-21 00:00:00,BZ,,0
2023-09-21 00:00:00,CCS,,0
2023-09-21 00:00:00,CD,1902,16
2023-09-21 00:00:00,CG,1794,18
2023-09-21 00:00:00,CM,148,12
2023-09-21 00:00:00,CO,1439,30
2023-09-21 00:00:00,EC,,0
2023-09-21 00:00:00,EG,,0
2023-09-21 00:00:00,ER,,0
2023-09-21 00:00:00,FR,,0
2023-09-21 00:00:00,GA,4174,20
2023-09-21 00:00:00,GT,40,2
2023-09-21 00:00:00,IQ,,0
2023-09-21 00:00:00,LH,,0
2023-09-21 00:00:00,MX,75,3
2023-09-21 00:00:00,PE,,0
2023-09-21 00:00:00,SG,,0
2023-09-21 00:00:00,TD,1445,8
2023-09-21 00:00:00,TN,340,1
2023-09-21 00:00:00,TR,46,4
2023-09-21 00:00:00,TT,807,5
2023-09-21 00:00:00,UKS,3,4
2023-09-21 00:00:00,UKW,40,1
2023-09-21 00:00:00,US,,0
2023-09-21 00:00:00,VE,,0
2023-09-21 00:00:00,VN,,0
2023-09-21 00:00:00,WE,,0
2023-09-22 00:00:00,,,0
2023-09-22 00:00:00,"",,0
2023-09-22 00:00:00,AU,,0
2023-09-22 00:00:00,BN,,0
2023-09-22 00:00:00,BR,1428,7
2023-09-22 00:00:00,BS,,0
2023-09-22 00:00:00,BZ,,0
2023-09-22 00:00:00,CCS,,0
2023-09-22 00:00:00,CD,1863,17
2023-09-22 00:00:00,CG,2755,18
2023-09-22 00:00:00,CM,148,13
2023-09-22 00:00:00,CO,1449,30
2023-09-22 00:00:00,EC,,0
2023-09-22 00:00:00,EG,,0
2023-09-22 00:00:00,ER,,0
2023-09-22 00:00:00,FR,,0
2023-09-22 00:00:00,GA,6119,21
2023-09-22 00:00:00,GT,40,2
2023-09-22 00:00:00,IQ,,0
2023-09-22 00:00:00,LH,,0
2023-09-22 00:00:00,MX,75,3
2023-09-22 00:00:00,PE,,0
2023-09-22 00:00:00,SG,,0
2023-09-22 00:00:00,TD,1541,8
2023-09-22 00:00:00,TN,340,1
2023-09-22 00:00:00,TR,46,4
2023-09-22 00:00:00,TT,807,5
2023-09-22 00:00:00,UKS,3,5
2023-09-22 00:00:00,UKW,40,1
2023-09-22 00:00:00,US,,0
2023-09-22 00:00:00,VE,,0
2023-09-22 00:00:00,VN,,0
2023-09-22 00:00:00,WE,,0
2023-09-23 00:00:00,,,0
2023-09-23 00:00:00,"",,0
2023-09-23 00:00:00,AU,,0
2023-09-23 00:00:00,BN,,0
2023-09-23 00:00:00,BR,1428,7
2023-09-23 00:00:00,BS,,0
2023-09-23 00:00:00,BZ,,0
2023-09-23 00:00:00,CCS,,0
2023-09-23 00:00:00,CD,1813,17
2023-09-23 00:00:00,CG,3079,19
2023-09-23 00:00:00,CM,148,13
2023-09-23 00:00:00,CO,1446,29
2023-09-23 00:00:00,EC,,0
2023-09-23 00:00:00,EG,,0
2023-09-23 00:00:00,ER,,0
2023-09-23 00:00:00,FR,,0
2023-09-23 00:00:00,GA,5959,21
2023-09-23 00:00:00,GT,20,1
2023-09-23 00:00:00,IQ,,0
2023-09-23 00:00:00,LH,,0
2023-09-23 00:00:00,MX,75,3
2023-09-23 00:00:00,PE,,0
2023-09-23 00:00:00,SG,,0
2023-09-23 00:00:00,TD,1541,8
2023-09-23 00:00:00,TN,340,1
2023-09-23 00:00:00,TR,46,4
2023-09-23 00:00:00,TT,807,5
2023-09-23 00:00:00,UKS,3,4
2023-09-23 00:00:00,UKW,40,1
2023-09-23 00:00:00,US,,0
2023-09-23 00:00:00,VE,,0
2023-09-23 00:00:00,VN,,0
2023-09-23 00:00:00,WE,,0
2023-09-24 00:00:00,,,0
2023-09-24 00:00:00,"",,0
2023-09-24 00:00:00,AU,,0
2023-09-24 00:00:00,BN,,0
2023-09-24 00:00:00,BR,1428,7
2023-09-24 00:00:00,BS,,0
2023-09-24 00:00:00,BZ,,0
2023-09-24 00:00:00,CCS,,0
2023-09-24 00:00:00,CD,1585,15
2023-09-24 00:00:00,CG,3079,19
2023-09-24 00:00:00,CM,108,12
2023-09-24 00:00:00,CO,1448,29
2023-09-24 00:00:00,EC,,0
2023-09-24 00:00:00,EG,,0
2023-09-24 00:00:00,ER,,0
2023-09-24 00:00:00,FR,,0
2023-09-24 00:00:00,GA,5956,20
2023-09-24 00:00:00,GT,20,1
2023-09-24 00:00:00,IQ,,0
2023-09-24 00:00:00,LH,,0
2023-09-24 00:00:00,MX,75,3
2023-09-24 00:00:00,PE,,0
2023-09-24 00:00:00,SG,,0
2023-09-24 00:00:00,TD,1777,9
2023-09-24 00:00:00,TN,340,1
2023-09-24 00:00:00,TR,46,4
2023-09-24 00:00:00,TT,693,4
2023-09-24 00:00:00,UKS,1,3
2023-09-24 00:00:00,UKW,40,1
2023-09-24 00:00:00,US,,0
2023-09-24 00:00:00,VE,,0
2023-09-24 00:00:00,VN,,0
2023-09-24 00:00:00,WE,,0
2023-09-25 00:00:00,,,0
2023-09-25 00:00:00,"",,0
2023-09-25 00:00:00,AU,,0
2023-09-25 00:00:00,BN,,0
2023-09-25 00:00:00,BR,1744,8
2023-09-25 00:00:00,BS,,0
2023-09-25 00:00:00,BZ,,0
2023-09-25 00:00:00,CCS,,0
2023-09-25 00:00:00,CD,1566,13
2023-09-25 00:00:00,CG,1939,18
2023-09-25 00:00:00,CM,68,12
2023-09-25 00:00:00,CO,1448,29
2023-09-25 00:00:00,EC,,0
2023-09-25 00:00:00,EG,,0
2023-09-25 00:00:00,ER,,0
2023-09-25 00:00:00,FR,,0
2023-09-25 00:00:00,GA,5931,20
2023-09-25 00:00:00,GT,20,1
2023-09-25 00:00:00,IQ,,0
2023-09-25 00:00:00,LH,,0
2023-09-25 00:00:00,MX,75,3
2023-09-25 00:00:00,PE,,0
2023-09-25 00:00:00,SG,,0
2023-09-25 00:00:00,TD,1777,9
2023-09-25 00:00:00,TN,340,1
2023-09-25 00:00:00,TR,46,4
2023-09-25 00:00:00,TT,693,4
2023-09-25 00:00:00,UKS,1,4
2023-09-25 00:00:00,UKW,40,1
2023-09-25 00:00:00,US,,0
2023-09-25 00:00:00,VE,,0
2023-09-25 00:00:00,VN,,0
2023-09-25 00:00:00,WE,,0
2023-09-26 00:00:00,,,0
2023-09-26 00:00:00,"",,0
2023-09-26 00:00:00,AU,,0
2023-09-26 00:00:00,BN,,0
2023-09-26 00:00:00,BR,1832,8
2023-09-26 00:00:00,BS,,0
2023-09-26 00:00:00,BZ,,0
2023-09-26 00:00:00,CCS,,0
2023-09-26 00:00:00,CD,1543,12
2023-09-26 00:00:00,CG,1785,18
2023-09-26 00:00:00,CM,68,12
2023-09-26 00:00:00,CO,1447,30
2023-09-26 00:00:00,EC,,0
2023-09-26 00:00:00,EG,,0
2023-09-26 00:00:00,ER,,0
2023-09-26 00:00:00,FR,,0
2023-09-26 00:00:00,GA,5694,20
2023-09-26 00:00:00,GT,20,1
2023-09-26 00:00:00,IQ,,0
2023-09-26 00:00:00,LH,,0
2023-09-26 00:00:00,MX,75,3
2023-09-26 00:00:00,PE,,0
2023-09-26 00:00:00,SG,,0
2023-09-26 00:00:00,TD,2055,10
2023-09-26 00:00:00,TN,340,1
2023-09-26 00:00:00,TR,46,4
2023-09-26 00:00:00,TT,871,5
2023-09-26 00:00:00,UKS,1,4
2023-09-26 00:00:00,UKW,204,1
2023-09-26 00:00:00,US,,0
2023-09-26 00:00:00,VE,,0
2023-09-26 00:00:00,VN,,0
2023-09-26 00:00:00,WE,,0
2023-09-27 00:00:00,,,0
2023-09-27 00:00:00,"",,0
2023-09-27 00:00:00,AU,,0
2023-09-27 00:00:00,BN,,0
2023-09-27 00:00:00,BR,1629,8
2023-09-27 00:00:00,BS,,0
2023-09-27 00:00:00,BZ,,0
2023-09-27 00:00:00,CCS,,0
2023-09-27 00:00:00,CD,1564,13
2023-09-27 00:00:00,CG,1785,18
2023-09-27 00:00:00,CM,,11
2023-09-27 00:00:00,CO,1459,31
2023-09-27 00:00:00,EC,,0
2023-09-27 00:00:00,EG,,0
2023-09-27 00:00:00,ER,,0
2023-09-27 00:00:00,FR,,0
2023-09-27 00:00:00,GA,5694,20
2023-09-27 00:00:00,GT,20,1
2023-09-27 00:00:00,IQ,,0
2023-09-27 00:00:00,LH,,0
2023-09-27 00:00:00,MX,75,3
2023-09-27 00:00:00,PE,,0
2023-09-27 00:00:00,SG,,0
2023-09-27 00:00:00,TD,2055,10
2023-09-27 00:00:00,TN,340,1
2023-09-27 00:00:00,TR,46,4
2023-09-27 00:00:00,TT,871,5
2023-09-27 00:00:00,UKS,,0
2023-09-27 00:00:00,UKW,,0
2023-09-27 00:00:00,US,,0
2023-09-27 00:00:00,VE,,0
2023-09-27 00:00:00,VN,,0
2023-09-27 00:00:00,WE,,0
2023-09-28 00:00:00,,,0
2023-09-28 00:00:00,"",,0
2023-09-28 00:00:00,AU,,0
2023-09-28 00:00:00,BN,,0
2023-09-28 00:00:00,BR,1629,8
2023-09-28 00:00:00,BS,,0
2023-09-28 00:00:00,BZ,,0
2023-09-28 00:00:00,CCS,,0
2023-09-28 00:00:00,CD,1554,13
2023-09-28 00:00:00,CG,1785,18
2023-09-28 00:00:00,CM,,11
2023-09-28 00:00:00,CO,1446,30
2023-09-28 00:00:00,EC,,0
2023-09-28 00:00:00,EG,,0
2023-09-28 00:00:00,ER,,0
2023-09-28 00:00:00,FR,,0
2023-09-28 00:00:00,GA,5766,20
2023-09-28 00:00:00,GT,20,1
2023-09-28 00:00:00,IQ,,0
2023-09-28 00:00:00,LH,,0
2023-09-28 00:00:00,MX,75,3
2023-09-28 00:00:00,PE,,0
2023-09-28 00:00:00,SG,,0
2023-09-28 00:00:00,TD,2055,10
2023-09-28 00:00:00,TN,340,1
2023-09-28 00:00:00,TR,53,5
2023-09-28 00:00:00,TT,871,5
2023-09-28 00:00:00,UKS,2,4
2023-09-28 00:00:00,UKW,829,1
2023-09-28 00:00:00,US,,0
2023-09-28 00:00:00,VE,,0
2023-09-28 00:00:00,VN,,0
2023-09-28 00:00:00,WE,,0
2023-09-29 00:00:00,,,0
2023-09-29 00:00:00,"",,0
2023-09-29 00:00:00,AU,,0
2023-09-29 00:00:00,BN,,0
2023-09-29 00:00:00,BR,1629,8
2023-09-29 00:00:00,BS,,0
2023-09-29 00:00:00,BZ,,0
2023-09-29 00:00:00,CCS,,0
2023-09-29 00:00:00,CD,1598,13
2023-09-29 00:00:00,CG,1785,18
2023-09-29 00:00:00,CM,,11
2023-09-29 00:00:00,CO,1446,30
2023-09-29 00:00:00,EC,,0
2023-09-29 00:00:00,EG,,0
2023-09-29 00:00:00,ER,,0
2023-09-29 00:00:00,FR,,0
2023-09-29 00:00:00,GA,5615,20
2023-09-29 00:00:00,GT,20,1
2023-09-29 00:00:00,IQ,,0
2023-09-29 00:00:00,LH,,0
2023-09-29 00:00:00,MX,75,3
2023-09-29 00:00:00,PE,,0
2023-09-29 00:00:00,SG,,0
2023-09-29 00:00:00,TD,2055,10
2023-09-29 00:00:00,TN,340,1
2023-09-29 00:00:00,TR,61,6
2023-09-29 00:00:00,TT,871,5
2023-09-29 00:00:00,UKS,2,4
2023-09-29 00:00:00,UKW,829,1
2023-09-29 00:00:00,US,,0
2023-09-29 00:00:00,VE,,0
2023-09-29 00:00:00,VN,,0
2023-09-29 00:00:00,WE,,0
2023-09-30 00:00:00,,,0
2023-09-30 00:00:00,"",,0
2023-09-30 00:00:00,AU,,0
2023-09-30 00:00:00,BN,,0
2023-09-30 00:00:00,BR,1629,8
2023-09-30 00:00:00,BS,,0
2023-09-30 00:00:00,BZ,,0
2023-09-30 00:00:00,CCS,,0
2023-09-30 00:00:00,CD,1635,16
2023-09-30 00:00:00,CG,1919,18
2023-09-30 00:00:00,CM,68,12
2023-09-30 00:00:00,CO,1446,30
2023-09-30 00:00:00,EC,,0
2023-09-30 00:00:00,EG,,0
2023-09-30 00:00:00,ER,,0
2023-09-30 00:00:00,FR,,0
2023-09-30 00:00:00,GA,5941,22
2023-09-30 00:00:00,GT,20,1
2023-09-30 00:00:00,IQ,,0
2023-09-30 00:00:00,LH,,0
2023-09-30 00:00:00,MX,75,3
2023-09-30 00:00:00,PE,,0
2023-09-30 00:00:00,SG,,0
2023-09-30 00:00:00,TD,2055,10
2023-09-30 00:00:00,TN,340,1
2023-09-30 00:00:00,TR,61,6
2023-09-30 00:00:00,TT,871,5
2023-09-30 00:00:00,UKS,2,4
2023-09-30 00:00:00,UKW,829,1
2023-09-30 00:00:00,US,,0
2023-09-30 00:00:00,VE,,0
2023-09-30 00:00:00,VN,,0
2023-09-30 00:00:00,WE,,0
2023-10-01 00:00:00,,,0
2023-10-01 00:00:00,"",,0
2023-10-01 00:00:00,AU,,0
2023-10-01 00:00:00,BN,,0
2023-10-01 00:00:00,BR,1629,8
2023-10-01 00:00:00,BS,,0
2023-10-01 00:00:00,BZ,,0
2023-10-01 00:00:00,CCS,,0
2023-10-01 00:00:00,CD,1629,15
2023-10-01 00:00:00,CG,2032,19
2023-10-01 00:00:00,CM,68,12
2023-10-01 00:00:00,CO,956,16
2023-10-01 00:00:00,EC,,0
2023-10-01 00:00:00,EG,,0
2023-10-01 00:00:00,ER,,0
2023-10-01 00:00:00,FR,,0
2023-10-01 00:00:00,GA,6067,23
2023-10-01 00:00:00,GT,20,1
2023-10-01 00:00:00,IQ,,0
2023-10-01 00:00:00,LH,,0
2023-10-01 00:00:00,MX,75,3
2023-10-01 00:00:00,PE,,0
2023-10-01 00:00:00,SG,,0
2023-10-01 00:00:00,TD,2055,10
2023-10-01 00:00:00,TN,340,1
2023-10-01 00:00:00,TR,52,4
2023-10-01 00:00:00,TT,830,4
2023-10-01 00:00:00,UKS,1,5
2023-10-01 00:00:00,UKW,829,1
2023-10-01 00:00:00,US,,0
2023-10-01 00:00:00,VE,,0
2023-10-01 00:00:00,VN,,0
2023-10-01 00:00:00,WE,,0
2023-10-02 00:00:00,,,0
2023-10-02 00:00:00,"",,0
2023-10-02 00:00:00,AU,,0
2023-10-02 00:00:00,BN,,0
2023-10-02 00:00:00,BR,1629,8
2023-10-02 00:00:00,BS,,0
2023-10-02 00:00:00,BZ,,0
2023-10-02 00:00:00,CCS,,0
2023-10-02 00:00:00,CD,1613,16
2023-10-02 00:00:00,CG,2032,19
2023-10-02 00:00:00,CM,68,12
2023-10-02 00:00:00,CO,956,16
2023-10-02 00:00:00,EC,,0
2023-10-02 00:00:00,EG,,0
2023-10-02 00:00:00,ER,,0
2023-10-02 00:00:00,FR,,0
2023-10-02 00:00:00,GA,6018,20
2023-10-02 00:00:00,GT,,0
2023-10-02 00:00:00,IQ,,0
2023-10-02 00:00:00,LH,,0
2023-10-02 00:00:00,MX,75,3
2023-10-02 00:00:00,PE,,0
2023-10-02 00:00:00,SG,,0
2023-10-02 00:00:00,TD,1733,9
2023-10-02 00:00:00,TN,340,1
2023-10-02 00:00:00,TR,52,4
2023-10-02 00:00:00,TT,693,4
2023-10-02 00:00:00,UKS,1,4
2023-10-02 00:00:00,UKW,829,1
2023-10-02 00:00:00,US,,0
2023-10-02 00:00:00,VE,,0
2023-10-02 00:00:00,VN,,0
2023-10-02 00:00:00,WE,,0
2023-10-03 00:00:00,,,0
2023-10-03 00:00:00,"",,0
2023-10-03 00:00:00,AU,,0
2023-10-03 00:00:00,BN,,0
2023-10-03 00:00:00,BR,1629,8
2023-10-03 00:00:00,BS,,0
2023-10-03 00:00:00,BZ,,0
2023-10-03 00:00:00,CCS,,0
2023-10-03 00:00:00,CD,1666,17
2023-10-03 00:00:00,CG,2052,19
2023-10-03 00:00:00,CM,68,12
2023-10-03 00:00:00,CO,956,16
2023-10-03 00:00:00,EC,,0
2023-10-03 00:00:00,EG,,0
2023-10-03 00:00:00,ER,,0
2023-10-03 00:00:00,FR,,0
2023-10-03 00:00:00,GA,5935,20
2023-10-03 00:00:00,GT,,0
2023-10-03 00:00:00,IQ,,0
2023-10-03 00:00:00,LH,,0
2023-10-03 00:00:00,MX,75,3
2023-10-03 00:00:00,PE,,0
2023-10-03 00:00:00,SG,,0
2023-10-03 00:00:00,TD,1829,10
2023-10-03 00:00:00,TN,340,1
2023-10-03 00:00:00,TR,52,4
2023-10-03 00:00:00,TT,693,4
2023-10-03 00:00:00,UKS,1,4
2023-10-03 00:00:00,UKW,898,1
2023-10-03 00:00:00,US,,0
2023-10-03 00:00:00,VE,,0
2023-10-03 00:00:00,VN,,0
2023-10-03 00:00:00,WE,,0
2023-10-04 00:00:00,,,0
2023-10-04 00:00:00,"",,0
2023-10-04 00:00:00,AU,,0
2023-10-04 00:00:00,BN,,0
2023-10-04 00:00:00,BR,1629,8
2023-10-04 00:00:00,BS,,0
2023-10-04 00:00:00,BZ,,0
2023-10-04 00:00:00,CCS,,0
2023-10-04 00:00:00,CD,1723,19
2023-10-04 00:00:00,CG,2246,20
2023-10-04 00:00:00,CM,68,12
2023-10-04 00:00:00,CO,1030,17
2023-10-04 00:00:00,EC,,0
2023-10-04 00:00:00,EG,,0
2023-10-04 00:00:00,ER,,0
2023-10-04 00:00:00,FR,,0
2023-10-04 00:00:00,GA,5887,19
2023-10-04 00:00:00,GT,,0
2023-10-04 00:00:00,IQ,,0
2023-10-04 00:00:00,LH,,0
2023-10-04 00:00:00,MX,340,3
2023-10-04 00:00:00,PE,,0
2023-10-04 00:00:00,SG,,0
2023-10-04 00:00:00,TD,1829,10
2023-10-04 00:00:00,TN,340,1
2023-10-04 00:00:00,TR,52,4
2023-10-04 00:00:00,TT,693,4
2023-10-04 00:00:00,UKS,1,3
2023-10-04 00:00:00,UKW,958,2
2023-10-04 00:00:00,US,,0
2023-10-04 00:00:00,VE,,0
2023-10-04 00:00:00,VN,,0
2023-10-04 00:00:00,WE,,0
2023-10-05 00:00:00,,,0
2023-10-05 00:00:00,"",,0
2023-10-05 00:00:00,AU,,0
2023-10-05 00:00:00,BN,,0
2023-10-05 00:00:00,BR,1629,8
2023-10-05 00:00:00,BS,,0
2023-10-05 00:00:00,BZ,,0
2023-10-05 00:00:00,CCS,,0
2023-10-05 00:00:00,CD,1710,18
2023-10-05 00:00:00,CG,2297,20
2023-10-05 00:00:00,CM,72,12
2023-10-05 00:00:00,CO,1030,17
2023-10-05 00:00:00,EC,,0
2023-10-05 00:00:00,EG,,0
2023-10-05 00:00:00,ER,,0
2023-10-05 00:00:00,FR,,0
2023-10-05 00:00:00,GA,5741,19
2023-10-05 00:00:00,GT,,0
2023-10-05 00:00:00,IQ,,0
2023-10-05 00:00:00,LH,,0
2023-10-05 00:00:00,MX,385,4
2023-10-05 00:00:00,PE,,0
2023-10-05 00:00:00,SG,,0
2023-10-05 00:00:00,TD,1871,10
2023-10-05 00:00:00,TN,340,1
2023-10-05 00:00:00,TR,52,4
2023-10-05 00:00:00,TT,693,4
2023-10-05 00:00:00,UKS,1,4
2023-10-05 00:00:00,UKW,958,2
2023-10-05 00:00:00,US,,0
2023-10-05 00:00:00,VE,,0
2023-10-05 00:00:00,VN,,0
2023-10-05 00:00:00,WE,,0
2023-10-06 00:00:00,,,0
2023-10-06 00:00:00,"",,0
2023-10-06 00:00:00,AU,,0
2023-10-06 00:00:00,BN,,0
2023-10-06 00:00:00,BR,1629,8
2023-10-06 00:00:00,BS,,0
2023-10-06 00:00:00,BZ,,0
2023-10-06 00:00:00,CCS,,0
2023-10-06 00:00:00,CD,1702,17
2023-10-06 00:00:00,CG,2243,19
2023-10-06 00:00:00,CM,73,12
2023-10-06 00:00:00,CO,1040,17
2023-10-06 00:00:00,EC,,0
2023-10-06 00:00:00,EG,,0
2023-10-06 00:00:00,ER,,0
2023-10-06 00:00:00,FR,,0
2023-10-06 00:00:00,GA,5926,19
2023-10-06 00:00:00,GT,,0
2023-10-06 00:00:00,IQ,,0
2023-10-06 00:00:00,LH,,0
2023-10-06 00:00:00,MX,385,4
2023-10-06 00:00:00,PE,,0
2023-10-06 00:00:00,SG,,0
2023-10-06 00:00:00,TD,1823,10
2023-10-06 00:00:00,TN,340,1
2023-10-06 00:00:00,TR,52,4
2023-10-06 00:00:00,TT,693,4
2023-10-06 00:00:00,UKS,1,4
2023-10-06 00:00:00,UKW,898,1
2023-10-06 00:00:00,US,,0
2023-10-06 00:00:00,VE,,0
2023-10-06 00:00:00,VN,,0
2023-10-06 00:00:00,WE,,0
2023-10-07 00:00:00,,,0
2023-10-07 00:00:00,"",,0
2023-10-07 00:00:00,AU,,0
2023-10-07 00:00:00,BN,,0
2023-10-07 00:00:00,BR,1629,8
2023-10-07 00:00:00,BS,,0
2023-10-07 00:00:00,BZ,,0
2023-10-07 00:00:00,CCS,,0
2023-10-07 00:00:00,CD,1812,18
2023-10-07 00:00:00,CG,2243,19
2023-10-07 00:00:00,CM,82,12
2023-10-07 00:00:00,CO,1105,18
2023-10-07 00:00:00,EC,,0
2023-10-07 00:00:00,EG,,0
2023-10-07 00:00:00,ER,,0
2023-10-07 00:00:00,FR,,0
2023-10-07 00:00:00,GA,5741,19
2023-10-07 00:00:00,GT,,0
2023-10-07 00:00:00,IQ,,0
2023-10-07 00:00:00,LH,,0
2023-10-07 00:00:00,MX,385,4
2023-10-07 00:00:00,PE,,0
2023-10-07 00:00:00,SG,,0
2023-10-07 00:00:00,TD,1757,9
2023-10-07 00:00:00,TN,340,1
2023-10-07 00:00:00,TR,52,4
2023-10-07 00:00:00,TT,693,4
2023-10-07 00:00:00,UKS,1,4
2023-10-07 00:00:00,UKW,829,1
2023-10-07 00:00:00,US,,0
2023-10-07 00:00:00,VE,,0
2023-10-07 00:00:00,VN,,0
2023-10-07 00:00:00,WE,,0
2023-10-08 00:00:00,,,0
2023-10-08 00:00:00,"",,0
2023-10-08 00:00:00,AU,,0
2023-10-08 00:00:00,BN,,0
2023-10-08 00:00:00,BR,1629,8
2023-10-08 00:00:00,BS,,0
2023-10-08 00:00:00,BZ,,0
2023-10-08 00:00:00,CCS,,0
2023-10-08 00:00:00,CD,1914,20
2023-10-08 00:00:00,CG,2250,18
2023-10-08 00:00:00,CM,68,12
2023-10-08 00:00:00,CO,1105,18
2023-10-08 00:00:00,EC,,0
2023-10-08 00:00:00,EG,,0
2023-10-08 00:00:00,ER,,0
2023-10-08 00:00:00,FR,,0
2023-10-08 00:00:00,GA,5845,18
2023-10-08 00:00:00,GT,,0
2023-10-08 00:00:00,IQ,,0
2023-10-08 00:00:00,LH,,0
2023-10-08 00:00:00,MX,385,4
2023-10-08 00:00:00,PE,,0
2023-10-08 00:00:00,SG,,0
2023-10-08 00:00:00,TD,1757,9
2023-10-08 00:00:00,TN,340,1
2023-10-08 00:00:00,TR,52,4
2023-10-08 00:00:00,TT,1371,5
2023-10-08 00:00:00,UKS,1,4
2023-10-08 00:00:00,UKW,829,1
2023-10-08 00:00:00,US,,0
2023-10-08 00:00:00,VE,,0
2023-10-08 00:00:00,VN,,0
2023-10-08 00:00:00,WE,,0
2023-10-09 00:00:00,,,0
2023-10-09 00:00:00,"",,0
2023-10-09 00:00:00,AU,,0
2023-10-09 00:00:00,BN,,0
2023-10-09 00:00:00,BR,1629,8
2023-10-09 00:00:00,BS,,0
2023-10-09 00:00:00,BZ,,0
2023-10-09 00:00:00,CCS,,0
2023-10-09 00:00:00,CD,1840,18
2023-10-09 00:00:00,CG,2235,18
2023-10-09 00:00:00,CM,68,11
2023-10-09 00:00:00,CO,1096,17
2023-10-09 00:00:00,EC,,0
2023-10-09 00:00:00,EG,,0
2023-10-09 00:00:00,ER,,0
2023-10-09 00:00:00,FR,,0
2023-10-09 00:00:00,GA,5568,17
2023-10-09 00:00:00,GT,,0
2023-10-09 00:00:00,IQ,,0
2023-10-09 00:00:00,LH,,0
2023-10-09 00:00:00,MX,410,5
2023-10-09 00:00:00,PE,,0
2023-10-09 00:00:00,SG,,0
2023-10-09 00:00:00,TD,1771,10
2023-10-09 00:00:00,TN,340,1
2023-10-09 00:00:00,TR,52,4
2023-10-09 00:00:00,TT,1371,5
2023-10-09 00:00:00,UKS,1,4
2023-10-09 00:00:00,UKW,829,1
2023-10-09 00:00:00,US,,0
2023-10-09 00:00:00,VE,,0
2023-10-09 00:00:00,VN,,0
2023-10-09 00:00:00,WE,,0
2023-10-10 00:00:00,,,0
2023-10-10 00:00:00,"",,0
2023-10-10 00:00:00,AU,,0
2023-10-10 00:00:00,BN,,0
2023-10-10 00:00:00,BR,2160,9
2023-10-10 00:00:00,BS,,0
2023-10-10 00:00:00,BZ,,0
2023-10-10 00:00:00,CCS,,0
2023-10-10 00:00:00,CD,1709,18
2023-10-10 00:00:00,CG,2235,18
2023-10-10 00:00:00,CM,110,12
2023-10-10 00:00:00,CO,1030,17
2023-10-10 00:00:00,EC,,0
2023-10-10 00:00:00,EG,,0
2023-10-10 00:00:00,ER,,0
2023-10-10 00:00:00,FR,,0
2023-10-10 00:00:00,GA,2264,16
2023-10-10 00:00:00,GT,,0
2023-10-10 00:00:00,IQ,,0
2023-10-10 00:00:00,LH,,0
2023-10-10 00:00:00,MX,385,5
2023-10-10 00:00:00,PE,,0
2023-10-10 00:00:00,SG,,0
2023-10-10 00:00:00,TD,1861,10
2023-10-10 00:00:00,TN,340,1
2023-10-10 00:00:00,TR,52,4
2023-10-10 00:00:00,TT,1371,5
2023-10-10 00:00:00,UKS,1,5
2023-10-10 00:00:00,UKW,829,1
2023-10-10 00:00:00,US,,0
2023-10-10 00:00:00,VE,,0
2023-10-10 00:00:00,VN,,0
2023-10-10 00:00:00,WE,,0
2023-10-11 00:00:00,,,0
2023-10-11 00:00:00,"",,0
2023-10-11 00:00:00,AU,,0
2023-10-11 00:00:00,BN,,0
2023-10-11 00:00:00,BR,2160,9
2023-10-11 00:00:00,BS,,0
2023-10-11 00:00:00,BZ,,0
2023-10-11 00:00:00,CCS,,0
2023-10-11 00:00:00,CD,1818,20
2023-10-11 00:00:00,CG,2235,18
2023-10-11 00:00:00,CM,364,11
2023-10-11 00:00:00,CO,1030,17
2023-10-11 00:00:00,EC,,0
2023-10-11 00:00:00,EG,,0
2023-10-11 00:00:00,ER,,0
2023-10-11 00:00:00,FR,,0
2023-10-11 00:00:00,GA,1952,17
2023-10-11 00:00:00,GT,,0
2023-10-11 00:00:00,IQ,,0
2023-10-11 00:00:00,LH,,0
2023-10-11 00:00:00,MX,385,5
2023-10-11 00:00:00,PE,,0
2023-10-11 00:00:00,SG,,0
2023-10-11 00:00:00,TD,1698,10
2023-10-11 00:00:00,TN,340,1
2023-10-11 00:00:00,TR,52,4
2023-10-11 00:00:00,TT,1371,5
2023-10-11 00:00:00,UKS,1,4
2023-10-11 00:00:00,UKW,829,1
2023-10-11 00:00:00,US,,0
2023-10-11 00:00:00,VE,,0
2023-10-11 00:00:00,VN,,0
2023-10-11 00:00:00,WE,,0
2023-10-12 00:00:00,,,0
2023-10-12 00:00:00,"",,0
2023-10-12 00:00:00,AU,,0
2023-10-12 00:00:00,BN,,0
2023-10-12 00:00:00,BR,2145,8
2023-10-12 00:00:00,BS,,0
2023-10-12 00:00:00,BZ,,0
2023-10-12 00:00:00,CCS,,0
2023-10-12 00:00:00,CD,1861,19
2023-10-12 00:00:00,CG,2235,18
2023-10-12 00:00:00,CM,197,13
2023-10-12 00:00:00,CO,1030,17
2023-10-12 00:00:00,EC,,0
2023-10-12 00:00:00,EG,,0
2023-10-12 00:00:00,ER,,0
2023-10-12 00:00:00,FR,,0
2023-10-12 00:00:00,GA,1952,17
2023-10-12 00:00:00,GT,,0
2023-10-12 00:00:00,IQ,,0
2023-10-12 00:00:00,LH,,0
2023-10-12 00:00:00,MX,385,5
2023-10-12 00:00:00,PE,,0
2023-10-12 00:00:00,SG,,0
2023-10-12 00:00:00,TD,1622,9
2023-10-12 00:00:00,TN,340,1
2023-10-12 00:00:00,TR,52,4
2023-10-12 00:00:00,TT,1371,5
2023-10-12 00:00:00,UKS,1,4
2023-10-12 00:00:00,UKW,909,1
2023-10-12 00:00:00,US,,0
2023-10-12 00:00:00,VE,,0
2023-10-12 00:00:00,VN,,0
2023-10-12 00:00:00,WE,,0
2023-10-13 00:00:00,,,0
2023-10-13 00:00:00,"",,0
2023-10-13 00:00:00,AU,,0
2023-10-13 00:00:00,BN,,0
2023-10-13 00:00:00,BR,2079,8
2023-10-13 00:00:00,BS,,0
2023-10-13 00:00:00,BZ,,0
2023-10-13 00:00:00,CCS,,0
2023-10-13 00:00:00,CD,1825,21
2023-10-13 00:00:00,CG,2409,19
2023-10-13 00:00:00,CM,264,13
2023-10-13 00:00:00,CO,1030,17
2023-10-13 00:00:00,EC,,0
2023-10-13 00:00:00,EG,,0
2023-10-13 00:00:00,ER,,0
2023-10-13 00:00:00,FR,,0
2023-10-13 00:00:00,GA,1996,17
2023-10-13 00:00:00,GT,,0
2023-10-13 00:00:00,IQ,,0
2023-10-13 00:00:00,LH,,0
2023-10-13 00:00:00,MX,385,5
2023-10-13 00:00:00,PE,,0
2023-10-13 00:00:00,SG,,0
2023-10-13 00:00:00,TD,1461,8
2023-10-13 00:00:00,TN,340,1
2023-10-13 00:00:00,TR,52,4
2023-10-13 00:00:00,TT,1277,4
2023-10-13 00:00:00,UKS,1,5
2023-10-13 00:00:00,UKW,955,2
2023-10-13 00:00:00,US,,0
2023-10-13 00:00:00,VE,,0
2023-10-13 00:00:00,VN,,0
2023-10-13 00:00:00,WE,,0
2023-10-14 00:00:00,,,0
2023-10-14 00:00:00,"",,0
2023-10-14 00:00:00,AU,,0
2023-10-14 00:00:00,BN,,0
2023-10-14 00:00:00,BR,1999,7
2023-10-14 00:00:00,BS,,0
2023-10-14 00:00:00,BZ,,0
2023-10-14 00:00:00,CCS,,0
2023-10-14 00:00:00,CD,1947,22
2023-10-14 00:00:00,CG,2391,18
2023-10-14 00:00:00,CM,346,13
2023-10-14 00:00:00,CO,1030,17
2023-10-14 00:00:00,EC,,0
2023-10-14 00:00:00,EG,,0
2023-10-14 00:00:00,ER,,0
2023-10-14 00:00:00,FR,,0
2023-10-14 00:00:00,GA,2007,18
2023-10-14 00:00:00,GT,,0
2023-10-14 00:00:00,IQ,,0
2023-10-14 00:00:00,LH,,0
2023-10-14 00:00:00,MX,385,5
2023-10-14 00:00:00,PE,,0
2023-10-14 00:00:00,SG,,0
2023-10-14 00:00:00,TD,1313,8
2023-10-14 00:00:00,TN,340,1
2023-10-14 00:00:00,TR,52,4
2023-10-14 00:00:00,TT,1216,4
2023-10-14 00:00:00,UKS,1,4
2023-10-14 00:00:00,UKW,955,2
2023-10-14 00:00:00,US,,0
2023-10-14 00:00:00,VE,,0
2023-10-14 00:00:00,VN,,0
2023-10-14 00:00:00,WE,,0
2023-10-15 00:00:00,,,0
2023-10-15 00:00:00,"",,0
2023-10-15 00:00:00,AU,,0
2023-10-15 00:00:00,BN,,0
2023-10-15 00:00:00,BR,1878,7
2023-10-15 00:00:00,BS,,0
2023-10-15 00:00:00,BZ,,0
2023-10-15 00:00:00,CCS,,0
2023-10-15 00:00:00,CD,1678,18
2023-10-15 00:00:00,CG,2262,18
2023-10-15 00:00:00,CM,573,12
2023-10-15 00:00:00,CO,1030,17
2023-10-15 00:00:00,EC,,0
2023-10-15 00:00:00,EG,,0
2023-10-15 00:00:00,ER,,0
2023-10-15 00:00:00,FR,,0
2023-10-15 00:00:00,GA,2035,17
2023-10-15 00:00:00,GT,,0
2023-10-15 00:00:00,IQ,,0
2023-10-15 00:00:00,LH,,0
2023-10-15 00:00:00,MX,385,5
2023-10-15 00:00:00,PE,,0
2023-10-15 00:00:00,SG,,0
2023-10-15 00:00:00,TD,1313,8
2023-10-15 00:00:00,TN,340,1
2023-10-15 00:00:00,TR,52,4
2023-10-15 00:00:00,TT,1216,4
2023-10-15 00:00:00,UKS,1,4
2023-10-15 00:00:00,UKW,955,2
2023-10-15 00:00:00,US,,0
2023-10-15 00:00:00,VE,,0
2023-10-15 00:00:00,VN,,0
2023-10-15 00:00:00,WE,,0
2023-10-16 00:00:00,,,0
2023-10-16 00:00:00,"",,0
2023-10-16 00:00:00,AU,,0
2023-10-16 00:00:00,BN,,0
2023-10-16 00:00:00,BR,1878,7
2023-10-16 00:00:00,BS,,0
2023-10-16 00:00:00,BZ,,0
2023-10-16 00:00:00,CCS,,0
2023-10-16 00:00:00,CD,1806,20
2023-10-16 00:00:00,CG,2352,19
2023-10-16 00:00:00,CM,461,13
2023-10-16 00:00:00,CO,1030,17
2023-10-16 00:00:00,EC,,0
2023-10-16 00:00:00,EG,,0
2023-10-16 00:00:00,ER,,0
2023-10-16 00:00:00,FR,,0
2023-10-16 00:00:00,GA,2100,18
2023-10-16 00:00:00,GT,,0
2023-10-16 00:00:00,IQ,,0
2023-10-16 00:00:00,LH,,0
2023-10-16 00:00:00,MX,385,5
2023-10-16 00:00:00,PE,,0
2023-10-16 00:00:00,SG,,0
2023-10-16 00:00:00,TD,1313,8
2023-10-16 00:00:00,TN,340,1
2023-10-16 00:00:00,TR,52,4
2023-10-16 00:00:00,TT,1216,4
2023-10-16 00:00:00,UKS,1,5
2023-10-16 00:00:00,UKW,955,2
2023-10-16 00:00:00,US,,0
2023-10-16 00:00:00,VE,,0
2023-10-16 00:00:00,VN,,0
2023-10-16 00:00:00,WE,,0
2023-10-17 00:00:00,,,0
2023-10-17 00:00:00,"",,0
2023-10-17 00:00:00,AU,,0
2023-10-17 00:00:00,BN,,0
2023-10-17 00:00:00,BR,1878,7
2023-10-17 00:00:00,BS,,0
2023-10-17 00:00:00,BZ,,0
2023-10-17 00:00:00,CCS,,0
2023-10-17 00:00:00,CD,1790,19
2023-10-17 00:00:00,CG,2348,19
2023-10-17 00:00:00,CM,319,13
2023-10-17 00:00:00,CO,1030,17
2023-10-17 00:00:00,EC,,0
2023-10-17 00:00:00,EG,,0
2023-10-17 00:00:00,ER,,0
2023-10-17 00:00:00,FR,,0
2023-10-17 00:00:00,GA,2108,18
2023-10-17 00:00:00,GT,,0
2023-10-17 00:00:00,IQ,,0
2023-10-17 00:00:00,LH,,0
2023-10-17 00:00:00,MX,385,5
2023-10-17 00:00:00,PE,,0
2023-10-17 00:00:00,SG,,0
2023-10-17 00:00:00,TD,1313,8
2023-10-17 00:00:00,TN,340,1
2023-10-17 00:00:00,TR,52,4
2023-10-17 00:00:00,TT,1216,4
2023-10-17 00:00:00,UKS,1,4
2023-10-17 00:00:00,UKW,955,2
2023-10-17 00:00:00,US,,0
2023-10-17 00:00:00,VE,,0
2023-10-17 00:00:00,VN,,0
2023-10-17 00:00:00,WE,,0
2023-10-18 00:00:00,,,0
2023-10-18 00:00:00,"",,0
2023-10-18 00:00:00,AU,,0
2023-10-18 00:00:00,BN,,0
2023-10-18 00:00:00,BR,1878,7
2023-10-18 00:00:00,BS,,0
2023-10-18 00:00:00,BZ,,0
2023-10-18 00:00:00,CCS,,0
2023-10-18 00:00:00,CD,1657,19
2023-10-18 00:00:00,CG,2337,18
2023-10-18 00:00:00,CM,479,13
2023-10-18 00:00:00,CO,1030,17
2023-10-18 00:00:00,EC,,0
2023-10-18 00:00:00,EG,,0
2023-10-18 00:00:00,ER,,0
2023-10-18 00:00:00,FR,,0
2023-10-18 00:00:00,GA,2074,18
2023-10-18 00:00:00,GT,,0
2023-10-18 00:00:00,IQ,,0
2023-10-18 00:00:00,LH,,0
2023-10-18 00:00:00,MX,385,5
2023-10-18 00:00:00,PE,,0
2023-10-18 00:00:00,SG,,0
2023-10-18 00:00:00,TD,1335,8
2023-10-18 00:00:00,TN,340,1
2023-10-18 00:00:00,TR,52,4
2023-10-18 00:00:00,TT,1216,4
2023-10-18 00:00:00,UKS,1,3
2023-10-18 00:00:00,UKW,955,2
2023-10-18 00:00:00,US,,0
2023-10-18 00:00:00,VE,,0
2023-10-18 00:00:00,VN,,0
2023-10-18 00:00:00,WE,,0
2023-10-19 00:00:00,,,0
2023-10-19 00:00:00,"",,0
2023-10-19 00:00:00,AU,,0
2023-10-19 00:00:00,BN,,0
2023-10-19 00:00:00,BR,1878,7
2023-10-19 00:00:00,BS,,0
2023-10-19 00:00:00,BZ,,0
2023-10-19 00:00:00,CCS,,0
2023-10-19 00:00:00,CD,1489,20
2023-10-19 00:00:00,CG,2303,18
2023-10-19 00:00:00,CM,325,13
2023-10-19 00:00:00,CO,1030,17
2023-10-19 00:00:00,EC,,0
2023-10-19 00:00:00,EG,,0
2023-10-19 00:00:00,ER,,0
2023-10-19 00:00:00,FR,,0
2023-10-19 00:00:00,GA,2400,17
2023-10-19 00:00:00,GT,,0
2023-10-19 00:00:00,IQ,,0
2023-10-19 00:00:00,LH,,0
2023-10-19 00:00:00,MX,385,5
2023-10-19 00:00:00,PE,,0
2023-10-19 00:00:00,SG,,0
2023-10-19 00:00:00,TD,1376,8
2023-10-19 00:00:00,TN,340,1
2023-10-19 00:00:00,TR,52,4
2023-10-19 00:00:00,TT,1216,4
2023-10-19 00:00:00,UKS,1,4
2023-10-19 00:00:00,UKW,,0
2023-10-19 00:00:00,US,,0
2023-10-19 00:00:00,VE,,0
2023-10-19 00:00:00,VN,,0
2023-10-19 00:00:00,WE,,0
2023-10-20 00:00:00,,,0
2023-10-20 00:00:00,"",,0
2023-10-20 00:00:00,AU,,0
2023-10-20 00:00:00,BN,,0
2023-10-20 00:00:00,BR,2189,8
2023-10-20 00:00:00,BS,,0
2023-10-20 00:00:00,BZ,,0
2023-10-20 00:00:00,CCS,,0
2023-10-20 00:00:00,CD,760,18
2023-10-20 00:00:00,CG,2171,17
2023-10-20 00:00:00,CM,159,13
2023-10-20 00:00:00,CO,1030,17
2023-10-20 00:00:00,EC,,0
2023-10-20 00:00:00,EG,,0
2023-10-20 00:00:00,ER,,0
2023-10-20 00:00:00,FR,,0
2023-10-20 00:00:00,GA,2708,18
2023-10-20 00:00:00,GT,,0
2023-10-20 00:00:00,IQ,,0
2023-10-20 00:00:00,LH,,0
2023-10-20 00:00:00,MX,385,5
2023-10-20 00:00:00,PE,,0
2023-10-20 00:00:00,SG,,0
2023-10-20 00:00:00,TD,1298,10
2023-10-20 00:00:00,TN,340,1
2023-10-20 00:00:00,TR,94,4
2023-10-20 00:00:00,TT,1264,4
2023-10-20 00:00:00,UKS,1,3
2023-10-20 00:00:00,UKW,829,1
2023-10-20 00:00:00,US,,0
2023-10-20 00:00:00,VE,,0
2023-10-20 00:00:00,VN,,0
2023-10-20 00:00:00,WE,,0
2023-10-21 00:00:00,,,0
2023-10-21 00:00:00,"",,0
2023-10-21 00:00:00,AU,,0
2023-10-21 00:00:00,BN,,0
2023-10-21 00:00:00,BR,2124,7
2023-10-21 00:00:00,BS,,0
2023-10-21 00:00:00,BZ,,0
2023-10-21 00:00:00,CCS,,0
2023-10-21 00:00:00,CD,1116,19
2023-10-21 00:00:00,CG,2565,18
2023-10-21 00:00:00,CM,159,13
2023-10-21 00:00:00,CO,1030,17
2023-10-21 00:00:00,EC,,0
2023-10-21 00:00:00,EG,,0
2023-10-21 00:00:00,ER,,0
2023-10-21 00:00:00,FR,,0
2023-10-21 00:00:00,GA,2788,19
2023-10-21 00:00:00,GT,,0
2023-10-21 00:00:00,IQ,,0
2023-10-21 00:00:00,LH,,0
2023-10-21 00:00:00,MX,385,5
2023-10-21 00:00:00,PE,,0
2023-10-21 00:00:00,SG,,0
2023-10-21 00:00:00,TD,1235,10
2023-10-21 00:00:00,TN,340,1
2023-10-21 00:00:00,TR,170,5
2023-10-21 00:00:00,TT,1344,5
2023-10-21 00:00:00,UKS,1,3
2023-10-21 00:00:00,UKW,832,1
2023-10-21 00:00:00,US,,0
2023-10-21 00:00:00,VE,,0
2023-10-21 00:00:00,VN,,0
2023-10-21 00:00:00,WE,,0
2023-10-22 00:00:00,,,0
2023-10-22 00:00:00,"",,0
2023-10-22 00:00:00,AU,,0
2023-10-22 00:00:00,BN,,0
2023-10-22 00:00:00,BR,1878,7
2023-10-22 00:00:00,BS,,0
2023-10-22 00:00:00,BZ,,0
2023-10-22 00:00:00,CCS,,0
2023-10-22 00:00:00,CD,1704,24
2023-10-22 00:00:00,CG,2304,18
2023-10-22 00:00:00,CM,159,13
2023-10-22 00:00:00,CO,1030,17
2023-10-22 00:00:00,EC,,0
2023-10-22 00:00:00,EG,,0
2023-10-22 00:00:00,ER,,0
2023-10-22 00:00:00,FR,,0
2023-10-22 00:00:00,GA,3014,20
2023-10-22 00:00:00,GT,,0
2023-10-22 00:00:00,IQ,,0
2023-10-22 00:00:00,LH,,0
2023-10-22 00:00:00,MX,385,5
2023-10-22 00:00:00,PE,,0
2023-10-22 00:00:00,SG,,0
2023-10-22 00:00:00,TD,1235,10
2023-10-22 00:00:00,TN,1160,2
2023-10-22 00:00:00,TR,170,5
2023-10-22 00:00:00,TT,1151,4
2023-10-22 00:00:00,UKS,1,4
2023-10-22 00:00:00,UKW,833,2
2023-10-22 00:00:00,US,,0
2023-10-22 00:00:00,VE,,0
2023-10-22 00:00:00,VN,339,1
2023-10-22 00:00:00,WE,,0
2023-10-23 00:00:00,,,0
2023-10-23 00:00:00,"",,0
2023-10-23 00:00:00,AU,,0
2023-10-23 00:00:00,BN,,0
2023-10-23 00:00:00,BR,1878,7
2023-10-23 00:00:00,BS,,0
2023-10-23 00:00:00,BZ,,0
2023-10-23 00:00:00,CCS,,0
2023-10-23 00:00:00,CD,1699,25
2023-10-23 00:00:00,CG,2262,18
2023-10-23 00:00:00,CM,201,13
2023-10-23 00:00:00,CO,1030,17
2023-10-23 00:00:00,EC,,0
2023-10-23 00:00:00,EG,,0
2023-10-23 00:00:00,ER,,0
2023-10-23 00:00:00,FR,,0
2023-10-23 00:00:00,GA,2710,18
2023-10-23 00:00:00,GT,,0
2023-10-23 00:00:00,IQ,,0
2023-10-23 00:00:00,LH,,0
2023-10-23 00:00:00,MX,727,6
2023-10-23 00:00:00,PE,,0
2023-10-23 00:00:00,SG,,0
2023-10-23 00:00:00,TD,1235,10
2023-10-23 00:00:00,TN,1160,2
2023-10-23 00:00:00,TR,170,5
2023-10-23 00:00:00,TT,973,4
2023-10-23 00:00:00,UKS,1,2
2023-10-23 00:00:00,UKW,833,2
2023-10-23 00:00:00,US,,0
2023-10-23 00:00:00,VE,,0
2023-10-23 00:00:00,VN,339,1
2023-10-23 00:00:00,WE,,0
2023-10-24 00:00:00,,,0
2023-10-24 00:00:00,"",,0
2023-10-24 00:00:00,AU,,0
2023-10-24 00:00:00,BN,,0
2023-10-24 00:00:00,BR,1878,7
2023-10-24 00:00:00,BS,,0
2023-10-24 00:00:00,BZ,,0
2023-10-24 00:00:00,CCS,,0
2023-10-24 00:00:00,CD,1748,25
2023-10-24 00:00:00,CG,2800,18
2023-10-24 00:00:00,CM,237,14
2023-10-24 00:00:00,CO,1030,16
2023-10-24 00:00:00,EC,,0
2023-10-24 00:00:00,EG,,0
2023-10-24 00:00:00,ER,,0
2023-10-24 00:00:00,FR,,0
2023-10-24 00:00:00,GA,3037,19
2023-10-24 00:00:00,GT,,0
2023-10-24 00:00:00,IQ,,0
2023-10-24 00:00:00,LH,,0
2023-10-24 00:00:00,MX,876,7
2023-10-24 00:00:00,PE,,0
2023-10-24 00:00:00,SG,,0
2023-10-24 00:00:00,TD,1235,10
2023-10-24 00:00:00,TN,1160,2
2023-10-24 00:00:00,TR,170,5
2023-10-24 00:00:00,TT,973,4
2023-10-24 00:00:00,UKS,1,3
2023-10-24 00:00:00,UKW,833,2
2023-10-24 00:00:00,US,,0
2023-10-24 00:00:00,VE,,0
2023-10-24 00:00:00,VN,339,1
2023-10-24 00:00:00,WE,,0
2023-10-25 00:00:00,,,0
2023-10-25 00:00:00,"",,0
2023-10-25 00:00:00,AU,,0
2023-10-25 00:00:00,BN,,0
2023-10-25 00:00:00,BR,1878,7
2023-10-25 00:00:00,BS,,0
2023-10-25 00:00:00,BZ,,0
2023-10-25 00:00:00,CCS,,0
2023-10-25 00:00:00,CD,1733,24
2023-10-25 00:00:00,CG,2573,18
2023-10-25 00:00:00,CM,237,14
2023-10-25 00:00:00,CO,1030,17
2023-10-25 00:00:00,EC,,0
2023-10-25 00:00:00,EG,,0
2023-10-25 00:00:00,ER,,0
2023-10-25 00:00:00,FR,,0
2023-10-25 00:00:00,GA,2730,19
2023-10-25 00:00:00,GT,,0
2023-10-25 00:00:00,IQ,,0
2023-10-25 00:00:00,LH,,0
2023-10-25 00:00:00,MX,876,7
2023-10-25 00:00:00,PE,,0
2023-10-25 00:00:00,SG,,0
2023-10-25 00:00:00,TD,1235,10
2023-10-25 00:00:00,TN,1160,2
2023-10-25 00:00:00,TR,170,5
2023-10-25 00:00:00,TT,973,4
2023-10-25 00:00:00,UKS,,0
2023-10-25 00:00:00,UKW,833,2
2023-10-25 00:00:00,US,,0
2023-10-25 00:00:00,VE,,0
2023-10-25 00:00:00,VN,339,1
2023-10-25 00:00:00,WE,,0
2023-10-26 00:00:00,,,0
2023-10-26 00:00:00,"",,0
2023-10-26 00:00:00,AU,,0
2023-10-26 00:00:00,BN,,0
2023-10-26 00:00:00,BR,1877,6
2023-10-26 00:00:00,BS,,0
2023-10-26 00:00:00,BZ,,0
2023-10-26 00:00:00,CCS,,0
2023-10-26 00:00:00,CD,1696,23
2023-10-26 00:00:00,CG,2603,19
2023-10-26 00:00:00,CM,279,14
2023-10-26 00:00:00,CO,1030,17
2023-10-26 00:00:00,EC,,0
2023-10-26 00:00:00,EG,,0
2023-10-26 00:00:00,ER,,0
2023-10-26 00:00:00,FR,,0
2023-10-26 00:00:00,GA,3089,20
2023-10-26 00:00:00,GT,,0
2023-10-26 00:00:00,IQ,,0
2023-10-26 00:00:00,LH,,0
2023-10-26 00:00:00,MX,876,6
2023-10-26 00:00:00,PE,,0
2023-10-26 00:00:00,SG,,0
2023-10-26 00:00:00,TD,1235,10
2023-10-26 00:00:00,TN,1160,2
2023-10-26 00:00:00,TR,170,5
2023-10-26 00:00:00,TT,973,4
2023-10-26 00:00:00,UKS,,0
2023-10-26 00:00:00,UKW,833,2
2023-10-26 00:00:00,US,,0
2023-10-26 00:00:00,VE,,0
2023-10-26 00:00:00,VN,339,1
2023-10-26 00:00:00,WE,,0
2023-10-27 00:00:00,,,0
2023-10-27 00:00:00,"",,0
2023-10-27 00:00:00,AU,,0
2023-10-27 00:00:00,BN,,0
2023-10-27 00:00:00,BR,1800,6
2023-10-27 00:00:00,BS,,0
2023-10-27 00:00:00,BZ,,0
2023-10-27 00:00:00,CCS,,0
2023-10-27 00:00:00,CD,1702,25
2023-10-27 00:00:00,CG,2215,18
2023-10-27 00:00:00,CM,237,14
2023-10-27 00:00:00,CO,1030,17
2023-10-27 00:00:00,EC,,0
2023-10-27 00:00:00,EG,,0
2023-10-27 00:00:00,ER,,0
2023-10-27 00:00:00,FR,,0
2023-10-27 00:00:00,GA,3066,21
2023-10-27 00:00:00,GT,,0
2023-10-27 00:00:00,IQ,,0
2023-10-27 00:00:00,LH,,0
2023-10-27 00:00:00,MX,876,6
2023-10-27 00:00:00,PE,,0
2023-10-27 00:00:00,SG,,0
2023-10-27 00:00:00,TD,1532,9
2023-10-27 00:00:00,TN,1160,2
2023-10-27 00:00:00,TR,170,5
2023-10-27 00:00:00,TT,973,4
2023-10-27 00:00:00,UKS,,0
2023-10-27 00:00:00,UKW,833,2
2023-10-27 00:00:00,US,,0
2023-10-27 00:00:00,VE,,0
2023-10-27 00:00:00,VN,339,1
2023-10-27 00:00:00,WE,,0
2023-10-28 00:00:00,,,0
2023-10-28 00:00:00,"",,0
2023-10-28 00:00:00,AU,,0
2023-10-28 00:00:00,BN,,0
2023-10-28 00:00:00,BR,1800,6
2023-10-28 00:00:00,BS,,0
2023-10-28 00:00:00,BZ,,0
2023-10-28 00:00:00,CCS,,0
2023-10-28 00:00:00,CD,1732,25
2023-10-28 00:00:00,CG,2337,18
2023-10-28 00:00:00,CM,237,14
2023-10-28 00:00:00,CO,1041,17
2023-10-28 00:00:00,EC,,0
2023-10-28 00:00:00,EG,,0
2023-10-28 00:00:00,ER,,0
2023-10-28 00:00:00,FR,,0
2023-10-28 00:00:00,GA,2985,20
2023-10-28 00:00:00,GT,,0
2023-10-28 00:00:00,IQ,,0
2023-10-28 00:00:00,LH,,0
2023-10-28 00:00:00,MX,876,6
2023-10-28 00:00:00,PE,,0
2023-10-28 00:00:00,SG,,0
2023-10-28 00:00:00,TD,1160,9
2023-10-28 00:00:00,TN,1160,2
2023-10-28 00:00:00,TR,170,5
2023-10-28 00:00:00,TT,973,4
2023-10-28 00:00:00,UKS,,1
2023-10-28 00:00:00,UKW,833,2
2023-10-28 00:00:00,US,,0
2023-10-28 00:00:00,VE,,0
2023-10-28 00:00:00,VN,339,1
2023-10-28 00:00:00,WE,,0
2023-10-29 00:00:00,,,0
2023-10-29 00:00:00,"",,0
2023-10-29 00:00:00,AU,,0
2023-10-29 00:00:00,BN,,0
2023-10-29 00:00:00,BR,1800,6
2023-10-29 00:00:00,BS,,0
2023-10-29 00:00:00,BZ,,0
2023-10-29 00:00:00,CCS,,0
2023-10-29 00:00:00,CD,1782,25
2023-10-29 00:00:00,CG,1777,15
2023-10-29 00:00:00,CM,670,15
2023-10-29 00:00:00,CO,1037,17
2023-10-29 00:00:00,EC,,0
2023-10-29 00:00:00,EG,,0
2023-10-29 00:00:00,ER,,0
2023-10-29 00:00:00,FR,,0
2023-10-29 00:00:00,GA,3506,21
2023-10-29 00:00:00,GT,,0
2023-10-29 00:00:00,IQ,,0
2023-10-29 00:00:00,LH,,0
2023-10-29 00:00:00,MX,876,6
2023-10-29 00:00:00,PE,,0
2023-10-29 00:00:00,SG,,0
2023-10-29 00:00:00,TD,1160,9
2023-10-29 00:00:00,TN,1160,2
2023-10-29 00:00:00,TR,170,5
2023-10-29 00:00:00,TT,973,4
2023-10-29 00:00:00,UKS,,0
2023-10-29 00:00:00,UKW,833,2
2023-10-29 00:00:00,US,,0
2023-10-29 00:00:00,VE,,0
2023-10-29 00:00:00,VN,339,1
2023-10-29 00:00:00,WE,,0
2023-10-30 00:00:00,,,0
2023-10-30 00:00:00,"",,0
2023-10-30 00:00:00,AU,,0
2023-10-30 00:00:00,BN,,0
2023-10-30 00:00:00,BR,1800,6
2023-10-30 00:00:00,BS,,0
2023-10-30 00:00:00,BZ,,0
2023-10-30 00:00:00,CCS,,0
2023-10-30 00:00:00,CD,1761,25
2023-10-30 00:00:00,CG,2172,19
2023-10-30 00:00:00,CM,258,14
2023-10-30 00:00:00,CO,1030,17
2023-10-30 00:00:00,EC,,0
2023-10-30 00:00:00,EG,,0
2023-10-30 00:00:00,ER,,0
2023-10-30 00:00:00,FR,,0
2023-10-30 00:00:00,GA,3558,20
2023-10-30 00:00:00,GT,,0
2023-10-30 00:00:00,IQ,,0
2023-10-30 00:00:00,LH,,0
2023-10-30 00:00:00,MX,907,6
2023-10-30 00:00:00,PE,,0
2023-10-30 00:00:00,SG,,0
2023-10-30 00:00:00,TD,1160,9
2023-10-30 00:00:00,TN,1160,2
2023-10-30 00:00:00,TR,170,5
2023-10-30 00:00:00,TT,973,4
2023-10-30 00:00:00,UKS,1,2
2023-10-30 00:00:00,UKW,833,2
2023-10-30 00:00:00,US,,0
2023-10-30 00:00:00,VE,,0
2023-10-30 00:00:00,VN,339,1
2023-10-30 00:00:00,WE,,0
2023-10-31 00:00:00,,,0
2023-10-31 00:00:00,"",,0
2023-10-31 00:00:00,AU,,0
2023-10-31 00:00:00,BN,,0
2023-10-31 00:00:00,BR,1800,6
2023-10-31 00:00:00,BS,,0
2023-10-31 00:00:00,BZ,,0
2023-10-31 00:00:00,CCS,,0
2023-10-31 00:00:00,CD,1755,24
2023-10-31 00:00:00,CG,2279,18
2023-10-31 00:00:00,CM,237,14
2023-10-31 00:00:00,CO,1049,17
2023-10-31 00:00:00,EC,,0
2023-10-31 00:00:00,EG,,0
2023-10-31 00:00:00,ER,,0
2023-10-31 00:00:00,FR,,0
2023-10-31 00:00:00,GA,3481,20
2023-10-31 00:00:00,GT,,0
2023-10-31 00:00:00,IQ,,0
2023-10-31 00:00:00,LH,,0
2023-10-31 00:00:00,MX,964,7
2023-10-31 00:00:00,PE,,0
2023-10-31 00:00:00,SG,,0
2023-10-31 00:00:00,TD,1160,9
2023-10-31 00:00:00,TN,1160,2
2023-10-31 00:00:00,TR,170,5
2023-10-31 00:00:00,TT,973,4
2023-10-31 00:00:00,UKS,1,2
2023-10-31 00:00:00,UKW,879,2
2023-10-31 00:00:00,US,,0
2023-10-31 00:00:00,VE,,0
2023-10-31 00:00:00,VN,339,1
2023-10-31 00:00:00,WE,,0
2023-11-01 00:00:00,,,0
2023-11-01 00:00:00,"",,0
2023-11-01 00:00:00,AU,,0
2023-11-01 00:00:00,BN,,0
2023-11-01 00:00:00,BR,2279,7
2023-11-01 00:00:00,BS,,0
2023-11-01 00:00:00,BZ,,0
2023-11-01 00:00:00,CCS,,0
2023-11-01 00:00:00,CD,1735,24
2023-11-01 00:00:00,CG,2141,18
2023-11-01 00:00:00,CM,224,14
2023-11-01 00:00:00,CO,1030,18
2023-11-01 00:00:00,EC,,0
2023-11-01 00:00:00,EG,,0
2023-11-01 00:00:00,ER,,0
2023-11-01 00:00:00,FR,,0
2023-11-01 00:00:00,GA,3472,19
2023-11-01 00:00:00,GT,,0
2023-11-01 00:00:00,IQ,,0
2023-11-01 00:00:00,LH,,0
2023-11-01 00:00:00,MX,977,7
2023-11-01 00:00:00,PE,,0
2023-11-01 00:00:00,SG,,0
2023-11-01 00:00:00,TD,1057,8
2023-11-01 00:00:00,TN,1160,2
2023-11-01 00:00:00,TR,170,5
2023-11-01 00:00:00,TT,973,4
2023-11-01 00:00:00,UKS,1,2
2023-11-01 00:00:00,UKW,884,2
2023-11-01 00:00:00,US,,0
2023-11-01 00:00:00,VE,,0
2023-11-01 00:00:00,VN,339,1
2023-11-01 00:00:00,WE,,0
2023-11-02 00:00:00,,,0
2023-11-02 00:00:00,"",,0
2023-11-02 00:00:00,AU,,0
2023-11-02 00:00:00,BN,,0
2023-11-02 00:00:00,BR,2386,7
2023-11-02 00:00:00,BS,,0
2023-11-02 00:00:00,BZ,,0
2023-11-02 00:00:00,CCS,,0
2023-11-02 00:00:00,CD,1901,22
2023-11-02 00:00:00,CG,2048,17
2023-11-02 00:00:00,CM,321,13
2023-11-02 00:00:00,CO,1030,17
2023-11-02 00:00:00,EC,,0
2023-11-02 00:00:00,EG,,0
2023-11-02 00:00:00,ER,,0
2023-11-02 00:00:00,FR,,0
2023-11-02 00:00:00,GA,3464,19
2023-11-02 00:00:00,GT,,0
2023-11-02 00:00:00,IQ,,0
2023-11-02 00:00:00,LH,,0
2023-11-02 00:00:00,MX,973,7
2023-11-02 00:00:00,PE,,0
2023-11-02 00:00:00,SG,,0
2023-11-02 00:00:00,TD,1448,10
2023-11-02 00:00:00,TN,1160,2
2023-11-02 00:00:00,TR,170,5
2023-11-02 00:00:00,TT,973,4
2023-11-02 00:00:00,UKS,1,2
2023-11-02 00:00:00,UKW,893,3
2023-11-02 00:00:00,US,,0
2023-11-02 00:00:00,VE,,0
2023-11-02 00:00:00,VN,339,1
2023-11-02 00:00:00,WE,,0
2023-11-03 00:00:00,,,0
2023-11-03 00:00:00,"",,0
2023-11-03 00:00:00,AU,,0
2023-11-03 00:00:00,BN,,0
2023-11-03 00:00:00,BR,2279,7
2023-11-03 00:00:00,BS,,0
2023-11-03 00:00:00,BZ,,0
2023-11-03 00:00:00,CCS,,0
2023-11-03 00:00:00,CD,1957,25
2023-11-03 00:00:00,CG,1801,16
2023-11-03 00:00:00,CM,241,14
2023-11-03 00:00:00,CO,1030,18
2023-11-03 00:00:00,EC,,0
2023-11-03 00:00:00,EG,,0
2023-11-03 00:00:00,ER,,0
2023-11-03 00:00:00,FR,,0
2023-11-03 00:00:00,GA,3434,18
2023-11-03 00:00:00,GT,,0
2023-11-03 00:00:00,IQ,,0
2023-11-03 00:00:00,LH,,0
2023-11-03 00:00:00,MX,964,7
2023-11-03 00:00:00,PE,,0
2023-11-03 00:00:00,SG,,0
2023-11-03 00:00:00,TD,1448,10
2023-11-03 00:00:00,TN,1160,2
2023-11-03 00:00:00,TR,170,5
2023-11-03 00:00:00,TT,973,4
2023-11-03 00:00:00,UKS,1,2
2023-11-03 00:00:00,UKW,1081,3
2023-11-03 00:00:00,US,,0
2023-11-03 00:00:00,VE,,0
2023-11-03 00:00:00,VN,339,1
2023-11-03 00:00:00,WE,,0
2023-11-04 00:00:00,,,0
2023-11-04 00:00:00,"",,0
2023-11-04 00:00:00,AU,,0
2023-11-04 00:00:00,BN,,0
2023-11-04 00:00:00,BR,2245,6
2023-11-04 00:00:00,BS,,0
2023-11-04 00:00:00,BZ,,0
2023-11-04 00:00:00,CCS,,0
2023-11-04 00:00:00,CD,1908,25
2023-11-04 00:00:00,CG,1801,16
2023-11-04 00:00:00,CM,195,14
2023-11-04 00:00:00,CO,1030,18
2023-11-04 00:00:00,EC,,0
2023-11-04 00:00:00,EG,,0
2023-11-04 00:00:00,ER,,0
2023-11-04 00:00:00,FR,,0
2023-11-04 00:00:00,GA,3258,18
2023-11-04 00:00:00,GT,172,1
2023-11-04 00:00:00,IQ,,0
2023-11-04 00:00:00,LH,,0
2023-11-04 00:00:00,MX,971,7
2023-11-04 00:00:00,PE,,0
2023-11-04 00:00:00,SG,,0
2023-11-04 00:00:00,TD,1448,10
2023-11-04 00:00:00,TN,1160,2
2023-11-04 00:00:00,TR,170,5
2023-11-04 00:00:00,TT,973,4
2023-11-04 00:00:00,UKS,1,2
2023-11-04 00:00:00,UKW,1112,4
2023-11-04 00:00:00,US,,0
2023-11-04 00:00:00,VE,,0
2023-11-04 00:00:00,VN,339,1
2023-11-04 00:00:00,WE,,0
2023-11-05 00:00:00,,,0
2023-11-05 00:00:00,"",,0
2023-11-05 00:00:00,AU,,0
2023-11-05 00:00:00,BN,,0
2023-11-05 00:00:00,BR,1068,4
2023-11-05 00:00:00,BS,,0
2023-11-05 00:00:00,BZ,,0
2023-11-05 00:00:00,CCS,,0
2023-11-05 00:00:00,CD,1781,22
2023-11-05 00:00:00,CG,1802,16
2023-11-05 00:00:00,CM,303,13
2023-11-05 00:00:00,CO,1030,18
2023-11-05 00:00:00,EC,,0
2023-11-05 00:00:00,EG,,0
2023-11-05 00:00:00,ER,,0
2023-11-05 00:00:00,FR,,0
2023-11-05 00:00:00,GA,3237,19
2023-11-05 00:00:00,GT,171,1
2023-11-05 00:00:00,IQ,,0
2023-11-05 00:00:00,LH,,0
2023-11-05 00:00:00,MX,975,7
2023-11-05 00:00:00,PE,,0
2023-11-05 00:00:00,SG,,0
2023-11-05 00:00:00,TD,1396,9
2023-11-05 00:00:00,TN,1160,2
2023-11-05 00:00:00,TR,170,5
2023-11-05 00:00:00,TT,973,4
2023-11-05 00:00:00,UKS,1,2
2023-11-05 00:00:00,UKW,1112,4
2023-11-05 00:00:00,US,,0
2023-11-05 00:00:00,VE,,0
2023-11-05 00:00:00,VN,339,1
2023-11-05 00:00:00,WE,,0
2023-11-06 00:00:00,,,0
2023-11-06 00:00:00,"",,0
2023-11-06 00:00:00,AU,,0
2023-11-06 00:00:00,BN,,0
2023-11-06 00:00:00,BR,1748,6
2023-11-06 00:00:00,BS,,0
2023-11-06 00:00:00,BZ,,0
2023-11-06 00:00:00,CCS,,0
2023-11-06 00:00:00,CD,1745,25
2023-11-06 00:00:00,CG,1803,17
2023-11-06 00:00:00,CM,518,14
2023-11-06 00:00:00,CO,1030,18
2023-11-06 00:00:00,EC,,0
2023-11-06 00:00:00,EG,,0
2023-11-06 00:00:00,ER,,0
2023-11-06 00:00:00,FR,,0
2023-11-06 00:00:00,GA,3223,18
2023-11-06 00:00:00,GT,,0
2023-11-06 00:00:00,IQ,,0
2023-11-06 00:00:00,LH,,0
2023-11-06 00:00:00,MX,1373,7
2023-11-06 00:00:00,PE,,0
2023-11-06 00:00:00,SG,,0
2023-11-06 00:00:00,TD,1324,9
2023-11-06 00:00:00,TN,1160,2
2023-11-06 00:00:00,TR,52,4
2023-11-06 00:00:00,TT,973,4
2023-11-06 00:00:00,UKS,1,2
2023-11-06 00:00:00,UKW,1115,5
2023-11-06 00:00:00,US,,0
2023-11-06 00:00:00,VE,,0
2023-11-06 00:00:00,VN,339,1
2023-11-06 00:00:00,WE,,0
2023-11-07 00:00:00,,,0
2023-11-07 00:00:00,"",,0
2023-11-07 00:00:00,AU,,0
2023-11-07 00:00:00,BN,,0
2023-11-07 00:00:00,BR,1874,6
2023-11-07 00:00:00,BS,,0
2023-11-07 00:00:00,BZ,,0
2023-11-07 00:00:00,CCS,,0
2023-11-07 00:00:00,CD,1919,26
2023-11-07 00:00:00,CG,1803,17
2023-11-07 00:00:00,CM,518,14
2023-11-07 00:00:00,CO,1030,18
2023-11-07 00:00:00,EC,,0
2023-11-07 00:00:00,EG,,0
2023-11-07 00:00:00,ER,,0
2023-11-07 00:00:00,FR,,0
2023-11-07 00:00:00,GA,2683,17
2023-11-07 00:00:00,GT,,0
2023-11-07 00:00:00,IQ,,0
2023-11-07 00:00:00,LH,,0
2023-11-07 00:00:00,MX,978,7
2023-11-07 00:00:00,PE,,0
2023-11-07 00:00:00,SG,,0
2023-11-07 00:00:00,TD,1324,9
2023-11-07 00:00:00,TN,1160,2
2023-11-07 00:00:00,TR,52,4
2023-11-07 00:00:00,TT,973,4
2023-11-07 00:00:00,UKS,1,3
2023-11-07 00:00:00,UKW,1115,5
2023-11-07 00:00:00,US,,0
2023-11-07 00:00:00,VE,,0
2023-11-07 00:00:00,VN,339,1
2023-11-07 00:00:00,WE,,0
2023-11-08 00:00:00,,,0
2023-11-08 00:00:00,"",,0
2023-11-08 00:00:00,AU,,0
2023-11-08 00:00:00,BN,,0
2023-11-08 00:00:00,BR,3759,7
2023-11-08 00:00:00,BS,,0
2023-11-08 00:00:00,BZ,,0
2023-11-08 00:00:00,CCS,,0
2023-11-08 00:00:00,CD,1843,26
2023-11-08 00:00:00,CG,1803,17
2023-11-08 00:00:00,CM,518,14
2023-11-08 00:00:00,CO,1030,18
2023-11-08 00:00:00,EC,,0
2023-11-08 00:00:00,EG,,0
2023-11-08 00:00:00,ER,,0
2023-11-08 00:00:00,FR,,0
2023-11-08 00:00:00,GA,3210,18
2023-11-08 00:00:00,GT,,0
2023-11-08 00:00:00,IQ,,0
2023-11-08 00:00:00,LH,,0
2023-11-08 00:00:00,MX,964,7
2023-11-08 00:00:00,PE,,0
2023-11-08 00:00:00,SG,,0
2023-11-08 00:00:00,TD,1324,9
2023-11-08 00:00:00,TN,1160,2
2023-11-08 00:00:00,TR,52,4
2023-11-08 00:00:00,TT,973,4
2023-11-08 00:00:00,UKS,1,3
2023-11-08 00:00:00,UKW,1115,5
2023-11-08 00:00:00,US,,0
2023-11-08 00:00:00,VE,,0
2023-11-08 00:00:00,VN,609,1
2023-11-08 00:00:00,WE,,0
2023-11-09 00:00:00,,,0
2023-11-09 00:00:00,"",,0
2023-11-09 00:00:00,AU,,0
2023-11-09 00:00:00,BN,,0
2023-11-09 00:00:00,BR,3759,7
2023-11-09 00:00:00,BS,,0
2023-11-09 00:00:00,BZ,,0
2023-11-09 00:00:00,CCS,,0
2023-11-09 00:00:00,CD,1803,28
2023-11-09 00:00:00,CG,1863,17
2023-11-09 00:00:00,CM,518,14
2023-11-09 00:00:00,CO,1030,18
2023-11-09 00:00:00,EC,,0
2023-11-09 00:00:00,EG,,0
2023-11-09 00:00:00,ER,,0
2023-11-09 00:00:00,FR,,0
2023-11-09 00:00:00,GA,3114,17
2023-11-09 00:00:00,GT,,0
2023-11-09 00:00:00,IQ,,0
2023-11-09 00:00:00,LH,,0
2023-11-09 00:00:00,MX,643,6
2023-11-09 00:00:00,PE,,0
2023-11-09 00:00:00,SG,,0
2023-11-09 00:00:00,TD,1324,9
2023-11-09 00:00:00,TN,1160,2
2023-11-09 00:00:00,TR,52,4
2023-11-09 00:00:00,TT,973,4
2023-11-09 00:00:00,UKS,1,3
2023-11-09 00:00:00,UKW,1115,5
2023-11-09 00:00:00,US,,0
2023-11-09 00:00:00,VE,,0
2023-11-09 00:00:00,VN,747,2
2023-11-09 00:00:00,WE,,0
2023-11-10 00:00:00,,,0
2023-11-10 00:00:00,"",,0
2023-11-10 00:00:00,AU,,0
2023-11-10 00:00:00,BN,,0
2023-11-10 00:00:00,BR,3759,7
2023-11-10 00:00:00,BS,,0
2023-11-10 00:00:00,BZ,,0
2023-11-10 00:00:00,CCS,,0
2023-11-10 00:00:00,CD,1784,27
2023-11-10 00:00:00,CG,1408,17
2023-11-10 00:00:00,CM,518,15
2023-11-10 00:00:00,CO,938,17
2023-11-10 00:00:00,EC,,0
2023-11-10 00:00:00,EG,,0
2023-11-10 00:00:00,ER,,0
2023-11-10 00:00:00,FR,,0
2023-11-10 00:00:00,GA,2889,17
2023-11-10 00:00:00,GT,308,2
2023-11-10 00:00:00,IQ,,0
2023-11-10 00:00:00,LH,,0
2023-11-10 00:00:00,MX,473,6
2023-11-10 00:00:00,PE,,0
2023-11-10 00:00:00,SG,,0
2023-11-10 00:00:00,TD,1324,9
2023-11-10 00:00:00,TN,1160,2
2023-11-10 00:00:00,TR,52,4
2023-11-10 00:00:00,TT,989,4
2023-11-10 00:00:00,UKS,1,3
2023-11-10 00:00:00,UKW,1041,4
2023-11-10 00:00:00,US,,0
2023-11-10 00:00:00,VE,,0
2023-11-10 00:00:00,VN,550,1
2023-11-10 00:00:00,WE,,0
2023-11-11 00:00:00,,,0
2023-11-11 00:00:00,"",,0
2023-11-11 00:00:00,AU,,0
2023-11-11 00:00:00,BN,,0
2023-11-11 00:00:00,BR,3759,7
2023-11-11 00:00:00,BS,,0
2023-11-11 00:00:00,BZ,,0
2023-11-11 00:00:00,CCS,,0
2023-11-11 00:00:00,CD,1830,25
2023-11-11 00:00:00,CG,1352,17
2023-11-11 00:00:00,CM,518,15
2023-11-11 00:00:00,CO,938,17
2023-11-11 00:00:00,EC,,0
2023-11-11 00:00:00,EG,,0
2023-11-11 00:00:00,ER,,0
2023-11-11 00:00:00,FR,,0
2023-11-11 00:00:00,GA,2171,14
2023-11-11 00:00:00,GT,308,2
2023-11-11 00:00:00,IQ,,0
2023-11-11 00:00:00,LH,,0
2023-11-11 00:00:00,MX,483,6
2023-11-11 00:00:00,PE,,0
2023-11-11 00:00:00,SG,,0
2023-11-11 00:00:00,TD,1324,9
2023-11-11 00:00:00,TN,1160,2
2023-11-11 00:00:00,TR,52,4
2023-11-11 00:00:00,TT,973,4
2023-11-11 00:00:00,UKS,1,3
2023-11-11 00:00:00,UKW,918,4
2023-11-11 00:00:00,US,,0
2023-11-11 00:00:00,VE,,0
2023-11-11 00:00:00,VN,408,1
2023-11-11 00:00:00,WE,,0
2023-11-12 00:00:00,,,0
2023-11-12 00:00:00,"",,0
2023-11-12 00:00:00,AU,,0
2023-11-12 00:00:00,BN,,0
2023-11-12 00:00:00,BR,3759,7
2023-11-12 00:00:00,BS,,0
2023-11-12 00:00:00,BZ,,0
2023-11-12 00:00:00,CCS,,0
2023-11-12 00:00:00,CD,1664,25
2023-11-12 00:00:00,CG,1424,18
2023-11-12 00:00:00,CM,518,15
2023-11-12 00:00:00,CO,938,17
2023-11-12 00:00:00,EC,,0
2023-11-12 00:00:00,EG,,0
2023-11-12 00:00:00,ER,,0
2023-11-12 00:00:00,FR,,0
2023-11-12 00:00:00,GA,2708,16
2023-11-12 00:00:00,GT,308,2
2023-11-12 00:00:00,IQ,,0
2023-11-12 00:00:00,LH,,0
2023-11-12 00:00:00,MX,1126,5
2023-11-12 00:00:00,PE,,0
2023-11-12 00:00:00,SG,,0
2023-11-12 00:00:00,TD,1361,9
2023-11-12 00:00:00,TN,1160,2
2023-11-12 00:00:00,TR,52,4
2023-11-12 00:00:00,TT,1191,5
2023-11-12 00:00:00,UKS,1,3
2023-11-12 00:00:00,UKW,918,4
2023-11-12 00:00:00,US,,0
2023-11-12 00:00:00,VE,,0
2023-11-12 00:00:00,VN,408,1
2023-11-12 00:00:00,WE,,0
2023-11-13 00:00:00,,,0
2023-11-13 00:00:00,"",,0
2023-11-13 00:00:00,AU,,0
2023-11-13 00:00:00,BN,,0
2023-11-13 00:00:00,BR,3759,7
2023-11-13 00:00:00,BS,,0
2023-11-13 00:00:00,BZ,,0
2023-11-13 00:00:00,CCS,,0
2023-11-13 00:00:00,CD,1745,26
2023-11-13 00:00:00,CG,1424,18
2023-11-13 00:00:00,CM,518,15
2023-11-13 00:00:00,CO,938,17
2023-11-13 00:00:00,EC,,0
2023-11-13 00:00:00,EG,,0
2023-11-13 00:00:00,ER,,0
2023-11-13 00:00:00,FR,,0
2023-11-13 00:00:00,GA,2708,16
2023-11-13 00:00:00,GT,157,1
2023-11-13 00:00:00,IQ,,0
2023-11-13 00:00:00,LH,,0
2023-11-13 00:00:00,MX,498,5
2023-11-13 00:00:00,PE,,0
2023-11-13 00:00:00,SG,,0
2023-11-13 00:00:00,TD,1324,9
2023-11-13 00:00:00,TN,1160,2
2023-11-13 00:00:00,TR,52,4
2023-11-13 00:00:00,TT,1191,5
2023-11-13 00:00:00,UKS,1,2
2023-11-13 00:00:00,UKW,917,3
2023-11-13 00:00:00,US,,0
2023-11-13 00:00:00,VE,,0
2023-11-13 00:00:00,VN,408,1
2023-11-13 00:00:00,WE,,0
2023-11-14 00:00:00,,,0
2023-11-14 00:00:00,"",,0
2023-11-14 00:00:00,AU,,0
2023-11-14 00:00:00,BN,,0
2023-11-14 00:00:00,BR,3759,7
2023-11-14 00:00:00,BS,,0
2023-11-14 00:00:00,BZ,,0
2023-11-14 00:00:00,CCS,,0
2023-11-14 00:00:00,CD,1706,26
2023-11-14 00:00:00,CG,1458,19
2023-11-14 00:00:00,CM,518,15
2023-11-14 00:00:00,CO,938,17
2023-11-14 00:00:00,EC,,0
2023-11-14 00:00:00,EG,,0
2023-11-14 00:00:00,ER,,0
2023-11-14 00:00:00,FR,,0
2023-11-14 00:00:00,GA,2708,16
2023-11-14 00:00:00,GT,131,1
2023-11-14 00:00:00,IQ,,0
2023-11-14 00:00:00,LH,,0
2023-11-14 00:00:00,MX,473,5
2023-11-14 00:00:00,PE,,0
2023-11-14 00:00:00,SG,,0
2023-11-14 00:00:00,TD,1324,9
2023-11-14 00:00:00,TN,1160,2
2023-11-14 00:00:00,TR,52,4
2023-11-14 00:00:00,TT,1191,5
2023-11-14 00:00:00,UKS,1,2
2023-11-14 00:00:00,UKW,914,3
2023-11-14 00:00:00,US,,0
2023-11-14 00:00:00,VE,,0
2023-11-14 00:00:00,VN,408,1
2023-11-14 00:00:00,WE,,0
2023-11-15 00:00:00,,,0
2023-11-15 00:00:00,"",,0
2023-11-15 00:00:00,AU,,0
2023-11-15 00:00:00,BN,,0
2023-11-15 00:00:00,BR,3759,7
2023-11-15 00:00:00,BS,,0
2023-11-15 00:00:00,BZ,,0
2023-11-15 00:00:00,CCS,,0
2023-11-15 00:00:00,CD,1704,25
2023-11-15 00:00:00,CG,1265,17
2023-11-15 00:00:00,CM,518,15
2023-11-15 00:00:00,CO,951,16
2023-11-15 00:00:00,EC,,0
2023-11-15 00:00:00,EG,,0
2023-11-15 00:00:00,ER,,0
2023-11-15 00:00:00,FR,,0
2023-11-15 00:00:00,GA,3869,18
2023-11-15 00:00:00,GT,,0
2023-11-15 00:00:00,IQ,,0
2023-11-15 00:00:00,LH,,0
2023-11-15 00:00:00,MX,501,5
2023-11-15 00:00:00,PE,,0
2023-11-15 00:00:00,SG,,0
2023-11-15 00:00:00,TD,1324,9
2023-11-15 00:00:00,TN,1160,2
2023-11-15 00:00:00,TR,52,4
2023-11-15 00:00:00,TT,1288,6
2023-11-15 00:00:00,UKS,2,2
2023-11-15 00:00:00,UKW,914,3
2023-11-15 00:00:00,US,,0
2023-11-15 00:00:00,VE,,0
2023-11-15 00:00:00,VN,408,1
2023-11-15 00:00:00,WE,,0
2023-11-16 00:00:00,,,0
2023-11-16 00:00:00,"",,0
2023-11-16 00:00:00,AU,,0
2023-11-16 00:00:00,BN,,0
2023-11-16 00:00:00,BR,3759,7
2023-11-16 00:00:00,BS,,0
2023-11-16 00:00:00,BZ,,0
2023-11-16 00:00:00,CCS,,0
2023-11-16 00:00:00,CD,1673,24
2023-11-16 00:00:00,CG,1214,18
2023-11-16 00:00:00,CM,518,16
2023-11-16 00:00:00,CO,938,16
2023-11-16 00:00:00,EC,,0
2023-11-16 00:00:00,EG,,0
2023-11-16 00:00:00,ER,,0
2023-11-16 00:00:00,FR,,0
2023-11-16 00:00:00,GA,3852,16
2023-11-16 00:00:00,GT,,0
2023-11-16 00:00:00,IQ,,0
2023-11-16 00:00:00,LH,,0
2023-11-16 00:00:00,MX,473,5
2023-11-16 00:00:00,PE,,0
2023-11-16 00:00:00,SG,,0
2023-11-16 00:00:00,TD,1324,9
2023-11-16 00:00:00,TN,1160,2
2023-11-16 00:00:00,TR,52,4
2023-11-16 00:00:00,TT,1288,6
2023-11-16 00:00:00,UKS,2,2
2023-11-16 00:00:00,UKW,914,3
2023-11-16 00:00:00,US,,0
2023-11-16 00:00:00,VE,,0
2023-11-16 00:00:00,VN,408,1
2023-11-16 00:00:00,WE,,0
2023-11-17 00:00:00,,,0
2023-11-17 00:00:00,"",,0
2023-11-17 00:00:00,AU,,0
2023-11-17 00:00:00,BN,,0
2023-11-17 00:00:00,BR,3759,7
2023-11-17 00:00:00,BS,,0
2023-11-17 00:00:00,BZ,,0
2023-11-17 00:00:00,CCS,,0
2023-11-17 00:00:00,CD,1674,25
2023-11-17 00:00:00,CG,1257,19
2023-11-17 00:00:00,CM,518,16
2023-11-17 00:00:00,CO,938,16
2023-11-17 00:00:00,EC,,0
2023-11-17 00:00:00,EG,,0
2023-11-17 00:00:00,ER,,0
2023-11-17 00:00:00,FR,,0
2023-11-17 00:00:00,GA,3736,17
2023-11-17 00:00:00,GT,,0
2023-11-17 00:00:00,IQ,,0
2023-11-17 00:00:00,LH,,0
2023-11-17 00:00:00,MX,486,5
2023-11-17 00:00:00,PE,,0
2023-11-17 00:00:00,SG,,0
2023-11-17 00:00:00,TD,1324,9
2023-11-17 00:00:00,TN,1160,2
2023-11-17 00:00:00,TR,52,4
2023-11-17 00:00:00,TT,1160,5
2023-11-17 00:00:00,UKS,2,1
2023-11-17 00:00:00,UKW,914,3
2023-11-17 00:00:00,US,,0
2023-11-17 00:00:00,VE,,0
2023-11-17 00:00:00,VN,408,1
2023-11-17 00:00:00,WE,,0
2023-11-18 00:00:00,,,0
2023-11-18 00:00:00,"",,0
2023-11-18 00:00:00,AU,,0
2023-11-18 00:00:00,BN,,0
2023-11-18 00:00:00,BR,3759,7
2023-11-18 00:00:00,BS,,0
2023-11-18 00:00:00,BZ,,0
2023-11-18 00:00:00,CCS,,0
2023-11-18 00:00:00,CD,1653,22
2023-11-18 00:00:00,CG,1613,19
2023-11-18 00:00:00,CM,518,16
2023-11-18 00:00:00,CO,938,16
2023-11-18 00:00:00,EC,,0
2023-11-18 00:00:00,EG,,0
2023-11-18 00:00:00,ER,,0
2023-11-18 00:00:00,FR,,0
2023-11-18 00:00:00,GA,2935,16
2023-11-18 00:00:00,GT,,0
2023-11-18 00:00:00,IQ,,0
2023-11-18 00:00:00,LH,,0
2023-11-18 00:00:00,MX,509,5
2023-11-18 00:00:00,PE,,0
2023-11-18 00:00:00,SG,,0
2023-11-18 00:00:00,TD,1544,9
2023-11-18 00:00:00,TN,1160,2
2023-11-18 00:00:00,TR,52,4
2023-11-18 00:00:00,TT,1160,5
2023-11-18 00:00:00,UKS,1,1
2023-11-18 00:00:00,UKW,914,3
2023-11-18 00:00:00,US,,0
2023-11-18 00:00:00,VE,,0
2023-11-18 00:00:00,VN,408,1
2023-11-18 00:00:00,WE,,0
2023-11-19 00:00:00,,,0
2023-11-19 00:00:00,"",,0
2023-11-19 00:00:00,AU,,0
2023-11-19 00:00:00,BN,,0
2023-11-19 00:00:00,BR,3759,7
2023-11-19 00:00:00,BS,,0
2023-11-19 00:00:00,BZ,,0
2023-11-19 00:00:00,CCS,,0
2023-11-19 00:00:00,CD,1587,22
2023-11-19 00:00:00,CG,1284,19
2023-11-19 00:00:00,CM,518,16
2023-11-19 00:00:00,CO,941,16
2023-11-19 00:00:00,EC,,0
2023-11-19 00:00:00,EG,,0
2023-11-19 00:00:00,ER,,0
2023-11-19 00:00:00,FR,,0
2023-11-19 00:00:00,GA,4164,19
2023-11-19 00:00:00,GT,,0
2023-11-19 00:00:00,IQ,,0
2023-11-19 00:00:00,LH,,0
2023-11-19 00:00:00,MX,473,5
2023-11-19 00:00:00,PE,,0
2023-11-19 00:00:00,SG,,0
2023-11-19 00:00:00,TD,1544,9
2023-11-19 00:00:00,TN,1160,2
2023-11-19 00:00:00,TR,52,4
2023-11-19 00:00:00,TT,1160,5
2023-11-19 00:00:00,UKS,1,2
2023-11-19 00:00:00,UKW,914,3
2023-11-19 00:00:00,US,,0
2023-11-19 00:00:00,VE,,0
2023-11-19 00:00:00,VN,408,1
2023-11-19 00:00:00,WE,,0
2023-11-20 00:00:00,,,0
2023-11-20 00:00:00,"",,0
2023-11-20 00:00:00,AU,,0
2023-11-20 00:00:00,BN,,0
2023-11-20 00:00:00,BR,3759,7
2023-11-20 00:00:00,BS,,0
2023-11-20 00:00:00,BZ,,0
2023-11-20 00:00:00,CCS,,0
2023-11-20 00:00:00,CD,1597,21
2023-11-20 00:00:00,CG,1245,19
2023-11-20 00:00:00,CM,518,16
2023-11-20 00:00:00,CO,940,17
2023-11-20 00:00:00,EC,,0
2023-11-20 00:00:00,EG,,0
2023-11-20 00:00:00,ER,,0
2023-11-20 00:00:00,FR,,0
2023-11-20 00:00:00,GA,4164,19
2023-11-20 00:00:00,GT,,0
2023-11-20 00:00:00,IQ,,0
2023-11-20 00:00:00,LH,,0
2023-11-20 00:00:00,MX,486,5
2023-11-20 00:00:00,PE,,0
2023-11-20 00:00:00,SG,,0
2023-11-20 00:00:00,TD,1735,9
2023-11-20 00:00:00,TN,1160,2
2023-11-20 00:00:00,TR,67,5
2023-11-20 00:00:00,TT,1160,5
2023-11-20 00:00:00,UKS,1,2
2023-11-20 00:00:00,UKW,929,3
2023-11-20 00:00:00,US,,0
2023-11-20 00:00:00,VE,,0
2023-11-20 00:00:00,VN,408,1
2023-11-20 00:00:00,WE,,0
2023-11-21 00:00:00,,,0
2023-11-21 00:00:00,"",,0
2023-11-21 00:00:00,AU,,0
2023-11-21 00:00:00,BN,,0
2023-11-21 00:00:00,BR,3759,7
2023-11-21 00:00:00,BS,,0
2023-11-21 00:00:00,BZ,,0
2023-11-21 00:00:00,CCS,,0
2023-11-21 00:00:00,CD,1577,22
2023-11-21 00:00:00,CG,1243,19
2023-11-21 00:00:00,CM,469,15
2023-11-21 00:00:00,CO,940,17
2023-11-21 00:00:00,EC,,0
2023-11-21 00:00:00,EG,,0
2023-11-21 00:00:00,ER,,0
2023-11-21 00:00:00,FR,,0
2023-11-21 00:00:00,GA,4120,18
2023-11-21 00:00:00,GT,,0
2023-11-21 00:00:00,IQ,,0
2023-11-21 00:00:00,LH,,0
2023-11-21 00:00:00,MX,473,5
2023-11-21 00:00:00,PE,,0
2023-11-21 00:00:00,SG,,0
2023-11-21 00:00:00,TD,1489,9
2023-11-21 00:00:00,TN,1160,2
2023-11-21 00:00:00,TR,85,5
2023-11-21 00:00:00,TT,1160,5
2023-11-21 00:00:00,UKS,1,2
2023-11-21 00:00:00,UKW,1128,3
2023-11-21 00:00:00,US,,0
2023-11-21 00:00:00,VE,,0
2023-11-21 00:00:00,VN,408,1
2023-11-21 00:00:00,WE,,0
2023-11-22 00:00:00,,,0
2023-11-22 00:00:00,"",,0
2023-11-22 00:00:00,AU,,0
2023-11-22 00:00:00,BN,,0
2023-11-22 00:00:00,BR,3759,7
2023-11-22 00:00:00,BS,,0
2023-11-22 00:00:00,BZ,,0
2023-11-22 00:00:00,CCS,,0
2023-11-22 00:00:00,CD,1606,23
2023-11-22 00:00:00,CG,1493,21
2023-11-22 00:00:00,CM,469,15
2023-11-22 00:00:00,CO,940,17
2023-11-22 00:00:00,EC,,0
2023-11-22 00:00:00,EG,,0
2023-11-22 00:00:00,ER,,0
2023-11-22 00:00:00,FR,,0
2023-11-22 00:00:00,GA,4164,19
2023-11-22 00:00:00,GT,,0
2023-11-22 00:00:00,IQ,,0
2023-11-22 00:00:00,LH,,0
2023-11-22 00:00:00,MX,503,4
2023-11-22 00:00:00,PE,,0
2023-11-22 00:00:00,SG,,0
2023-11-22 00:00:00,TD,1763,10
2023-11-22 00:00:00,TN,1160,2
2023-11-22 00:00:00,TR,99,6
2023-11-22 00:00:00,TT,1160,5
2023-11-22 00:00:00,UKS,1,3
2023-11-22 00:00:00,UKW,1158,4
2023-11-22 00:00:00,US,,0
2023-11-22 00:00:00,VE,,0
2023-11-22 00:00:00,VN,408,1
2023-11-22 00:00:00,WE,,0
2023-11-23 00:00:00,,,0
2023-11-23 00:00:00,"",,0
2023-11-23 00:00:00,AU,,0
2023-11-23 00:00:00,BN,,0
2023-11-23 00:00:00,BR,3759,7
2023-11-23 00:00:00,BS,,0
2023-11-23 00:00:00,BZ,,0
2023-11-23 00:00:00,CCS,,0
2023-11-23 00:00:00,CD,1505,14
2023-11-23 00:00:00,CG,1388,20
2023-11-23 00:00:00,CM,537,16
2023-11-23 00:00:00,CO,940,17
2023-11-23 00:00:00,EC,,0
2023-11-23 00:00:00,EG,,0
2023-11-23 00:00:00,ER,,0
2023-11-23 00:00:00,FR,,0
2023-11-23 00:00:00,GA,4413,19
2023-11-23 00:00:00,GT,,0
2023-11-23 00:00:00,IQ,,0
2023-11-23 00:00:00,LH,,0
2023-11-23 00:00:00,MX,490,4
2023-11-23 00:00:00,PE,,0
2023-11-23 00:00:00,SG,,0
2023-11-23 00:00:00,TD,1509,8
2023-11-23 00:00:00,TN,1160,2
2023-11-23 00:00:00,TR,99,6
2023-11-23 00:00:00,TT,1160,5
2023-11-23 00:00:00,UKS,1,3
2023-11-23 00:00:00,UKW,1187,5
2023-11-23 00:00:00,US,,0
2023-11-23 00:00:00,VE,,0
2023-11-23 00:00:00,VN,408,1
2023-11-23 00:00:00,WE,,0
2023-11-24 00:00:00,,,0
2023-11-24 00:00:00,"",,0
2023-11-24 00:00:00,AU,,0
2023-11-24 00:00:00,BN,,0
2023-11-24 00:00:00,BR,3759,7
2023-11-24 00:00:00,BS,,0
2023-11-24 00:00:00,BZ,,0
2023-11-24 00:00:00,CCS,,0
2023-11-24 00:00:00,CD,917,12
2023-11-24 00:00:00,CG,1284,20
2023-11-24 00:00:00,CM,418,14
2023-11-24 00:00:00,CO,940,17
2023-11-24 00:00:00,EC,,0
2023-11-24 00:00:00,EG,,0
2023-11-24 00:00:00,ER,,0
2023-11-24 00:00:00,FR,,0
2023-11-24 00:00:00,GA,4393,19
2023-11-24 00:00:00,GT,,0
2023-11-24 00:00:00,IQ,,0
2023-11-24 00:00:00,LH,,0
2023-11-24 00:00:00,MX,482,5
2023-11-24 00:00:00,PE,,0
2023-11-24 00:00:00,SG,,0
2023-11-24 00:00:00,TD,1324,9
2023-11-24 00:00:00,TN,1160,2
2023-11-24 00:00:00,TR,99,6
2023-11-24 00:00:00,TT,1160,5
2023-11-24 00:00:00,UKS,1,3
2023-11-24 00:00:00,UKW,1187,5
2023-11-24 00:00:00,US,,0
2023-11-24 00:00:00,VE,,0
2023-11-24 00:00:00,VN,408,1
2023-11-24 00:00:00,WE,,0
2023-11-25 00:00:00,,,0
2023-11-25 00:00:00,"",,0
2023-11-25 00:00:00,AU,,0
2023-11-25 00:00:00,BN,,0
2023-11-25 00:00:00,BR,3759,7
2023-11-25 00:00:00,BS,,0
2023-11-25 00:00:00,BZ,,0
2023-11-25 00:00:00,CCS,,0
2023-11-25 00:00:00,CD,636,13
2023-11-25 00:00:00,CG,1268,20
2023-11-25 00:00:00,CM,401,14
2023-11-25 00:00:00,CO,972,18
2023-11-25 00:00:00,EC,,0
2023-11-25 00:00:00,EG,,0
2023-11-25 00:00:00,ER,,0
2023-11-25 00:00:00,FR,,0
2023-11-25 00:00:00,GA,4383,19
2023-11-25 00:00:00,GT,,0
2023-11-25 00:00:00,IQ,,0
2023-11-25 00:00:00,LH,,0
2023-11-25 00:00:00,MX,486,5
2023-11-25 00:00:00,PE,,0
2023-11-25 00:00:00,SG,,0
2023-11-25 00:00:00,TD,1324,9
2023-11-25 00:00:00,TN,1160,2
2023-11-25 00:00:00,TR,99,6
2023-11-25 00:00:00,TT,1160,5
2023-11-25 00:00:00,UKS,1,3
2023-11-25 00:00:00,UKW,1187,5
2023-11-25 00:00:00,US,,0
2023-11-25 00:00:00,VE,,0
2023-11-25 00:00:00,VN,408,1
2023-11-25 00:00:00,WE,,0
2023-11-26 00:00:00,,,0
2023-11-26 00:00:00,"",,0
2023-11-26 00:00:00,AU,,0
2023-11-26 00:00:00,BN,,0
2023-11-26 00:00:00,BR,3759,7
2023-11-26 00:00:00,BS,,0
2023-11-26 00:00:00,BZ,,0
2023-11-26 00:00:00,CCS,,0
2023-11-26 00:00:00,CD,710,14
2023-11-26 00:00:00,CG,1284,20
2023-11-26 00:00:00,CM,401,14
2023-11-26 00:00:00,CO,972,18
2023-11-26 00:00:00,EC,,0
2023-11-26 00:00:00,EG,,0
2023-11-26 00:00:00,ER,,0
2023-11-26 00:00:00,FR,,0
2023-11-26 00:00:00,GA,4213,18
2023-11-26 00:00:00,GT,,0
2023-11-26 00:00:00,IQ,,0
2023-11-26 00:00:00,LH,,0
2023-11-26 00:00:00,MX,483,5
2023-11-26 00:00:00,PE,,0
2023-11-26 00:00:00,SG,,0
2023-11-26 00:00:00,TD,1324,9
2023-11-26 00:00:00,TN,1160,2
2023-11-26 00:00:00,TR,99,6
2023-11-26 00:00:00,TT,1278,5
2023-11-26 00:00:00,UKS,1,1
2023-11-26 00:00:00,UKW,1187,5
2023-11-26 00:00:00,US,,0
2023-11-26 00:00:00,VE,,0
2023-11-26 00:00:00,VN,408,1
2023-11-26 00:00:00,WE,,0
2023-11-27 00:00:00,,,0
2023-11-27 00:00:00,"",,0
2023-11-27 00:00:00,AU,,0
2023-11-27 00:00:00,BN,,0
2023-11-27 00:00:00,BR,3757,6
2023-11-27 00:00:00,BS,,0
2023-11-27 00:00:00,BZ,,0
2023-11-27 00:00:00,CCS,,0
2023-11-27 00:00:00,CD,644,14
2023-11-27 00:00:00,CG,1284,20
2023-11-27 00:00:00,CM,401,14
2023-11-27 00:00:00,CO,972,19
2023-11-27 00:00:00,EC,,0
2023-11-27 00:00:00,EG,,0
2023-11-27 00:00:00,ER,,0
2023-11-27 00:00:00,FR,,0
2023-11-27 00:00:00,GA,2522,16
2023-11-27 00:00:00,GT,,0
2023-11-27 00:00:00,IQ,,0
2023-11-27 00:00:00,LH,,0
2023-11-27 00:00:00,MX,473,5
2023-11-27 00:00:00,PE,,0
2023-11-27 00:00:00,SG,,0
2023-11-27 00:00:00,TD,1698,9
2023-11-27 00:00:00,TN,1160,2
2023-11-27 00:00:00,TR,99,6
2023-11-27 00:00:00,TT,1278,5
2023-11-27 00:00:00,UKS,1,1
2023-11-27 00:00:00,UKW,1187,5
2023-11-27 00:00:00,US,,0
2023-11-27 00:00:00,VE,,0
2023-11-27 00:00:00,VN,408,1
2023-11-27 00:00:00,WE,,0
2023-11-28 00:00:00,,,0
2023-11-28 00:00:00,"",,0
2023-11-28 00:00:00,AU,,0
2023-11-28 00:00:00,BN,,0
2023-11-28 00:00:00,BR,3558,6
2023-11-28 00:00:00,BS,,0
2023-11-28 00:00:00,BZ,,0
2023-11-28 00:00:00,CCS,,0
2023-11-28 00:00:00,CD,673,14
2023-11-28 00:00:00,CG,1284,20
2023-11-28 00:00:00,CM,401,14
2023-11-28 00:00:00,CO,972,19
2023-11-28 00:00:00,EC,,0
2023-11-28 00:00:00,EG,,0
2023-11-28 00:00:00,ER,,0
2023-11-28 00:00:00,FR,,0
2023-11-28 00:00:00,GA,3106,17
2023-11-28 00:00:00,GT,,0
2023-11-28 00:00:00,IQ,,0
2023-11-28 00:00:00,LH,,0
2023-11-28 00:00:00,MX,473,5
2023-11-28 00:00:00,PE,,0
2023-11-28 00:00:00,SG,,0
2023-11-28 00:00:00,TD,1714,10
2023-11-28 00:00:00,TN,1160,2
2023-11-28 00:00:00,TR,99,6
2023-11-28 00:00:00,TT,1278,5
2023-11-28 00:00:00,UKS,1,1
2023-11-28 00:00:00,UKW,1187,5
2023-11-28 00:00:00,US,,0
2023-11-28 00:00:00,VE,,0
2023-11-28 00:00:00,VN,408,1
2023-11-28 00:00:00,WE,,0
2023-11-29 00:00:00,,,0
2023-11-29 00:00:00,"",,0
2023-11-29 00:00:00,AU,,0
2023-11-29 00:00:00,BN,,0
2023-11-29 00:00:00,BR,3558,6
2023-11-29 00:00:00,BS,,0
2023-11-29 00:00:00,BZ,,0
2023-11-29 00:00:00,CCS,,0
2023-11-29 00:00:00,CD,685,15
2023-11-29 00:00:00,CG,1282,19
2023-11-29 00:00:00,CM,401,14
2023-11-29 00:00:00,CO,972,19
2023-11-29 00:00:00,EC,,0
2023-11-29 00:00:00,EG,,0
2023-11-29 00:00:00,ER,,0
2023-11-29 00:00:00,FR,,0
2023-11-29 00:00:00,GA,5067,22
2023-11-29 00:00:00,GT,,0
2023-11-29 00:00:00,IQ,,0
2023-11-29 00:00:00,LH,,0
2023-11-29 00:00:00,MX,473,5
2023-11-29 00:00:00,PE,,0
2023-11-29 00:00:00,SG,,0
2023-11-29 00:00:00,TD,1714,10
2023-11-29 00:00:00,TN,1160,2
2023-11-29 00:00:00,TR,99,6
2023-11-29 00:00:00,TT,1278,5
2023-11-29 00:00:00,UKS,1,1
2023-11-29 00:00:00,UKW,1187,5
2023-11-29 00:00:00,US,,0
2023-11-29 00:00:00,VE,,0
2023-11-29 00:00:00,VN,408,1
2023-11-29 00:00:00,WE,,0
2023-11-30 00:00:00,,,0
2023-11-30 00:00:00,"",,0
2023-11-30 00:00:00,AU,,0
2023-11-30 00:00:00,BN,,0
2023-11-30 00:00:00,BR,3558,6
2023-11-30 00:00:00,BS,,0
2023-11-30 00:00:00,BZ,,0
2023-11-30 00:00:00,CCS,,0
2023-11-30 00:00:00,CD,743,16
2023-11-30 00:00:00,CG,1272,20
2023-11-30 00:00:00,CM,401,14
2023-11-30 00:00:00,CO,972,19
2023-11-30 00:00:00,EC,,0
2023-11-30 00:00:00,EG,,0
2023-11-30 00:00:00,ER,,0
2023-11-30 00:00:00,FR,,0
2023-11-30 00:00:00,GA,4592,18
2023-11-30 00:00:00,GT,,0
2023-11-30 00:00:00,IQ,,0
2023-11-30 00:00:00,LH,,0
2023-11-30 00:00:00,MX,473,5
2023-11-30 00:00:00,PE,,0
2023-11-30 00:00:00,SG,,0
2023-11-30 00:00:00,TD,1714,10
2023-11-30 00:00:00,TN,1160,2
2023-11-30 00:00:00,TR,99,6
2023-11-30 00:00:00,TT,1278,5
2023-11-30 00:00:00,UKS,1,1
2023-11-30 00:00:00,UKW,1187,5
2023-11-30 00:00:00,US,,0
2023-11-30 00:00:00,VE,,0
2023-11-30 00:00:00,VN,408,1
2023-11-30 00:00:00,WE,,0
2023-12-01 00:00:00,,,0
2023-12-01 00:00:00,"",,0
2023-12-01 00:00:00,AU,,0
2023-12-01 00:00:00,BN,,0
2023-12-01 00:00:00,BR,3558,6
2023-12-01 00:00:00,BS,,0
2023-12-01 00:00:00,BZ,,0
2023-12-01 00:00:00,CCS,,0
2023-12-01 00:00:00,CD,738,16
2023-12-01 00:00:00,CG,1282,19
2023-12-01 00:00:00,CM,401,14
2023-12-01 00:00:00,CO,972,19
2023-12-01 00:00:00,EC,,0
2023-12-01 00:00:00,EG,,0
2023-12-01 00:00:00,ER,,0
2023-12-01 00:00:00,FR,,0
2023-12-01 00:00:00,GA,4279,19
2023-12-01 00:00:00,GT,,0
2023-12-01 00:00:00,IQ,,0
2023-12-01 00:00:00,LH,,0
2023-12-01 00:00:00,MX,473,5
2023-12-01 00:00:00,PE,,0
2023-12-01 00:00:00,SG,,0
2023-12-01 00:00:00,TD,1714,10
2023-12-01 00:00:00,TN,1160,2
2023-12-01 00:00:00,TR,99,6
2023-12-01 00:00:00,TT,1248,4
2023-12-01 00:00:00,UKS,1,1
2023-12-01 00:00:00,UKW,1187,5
2023-12-01 00:00:00,US,,0
2023-12-01 00:00:00,VE,,0
2023-12-01 00:00:00,VN,408,1
2023-12-01 00:00:00,WE,,0
2023-12-02 00:00:00,,,0
2023-12-02 00:00:00,"",,0
2023-12-02 00:00:00,AU,,0
2023-12-02 00:00:00,BN,,0
2023-12-02 00:00:00,BR,3558,6
2023-12-02 00:00:00,BS,,0
2023-12-02 00:00:00,BZ,,0
2023-12-02 00:00:00,CCS,,0
2023-12-02 00:00:00,CD,859,17
2023-12-02 00:00:00,CG,1282,19
2023-12-02 00:00:00,CM,401,14
2023-12-02 00:00:00,CO,972,19
2023-12-02 00:00:00,EC,,0
2023-12-02 00:00:00,EG,,0
2023-12-02 00:00:00,ER,,0
2023-12-02 00:00:00,FR,,0
2023-12-02 00:00:00,GA,4245,18
2023-12-02 00:00:00,GT,,0
2023-12-02 00:00:00,IQ,,0
2023-12-02 00:00:00,LH,,0
2023-12-02 00:00:00,MX,473,5
2023-12-02 00:00:00,PE,,0
2023-12-02 00:00:00,SG,,0
2023-12-02 00:00:00,TD,1669,9
2023-12-02 00:00:00,TN,1160,2
2023-12-02 00:00:00,TR,110,6
2023-12-02 00:00:00,TT,1248,4
2023-12-02 00:00:00,UKS,1,1
2023-12-02 00:00:00,UKW,1187,5
2023-12-02 00:00:00,US,,0
2023-12-02 00:00:00,VE,,0
2023-12-02 00:00:00,VN,,0
2023-12-02 00:00:00,WE,,0
2023-12-03 00:00:00,,,0
2023-12-03 00:00:00,"",,0
2023-12-03 00:00:00,AU,,0
2023-12-03 00:00:00,BN,,0
2023-12-03 00:00:00,BR,3558,6
2023-12-03 00:00:00,BS,,0
2023-12-03 00:00:00,BZ,,0
2023-12-03 00:00:00,CCS,,0
2023-12-03 00:00:00,CD,859,18
2023-12-03 00:00:00,CG,1282,19
2023-12-03 00:00:00,CM,401,14
2023-12-03 00:00:00,CO,972,19
2023-12-03 00:00:00,EC,,0
2023-12-03 00:00:00,EG,,0
2023-12-03 00:00:00,ER,,0
2023-12-03 00:00:00,FR,,0
2023-12-03 00:00:00,GA,4317,20
2023-12-03 00:00:00,GT,,0
2023-12-03 00:00:00,IQ,,0
2023-12-03 00:00:00,LH,,0
2023-12-03 00:00:00,MX,484,5
2023-12-03 00:00:00,PE,,0
2023-12-03 00:00:00,SG,,0
2023-12-03 00:00:00,TD,1439,9
2023-12-03 00:00:00,TN,1160,2
2023-12-03 00:00:00,TR,182,7
2023-12-03 00:00:00,TT,1151,3
2023-12-03 00:00:00,UKS,1,1
2023-12-03 00:00:00,UKW,1187,5
2023-12-03 00:00:00,US,,0
2023-12-03 00:00:00,VE,,0
2023-12-03 00:00:00,VN,,0
2023-12-03 00:00:00,WE,,0
2023-12-04 00:00:00,,,0
2023-12-04 00:00:00,"",,0
2023-12-04 00:00:00,AU,,0
2023-12-04 00:00:00,BN,,0
2023-12-04 00:00:00,BR,3558,6
2023-12-04 00:00:00,BS,,0
2023-12-04 00:00:00,BZ,,0
2023-12-04 00:00:00,CCS,,0
2023-12-04 00:00:00,CD,888,22
2023-12-04 00:00:00,CG,1266,19
2023-12-04 00:00:00,CM,401,14
2023-12-04 00:00:00,CO,972,19
2023-12-04 00:00:00,EC,,0
2023-12-04 00:00:00,EG,,0
2023-12-04 00:00:00,ER,,0
2023-12-04 00:00:00,FR,,0
2023-12-04 00:00:00,GA,3842,18
2023-12-04 00:00:00,GT,,0
2023-12-04 00:00:00,IQ,,0
2023-12-04 00:00:00,LH,,0
2023-12-04 00:00:00,MX,485,5
2023-12-04 00:00:00,PE,,0
2023-12-04 00:00:00,SG,,0
2023-12-04 00:00:00,TD,1426,9
2023-12-04 00:00:00,TN,1160,2
2023-12-04 00:00:00,TR,174,6
2023-12-04 00:00:00,TT,1151,3
2023-12-04 00:00:00,UKS,,0
2023-12-04 00:00:00,UKW,1175,4
2023-12-04 00:00:00,US,,0
2023-12-04 00:00:00,VE,,0
2023-12-04 00:00:00,VN,,0
2023-12-04 00:00:00,WE,,0
2023-12-05 00:00:00,,,0
2023-12-05 00:00:00,"",,0
2023-12-05 00:00:00,AU,,0
2023-12-05 00:00:00,BN,,0
2023-12-05 00:00:00,BR,3558,6
2023-12-05 00:00:00,BS,,0
2023-12-05 00:00:00,BZ,,0
2023-12-05 00:00:00,CCS,,0
2023-12-05 00:00:00,CD,935,22
2023-12-05 00:00:00,CG,1230,18
2023-12-05 00:00:00,CM,401,14
2023-12-05 00:00:00,CO,972,19
2023-12-05 00:00:00,EC,,0
2023-12-05 00:00:00,EG,,0
2023-12-05 00:00:00,ER,,0
2023-12-05 00:00:00,FR,,0
2023-12-05 00:00:00,GA,3103,19
2023-12-05 00:00:00,GT,,0
2023-12-05 00:00:00,IQ,,0
2023-12-05 00:00:00,LH,,0
2023-12-05 00:00:00,MX,483,5
2023-12-05 00:00:00,PE,,0
2023-12-05 00:00:00,SG,,0
2023-12-05 00:00:00,TD,1426,9
2023-12-05 00:00:00,TN,1160,2
2023-12-05 00:00:00,TR,167,6
2023-12-05 00:00:00,TT,1151,3
2023-12-05 00:00:00,UKS,,1
2023-12-05 00:00:00,UKW,1172,3
2023-12-05 00:00:00,US,,0
2023-12-05 00:00:00,VE,,0
2023-12-05 00:00:00,VN,,0
2023-12-05 00:00:00,WE,,0
2023-12-06 00:00:00,,,0
2023-12-06 00:00:00,"",,0
2023-12-06 00:00:00,AU,,0
2023-12-06 00:00:00,BN,,0
2023-12-06 00:00:00,BR,3558,6
2023-12-06 00:00:00,BS,,0
2023-12-06 00:00:00,BZ,,0
2023-12-06 00:00:00,CCS,,0
2023-12-06 00:00:00,CD,998,22
2023-12-06 00:00:00,CG,1274,18
2023-12-06 00:00:00,CM,401,14
2023-12-06 00:00:00,CO,940,18
2023-12-06 00:00:00,EC,,0
2023-12-06 00:00:00,EG,,0
2023-12-06 00:00:00,ER,,0
2023-12-06 00:00:00,FR,,0
2023-12-06 00:00:00,GA,3028,18
2023-12-06 00:00:00,GT,,0
2023-12-06 00:00:00,IQ,,0
2023-12-06 00:00:00,LH,,0
2023-12-06 00:00:00,MX,480,5
2023-12-06 00:00:00,PE,,0
2023-12-06 00:00:00,SG,,0
2023-12-06 00:00:00,TD,1426,9
2023-12-06 00:00:00,TN,1160,2
2023-12-06 00:00:00,TR,167,6
2023-12-06 00:00:00,TT,1150,2
2023-12-06 00:00:00,UKS,,1
2023-12-06 00:00:00,UKW,1162,4
2023-12-06 00:00:00,US,,0
2023-12-06 00:00:00,VE,,0
2023-12-06 00:00:00,VN,,0
2023-12-06 00:00:00,WE,,0
2023-12-07 00:00:00,,,0
2023-12-07 00:00:00,"",,0
2023-12-07 00:00:00,AU,,0
2023-12-07 00:00:00,BN,,0
2023-12-07 00:00:00,BR,3558,6
2023-12-07 00:00:00,BS,,0
2023-12-07 00:00:00,BZ,,0
2023-12-07 00:00:00,CCS,,0
2023-12-07 00:00:00,CD,976,22
2023-12-07 00:00:00,CG,1172,18
2023-12-07 00:00:00,CM,401,14
2023-12-07 00:00:00,CO,940,18
2023-12-07 00:00:00,EC,,0
2023-12-07 00:00:00,EG,,0
2023-12-07 00:00:00,ER,,0
2023-12-07 00:00:00,FR,,0
2023-12-07 00:00:00,GA,3225,18
2023-12-07 00:00:00,GT,,0
2023-12-07 00:00:00,IQ,,0
2023-12-07 00:00:00,LH,,0
2023-12-07 00:00:00,MX,489,5
2023-12-07 00:00:00,PE,,0
2023-12-07 00:00:00,SG,,0
2023-12-07 00:00:00,TD,1426,9
2023-12-07 00:00:00,TN,1160,2
2023-12-07 00:00:00,TR,167,6
2023-12-07 00:00:00,TT,1150,2
2023-12-07 00:00:00,UKS,,1
2023-12-07 00:00:00,UKW,1162,4
2023-12-07 00:00:00,US,,0
2023-12-07 00:00:00,VE,,0
2023-12-07 00:00:00,VN,,0
2023-12-07 00:00:00,WE,,0
2023-12-08 00:00:00,,,0
2023-12-08 00:00:00,"",,0
2023-12-08 00:00:00,AU,,0
2023-12-08 00:00:00,BN,,0
2023-12-08 00:00:00,BR,3558,6
2023-12-08 00:00:00,BS,,0
2023-12-08 00:00:00,BZ,,0
2023-12-08 00:00:00,CCS,,0
2023-12-08 00:00:00,CD,995,23
2023-12-08 00:00:00,CG,1279,18
2023-12-08 00:00:00,CM,401,14
2023-12-08 00:00:00,CO,940,18
2023-12-08 00:00:00,EC,,0
2023-12-08 00:00:00,EG,,0
2023-12-08 00:00:00,ER,,0
2023-12-08 00:00:00,FR,,0
2023-12-08 00:00:00,GA,3315,19
2023-12-08 00:00:00,GT,,0
2023-12-08 00:00:00,IQ,,0
2023-12-08 00:00:00,LH,,0
2023-12-08 00:00:00,MX,466,4
2023-12-08 00:00:00,PE,,0
2023-12-08 00:00:00,SG,,0
2023-12-08 00:00:00,TD,1426,9
2023-12-08 00:00:00,TN,1160,2
2023-12-08 00:00:00,TR,167,6
2023-12-08 00:00:00,TT,815,2
2023-12-08 00:00:00,UKS,,1
2023-12-08 00:00:00,UKW,1162,4
2023-12-08 00:00:00,US,,0
2023-12-08 00:00:00,VE,,0
2023-12-08 00:00:00,VN,,0
2023-12-08 00:00:00,WE,,0
2023-12-09 00:00:00,,,0
2023-12-09 00:00:00,"",,0
2023-12-09 00:00:00,AU,,0
2023-12-09 00:00:00,BN,,0
2023-12-09 00:00:00,BR,3558,6
2023-12-09 00:00:00,BS,,0
2023-12-09 00:00:00,BZ,,0
2023-12-09 00:00:00,CCS,,0
2023-12-09 00:00:00,CD,1076,26
2023-12-09 00:00:00,CG,1235,18
2023-12-09 00:00:00,CM,450,15
2023-12-09 00:00:00,CO,940,17
2023-12-09 00:00:00,EC,,0
2023-12-09 00:00:00,EG,,0
2023-12-09 00:00:00,ER,,0
2023-12-09 00:00:00,FR,,0
2023-12-09 00:00:00,GA,3315,19
2023-12-09 00:00:00,GT,,0
2023-12-09 00:00:00,IQ,,0
2023-12-09 00:00:00,LH,,0
2023-12-09 00:00:00,MX,428,4
2023-12-09 00:00:00,PE,,0
2023-12-09 00:00:00,SG,,0
2023-12-09 00:00:00,TD,1296,8
2023-12-09 00:00:00,TN,1160,2
2023-12-09 00:00:00,TR,167,6
2023-12-09 00:00:00,TT,815,2
2023-12-09 00:00:00,UKS,,1
2023-12-09 00:00:00,UKW,1162,4
2023-12-09 00:00:00,US,,0
2023-12-09 00:00:00,VE,,0
2023-12-09 00:00:00,VN,,0
2023-12-09 00:00:00,WE,,0
2023-12-10 00:00:00,,,0
2023-12-10 00:00:00,"",,0
2023-12-10 00:00:00,AU,,0
2023-12-10 00:00:00,BN,,0
2023-12-10 00:00:00,BR,3558,6
2023-12-10 00:00:00,BS,,0
2023-12-10 00:00:00,BZ,,0
2023-12-10 00:00:00,CCS,,0
2023-12-10 00:00:00,CD,964,24
2023-12-10 00:00:00,CG,2077,19
2023-12-10 00:00:00,CM,450,15
2023-12-10 00:00:00,CO,940,17
2023-12-10 00:00:00,EC,,0
2023-12-10 00:00:00,EG,,0
2023-12-10 00:00:00,ER,,0
2023-12-10 00:00:00,FR,,0
2023-12-10 00:00:00,GA,3315,19
2023-12-10 00:00:00,GT,,0
2023-12-10 00:00:00,IQ,,0
2023-12-10 00:00:00,LH,,0
2023-12-10 00:00:00,MX,438,4
2023-12-10 00:00:00,PE,,0
2023-12-10 00:00:00,SG,,0
2023-12-10 00:00:00,TD,1036,8
2023-12-10 00:00:00,TN,1160,2
2023-12-10 00:00:00,TR,167,7
2023-12-10 00:00:00,TT,815,2
2023-12-10 00:00:00,UKS,,1
2023-12-10 00:00:00,UKW,1162,4
2023-12-10 00:00:00,US,,0
2023-12-10 00:00:00,VE,,0
2023-12-10 00:00:00,VN,,0
2023-12-10 00:00:00,WE,,0
2023-12-11 00:00:00,,,0
2023-12-11 00:00:00,"",,0
2023-12-11 00:00:00,AU,,0
2023-12-11 00:00:00,BN,,0
2023-12-11 00:00:00,BR,2720,5
2023-12-11 00:00:00,BS,,0
2023-12-11 00:00:00,BZ,,0
2023-12-11 00:00:00,CCS,,0
2023-12-11 00:00:00,CD,998,27
2023-12-11 00:00:00,CG,2539,21
2023-12-11 00:00:00,CM,450,15
2023-12-11 00:00:00,CO,940,17
2023-12-11 00:00:00,EC,,0
2023-12-11 00:00:00,EG,,0
2023-12-11 00:00:00,ER,,0
2023-12-11 00:00:00,FR,,0
2023-12-11 00:00:00,GA,3720,19
2023-12-11 00:00:00,GT,,0
2023-12-11 00:00:00,IQ,,0
2023-12-11 00:00:00,LH,,0
2023-12-11 00:00:00,MX,438,4
2023-12-11 00:00:00,PE,,0
2023-12-11 00:00:00,SG,,0
2023-12-11 00:00:00,TD,1036,8
2023-12-11 00:00:00,TN,1160,2
2023-12-11 00:00:00,TR,167,7
2023-12-11 00:00:00,TT,815,2
2023-12-11 00:00:00,UKS,,1
2023-12-11 00:00:00,UKW,1162,4
2023-12-11 00:00:00,US,,0
2023-12-11 00:00:00,VE,,0
2023-12-11 00:00:00,VN,,0
2023-12-11 00:00:00,WE,,0
2023-12-12 00:00:00,,,0
2023-12-12 00:00:00,"",,0
2023-12-12 00:00:00,AU,,0
2023-12-12 00:00:00,BN,,0
2023-12-12 00:00:00,BR,1547,5
2023-12-12 00:00:00,BS,,0
2023-12-12 00:00:00,BZ,,0
2023-12-12 00:00:00,CCS,,0
2023-12-12 00:00:00,CD,1038,28
2023-12-12 00:00:00,CG,2537,21
2023-12-12 00:00:00,CM,450,15
2023-12-12 00:00:00,CO,940,17
2023-12-12 00:00:00,EC,,0
2023-12-12 00:00:00,EG,,0
2023-12-12 00:00:00,ER,,0
2023-12-12 00:00:00,FR,,0
2023-12-12 00:00:00,GA,3712,20
2023-12-12 00:00:00,GT,,0
2023-12-12 00:00:00,IQ,,0
2023-12-12 00:00:00,LH,,0
2023-12-12 00:00:00,MX,441,4
2023-12-12 00:00:00,PE,,0
2023-12-12 00:00:00,SG,,0
2023-12-12 00:00:00,TD,1036,8
2023-12-12 00:00:00,TN,1160,2
2023-12-12 00:00:00,TR,167,6
2023-12-12 00:00:00,TT,815,2
2023-12-12 00:00:00,UKS,,1
2023-12-12 00:00:00,UKW,1162,4
2023-12-12 00:00:00,US,,0
2023-12-12 00:00:00,VE,,0
2023-12-12 00:00:00,VN,,0
2023-12-12 00:00:00,WE,,0
2023-12-13 00:00:00,,,0
2023-12-13 00:00:00,"",,0
2023-12-13 00:00:00,AU,,0
2023-12-13 00:00:00,BN,,0
2023-12-13 00:00:00,BR,1547,5
2023-12-13 00:00:00,BS,,0
2023-12-13 00:00:00,BZ,,0
2023-12-13 00:00:00,CCS,,0
2023-12-13 00:00:00,CD,1134,29
2023-12-13 00:00:00,CG,2495,19
2023-12-13 00:00:00,CM,450,15
2023-12-13 00:00:00,CO,940,17
2023-12-13 00:00:00,EC,,0
2023-12-13 00:00:00,EG,,0
2023-12-13 00:00:00,ER,,0
2023-12-13 00:00:00,FR,,0
2023-12-13 00:00:00,GA,3712,20
2023-12-13 00:00:00,GT,,0
2023-12-13 00:00:00,IQ,,0
2023-12-13 00:00:00,LH,,0
2023-12-13 00:00:00,MX,690,5
2023-12-13 00:00:00,PE,,0
2023-12-13 00:00:00,SG,,0
2023-12-13 00:00:00,TD,1036,8
2023-12-13 00:00:00,TN,1160,2
2023-12-13 00:00:00,TR,189,7
2023-12-13 00:00:00,TT,815,2
2023-12-13 00:00:00,UKS,,2
2023-12-13 00:00:00,UKW,1162,4
2023-12-13 00:00:00,US,,0
2023-12-13 00:00:00,VE,,0
2023-12-13 00:00:00,VN,,0
2023-12-13 00:00:00,WE,,0
2023-12-14 00:00:00,,,0
2023-12-14 00:00:00,"",,0
2023-12-14 00:00:00,AU,,0
2023-12-14 00:00:00,BN,,0
2023-12-14 00:00:00,BR,1547,5
2023-12-14 00:00:00,BS,,0
2023-12-14 00:00:00,BZ,,0
2023-12-14 00:00:00,CCS,,0
2023-12-14 00:00:00,CD,1072,29
2023-12-14 00:00:00,CG,2466,19
2023-12-14 00:00:00,CM,576,15
2023-12-14 00:00:00,CO,940,17
2023-12-14 00:00:00,EC,,0
2023-12-14 00:00:00,EG,,0
2023-12-14 00:00:00,ER,,0
2023-12-14 00:00:00,FR,,0
2023-12-14 00:00:00,GA,3712,20
2023-12-14 00:00:00,GT,,0
2023-12-14 00:00:00,IQ,,0
2023-12-14 00:00:00,LH,,0
2023-12-14 00:00:00,MX,697,5
2023-12-14 00:00:00,PE,,0
2023-12-14 00:00:00,SG,,0
2023-12-14 00:00:00,TD,1036,8
2023-12-14 00:00:00,TN,1160,2
2023-12-14 00:00:00,TR,263,8
2023-12-14 00:00:00,TT,815,2
2023-12-14 00:00:00,UKS,,2
2023-12-14 00:00:00,UKW,1162,4
2023-12-14 00:00:00,US,,0
2023-12-14 00:00:00,VE,,0
2023-12-14 00:00:00,VN,,0
2023-12-14 00:00:00,WE,,0
2023-12-15 00:00:00,,,0
2023-12-15 00:00:00,"",,0
2023-12-15 00:00:00,AU,,0
2023-12-15 00:00:00,BN,,0
2023-12-15 00:00:00,BR,1547,5
2023-12-15 00:00:00,BS,,0
2023-12-15 00:00:00,BZ,,0
2023-12-15 00:00:00,CCS,,0
2023-12-15 00:00:00,CD,1106,30
2023-12-15 00:00:00,CG,2466,19
2023-12-15 00:00:00,CM,450,15
2023-12-15 00:00:00,CO,845,16
2023-12-15 00:00:00,EC,,0
2023-12-15 00:00:00,EG,,0
2023-12-15 00:00:00,ER,,0
2023-12-15 00:00:00,FR,,0
2023-12-15 00:00:00,GA,3172,18
2023-12-15 00:00:00,GT,,0
2023-12-15 00:00:00,IQ,,0
2023-12-15 00:00:00,LH,,0
2023-12-15 00:00:00,MX,645,5
2023-12-15 00:00:00,PE,,0
2023-12-15 00:00:00,SG,,0
2023-12-15 00:00:00,TD,1036,8
2023-12-15 00:00:00,TN,1160,2
2023-12-15 00:00:00,TR,288,9
2023-12-15 00:00:00,TT,815,2
2023-12-15 00:00:00,UKS,,2
2023-12-15 00:00:00,UKW,1162,4
2023-12-15 00:00:00,US,,0
2023-12-15 00:00:00,VE,,0
2023-12-15 00:00:00,VN,,0
2023-12-15 00:00:00,WE,,0
2023-12-16 00:00:00,,,0
2023-12-16 00:00:00,"",,0
2023-12-16 00:00:00,AU,,0
2023-12-16 00:00:00,BN,,0
2023-12-16 00:00:00,BR,1547,5
2023-12-16 00:00:00,BS,,0
2023-12-16 00:00:00,BZ,,0
2023-12-16 00:00:00,CCS,,0
2023-12-16 00:00:00,CD,1034,30
2023-12-16 00:00:00,CG,2677,21
2023-12-16 00:00:00,CM,450,15
2023-12-16 00:00:00,CO,845,16
2023-12-16 00:00:00,EC,,0
2023-12-16 00:00:00,EG,,0
2023-12-16 00:00:00,ER,,0
2023-12-16 00:00:00,FR,,0
2023-12-16 00:00:00,GA,3050,18
2023-12-16 00:00:00,GT,,0
2023-12-16 00:00:00,IQ,,0
2023-12-16 00:00:00,LH,,0
2023-12-16 00:00:00,MX,691,5
2023-12-16 00:00:00,PE,,0
2023-12-16 00:00:00,SG,,0
2023-12-16 00:00:00,TD,1036,8
2023-12-16 00:00:00,TN,1160,2
2023-12-16 00:00:00,TR,288,9
2023-12-16 00:00:00,TT,814,1
2023-12-16 00:00:00,UKS,,2
2023-12-16 00:00:00,UKW,1162,4
2023-12-16 00:00:00,US,,0
2023-12-16 00:00:00,VE,,0
2023-12-16 00:00:00,VN,,0
2023-12-16 00:00:00,WE,,0
2023-12-17 00:00:00,,,0
2023-12-17 00:00:00,"",,0
2023-12-17 00:00:00,AU,,0
2023-12-17 00:00:00,BN,,0
2023-12-17 00:00:00,BR,1547,5
2023-12-17 00:00:00,BS,,0
2023-12-17 00:00:00,BZ,,0
2023-12-17 00:00:00,CCS,,0
2023-12-17 00:00:00,CD,1156,31
2023-12-17 00:00:00,CG,2747,21
2023-12-17 00:00:00,CM,450,15
2023-12-17 00:00:00,CO,845,16
2023-12-17 00:00:00,EC,,0
2023-12-17 00:00:00,EG,,0
2023-12-17 00:00:00,ER,,0
2023-12-17 00:00:00,FR,,0
2023-12-17 00:00:00,GA,2991,18
2023-12-17 00:00:00,GT,,0
2023-12-17 00:00:00,IQ,,0
2023-12-17 00:00:00,LH,,0
2023-12-17 00:00:00,MX,693,5
2023-12-17 00:00:00,PE,,0
2023-12-17 00:00:00,SG,,0
2023-12-17 00:00:00,TD,1036,8
2023-12-17 00:00:00,TN,1160,2
2023-12-17 00:00:00,TR,189,7
2023-12-17 00:00:00,TT,815,2
2023-12-17 00:00:00,UKS,,2
2023-12-17 00:00:00,UKW,1162,4
2023-12-17 00:00:00,US,,0
2023-12-17 00:00:00,VE,,0
2023-12-17 00:00:00,VN,,0
2023-12-17 00:00:00,WE,,0
2023-12-18 00:00:00,,,0
2023-12-18 00:00:00,"",,0
2023-12-18 00:00:00,AU,,0
2023-12-18 00:00:00,BN,,0
2023-12-18 00:00:00,BR,1547,5
2023-12-18 00:00:00,BS,,0
2023-12-18 00:00:00,BZ,,0
2023-12-18 00:00:00,CCS,,0
2023-12-18 00:00:00,CD,1105,30
2023-12-18 00:00:00,CG,2714,22
2023-12-18 00:00:00,CM,450,15
2023-12-18 00:00:00,CO,845,16
2023-12-18 00:00:00,EC,,0
2023-12-18 00:00:00,EG,,0
2023-12-18 00:00:00,ER,,0
2023-12-18 00:00:00,FR,,0
2023-12-18 00:00:00,GA,2982,17
2023-12-18 00:00:00,GT,,0
2023-12-18 00:00:00,IQ,,0
2023-12-18 00:00:00,LH,,0
2023-12-18 00:00:00,MX,652,5
2023-12-18 00:00:00,PE,,0
2023-12-18 00:00:00,SG,,0
2023-12-18 00:00:00,TD,1036,8
2023-12-18 00:00:00,TN,1160,2
2023-12-18 00:00:00,TR,167,7
2023-12-18 00:00:00,TT,814,1
2023-12-18 00:00:00,UKS,,1
2023-12-18 00:00:00,UKW,1162,4
2023-12-18 00:00:00,US,,0
2023-12-18 00:00:00,VE,,0
2023-12-18 00:00:00,VN,,0
2023-12-18 00:00:00,WE,,0
2023-12-19 00:00:00,,,0
2023-12-19 00:00:00,"",,0
2023-12-19 00:00:00,AU,,0
2023-12-19 00:00:00,BN,,0
2023-12-19 00:00:00,BR,1547,5
2023-12-19 00:00:00,BS,,0
2023-12-19 00:00:00,BZ,,0
2023-12-19 00:00:00,CCS,,0
2023-12-19 00:00:00,CD,1103,29
2023-12-19 00:00:00,CG,2714,22
2023-12-19 00:00:00,CM,450,15
2023-12-19 00:00:00,CO,845,16
2023-12-19 00:00:00,EC,,0
2023-12-19 00:00:00,EG,,0
2023-12-19 00:00:00,ER,,0
2023-12-19 00:00:00,FR,,0
2023-12-19 00:00:00,GA,3228,17
2023-12-19 00:00:00,GT,,0
2023-12-19 00:00:00,IQ,,0
2023-12-19 00:00:00,LH,,0
2023-12-19 00:00:00,MX,659,5
2023-12-19 00:00:00,PE,,0
2023-12-19 00:00:00,SG,,0
2023-12-19 00:00:00,TD,1036,8
2023-12-19 00:00:00,TN,1160,2
2023-12-19 00:00:00,TR,167,7
2023-12-19 00:00:00,TT,815,2
2023-12-19 00:00:00,UKS,,2
2023-12-19 00:00:00,UKW,1406,4
2023-12-19 00:00:00,US,,0
2023-12-19 00:00:00,VE,,0
2023-12-19 00:00:00,VN,,0
2023-12-19 00:00:00,WE,,0
2023-12-20 00:00:00,,,0
2023-12-20 00:00:00,"",,0
2023-12-20 00:00:00,AU,,0
2023-12-20 00:00:00,BN,,0
2023-12-20 00:00:00,BR,1547,5
2023-12-20 00:00:00,BS,,0
2023-12-20 00:00:00,BZ,,0
2023-12-20 00:00:00,CCS,,0
2023-12-20 00:00:00,CD,1077,31
2023-12-20 00:00:00,CG,2758,22
2023-12-20 00:00:00,CM,450,15
2023-12-20 00:00:00,CO,845,16
2023-12-20 00:00:00,EC,,0
2023-12-20 00:00:00,EG,,0
2023-12-20 00:00:00,ER,,0
2023-12-20 00:00:00,FR,,0
2023-12-20 00:00:00,GA,2991,18
2023-12-20 00:00:00,GT,,0
2023-12-20 00:00:00,IQ,,0
2023-12-20 00:00:00,LH,,0
2023-12-20 00:00:00,MX,706,5
2023-12-20 00:00:00,PE,,0
2023-12-20 00:00:00,SG,,0
2023-12-20 00:00:00,TD,1036,8
2023-12-20 00:00:00,TN,1160,2
2023-12-20 00:00:00,TR,167,6
2023-12-20 00:00:00,TT,815,2
2023-12-20 00:00:00,UKS,,2
2023-12-20 00:00:00,UKW,1414,4
2023-12-20 00:00:00,US,,0
2023-12-20 00:00:00,VE,,0
2023-12-20 00:00:00,VN,,0
2023-12-20 00:00:00,WE,,0
2023-12-21 00:00:00,,,0
2023-12-21 00:00:00,"",,0
2023-12-21 00:00:00,AU,,0
2023-12-21 00:00:00,BN,,0
2023-12-21 00:00:00,BR,1547,5
2023-12-21 00:00:00,BS,,0
2023-12-21 00:00:00,BZ,,0
2023-12-21 00:00:00,CCS,,0
2023-12-21 00:00:00,CD,1089,31
2023-12-21 00:00:00,CG,2770,23
2023-12-21 00:00:00,CM,450,15
2023-12-21 00:00:00,CO,845,16
2023-12-21 00:00:00,EC,,0
2023-12-21 00:00:00,EG,,0
2023-12-21 00:00:00,ER,,0
2023-12-21 00:00:00,FR,,0
2023-12-21 00:00:00,GA,3479,19
2023-12-21 00:00:00,GT,,0
2023-12-21 00:00:00,IQ,,0
2023-12-21 00:00:00,LH,,0
2023-12-21 00:00:00,MX,671,5
2023-12-21 00:00:00,PE,,0
2023-12-21 00:00:00,SG,,0
2023-12-21 00:00:00,TD,1036,8
2023-12-21 00:00:00,TN,1160,2
2023-12-21 00:00:00,TR,160,6
2023-12-21 00:00:00,TT,815,2
2023-12-21 00:00:00,UKS,,2
2023-12-21 00:00:00,UKW,1162,4
2023-12-21 00:00:00,US,,0
2023-12-21 00:00:00,VE,,0
2023-12-21 00:00:00,VN,,0
2023-12-21 00:00:00,WE,,0
2023-12-22 00:00:00,,,0
2023-12-22 00:00:00,"",,0
2023-12-22 00:00:00,AU,,0
2023-12-22 00:00:00,BN,,0
2023-12-22 00:00:00,BR,1625,5
2023-12-22 00:00:00,BS,,0
2023-12-22 00:00:00,BZ,,0
2023-12-22 00:00:00,CCS,,0
2023-12-22 00:00:00,CD,1057,30
2023-12-22 00:00:00,CG,2770,23
2023-12-22 00:00:00,CM,472,15
2023-12-22 00:00:00,CO,845,16
2023-12-22 00:00:00,EC,,0
2023-12-22 00:00:00,EG,,0
2023-12-22 00:00:00,ER,,0
2023-12-22 00:00:00,FR,,0
2023-12-22 00:00:00,GA,3575,18
2023-12-22 00:00:00,GT,,0
2023-12-22 00:00:00,IQ,,0
2023-12-22 00:00:00,LH,,0
2023-12-22 00:00:00,MX,638,5
2023-12-22 00:00:00,PE,,0
2023-12-22 00:00:00,SG,,0
2023-12-22 00:00:00,TD,1054,8
2023-12-22 00:00:00,TN,1160,2
2023-12-22 00:00:00,TR,156,6
2023-12-22 00:00:00,TT,815,2
2023-12-22 00:00:00,UKS,,2
2023-12-22 00:00:00,UKW,1162,4
2023-12-22 00:00:00,US,,0
2023-12-22 00:00:00,VE,,0
2023-12-22 00:00:00,VN,,0
2023-12-22 00:00:00,WE,,0
2023-12-23 00:00:00,,,0
2023-12-23 00:00:00,"",,0
2023-12-23 00:00:00,AU,,0
2023-12-23 00:00:00,BN,,0
2023-12-23 00:00:00,BR,1656,6
2023-12-23 00:00:00,BS,,0
2023-12-23 00:00:00,BZ,,0
2023-12-23 00:00:00,CCS,,0
2023-12-23 00:00:00,CD,1027,29
2023-12-23 00:00:00,CG,2770,23
2023-12-23 00:00:00,CM,483,15
2023-12-23 00:00:00,CO,845,16
2023-12-23 00:00:00,EC,,0
2023-12-23 00:00:00,EG,,0
2023-12-23 00:00:00,ER,,0
2023-12-23 00:00:00,FR,,0
2023-12-23 00:00:00,GA,3300,18
2023-12-23 00:00:00,GT,,0
2023-12-23 00:00:00,IQ,,0
2023-12-23 00:00:00,LH,,0
2023-12-23 00:00:00,MX,667,4
2023-12-23 00:00:00,PE,,0
2023-12-23 00:00:00,SG,,0
2023-12-23 00:00:00,TD,1036,8
2023-12-23 00:00:00,TN,1160,2
2023-12-23 00:00:00,TR,156,6
2023-12-23 00:00:00,TT,815,2
2023-12-23 00:00:00,UKS,,2
2023-12-23 00:00:00,UKW,670,3
2023-12-23 00:00:00,US,,0
2023-12-23 00:00:00,VE,,0
2023-12-23 00:00:00,VN,,0
2023-12-23 00:00:00,WE,,0
2023-12-24 00:00:00,,,0
2023-12-24 00:00:00,"",,0
2023-12-24 00:00:00,AU,,0
2023-12-24 00:00:00,BN,,0
2023-12-24 00:00:00,BR,1656,6
2023-12-24 00:00:00,BS,,0
2023-12-24 00:00:00,BZ,,0
2023-12-24 00:00:00,CCS,,0
2023-12-24 00:00:00,CD,943,25
2023-12-24 00:00:00,CG,2770,23
2023-12-24 00:00:00,CM,450,15
2023-12-24 00:00:00,CO,845,16
2023-12-24 00:00:00,EC,,0
2023-12-24 00:00:00,EG,,0
2023-12-24 00:00:00,ER,,0
2023-12-24 00:00:00,FR,,0
2023-12-24 00:00:00,GA,3283,18
2023-12-24 00:00:00,GT,,0
2023-12-24 00:00:00,IQ,,0
2023-12-24 00:00:00,LH,,0
2023-12-24 00:00:00,MX,484,4
2023-12-24 00:00:00,PE,,0
2023-12-24 00:00:00,SG,,0
2023-12-24 00:00:00,TD,1036,8
2023-12-24 00:00:00,TN,1160,2
2023-12-24 00:00:00,TR,153,5
2023-12-24 00:00:00,TT,814,1
2023-12-24 00:00:00,UKS,,2
2023-12-24 00:00:00,UKW,333,3
2023-12-24 00:00:00,US,,0
2023-12-24 00:00:00,VE,,0
2023-12-24 00:00:00,VN,,0
2023-12-24 00:00:00,WE,,0
2023-12-25 00:00:00,,,0
2023-12-25 00:00:00,"",,0
2023-12-25 00:00:00,AU,,0
2023-12-25 00:00:00,BN,,0
2023-12-25 00:00:00,BR,1656,6
2023-12-25 00:00:00,BS,,0
2023-12-25 00:00:00,BZ,,0
2023-12-25 00:00:00,CCS,,0
2023-12-25 00:00:00,CD,926,26
2023-12-25 00:00:00,CG,2770,23
2023-12-25 00:00:00,CM,450,15
2023-12-25 00:00:00,CO,845,16
2023-12-25 00:00:00,EC,,0
2023-12-25 00:00:00,EG,,0
2023-12-25 00:00:00,ER,,0
2023-12-25 00:00:00,FR,,0
2023-12-25 00:00:00,GA,4526,19
2023-12-25 00:00:00,GT,,0
2023-12-25 00:00:00,IQ,,0
2023-12-25 00:00:00,LH,,0
2023-12-25 00:00:00,MX,437,4
2023-12-25 00:00:00,PE,,0
2023-12-25 00:00:00,SG,,0
2023-12-25 00:00:00,TD,1036,8
2023-12-25 00:00:00,TN,1160,2
2023-12-25 00:00:00,TR,73,5
2023-12-25 00:00:00,TT,815,2
2023-12-25 00:00:00,UKS,,2
2023-12-25 00:00:00,UKW,333,3
2023-12-25 00:00:00,US,,0
2023-12-25 00:00:00,VE,,0
2023-12-25 00:00:00,VN,,0
2023-12-25 00:00:00,WE,,0
2023-12-26 00:00:00,,,0
2023-12-26 00:00:00,"",,0
2023-12-26 00:00:00,AU,,0
2023-12-26 00:00:00,BN,,0
2023-12-26 00:00:00,BR,1656,6
2023-12-26 00:00:00,BS,,0
2023-12-26 00:00:00,BZ,,0
2023-12-26 00:00:00,CCS,,0
2023-12-26 00:00:00,CD,839,20
2023-12-26 00:00:00,CG,3149,22
2023-12-26 00:00:00,CM,450,15
2023-12-26 00:00:00,CO,845,16
2023-12-26 00:00:00,EC,,0
2023-12-26 00:00:00,EG,,0
2023-12-26 00:00:00,ER,,0
2023-12-26 00:00:00,FR,,0
2023-12-26 00:00:00,GA,4484,19
2023-12-26 00:00:00,GT,,0
2023-12-26 00:00:00,IQ,,0
2023-12-26 00:00:00,LH,,0
2023-12-26 00:00:00,MX,428,4
2023-12-26 00:00:00,PE,,0
2023-12-26 00:00:00,SG,,0
2023-12-26 00:00:00,TD,1036,8
2023-12-26 00:00:00,TN,1160,2
2023-12-26 00:00:00,TR,73,5
2023-12-26 00:00:00,TT,815,2
2023-12-26 00:00:00,UKS,,2
2023-12-26 00:00:00,UKW,333,3
2023-12-26 00:00:00,US,,0
2023-12-26 00:00:00,VE,,0
2023-12-26 00:00:00,VN,,0
2023-12-26 00:00:00,WE,,0
2023-12-27 00:00:00,,,0
2023-12-27 00:00:00,"",,0
2023-12-27 00:00:00,AU,,0
2023-12-27 00:00:00,BN,,0
2023-12-27 00:00:00,BR,1656,6
2023-12-27 00:00:00,BS,,0
2023-12-27 00:00:00,BZ,,0
2023-12-27 00:00:00,CCS,,0
2023-12-27 00:00:00,CD,885,20
2023-12-27 00:00:00,CG,3118,23
2023-12-27 00:00:00,CM,450,14
2023-12-27 00:00:00,CO,885,17
2023-12-27 00:00:00,EC,,0
2023-12-27 00:00:00,EG,,0
2023-12-27 00:00:00,ER,,0
2023-12-27 00:00:00,FR,,0
2023-12-27 00:00:00,GA,5300,19
2023-12-27 00:00:00,GT,,0
2023-12-27 00:00:00,IQ,,0
2023-12-27 00:00:00,LH,,0
2023-12-27 00:00:00,MX,439,4
2023-12-27 00:00:00,PE,,0
2023-12-27 00:00:00,SG,,0
2023-12-27 00:00:00,TD,1036,8
2023-12-27 00:00:00,TN,1160,2
2023-12-27 00:00:00,TR,73,5
2023-12-27 00:00:00,TT,815,2
2023-12-27 00:00:00,UKS,,2
2023-12-27 00:00:00,UKW,333,3
2023-12-27 00:00:00,US,,0
2023-12-27 00:00:00,VE,,0
2023-12-27 00:00:00,VN,,0
2023-12-27 00:00:00,WE,,0
2023-12-28 00:00:00,,,0
2023-12-28 00:00:00,"",,0
2023-12-28 00:00:00,AU,,0
2023-12-28 00:00:00,BN,,0
2023-12-28 00:00:00,BR,1547,5
2023-12-28 00:00:00,BS,,0
2023-12-28 00:00:00,BZ,,0
2023-12-28 00:00:00,CCS,,0
2023-12-28 00:00:00,CD,862,20
2023-12-28 00:00:00,CG,3118,23
2023-12-28 00:00:00,CM,461,14
2023-12-28 00:00:00,CO,569,17
2023-12-28 00:00:00,EC,,0
2023-12-28 00:00:00,EG,,0
2023-12-28 00:00:00,ER,,0
2023-12-28 00:00:00,FR,,0
2023-12-28 00:00:00,GA,6130,20
2023-12-28 00:00:00,GT,,0
2023-12-28 00:00:00,IQ,,0
2023-12-28 00:00:00,LH,,0
2023-12-28 00:00:00,MX,428,4
2023-12-28 00:00:00,PE,,0
2023-12-28 00:00:00,SG,,0
2023-12-28 00:00:00,TD,989,7
2023-12-28 00:00:00,TN,1160,2
2023-12-28 00:00:00,TR,73,5
2023-12-28 00:00:00,TT,815,2
2023-12-28 00:00:00,UKS,,2
2023-12-28 00:00:00,UKW,333,3
2023-12-28 00:00:00,US,,0
2023-12-28 00:00:00,VE,,0
2023-12-28 00:00:00,VN,,0
2023-12-28 00:00:00,WE,,0
2023-12-29 00:00:00,,,0
2023-12-29 00:00:00,"",,0
2023-12-29 00:00:00,AU,,0
2023-12-29 00:00:00,BN,,0
2023-12-29 00:00:00,BR,1942,6
2023-12-29 00:00:00,BS,,0
2023-12-29 00:00:00,BZ,,0
2023-12-29 00:00:00,CCS,,0
2023-12-29 00:00:00,CD,818,19
2023-12-29 00:00:00,CG,3118,23
2023-12-29 00:00:00,CM,481,15
2023-12-29 00:00:00,CO,914,19
2023-12-29 00:00:00,EC,,0
2023-12-29 00:00:00,EG,,0
2023-12-29 00:00:00,ER,,0
2023-12-29 00:00:00,FR,,0
2023-12-29 00:00:00,GA,6844,20
2023-12-29 00:00:00,GT,,0
2023-12-29 00:00:00,IQ,,0
2023-12-29 00:00:00,LH,,0
2023-12-29 00:00:00,MX,435,4
2023-12-29 00:00:00,PE,,0
2023-12-29 00:00:00,SG,,0
2023-12-29 00:00:00,TD,958,7
2023-12-29 00:00:00,TN,1160,2
2023-12-29 00:00:00,TR,73,5
2023-12-29 00:00:00,TT,815,2
2023-12-29 00:00:00,UKS,,2
2023-12-29 00:00:00,UKW,333,3
2023-12-29 00:00:00,US,,0
2023-12-29 00:00:00,VE,,0
2023-12-29 00:00:00,VN,,0
2023-12-29 00:00:00,WE,,0
2023-12-30 00:00:00,,,0
2023-12-30 00:00:00,"",,0
2023-12-30 00:00:00,AU,,0
2023-12-30 00:00:00,BN,,0
2023-12-30 00:00:00,BR,1942,6
2023-12-30 00:00:00,BS,,0
2023-12-30 00:00:00,BZ,,0
2023-12-30 00:00:00,CCS,,0
2023-12-30 00:00:00,CD,909,20
2023-12-30 00:00:00,CG,3186,23
2023-12-30 00:00:00,CM,521,16
2023-12-30 00:00:00,CO,914,19
2023-12-30 00:00:00,EC,,0
2023-12-30 00:00:00,EG,,0
2023-12-30 00:00:00,ER,,0
2023-12-30 00:00:00,FR,,0
2023-12-30 00:00:00,GA,6478,21
2023-12-30 00:00:00,GT,,0
2023-12-30 00:00:00,IQ,,0
2023-12-30 00:00:00,LH,,0
2023-12-30 00:00:00,MX,428,4
2023-12-30 00:00:00,PE,,0
2023-12-30 00:00:00,SG,,0
2023-12-30 00:00:00,TD,911,7
2023-12-30 00:00:00,TN,1160,2
2023-12-30 00:00:00,TR,73,5
2023-12-30 00:00:00,TT,815,2
2023-12-30 00:00:00,UKS,,2
2023-12-30 00:00:00,UKW,333,3
2023-12-30 00:00:00,US,,0
2023-12-30 00:00:00,VE,,0
2023-12-30 00:00:00,VN,,0
2023-12-30 00:00:00,WE,,0
2023-12-31 00:00:00,,,0
2023-12-31 00:00:00,"",,0
2023-12-31 00:00:00,AU,,0
2023-12-31 00:00:00,BN,,0
2023-12-31 00:00:00,BR,1942,6
2023-12-31 00:00:00,BS,,0
2023-12-31 00:00:00,BZ,,0
2023-12-31 00:00:00,CCS,,0
2023-12-31 00:00:00,CD,784,20
2023-12-31 00:00:00,CG,2231,23
2023-12-31 00:00:00,CM,638,15
2023-12-31 00:00:00,CO,914,19
2023-12-31 00:00:00,EC,,0
2023-12-31 00:00:00,EG,,0
2023-12-31 00:00:00,ER,,0
2023-12-31 00:00:00,FR,,0
2023-12-31 00:00:00,GA,6674,22
2023-12-31 00:00:00,GT,,0
2023-12-31 00:00:00,IQ,,0
2023-12-31 00:00:00,LH,,0
2023-12-31 00:00:00,MX,440,4
2023-12-31 00:00:00,PE,,0
2023-12-31 00:00:00,SG,,0
2023-12-31 00:00:00,TD,911,7
2023-12-31 00:00:00,TN,1160,2
2023-12-31 00:00:00,TR,73,5
2023-12-31 00:00:00,TT,815,2
2023-12-31 00:00:00,UKS,,2
2023-12-31 00:00:00,UKW,333,3
2023-12-31 00:00:00,US,,0
2023-12-31 00:00:00,VE,,0
2023-12-31 00:00:00,VN,,0
2023-12-31 00:00:00,WE,,0
2024-01-01 00:00:00,,,0
2024-01-01 00:00:00,"",,0
2024-01-01 00:00:00,AU,,0
2024-01-01 00:00:00,BN,,0
2024-01-01 00:00:00,BR,1305,3
2024-01-01 00:00:00,BS,,0
2024-01-01 00:00:00,BZ,,0
2024-01-01 00:00:00,CCS,,0
2024-01-01 00:00:00,CD,751,19
2024-01-01 00:00:00,CG,2279,22
2024-01-01 00:00:00,CM,494,15
2024-01-01 00:00:00,CO,914,19
2024-01-01 00:00:00,EC,,0
2024-01-01 00:00:00,EG,,0
2024-01-01 00:00:00,ER,,0
2024-01-01 00:00:00,FR,,0
2024-01-01 00:00:00,GA,6618,21
2024-01-01 00:00:00,GT,,0
2024-01-01 00:00:00,IQ,,0
2024-01-01 00:00:00,LH,,0
2024-01-01 00:00:00,MX,428,4
2024-01-01 00:00:00,PE,,0
2024-01-01 00:00:00,SG,,0
2024-01-01 00:00:00,TD,911,7
2024-01-01 00:00:00,TN,1160,2
2024-01-01 00:00:00,TR,73,5
2024-01-01 00:00:00,TT,,0
2024-01-01 00:00:00,UKS,1,4
2024-01-01 00:00:00,UKW,333,3
2024-01-01 00:00:00,US,,0
2024-01-01 00:00:00,VE,,0
2024-01-01 00:00:00,VN,,0
2024-01-01 00:00:00,WE,,0
2024-01-02 00:00:00,,,0
2024-01-02 00:00:00,"",,0
2024-01-02 00:00:00,AU,,0
2024-01-02 00:00:00,BN,,0
2024-01-02 00:00:00,BR,1525,2
2024-01-02 00:00:00,BS,,0
2024-01-02 00:00:00,BZ,,0
2024-01-02 00:00:00,CCS,,0
2024-01-02 00:00:00,CD,901,19
2024-01-02 00:00:00,CG,2222,23
2024-01-02 00:00:00,CM,494,15
2024-01-02 00:00:00,CO,914,19
2024-01-02 00:00:00,EC,,0
2024-01-02 00:00:00,EG,,0
2024-01-02 00:00:00,ER,,0
2024-01-02 00:00:00,FR,,0
2024-01-02 00:00:00,GA,6222,19
2024-01-02 00:00:00,GT,,0
2024-01-02 00:00:00,IQ,,0
2024-01-02 00:00:00,LH,,0
2024-01-02 00:00:00,MX,440,4
2024-01-02 00:00:00,PE,,0
2024-01-02 00:00:00,SG,,0
2024-01-02 00:00:00,TD,911,7
2024-01-02 00:00:00,TN,1160,2
2024-01-02 00:00:00,TR,73,5
2024-01-02 00:00:00,TT,,0
2024-01-02 00:00:00,UKS,1,4
2024-01-02 00:00:00,UKW,333,3
2024-01-02 00:00:00,US,,0
2024-01-02 00:00:00,VE,,0
2024-01-02 00:00:00,VN,,0
2024-01-02 00:00:00,WE,,0
2024-01-03 00:00:00,,,0
2024-01-03 00:00:00,"",,0
2024-01-03 00:00:00,AU,,0
2024-01-03 00:00:00,BN,,0
2024-01-03 00:00:00,BR,1133,2
2024-01-03 00:00:00,BS,,0
2024-01-03 00:00:00,BZ,,0
2024-01-03 00:00:00,CCS,,0
2024-01-03 00:00:00,CD,895,18
2024-01-03 00:00:00,CG,2194,23
2024-01-03 00:00:00,CM,494,15
2024-01-03 00:00:00,CO,914,19
2024-01-03 00:00:00,EC,,0
2024-01-03 00:00:00,EG,,0
2024-01-03 00:00:00,ER,,0
2024-01-03 00:00:00,FR,,0
2024-01-03 00:00:00,GA,5953,19
2024-01-03 00:00:00,GT,,0
2024-01-03 00:00:00,IQ,,0
2024-01-03 00:00:00,LH,,0
2024-01-03 00:00:00,MX,428,4
2024-01-03 00:00:00,PE,,0
2024-01-03 00:00:00,SG,,0
2024-01-03 00:00:00,TD,911,7
2024-01-03 00:00:00,TN,1160,2
2024-01-03 00:00:00,TR,73,4
2024-01-03 00:00:00,TT,,0
2024-01-03 00:00:00,UKS,1,4
2024-01-03 00:00:00,UKW,333,3
2024-01-03 00:00:00,US,,0
2024-01-03 00:00:00,VE,,0
2024-01-03 00:00:00,VN,,0
2024-01-03 00:00:00,WE,,0
2024-01-04 00:00:00,,,0
2024-01-04 00:00:00,"",,0
2024-01-04 00:00:00,AU,,0
2024-01-04 00:00:00,BN,,0
2024-01-04 00:00:00,BR,826,2
2024-01-04 00:00:00,BS,,0
2024-01-04 00:00:00,BZ,,0
2024-01-04 00:00:00,CCS,,0
2024-01-04 00:00:00,CD,818,15
2024-01-04 00:00:00,CG,2194,23
2024-01-04 00:00:00,CM,552,15
2024-01-04 00:00:00,CO,914,19
2024-01-04 00:00:00,EC,,0
2024-01-04 00:00:00,EG,,0
2024-01-04 00:00:00,ER,,0
2024-01-04 00:00:00,FR,,0
2024-01-04 00:00:00,GA,6132,21
2024-01-04 00:00:00,GT,,0
2024-01-04 00:00:00,IQ,,0
2024-01-04 00:00:00,LH,,0
2024-01-04 00:00:00,MX,439,4
2024-01-04 00:00:00,PE,,0
2024-01-04 00:00:00,SG,,0
2024-01-04 00:00:00,TD,904,6
2024-01-04 00:00:00,TN,1160,2
2024-01-04 00:00:00,TR,73,5
2024-01-04 00:00:00,TT,,0
2024-01-04 00:00:00,UKS,1,4
2024-01-04 00:00:00,UKW,333,3
2024-01-04 00:00:00,US,,0
2024-01-04 00:00:00,VE,,0
2024-01-04 00:00:00,VN,,0
2024-01-04 00:00:00,WE,,0
2024-01-05 00:00:00,,,0
2024-01-05 00:00:00,"",,0
2024-01-05 00:00:00,AU,,0
2024-01-05 00:00:00,BN,,0
2024-01-05 00:00:00,BR,826,2
2024-01-05 00:00:00,BS,,0
2024-01-05 00:00:00,BZ,,0
2024-01-05 00:00:00,CCS,,0
2024-01-05 00:00:00,CD,662,15
2024-01-05 00:00:00,CG,3243,24
2024-01-05 00:00:00,CM,527,14
2024-01-05 00:00:00,CO,914,19
2024-01-05 00:00:00,EC,,0
2024-01-05 00:00:00,EG,,0
2024-01-05 00:00:00,ER,,0
2024-01-05 00:00:00,FR,,0
2024-01-05 00:00:00,GA,5149,18
2024-01-05 00:00:00,GT,,0
2024-01-05 00:00:00,IQ,,0
2024-01-05 00:00:00,LH,,0
2024-01-05 00:00:00,MX,428,4
2024-01-05 00:00:00,PE,,0
2024-01-05 00:00:00,SG,,0
2024-01-05 00:00:00,TD,870,6
2024-01-05 00:00:00,TN,1160,2
2024-01-05 00:00:00,TR,73,5
2024-01-05 00:00:00,TT,,0
2024-01-05 00:00:00,UKS,1,5
2024-01-05 00:00:00,UKW,338,3
2024-01-05 00:00:00,US,,0
2024-01-05 00:00:00,VE,,0
2024-01-05 00:00:00,VN,,0
2024-01-05 00:00:00,WE,,0
2024-01-06 00:00:00,,,0
2024-01-06 00:00:00,"",,0
2024-01-06 00:00:00,AU,,0
2024-01-06 00:00:00,BN,,0
2024-01-06 00:00:00,BR,1412,3
2024-01-06 00:00:00,BS,,0
2024-01-06 00:00:00,BZ,,0
2024-01-06 00:00:00,CCS,,0
2024-01-06 00:00:00,CD,737,15
2024-01-06 00:00:00,CG,4031,24
2024-01-06 00:00:00,CM,642,14
2024-01-06 00:00:00,CO,914,19
2024-01-06 00:00:00,EC,,0
2024-01-06 00:00:00,EG,,0
2024-01-06 00:00:00,ER,,0
2024-01-06 00:00:00,FR,,0
2024-01-06 00:00:00,GA,5923,21
2024-01-06 00:00:00,GT,,0
2024-01-06 00:00:00,IQ,,0
2024-01-06 00:00:00,LH,,0
2024-01-06 00:00:00,MX,428,4
2024-01-06 00:00:00,PE,,0
2024-01-06 00:00:00,SG,,0
2024-01-06 00:00:00,TD,873,6
2024-01-06 00:00:00,TN,1160,2
2024-01-06 00:00:00,TR,73,5
2024-01-06 00:00:00,TT,,0
2024-01-06 00:00:00,UKS,1,4
2024-01-06 00:00:00,UKW,393,4
2024-01-06 00:00:00,US,,0
2024-01-06 00:00:00,VE,,0
2024-01-06 00:00:00,VN,,0
2024-01-06 00:00:00,WE,,0
2024-01-07 00:00:00,,,0
2024-01-07 00:00:00,"",,0
2024-01-07 00:00:00,AU,,0
2024-01-07 00:00:00,BN,,0
2024-01-07 00:00:00,BR,1412,3
2024-01-07 00:00:00,BS,,0
2024-01-07 00:00:00,BZ,,0
2024-01-07 00:00:00,CCS,,0
2024-01-07 00:00:00,CD,854,18
2024-01-07 00:00:00,CG,5409,27
2024-01-07 00:00:00,CM,494,14
2024-01-07 00:00:00,CO,914,19
2024-01-07 00:00:00,EC,,0
2024-01-07 00:00:00,EG,,0
2024-01-07 00:00:00,ER,,0
2024-01-07 00:00:00,FR,,0
2024-01-07 00:00:00,GA,5738,20
2024-01-07 00:00:00,GT,,0
2024-01-07 00:00:00,IQ,,0
2024-01-07 00:00:00,LH,,0
2024-01-07 00:00:00,MX,435,4
2024-01-07 00:00:00,PE,,0
2024-01-07 00:00:00,SG,,0
2024-01-07 00:00:00,TD,873,6
2024-01-07 00:00:00,TN,1160,2
2024-01-07 00:00:00,TR,73,5
2024-01-07 00:00:00,TT,,0
2024-01-07 00:00:00,UKS,1,5
2024-01-07 00:00:00,UKW,393,4
2024-01-07 00:00:00,US,,0
2024-01-07 00:00:00,VE,,0
2024-01-07 00:00:00,VN,,0
2024-01-07 00:00:00,WE,,0
2024-01-08 00:00:00,,,0
2024-01-08 00:00:00,"",,0
2024-01-08 00:00:00,AU,,0
2024-01-08 00:00:00,BN,,0
2024-01-08 00:00:00,BR,1412,3
2024-01-08 00:00:00,BS,,0
2024-01-08 00:00:00,BZ,,0
2024-01-08 00:00:00,CCS,,0
2024-01-08 00:00:00,CD,720,15
2024-01-08 00:00:00,CG,5559,27
2024-01-08 00:00:00,CM,494,14
2024-01-08 00:00:00,CO,914,19
2024-01-08 00:00:00,EC,,0
2024-01-08 00:00:00,EG,,0
2024-01-08 00:00:00,ER,,0
2024-01-08 00:00:00,FR,,0
2024-01-08 00:00:00,GA,5607,19
2024-01-08 00:00:00,GT,,0
2024-01-08 00:00:00,IQ,,0
2024-01-08 00:00:00,LH,,0
2024-01-08 00:00:00,MX,455,4
2024-01-08 00:00:00,PE,,0
2024-01-08 00:00:00,SG,,0
2024-01-08 00:00:00,TD,870,6
2024-01-08 00:00:00,TN,1160,2
2024-01-08 00:00:00,TR,73,5
2024-01-08 00:00:00,TT,,0
2024-01-08 00:00:00,UKS,1,5
2024-01-08 00:00:00,UKW,374,3
2024-01-08 00:00:00,US,,0
2024-01-08 00:00:00,VE,,0
2024-01-08 00:00:00,VN,,0
2024-01-08 00:00:00,WE,,0
2024-01-09 00:00:00,,,0
2024-01-09 00:00:00,"",,0
2024-01-09 00:00:00,AU,,0
2024-01-09 00:00:00,BN,,0
2024-01-09 00:00:00,BR,1412,3
2024-01-09 00:00:00,BS,,0
2024-01-09 00:00:00,BZ,,0
2024-01-09 00:00:00,CCS,,0
2024-01-09 00:00:00,CD,646,16
2024-01-09 00:00:00,CG,5523,27
2024-01-09 00:00:00,CM,494,14
2024-01-09 00:00:00,CO,914,19
2024-01-09 00:00:00,EC,,0
2024-01-09 00:00:00,EG,,0
2024-01-09 00:00:00,ER,,0
2024-01-09 00:00:00,FR,,0
2024-01-09 00:00:00,GA,5592,19
2024-01-09 00:00:00,GT,,0
2024-01-09 00:00:00,IQ,,0
2024-01-09 00:00:00,LH,,0
2024-01-09 00:00:00,MX,428,4
2024-01-09 00:00:00,PE,,0
2024-01-09 00:00:00,SG,,0
2024-01-09 00:00:00,TD,870,6
2024-01-09 00:00:00,TN,1160,2
2024-01-09 00:00:00,TR,73,5
2024-01-09 00:00:00,TT,,0
2024-01-09 00:00:00,UKS,1,5
2024-01-09 00:00:00,UKW,598,3
2024-01-09 00:00:00,US,,0
2024-01-09 00:00:00,VE,,0
2024-01-09 00:00:00,VN,,0
2024-01-09 00:00:00,WE,,0
2024-01-10 00:00:00,,,0
2024-01-10 00:00:00,"",,0
2024-01-10 00:00:00,AU,,0
2024-01-10 00:00:00,BN,,0
2024-01-10 00:00:00,BR,1412,3
2024-01-10 00:00:00,BS,,0
2024-01-10 00:00:00,BZ,,0
2024-01-10 00:00:00,CCS,,0
2024-01-10 00:00:00,CD,597,16
2024-01-10 00:00:00,CG,5788,27
2024-01-10 00:00:00,CM,494,14
2024-01-10 00:00:00,CO,914,19
2024-01-10 00:00:00,EC,,0
2024-01-10 00:00:00,EG,,0
2024-01-10 00:00:00,ER,,0
2024-01-10 00:00:00,FR,,0
2024-01-10 00:00:00,GA,4630,16
2024-01-10 00:00:00,GT,,0
2024-01-10 00:00:00,IQ,,0
2024-01-10 00:00:00,LH,,0
2024-01-10 00:00:00,MX,460,4
2024-01-10 00:00:00,PE,,0
2024-01-10 00:00:00,SG,,0
2024-01-10 00:00:00,TD,870,6
2024-01-10 00:00:00,TN,1160,2
2024-01-10 00:00:00,TR,73,5
2024-01-10 00:00:00,TT,,0
2024-01-10 00:00:00,UKS,1,5
2024-01-10 00:00:00,UKW,814,4
2024-01-10 00:00:00,US,,0
2024-01-10 00:00:00,VE,,0
2024-01-10 00:00:00,VN,,0
2024-01-10 00:00:00,WE,,0
2024-01-11 00:00:00,,,0
2024-01-11 00:00:00,"",,0
2024-01-11 00:00:00,AU,,0
2024-01-11 00:00:00,BN,,0
2024-01-11 00:00:00,BR,1412,3
2024-01-11 00:00:00,BS,,0
2024-01-11 00:00:00,BZ,,0
2024-01-11 00:00:00,CCS,,0
2024-01-11 00:00:00,CD,599,15
2024-01-11 00:00:00,CG,6432,28
2024-01-11 00:00:00,CM,494,14
2024-01-11 00:00:00,CO,914,19
2024-01-11 00:00:00,EC,,0
2024-01-11 00:00:00,EG,,0
2024-01-11 00:00:00,ER,,0
2024-01-11 00:00:00,FR,,0
2024-01-11 00:00:00,GA,5538,18
2024-01-11 00:00:00,GT,,0
2024-01-11 00:00:00,IQ,,0
2024-01-11 00:00:00,LH,,0
2024-01-11 00:00:00,MX,443,4
2024-01-11 00:00:00,PE,,0
2024-01-11 00:00:00,SG,,0
2024-01-11 00:00:00,TD,870,6
2024-01-11 00:00:00,TN,1160,2
2024-01-11 00:00:00,TR,73,5
2024-01-11 00:00:00,TT,,0
2024-01-11 00:00:00,UKS,1,5
2024-01-11 00:00:00,UKW,814,4
2024-01-11 00:00:00,US,,0
2024-01-11 00:00:00,VE,,0
2024-01-11 00:00:00,VN,,0
2024-01-11 00:00:00,WE,,0
2024-01-12 00:00:00,,,0
2024-01-12 00:00:00,"",,0
2024-01-12 00:00:00,AU,,0
2024-01-12 00:00:00,BN,,0
2024-01-12 00:00:00,BR,1412,3
2024-01-12 00:00:00,BS,,0
2024-01-12 00:00:00,BZ,,0
2024-01-12 00:00:00,CCS,,0
2024-01-12 00:00:00,CD,608,15
2024-01-12 00:00:00,CG,6573,28
2024-01-12 00:00:00,CM,485,13
2024-01-12 00:00:00,CO,914,19
2024-01-12 00:00:00,EC,,0
2024-01-12 00:00:00,EG,,0
2024-01-12 00:00:00,ER,,0
2024-01-12 00:00:00,FR,,0
2024-01-12 00:00:00,GA,5491,17
2024-01-12 00:00:00,GT,,0
2024-01-12 00:00:00,IQ,,0
2024-01-12 00:00:00,LH,,0
2024-01-12 00:00:00,MX,446,4
2024-01-12 00:00:00,PE,,0
2024-01-12 00:00:00,SG,,0
2024-01-12 00:00:00,TD,870,6
2024-01-12 00:00:00,TN,1160,2
2024-01-12 00:00:00,TR,73,5
2024-01-12 00:00:00,TT,,0
2024-01-12 00:00:00,UKS,1,5
2024-01-12 00:00:00,UKW,814,4
2024-01-12 00:00:00,US,,0
2024-01-12 00:00:00,VE,,0
2024-01-12 00:00:00,VN,,0
2024-01-12 00:00:00,WE,,0
2024-01-13 00:00:00,,,0
2024-01-13 00:00:00,"",,0
2024-01-13 00:00:00,AU,,0
2024-01-13 00:00:00,BN,,0
2024-01-13 00:00:00,BR,1412,3
2024-01-13 00:00:00,BS,,0
2024-01-13 00:00:00,BZ,,0
2024-01-13 00:00:00,CCS,,0
2024-01-13 00:00:00,CD,634,14
2024-01-13 00:00:00,CG,6481,28
2024-01-13 00:00:00,CM,485,13
2024-01-13 00:00:00,CO,914,19
2024-01-13 00:00:00,EC,,0
2024-01-13 00:00:00,EG,,0
2024-01-13 00:00:00,ER,,0
2024-01-13 00:00:00,FR,,0
2024-01-13 00:00:00,GA,5467,16
2024-01-13 00:00:00,GT,,0
2024-01-13 00:00:00,IQ,,0
2024-01-13 00:00:00,LH,,0
2024-01-13 00:00:00,MX,428,4
2024-01-13 00:00:00,PE,,0
2024-01-13 00:00:00,SG,,0
2024-01-13 00:00:00,TD,870,6
2024-01-13 00:00:00,TN,1160,2
2024-01-13 00:00:00,TR,73,5
2024-01-13 00:00:00,TT,,0
2024-01-13 00:00:00,UKS,1,5
2024-01-13 00:00:00,UKW,814,4
2024-01-13 00:00:00,US,,0
2024-01-13 00:00:00,VE,,0
2024-01-13 00:00:00,VN,,0
2024-01-13 00:00:00,WE,,0
2024-01-14 00:00:00,,,0
2024-01-14 00:00:00,"",,0
2024-01-14 00:00:00,AU,,0
2024-01-14 00:00:00,BN,,0
2024-01-14 00:00:00,BR,4180,4
2024-01-14 00:00:00,BS,,0
2024-01-14 00:00:00,BZ,,0
2024-01-14 00:00:00,CCS,,0
2024-01-14 00:00:00,CD,1178,19
2024-01-14 00:00:00,CG,6531,29
2024-01-14 00:00:00,CM,575,14
2024-01-14 00:00:00,CO,914,19
2024-01-14 00:00:00,EC,,0
2024-01-14 00:00:00,EG,,0
2024-01-14 00:00:00,ER,,0
2024-01-14 00:00:00,FR,,0
2024-01-14 00:00:00,GA,3804,15
2024-01-14 00:00:00,GT,,0
2024-01-14 00:00:00,IQ,,0
2024-01-14 00:00:00,LH,,0
2024-01-14 00:00:00,MX,441,4
2024-01-14 00:00:00,PE,,0
2024-01-14 00:00:00,SG,,0
2024-01-14 00:00:00,TD,880,6
2024-01-14 00:00:00,TN,1160,2
2024-01-14 00:00:00,TR,73,5
2024-01-14 00:00:00,TT,,0
2024-01-14 00:00:00,UKS,1,5
2024-01-14 00:00:00,UKW,814,4
2024-01-14 00:00:00,US,,0
2024-01-14 00:00:00,VE,,0
2024-01-14 00:00:00,VN,,0
2024-01-14 00:00:00,WE,,0
2024-01-15 00:00:00,,,0
2024-01-15 00:00:00,"",,0
2024-01-15 00:00:00,AU,,0
2024-01-15 00:00:00,BN,,0
2024-01-15 00:00:00,BR,4180,4
2024-01-15 00:00:00,BS,,0
2024-01-15 00:00:00,BZ,,0
2024-01-15 00:00:00,CCS,,0
2024-01-15 00:00:00,CD,759,18
2024-01-15 00:00:00,CG,6531,29
2024-01-15 00:00:00,CM,450,14
2024-01-15 00:00:00,CO,914,19
2024-01-15 00:00:00,EC,,0
2024-01-15 00:00:00,EG,,0
2024-01-15 00:00:00,ER,,0
2024-01-15 00:00:00,FR,,0
2024-01-15 00:00:00,GA,3854,15
2024-01-15 00:00:00,GT,,0
2024-01-15 00:00:00,IQ,,0
2024-01-15 00:00:00,LH,,0
2024-01-15 00:00:00,MX,428,4
2024-01-15 00:00:00,PE,,0
2024-01-15 00:00:00,SG,,0
2024-01-15 00:00:00,TD,885,6
2024-01-15 00:00:00,TN,1160,2
2024-01-15 00:00:00,TR,73,4
2024-01-15 00:00:00,TT,,0
2024-01-15 00:00:00,UKS,1,5
2024-01-15 00:00:00,UKW,814,4
2024-01-15 00:00:00,US,,0
2024-01-15 00:00:00,VE,,0
2024-01-15 00:00:00,VN,,0
2024-01-15 00:00:00,WE,,0
2024-01-16 00:00:00,,,0
2024-01-16 00:00:00,"",,0
2024-01-16 00:00:00,AU,,0
2024-01-16 00:00:00,BN,,0
2024-01-16 00:00:00,BR,4180,5
2024-01-16 00:00:00,BS,,0
2024-01-16 00:00:00,BZ,,0
2024-01-16 00:00:00,CCS,,0
2024-01-16 00:00:00,CD,813,16
2024-01-16 00:00:00,CG,6531,29
2024-01-16 00:00:00,CM,494,14
2024-01-16 00:00:00,CO,914,19
2024-01-16 00:00:00,EC,,0
2024-01-16 00:00:00,EG,,0
2024-01-16 00:00:00,ER,,0
2024-01-16 00:00:00,FR,,0
2024-01-16 00:00:00,GA,3740,15
2024-01-16 00:00:00,GT,,0
2024-01-16 00:00:00,IQ,,0
2024-01-16 00:00:00,LH,,0
2024-01-16 00:00:00,MX,428,4
2024-01-16 00:00:00,PE,,0
2024-01-16 00:00:00,SG,,0
2024-01-16 00:00:00,TD,890,7
2024-01-16 00:00:00,TN,1160,2
2024-01-16 00:00:00,TR,73,5
2024-01-16 00:00:00,TT,,0
2024-01-16 00:00:00,UKS,1,5
2024-01-16 00:00:00,UKW,814,4
2024-01-16 00:00:00,US,,0
2024-01-16 00:00:00,VE,,0
2024-01-16 00:00:00,VN,,0
2024-01-16 00:00:00,WE,,0
2024-01-17 00:00:00,,,0
2024-01-17 00:00:00,"",,0
2024-01-17 00:00:00,AU,,0
2024-01-17 00:00:00,BN,,0
2024-01-17 00:00:00,BR,4180,5
2024-01-17 00:00:00,BS,,0
2024-01-17 00:00:00,BZ,,0
2024-01-17 00:00:00,CCS,,0
2024-01-17 00:00:00,CD,751,15
2024-01-17 00:00:00,CG,7064,30
2024-01-17 00:00:00,CM,459,13
2024-01-17 00:00:00,CO,914,19
2024-01-17 00:00:00,EC,,0
2024-01-17 00:00:00,EG,,0
2024-01-17 00:00:00,ER,,0
2024-01-17 00:00:00,FR,,0
2024-01-17 00:00:00,GA,3811,16
2024-01-17 00:00:00,GT,,0
2024-01-17 00:00:00,IQ,,0
2024-01-17 00:00:00,LH,,0
2024-01-17 00:00:00,MX,482,4
2024-01-17 00:00:00,PE,,0
2024-01-17 00:00:00,SG,,0
2024-01-17 00:00:00,TD,890,7
2024-01-17 00:00:00,TN,1160,2
2024-01-17 00:00:00,TR,73,5
2024-01-17 00:00:00,TT,,0
2024-01-17 00:00:00,UKS,1,5
2024-01-17 00:00:00,UKW,814,4
2024-01-17 00:00:00,US,,0
2024-01-17 00:00:00,VE,,0
2024-01-17 00:00:00,VN,,0
2024-01-17 00:00:00,WE,,0
2024-01-18 00:00:00,,,0
2024-01-18 00:00:00,"",,0
2024-01-18 00:00:00,AU,,0
2024-01-18 00:00:00,BN,,0
2024-01-18 00:00:00,BR,4379,6
2024-01-18 00:00:00,BS,,0
2024-01-18 00:00:00,BZ,,0
2024-01-18 00:00:00,CCS,,0
2024-01-18 00:00:00,CD,684,13
2024-01-18 00:00:00,CG,7064,30
2024-01-18 00:00:00,CM,587,13
2024-01-18 00:00:00,CO,914,19
2024-01-18 00:00:00,EC,,0
2024-01-18 00:00:00,EG,,0
2024-01-18 00:00:00,ER,,0
2024-01-18 00:00:00,FR,,0
2024-01-18 00:00:00,GA,3841,16
2024-01-18 00:00:00,GT,,0
2024-01-18 00:00:00,IQ,,0
2024-01-18 00:00:00,LH,,0
2024-01-18 00:00:00,MX,428,4
2024-01-18 00:00:00,PE,,0
2024-01-18 00:00:00,SG,,0
2024-01-18 00:00:00,TD,890,7
2024-01-18 00:00:00,TN,1160,2
2024-01-18 00:00:00,TR,73,5
2024-01-18 00:00:00,TT,,0
2024-01-18 00:00:00,UKS,1,5
2024-01-18 00:00:00,UKW,814,4
2024-01-18 00:00:00,US,,0
2024-01-18 00:00:00,VE,,0
2024-01-18 00:00:00,VN,,0
2024-01-18 00:00:00,WE,,0
2024-01-19 00:00:00,,,0
2024-01-19 00:00:00,"",,0
2024-01-19 00:00:00,AU,,0
2024-01-19 00:00:00,BN,,0
2024-01-19 00:00:00,BR,4375,5
2024-01-19 00:00:00,BS,,0
2024-01-19 00:00:00,BZ,,0
2024-01-19 00:00:00,CCS,,0
2024-01-19 00:00:00,CD,822,14
2024-01-19 00:00:00,CG,7064,30
2024-01-19 00:00:00,CM,624,13
2024-01-19 00:00:00,CO,914,18
2024-01-19 00:00:00,EC,,0
2024-01-19 00:00:00,EG,,0
2024-01-19 00:00:00,ER,,0
2024-01-19 00:00:00,FR,,0
2024-01-19 00:00:00,GA,3841,16
2024-01-19 00:00:00,GT,,0
2024-01-19 00:00:00,IQ,,0
2024-01-19 00:00:00,LH,,0
2024-01-19 00:00:00,MX,455,4
2024-01-19 00:00:00,PE,,0
2024-01-19 00:00:00,SG,,0
2024-01-19 00:00:00,TD,890,7
2024-01-19 00:00:00,TN,1160,2
2024-01-19 00:00:00,TR,73,5
2024-01-19 00:00:00,TT,,0
2024-01-19 00:00:00,UKS,1,5
2024-01-19 00:00:00,UKW,814,4
2024-01-19 00:00:00,US,,0
2024-01-19 00:00:00,VE,,0
2024-01-19 00:00:00,VN,,0
2024-01-19 00:00:00,WE,,0
2024-01-20 00:00:00,,,0
2024-01-20 00:00:00,"",,0
2024-01-20 00:00:00,AU,,0
2024-01-20 00:00:00,BN,,0
2024-01-20 00:00:00,BR,4180,5
2024-01-20 00:00:00,BS,,0
2024-01-20 00:00:00,BZ,,0
2024-01-20 00:00:00,CCS,,0
2024-01-20 00:00:00,CD,719,16
2024-01-20 00:00:00,CG,6155,29
2024-01-20 00:00:00,CM,579,13
2024-01-20 00:00:00,CO,914,18
2024-01-20 00:00:00,EC,,0
2024-01-20 00:00:00,EG,,0
2024-01-20 00:00:00,ER,,0
2024-01-20 00:00:00,FR,,0
2024-01-20 00:00:00,GA,3862,17
2024-01-20 00:00:00,GT,,0
2024-01-20 00:00:00,IQ,,0
2024-01-20 00:00:00,LH,,0
2024-01-20 00:00:00,MX,462,4
2024-01-20 00:00:00,PE,,0
2024-01-20 00:00:00,SG,,0
2024-01-20 00:00:00,TD,890,7
2024-01-20 00:00:00,TN,1160,2
2024-01-20 00:00:00,TR,73,5
2024-01-20 00:00:00,TT,,0
2024-01-20 00:00:00,UKS,1,5
2024-01-20 00:00:00,UKW,814,4
2024-01-20 00:00:00,US,,0
2024-01-20 00:00:00,VE,,0
2024-01-20 00:00:00,VN,,0
2024-01-20 00:00:00,WE,,0
2024-01-21 00:00:00,,,0
2024-01-21 00:00:00,"",,0
2024-01-21 00:00:00,AU,,0
2024-01-21 00:00:00,BN,,0
2024-01-21 00:00:00,BR,4180,5
2024-01-21 00:00:00,BS,,0
2024-01-21 00:00:00,BZ,,0
2024-01-21 00:00:00,CCS,,0
2024-01-21 00:00:00,CD,709,16
2024-01-21 00:00:00,CG,6155,29
2024-01-21 00:00:00,CM,570,13
2024-01-21 00:00:00,CO,914,18
2024-01-21 00:00:00,EC,,0
2024-01-21 00:00:00,EG,,0
2024-01-21 00:00:00,ER,,0
2024-01-21 00:00:00,FR,,0
2024-01-21 00:00:00,GA,3862,17
2024-01-21 00:00:00,GT,,0
2024-01-21 00:00:00,IQ,,0
2024-01-21 00:00:00,LH,,0
2024-01-21 00:00:00,MX,457,4
2024-01-21 00:00:00,PE,,0
2024-01-21 00:00:00,SG,,0
2024-01-21 00:00:00,TD,890,7
2024-01-21 00:00:00,TN,1160,2
2024-01-21 00:00:00,TR,73,5
2024-01-21 00:00:00,TT,,0
2024-01-21 00:00:00,UKS,1,5
2024-01-21 00:00:00,UKW,814,4
2024-01-21 00:00:00,US,,0
2024-01-21 00:00:00,VE,,0
2024-01-21 00:00:00,VN,,0
2024-01-21 00:00:00,WE,,0
2024-01-22 00:00:00,,,0
2024-01-22 00:00:00,"",,0
2024-01-22 00:00:00,AU,,0
2024-01-22 00:00:00,BN,,0
2024-01-22 00:00:00,BR,4063,4
2024-01-22 00:00:00,BS,,0
2024-01-22 00:00:00,BZ,,0
2024-01-22 00:00:00,CCS,,0
2024-01-22 00:00:00,CD,810,16
2024-01-22 00:00:00,CG,6155,29
2024-01-22 00:00:00,CM,570,13
2024-01-22 00:00:00,CO,914,18
2024-01-22 00:00:00,EC,,0
2024-01-22 00:00:00,EG,,0
2024-01-22 00:00:00,ER,,0
2024-01-22 00:00:00,FR,,0
2024-01-22 00:00:00,GA,4063,18
2024-01-22 00:00:00,GT,,0
2024-01-22 00:00:00,IQ,,0
2024-01-22 00:00:00,LH,,0
2024-01-22 00:00:00,MX,463,4
2024-01-22 00:00:00,PE,,0
2024-01-22 00:00:00,SG,,0
2024-01-22 00:00:00,TD,890,7
2024-01-22 00:00:00,TN,1160,2
2024-01-22 00:00:00,TR,73,5
2024-01-22 00:00:00,TT,,0
2024-01-22 00:00:00,UKS,1,5
2024-01-22 00:00:00,UKW,814,4
2024-01-22 00:00:00,US,,0
2024-01-22 00:00:00,VE,,0
2024-01-22 00:00:00,VN,,0
2024-01-22 00:00:00,WE,,0
2024-01-23 00:00:00,,,0
2024-01-23 00:00:00,"",,0
2024-01-23 00:00:00,AU,,0
2024-01-23 00:00:00,BN,,0
2024-01-23 00:00:00,BR,3749,4
2024-01-23 00:00:00,BS,,0
2024-01-23 00:00:00,BZ,,0
2024-01-23 00:00:00,CCS,,0
2024-01-23 00:00:00,CD,944,16
2024-01-23 00:00:00,CG,6148,28
2024-01-23 00:00:00,CM,323,11
2024-01-23 00:00:00,CO,914,18
2024-01-23 00:00:00,EC,,0
2024-01-23 00:00:00,EG,,0
2024-01-23 00:00:00,ER,,0
2024-01-23 00:00:00,FR,,0
2024-01-23 00:00:00,GA,4293,18
2024-01-23 00:00:00,GT,,0
2024-01-23 00:00:00,IQ,,0
2024-01-23 00:00:00,LH,,0
2024-01-23 00:00:00,MX,483,4
2024-01-23 00:00:00,PE,,0
2024-01-23 00:00:00,SG,,0
2024-01-23 00:00:00,TD,890,7
2024-01-23 00:00:00,TN,1160,2
2024-01-23 00:00:00,TR,73,4
2024-01-23 00:00:00,TT,,0
2024-01-23 00:00:00,UKS,1,5
2024-01-23 00:00:00,UKW,632,3
2024-01-23 00:00:00,US,,0
2024-01-23 00:00:00,VE,,0
2024-01-23 00:00:00,VN,,0
2024-01-23 00:00:00,WE,,0
2024-01-24 00:00:00,,,0
2024-01-24 00:00:00,"",,0
2024-01-24 00:00:00,AU,,0
2024-01-24 00:00:00,BN,,0
2024-01-24 00:00:00,BR,3749,4
2024-01-24 00:00:00,BS,,0
2024-01-24 00:00:00,BZ,,0
2024-01-24 00:00:00,CCS,,0
2024-01-24 00:00:00,CD,872,16
2024-01-24 00:00:00,CG,6177,28
2024-01-24 00:00:00,CM,525,12
2024-01-24 00:00:00,CO,914,18
2024-01-24 00:00:00,EC,,0
2024-01-24 00:00:00,EG,,0
2024-01-24 00:00:00,ER,,0
2024-01-24 00:00:00,FR,,0
2024-01-24 00:00:00,GA,4424,19
2024-01-24 00:00:00,GT,,0
2024-01-24 00:00:00,IQ,,0
2024-01-24 00:00:00,LH,,0
2024-01-24 00:00:00,MX,494,4
2024-01-24 00:00:00,PE,,0
2024-01-24 00:00:00,SG,,0
2024-01-24 00:00:00,TD,890,7
2024-01-24 00:00:00,TN,1160,2
2024-01-24 00:00:00,TR,73,5
2024-01-24 00:00:00,TT,,0
2024-01-24 00:00:00,UKS,1,5
2024-01-24 00:00:00,UKW,342,3
2024-01-24 00:00:00,US,,0
2024-01-24 00:00:00,VE,,0
2024-01-24 00:00:00,VN,,0
2024-01-24 00:00:00,WE,,0
2024-01-25 00:00:00,,,0
2024-01-25 00:00:00,"",,0
2024-01-25 00:00:00,AU,,0
2024-01-25 00:00:00,BN,,0
2024-01-25 00:00:00,BR,3749,4
2024-01-25 00:00:00,BS,,0
2024-01-25 00:00:00,BZ,,0
2024-01-25 00:00:00,CCS,,0
2024-01-25 00:00:00,CD,1055,17
2024-01-25 00:00:00,CG,6265,29
2024-01-25 00:00:00,CM,565,13
2024-01-25 00:00:00,CO,914,18
2024-01-25 00:00:00,EC,,0
2024-01-25 00:00:00,EG,,0
2024-01-25 00:00:00,ER,,0
2024-01-25 00:00:00,FR,,0
2024-01-25 00:00:00,GA,4643,21
2024-01-25 00:00:00,GT,,0
2024-01-25 00:00:00,IQ,,0
2024-01-25 00:00:00,LH,,0
2024-01-25 00:00:00,MX,428,4
2024-01-25 00:00:00,PE,,0
2024-01-25 00:00:00,SG,,0
2024-01-25 00:00:00,TD,890,7
2024-01-25 00:00:00,TN,1160,2
2024-01-25 00:00:00,TR,73,5
2024-01-25 00:00:00,TT,,0
2024-01-25 00:00:00,UKS,1,6
2024-01-25 00:00:00,UKW,342,3
2024-01-25 00:00:00,US,,0
2024-01-25 00:00:00,VE,,0
2024-01-25 00:00:00,VN,,0
2024-01-25 00:00:00,WE,,0
2024-01-26 00:00:00,,,0
2024-01-26 00:00:00,"",,0
2024-01-26 00:00:00,AU,,0
2024-01-26 00:00:00,BN,,0
2024-01-26 00:00:00,BR,3749,4
2024-01-26 00:00:00,BS,,0
2024-01-26 00:00:00,BZ,,0
2024-01-26 00:00:00,CCS,,0
2024-01-26 00:00:00,CD,850,17
2024-01-26 00:00:00,CG,6265,29
2024-01-26 00:00:00,CM,565,13
2024-01-26 00:00:00,CO,914,17
2024-01-26 00:00:00,EC,,0
2024-01-26 00:00:00,EG,,0
2024-01-26 00:00:00,ER,,0
2024-01-26 00:00:00,FR,,0
2024-01-26 00:00:00,GA,4643,21
2024-01-26 00:00:00,GT,,0
2024-01-26 00:00:00,IQ,,0
2024-01-26 00:00:00,LH,,0
2024-01-26 00:00:00,MX,428,4
2024-01-26 00:00:00,PE,,0
2024-01-26 00:00:00,SG,,0
2024-01-26 00:00:00,TD,890,7
2024-01-26 00:00:00,TN,1160,2
2024-01-26 00:00:00,TR,73,5
2024-01-26 00:00:00,TT,,0
2024-01-26 00:00:00,UKS,1,6
2024-01-26 00:00:00,UKW,342,3
2024-01-26 00:00:00,US,,0
2024-01-26 00:00:00,VE,,0
2024-01-26 00:00:00,VN,,0
2024-01-26 00:00:00,WE,,0
2024-01-27 00:00:00,,,0
2024-01-27 00:00:00,"",,0
2024-01-27 00:00:00,AU,,0
2024-01-27 00:00:00,BN,,0
2024-01-27 00:00:00,BR,1101,2
2024-01-27 00:00:00,BS,,0
2024-01-27 00:00:00,BZ,,0
2024-01-27 00:00:00,CCS,,0
2024-01-27 00:00:00,CD,728,15
2024-01-27 00:00:00,CG,6265,29
2024-01-27 00:00:00,CM,565,13
2024-01-27 00:00:00,CO,1095,17
2024-01-27 00:00:00,EC,,0
2024-01-27 00:00:00,EG,,0
2024-01-27 00:00:00,ER,,0
2024-01-27 00:00:00,FR,,0
2024-01-27 00:00:00,GA,4504,19
2024-01-27 00:00:00,GT,,0
2024-01-27 00:00:00,IQ,,0
2024-01-27 00:00:00,LH,,0
2024-01-27 00:00:00,MX,428,4
2024-01-27 00:00:00,PE,,0
2024-01-27 00:00:00,SG,,0
2024-01-27 00:00:00,TD,890,7
2024-01-27 00:00:00,TN,1160,2
2024-01-27 00:00:00,TR,73,5
2024-01-27 00:00:00,TT,,0
2024-01-27 00:00:00,UKS,1,6
2024-01-27 00:00:00,UKW,342,3
2024-01-27 00:00:00,US,,0
2024-01-27 00:00:00,VE,,0
2024-01-27 00:00:00,VN,,0
2024-01-27 00:00:00,WE,,0
2024-01-28 00:00:00,,,0
2024-01-28 00:00:00,"",,0
2024-01-28 00:00:00,AU,,0
2024-01-28 00:00:00,BN,,0
2024-01-28 00:00:00,BR,586,2
2024-01-28 00:00:00,BS,,0
2024-01-28 00:00:00,BZ,,0
2024-01-28 00:00:00,CCS,,0
2024-01-28 00:00:00,CD,1144,16
2024-01-28 00:00:00,CG,6321,27
2024-01-28 00:00:00,CM,565,13
2024-01-28 00:00:00,CO,945,17
2024-01-28 00:00:00,EC,,0
2024-01-28 00:00:00,EG,,0
2024-01-28 00:00:00,ER,,0
2024-01-28 00:00:00,FR,,0
2024-01-28 00:00:00,GA,4426,19
2024-01-28 00:00:00,GT,,0
2024-01-28 00:00:00,IQ,,0
2024-01-28 00:00:00,LH,,0
2024-01-28 00:00:00,MX,435,4
2024-01-28 00:00:00,PE,,0
2024-01-28 00:00:00,SG,,0
2024-01-28 00:00:00,TD,961,7
2024-01-28 00:00:00,TN,1160,2
2024-01-28 00:00:00,TR,73,5
2024-01-28 00:00:00,TT,,0
2024-01-28 00:00:00,UKS,1,5
2024-01-28 00:00:00,UKW,342,3
2024-01-28 00:00:00,US,,0
2024-01-28 00:00:00,VE,,0
2024-01-28 00:00:00,VN,,0
2024-01-28 00:00:00,WE,,0
2024-01-29 00:00:00,,,0
2024-01-29 00:00:00,"",,0
2024-01-29 00:00:00,AU,,0
2024-01-29 00:00:00,BN,,0
2024-01-29 00:00:00,BR,586,2
2024-01-29 00:00:00,BS,,0
2024-01-29 00:00:00,BZ,,0
2024-01-29 00:00:00,CCS,,0
2024-01-29 00:00:00,CD,746,13
2024-01-29 00:00:00,CG,6158,28
2024-01-29 00:00:00,CM,552,12
2024-01-29 00:00:00,CO,914,18
2024-01-29 00:00:00,EC,,0
2024-01-29 00:00:00,EG,,0
2024-01-29 00:00:00,ER,,0
2024-01-29 00:00:00,FR,,0
2024-01-29 00:00:00,GA,4422,19
2024-01-29 00:00:00,GT,,0
2024-01-29 00:00:00,IQ,,0
2024-01-29 00:00:00,LH,,0
2024-01-29 00:00:00,MX,450,4
2024-01-29 00:00:00,PE,,0
2024-01-29 00:00:00,SG,,0
2024-01-29 00:00:00,TD,971,7
2024-01-29 00:00:00,TN,1160,2
2024-01-29 00:00:00,TR,73,5
2024-01-29 00:00:00,TT,,0
2024-01-29 00:00:00,UKS,1,5
2024-01-29 00:00:00,UKW,342,3
2024-01-29 00:00:00,US,,0
2024-01-29 00:00:00,VE,,0
2024-01-29 00:00:00,VN,,0
2024-01-29 00:00:00,WE,,0
2024-01-30 00:00:00,,,0
2024-01-30 00:00:00,"",,0
2024-01-30 00:00:00,AU,,0
2024-01-30 00:00:00,BN,,0
2024-01-30 00:00:00,BR,720,2
2024-01-30 00:00:00,BS,,0
2024-01-30 00:00:00,BZ,,0
2024-01-30 00:00:00,CCS,,0
2024-01-30 00:00:00,CD,820,15
2024-01-30 00:00:00,CG,5787,28
2024-01-30 00:00:00,CM,565,13
2024-01-30 00:00:00,CO,914,18
2024-01-30 00:00:00,EC,,0
2024-01-30 00:00:00,EG,,0
2024-01-30 00:00:00,ER,,0
2024-01-30 00:00:00,FR,,0
2024-01-30 00:00:00,GA,4364,18
2024-01-30 00:00:00,GT,,0
2024-01-30 00:00:00,IQ,,0
2024-01-30 00:00:00,LH,,0
2024-01-30 00:00:00,MX,464,4
2024-01-30 00:00:00,PE,,0
2024-01-30 00:00:00,SG,,0
2024-01-30 00:00:00,TD,890,7
2024-01-30 00:00:00,TN,1160,2
2024-01-30 00:00:00,TR,73,5
2024-01-30 00:00:00,TT,,0
2024-01-30 00:00:00,UKS,1,5
2024-01-30 00:00:00,UKW,342,3
2024-01-30 00:00:00,US,,0
2024-01-30 00:00:00,VE,,0
2024-01-30 00:00:00,VN,,0
2024-01-30 00:00:00,WE,,0
2024-01-31 00:00:00,,,0
2024-01-31 00:00:00,"",,0
2024-01-31 00:00:00,AU,,0
2024-01-31 00:00:00,BN,,0
2024-01-31 00:00:00,BR,824,3
2024-01-31 00:00:00,BS,,0
2024-01-31 00:00:00,BZ,,0
2024-01-31 00:00:00,CCS,,0
2024-01-31 00:00:00,CD,812,16
2024-01-31 00:00:00,CG,5938,29
2024-01-31 00:00:00,CM,552,12
2024-01-31 00:00:00,CO,914,18
2024-01-31 00:00:00,EC,,0
2024-01-31 00:00:00,EG,,0
2024-01-31 00:00:00,ER,,0
2024-01-31 00:00:00,FR,,0
2024-01-31 00:00:00,GA,4250,18
2024-01-31 00:00:00,GT,,0
2024-01-31 00:00:00,IQ,,0
2024-01-31 00:00:00,LH,,0
2024-01-31 00:00:00,MX,475,4
2024-01-31 00:00:00,PE,,0
2024-01-31 00:00:00,SG,,0
2024-01-31 00:00:00,TD,890,7
2024-01-31 00:00:00,TN,1160,2
2024-01-31 00:00:00,TR,73,4
2024-01-31 00:00:00,TT,,0
2024-01-31 00:00:00,UKS,1,5
2024-01-31 00:00:00,UKW,342,3
2024-01-31 00:00:00,US,,0
2024-01-31 00:00:00,VE,,0
2024-01-31 00:00:00,VN,,0
2024-01-31 00:00:00,WE,,0
2024-02-01 00:00:00,,,0
2024-02-01 00:00:00,"",,0
2024-02-01 00:00:00,AU,,0
2024-02-01 00:00:00,BN,,0
2024-02-01 00:00:00,BR,824,3
2024-02-01 00:00:00,BS,,0
2024-02-01 00:00:00,BZ,,0
2024-02-01 00:00:00,CCS,,0
2024-02-01 00:00:00,CD,750,14
2024-02-01 00:00:00,CG,5939,30
2024-02-01 00:00:00,CM,565,13
2024-02-01 00:00:00,CO,914,18
2024-02-01 00:00:00,EC,,0
2024-02-01 00:00:00,EG,,0
2024-02-01 00:00:00,ER,,0
2024-02-01 00:00:00,FR,,0
2024-02-01 00:00:00,GA,4600,20
2024-02-01 00:00:00,GT,,0
2024-02-01 00:00:00,IQ,,0
2024-02-01 00:00:00,LH,,0
2024-02-01 00:00:00,MX,507,4
2024-02-01 00:00:00,PE,,0
2024-02-01 00:00:00,SG,,0
2024-02-01 00:00:00,TD,935,8
2024-02-01 00:00:00,TN,1160,2
2024-02-01 00:00:00,TR,73,5
2024-02-01 00:00:00,TT,,0
2024-02-01 00:00:00,UKS,1,5
2024-02-01 00:00:00,UKW,342,3
2024-02-01 00:00:00,US,,0
2024-02-01 00:00:00,VE,,0
2024-02-01 00:00:00,VN,,0
2024-02-01 00:00:00,WE,,0
2024-02-02 00:00:00,,,0
2024-02-02 00:00:00,"",,0
2024-02-02 00:00:00,AU,,0
2024-02-02 00:00:00,BN,,0
2024-02-02 00:00:00,BR,995,4
2024-02-02 00:00:00,BS,,0
2024-02-02 00:00:00,BZ,,0
2024-02-02 00:00:00,CCS,,0
2024-02-02 00:00:00,CD,728,14
2024-02-02 00:00:00,CG,6015,30
2024-02-02 00:00:00,CM,565,13
2024-02-02 00:00:00,CO,914,18
2024-02-02 00:00:00,EC,,0
2024-02-02 00:00:00,EG,,0
2024-02-02 00:00:00,ER,,0
2024-02-02 00:00:00,FR,,0
2024-02-02 00:00:00,GA,4861,20
2024-02-02 00:00:00,GT,,0
2024-02-02 00:00:00,IQ,,0
2024-02-02 00:00:00,LH,,0
2024-02-02 00:00:00,MX,468,4
2024-02-02 00:00:00,PE,,0
2024-02-02 00:00:00,SG,,0
2024-02-02 00:00:00,TD,890,7
2024-02-02 00:00:00,TN,1160,2
2024-02-02 00:00:00,TR,73,5
2024-02-02 00:00:00,TT,,0
2024-02-02 00:00:00,UKS,1,6
2024-02-02 00:00:00,UKW,342,3
2024-02-02 00:00:00,US,,0
2024-02-02 00:00:00,VE,,0
2024-02-02 00:00:00,VN,,0
2024-02-02 00:00:00,WE,,0
2024-02-03 00:00:00,,,0
2024-02-03 00:00:00,"",,0
2024-02-03 00:00:00,AU,,0
2024-02-03 00:00:00,BN,,0
2024-02-03 00:00:00,BR,995,4
2024-02-03 00:00:00,BS,,0
2024-02-03 00:00:00,BZ,,0
2024-02-03 00:00:00,CCS,,0
2024-02-03 00:00:00,CD,806,15
2024-02-03 00:00:00,CG,6133,31
2024-02-03 00:00:00,CM,511,12
2024-02-03 00:00:00,CO,914,18
2024-02-03 00:00:00,EC,,0
2024-02-03 00:00:00,EG,,0
2024-02-03 00:00:00,ER,,0
2024-02-03 00:00:00,FR,,0
2024-02-03 00:00:00,GA,4988,21
2024-02-03 00:00:00,GT,,0
2024-02-03 00:00:00,IQ,,0
2024-02-03 00:00:00,LH,,0
2024-02-03 00:00:00,MX,469,4
2024-02-03 00:00:00,PE,,0
2024-02-03 00:00:00,SG,,0
2024-02-03 00:00:00,TD,890,7
2024-02-03 00:00:00,TN,1160,2
2024-02-03 00:00:00,TR,73,5
2024-02-03 00:00:00,TT,,0
2024-02-03 00:00:00,UKS,1,6
2024-02-03 00:00:00,UKW,342,3
2024-02-03 00:00:00,US,,0
2024-02-03 00:00:00,VE,,0
2024-02-03 00:00:00,VN,,0
2024-02-03 00:00:00,WE,,0
2024-02-04 00:00:00,,,0
2024-02-04 00:00:00,"",,0
2024-02-04 00:00:00,AU,,0
2024-02-04 00:00:00,BN,,0
2024-02-04 00:00:00,BR,995,4
2024-02-04 00:00:00,BS,,0
2024-02-04 00:00:00,BZ,,0
2024-02-04 00:00:00,CCS,,0
2024-02-04 00:00:00,CD,801,15
2024-02-04 00:00:00,CG,6114,32
2024-02-04 00:00:00,CM,639,13
2024-02-04 00:00:00,CO,914,19
2024-02-04 00:00:00,EC,,0
2024-02-04 00:00:00,EG,,0
2024-02-04 00:00:00,ER,,0
2024-02-04 00:00:00,FR,,0
2024-02-04 00:00:00,GA,5115,20
2024-02-04 00:00:00,GT,,0
2024-02-04 00:00:00,IQ,,0
2024-02-04 00:00:00,LH,,0
2024-02-04 00:00:00,MX,465,4
2024-02-04 00:00:00,PE,,0
2024-02-04 00:00:00,SG,,0
2024-02-04 00:00:00,TD,890,7
2024-02-04 00:00:00,TN,1160,2
2024-02-04 00:00:00,TR,73,5
2024-02-04 00:00:00,TT,,0
2024-02-04 00:00:00,UKS,1,7
2024-02-04 00:00:00,UKW,342,3
2024-02-04 00:00:00,US,,0
2024-02-04 00:00:00,VE,,0
2024-02-04 00:00:00,VN,,0
2024-02-04 00:00:00,WE,,0
2024-02-05 00:00:00,,,0
2024-02-05 00:00:00,"",,0
2024-02-05 00:00:00,AU,,0
2024-02-05 00:00:00,BN,,0
2024-02-05 00:00:00,BR,995,4
2024-02-05 00:00:00,BS,,0
2024-02-05 00:00:00,BZ,,0
2024-02-05 00:00:00,CCS,,0
2024-02-05 00:00:00,CD,789,15
2024-02-05 00:00:00,CG,6732,33
2024-02-05 00:00:00,CM,478,13
2024-02-05 00:00:00,CO,914,19
2024-02-05 00:00:00,EC,,0
2024-02-05 00:00:00,EG,,0
2024-02-05 00:00:00,ER,,0
2024-02-05 00:00:00,FR,,0
2024-02-05 00:00:00,GA,4698,19
2024-02-05 00:00:00,GT,,0
2024-02-05 00:00:00,IQ,,0
2024-02-05 00:00:00,LH,,0
2024-02-05 00:00:00,MX,525,5
2024-02-05 00:00:00,PE,,0
2024-02-05 00:00:00,SG,,0
2024-02-05 00:00:00,TD,890,7
2024-02-05 00:00:00,TN,1160,2
2024-02-05 00:00:00,TR,73,5
2024-02-05 00:00:00,TT,,0
2024-02-05 00:00:00,UKS,1,7
2024-02-05 00:00:00,UKW,342,3
2024-02-05 00:00:00,US,,0
2024-02-05 00:00:00,VE,,0
2024-02-05 00:00:00,VN,,0
2024-02-05 00:00:00,WE,,0
2024-02-06 00:00:00,,,0
2024-02-06 00:00:00,"",,0
2024-02-06 00:00:00,AU,,0
2024-02-06 00:00:00,BN,,0
2024-02-06 00:00:00,BR,995,3
2024-02-06 00:00:00,BS,,0
2024-02-06 00:00:00,BZ,,0
2024-02-06 00:00:00,CCS,,0
2024-02-06 00:00:00,CD,942,23
2024-02-06 00:00:00,CG,6243,33
2024-02-06 00:00:00,CM,478,13
2024-02-06 00:00:00,CO,914,19
2024-02-06 00:00:00,EC,,0
2024-02-06 00:00:00,EG,,0
2024-02-06 00:00:00,ER,,0
2024-02-06 00:00:00,FR,,0
2024-02-06 00:00:00,GA,4706,19
2024-02-06 00:00:00,GT,,0
2024-02-06 00:00:00,IQ,,0
2024-02-06 00:00:00,LH,,0
2024-02-06 00:00:00,MX,513,5
2024-02-06 00:00:00,PE,,0
2024-02-06 00:00:00,SG,,0
2024-02-06 00:00:00,TD,890,7
2024-02-06 00:00:00,TN,1160,2
2024-02-06 00:00:00,TR,73,5
2024-02-06 00:00:00,TT,,0
2024-02-06 00:00:00,UKS,1,6
2024-02-06 00:00:00,UKW,342,3
2024-02-06 00:00:00,US,,0
2024-02-06 00:00:00,VE,,0
2024-02-06 00:00:00,VN,,0
2024-02-06 00:00:00,WE,,0
2024-02-07 00:00:00,,,0
2024-02-07 00:00:00,"",,0
2024-02-07 00:00:00,AU,,0
2024-02-07 00:00:00,BN,,0
2024-02-07 00:00:00,BR,995,3
2024-02-07 00:00:00,BS,,0
2024-02-07 00:00:00,BZ,,0
2024-02-07 00:00:00,CCS,,0
2024-02-07 00:00:00,CD,941,22
2024-02-07 00:00:00,CG,6177,32
2024-02-07 00:00:00,CM,478,13
2024-02-07 00:00:00,CO,914,19
2024-02-07 00:00:00,EC,,0
2024-02-07 00:00:00,EG,,0
2024-02-07 00:00:00,ER,,0
2024-02-07 00:00:00,FR,,0
2024-02-07 00:00:00,GA,4708,19
2024-02-07 00:00:00,GT,,0
2024-02-07 00:00:00,IQ,,0
2024-02-07 00:00:00,LH,,0
2024-02-07 00:00:00,MX,547,5
2024-02-07 00:00:00,PE,,0
2024-02-07 00:00:00,SG,,0
2024-02-07 00:00:00,TD,890,7
2024-02-07 00:00:00,TN,1160,2
2024-02-07 00:00:00,TR,73,4
2024-02-07 00:00:00,TT,,0
2024-02-07 00:00:00,UKS,16,6
2024-02-07 00:00:00,UKW,342,3
2024-02-07 00:00:00,US,,0
2024-02-07 00:00:00,VE,,0
2024-02-07 00:00:00,VN,,0
2024-02-07 00:00:00,WE,,0
2024-02-08 00:00:00,,,0
2024-02-08 00:00:00,"",,0
2024-02-08 00:00:00,AU,,0
2024-02-08 00:00:00,BN,,0
2024-02-08 00:00:00,BR,995,3
2024-02-08 00:00:00,BS,,0
2024-02-08 00:00:00,BZ,,0
2024-02-08 00:00:00,CCS,,0
2024-02-08 00:00:00,CD,1220,23
2024-02-08 00:00:00,CG,6313,32
2024-02-08 00:00:00,CM,478,12
2024-02-08 00:00:00,CO,914,19
2024-02-08 00:00:00,EC,,0
2024-02-08 00:00:00,EG,,0
2024-02-08 00:00:00,ER,,0
2024-02-08 00:00:00,FR,,0
2024-02-08 00:00:00,GA,4685,18
2024-02-08 00:00:00,GT,,0
2024-02-08 00:00:00,IQ,,0
2024-02-08 00:00:00,LH,,0
2024-02-08 00:00:00,MX,891,5
2024-02-08 00:00:00,PE,,0
2024-02-08 00:00:00,SG,,0
2024-02-08 00:00:00,TD,890,7
2024-02-08 00:00:00,TN,1160,2
2024-02-08 00:00:00,TR,73,4
2024-02-08 00:00:00,TT,,0
2024-02-08 00:00:00,UKS,3,6
2024-02-08 00:00:00,UKW,342,3
2024-02-08 00:00:00,US,,0
2024-02-08 00:00:00,VE,,0
2024-02-08 00:00:00,VN,,0
2024-02-08 00:00:00,WE,,0
2024-02-09 00:00:00,,,0
2024-02-09 00:00:00,"",,0
2024-02-09 00:00:00,AU,,0
2024-02-09 00:00:00,BN,,0
2024-02-09 00:00:00,BR,995,3
2024-02-09 00:00:00,BS,,0
2024-02-09 00:00:00,BZ,,0
2024-02-09 00:00:00,CCS,,0
2024-02-09 00:00:00,CD,1146,25
2024-02-09 00:00:00,CG,6514,34
2024-02-09 00:00:00,CM,478,12
2024-02-09 00:00:00,CO,914,19
2024-02-09 00:00:00,EC,,0
2024-02-09 00:00:00,EG,,0
2024-02-09 00:00:00,ER,,0
2024-02-09 00:00:00,FR,,0
2024-02-09 00:00:00,GA,4744,19
2024-02-09 00:00:00,GT,,0
2024-02-09 00:00:00,IQ,,0
2024-02-09 00:00:00,LH,,0
2024-02-09 00:00:00,MX,522,5
2024-02-09 00:00:00,PE,,0
2024-02-09 00:00:00,SG,,0
2024-02-09 00:00:00,TD,890,7
2024-02-09 00:00:00,TN,1160,2
2024-02-09 00:00:00,TR,73,4
2024-02-09 00:00:00,TT,,0
2024-02-09 00:00:00,UKS,11,6
2024-02-09 00:00:00,UKW,342,3
2024-02-09 00:00:00,US,,0
2024-02-09 00:00:00,VE,,0
2024-02-09 00:00:00,VN,,0
2024-02-09 00:00:00,WE,,0
2024-02-10 00:00:00,,,0
2024-02-10 00:00:00,"",,0
2024-02-10 00:00:00,AU,,0
2024-02-10 00:00:00,BN,,0
2024-02-10 00:00:00,BR,995,3
2024-02-10 00:00:00,BS,,0
2024-02-10 00:00:00,BZ,,0
2024-02-10 00:00:00,CCS,,0
2024-02-10 00:00:00,CD,1116,25
2024-02-10 00:00:00,CG,6526,34
2024-02-10 00:00:00,CM,478,12
2024-02-10 00:00:00,CO,873,18
2024-02-10 00:00:00,EC,,0
2024-02-10 00:00:00,EG,,0
2024-02-10 00:00:00,ER,,0
2024-02-10 00:00:00,FR,,0
2024-02-10 00:00:00,GA,4769,20
2024-02-10 00:00:00,GT,,0
2024-02-10 00:00:00,IQ,,0
2024-02-10 00:00:00,LH,,0
2024-02-10 00:00:00,MX,517,5
2024-02-10 00:00:00,PE,,0
2024-02-10 00:00:00,SG,,0
2024-02-10 00:00:00,TD,873,6
2024-02-10 00:00:00,TN,1160,2
2024-02-10 00:00:00,TR,73,4
2024-02-10 00:00:00,TT,,0
2024-02-10 00:00:00,UKS,16,7
2024-02-10 00:00:00,UKW,342,3
2024-02-10 00:00:00,US,,0
2024-02-10 00:00:00,VE,,0
2024-02-10 00:00:00,VN,,0
2024-02-10 00:00:00,WE,,0
2024-02-11 00:00:00,,,0
2024-02-11 00:00:00,"",,0
2024-02-11 00:00:00,AU,,0
2024-02-11 00:00:00,BN,,0
2024-02-11 00:00:00,BR,861,2
2024-02-11 00:00:00,BS,,0
2024-02-11 00:00:00,BZ,,0
2024-02-11 00:00:00,CCS,,0
2024-02-11 00:00:00,CD,1311,24
2024-02-11 00:00:00,CG,6873,35
2024-02-11 00:00:00,CM,535,13
2024-02-11 00:00:00,CO,873,18
2024-02-11 00:00:00,EC,,0
2024-02-11 00:00:00,EG,,0
2024-02-11 00:00:00,ER,,0
2024-02-11 00:00:00,FR,,0
2024-02-11 00:00:00,GA,4769,20
2024-02-11 00:00:00,GT,,0
2024-02-11 00:00:00,IQ,,0
2024-02-11 00:00:00,LH,,0
2024-02-11 00:00:00,MX,719,5
2024-02-11 00:00:00,PE,,0
2024-02-11 00:00:00,SG,,0
2024-02-11 00:00:00,TD,856,6
2024-02-11 00:00:00,TN,1160,2
2024-02-11 00:00:00,TR,51,3
2024-02-11 00:00:00,TT,,0
2024-02-11 00:00:00,UKS,16,7
2024-02-11 00:00:00,UKW,342,3
2024-02-11 00:00:00,US,,0
2024-02-11 00:00:00,VE,,0
2024-02-11 00:00:00,VN,,0
2024-02-11 00:00:00,WE,,0
2024-02-12 00:00:00,,,0
2024-02-12 00:00:00,"",,0
2024-02-12 00:00:00,AU,,0
2024-02-12 00:00:00,BN,,0
2024-02-12 00:00:00,BR,409,2
2024-02-12 00:00:00,BS,,0
2024-02-12 00:00:00,BZ,,0
2024-02-12 00:00:00,CCS,,0
2024-02-12 00:00:00,CD,1060,21
2024-02-12 00:00:00,CG,7356,36
2024-02-12 00:00:00,CM,533,12
2024-02-12 00:00:00,CO,873,18
2024-02-12 00:00:00,EC,,0
2024-02-12 00:00:00,EG,,0
2024-02-12 00:00:00,ER,,0
2024-02-12 00:00:00,FR,,0
2024-02-12 00:00:00,GA,3392,19
2024-02-12 00:00:00,GT,,0
2024-02-12 00:00:00,IQ,,0
2024-02-12 00:00:00,LH,,0
2024-02-12 00:00:00,MX,852,5
2024-02-12 00:00:00,PE,,0
2024-02-12 00:00:00,SG,,0
2024-02-12 00:00:00,TD,832,6
2024-02-12 00:00:00,TN,1160,2
2024-02-12 00:00:00,TR,51,3
2024-02-12 00:00:00,TT,52,1
2024-02-12 00:00:00,UKS,16,7
2024-02-12 00:00:00,UKW,342,3
2024-02-12 00:00:00,US,,0
2024-02-12 00:00:00,VE,,0
2024-02-12 00:00:00,VN,,0
2024-02-12 00:00:00,WE,,0
2024-02-13 00:00:00,,,0
2024-02-13 00:00:00,"",,0
2024-02-13 00:00:00,AU,,0
2024-02-13 00:00:00,BN,,0
2024-02-13 00:00:00,BR,409,2
2024-02-13 00:00:00,BS,,0
2024-02-13 00:00:00,BZ,,0
2024-02-13 00:00:00,CCS,,0
2024-02-13 00:00:00,CD,869,20
2024-02-13 00:00:00,CG,6546,35
2024-02-13 00:00:00,CM,535,13
2024-02-13 00:00:00,CO,873,18
2024-02-13 00:00:00,EC,,0
2024-02-13 00:00:00,EG,,0
2024-02-13 00:00:00,ER,,0
2024-02-13 00:00:00,FR,,0
2024-02-13 00:00:00,GA,2624,17
2024-02-13 00:00:00,GT,,0
2024-02-13 00:00:00,IQ,,0
2024-02-13 00:00:00,LH,,0
2024-02-13 00:00:00,MX,600,5
2024-02-13 00:00:00,PE,,0
2024-02-13 00:00:00,SG,,0
2024-02-13 00:00:00,TD,832,6
2024-02-13 00:00:00,TN,1160,2
2024-02-13 00:00:00,TR,51,3
2024-02-13 00:00:00,TT,52,1
2024-02-13 00:00:00,UKS,16,7
2024-02-13 00:00:00,UKW,282,2
2024-02-13 00:00:00,US,,0
2024-02-13 00:00:00,VE,,0
2024-02-13 00:00:00,VN,,0
2024-02-13 00:00:00,WE,,0
2024-02-14 00:00:00,,,0
2024-02-14 00:00:00,"",,0
2024-02-14 00:00:00,AU,,0
2024-02-14 00:00:00,BN,,0
2024-02-14 00:00:00,BR,784,2
2024-02-14 00:00:00,BS,,0
2024-02-14 00:00:00,BZ,,0
2024-02-14 00:00:00,CCS,,0
2024-02-14 00:00:00,CD,738,23
2024-02-14 00:00:00,CG,6546,35
2024-02-14 00:00:00,CM,535,13
2024-02-14 00:00:00,CO,873,18
2024-02-14 00:00:00,EC,,0
2024-02-14 00:00:00,EG,,0
2024-02-14 00:00:00,ER,,0
2024-02-14 00:00:00,FR,,0
2024-02-14 00:00:00,GA,2560,17
2024-02-14 00:00:00,GT,,0
2024-02-14 00:00:00,IQ,,0
2024-02-14 00:00:00,LH,,0
2024-02-14 00:00:00,MX,506,5
2024-02-14 00:00:00,PE,,0
2024-02-14 00:00:00,SG,,0
2024-02-14 00:00:00,TD,890,7
2024-02-14 00:00:00,TN,1160,2
2024-02-14 00:00:00,TR,51,3
2024-02-14 00:00:00,TT,52,1
2024-02-14 00:00:00,UKS,16,7
2024-02-14 00:00:00,UKW,282,2
2024-02-14 00:00:00,US,,0
2024-02-14 00:00:00,VE,,0
2024-02-14 00:00:00,VN,,0
2024-02-14 00:00:00,WE,,0
2024-02-15 00:00:00,,,0
2024-02-15 00:00:00,"",,0
2024-02-15 00:00:00,AU,,0
2024-02-15 00:00:00,BN,,0
2024-02-15 00:00:00,BR,1390,2
2024-02-15 00:00:00,BS,,0
2024-02-15 00:00:00,BZ,,0
2024-02-15 00:00:00,CCS,,0
2024-02-15 00:00:00,CD,732,23
2024-02-15 00:00:00,CG,6546,35
2024-02-15 00:00:00,CM,680,14
2024-02-15 00:00:00,CO,873,18
2024-02-15 00:00:00,EC,,0
2024-02-15 00:00:00,EG,,0
2024-02-15 00:00:00,ER,,0
2024-02-15 00:00:00,FR,,0
2024-02-15 00:00:00,GA,3063,18
2024-02-15 00:00:00,GT,,0
2024-02-15 00:00:00,IQ,,0
2024-02-15 00:00:00,LH,,0
2024-02-15 00:00:00,MX,548,5
2024-02-15 00:00:00,PE,,0
2024-02-15 00:00:00,SG,,0
2024-02-15 00:00:00,TD,890,7
2024-02-15 00:00:00,TN,1160,2
2024-02-15 00:00:00,TR,51,3
2024-02-15 00:00:00,TT,52,1
2024-02-15 00:00:00,UKS,16,7
2024-02-15 00:00:00,UKW,282,2
2024-02-15 00:00:00,US,,0
2024-02-15 00:00:00,VE,,0
2024-02-15 00:00:00,VN,,0
2024-02-15 00:00:00,WE,,0
2024-02-16 00:00:00,,,0
2024-02-16 00:00:00,"",,0
2024-02-16 00:00:00,AU,,0
2024-02-16 00:00:00,BN,,0
2024-02-16 00:00:00,BR,1467,3
2024-02-16 00:00:00,BS,,0
2024-02-16 00:00:00,BZ,,0
2024-02-16 00:00:00,CCS,,0
2024-02-16 00:00:00,CD,585,24
2024-02-16 00:00:00,CG,6530,34
2024-02-16 00:00:00,CM,725,14
2024-02-16 00:00:00,CO,873,18
2024-02-16 00:00:00,EC,,0
2024-02-16 00:00:00,EG,,0
2024-02-16 00:00:00,ER,,0
2024-02-16 00:00:00,FR,,0
2024-02-16 00:00:00,GA,3488,19
2024-02-16 00:00:00,GT,,0
2024-02-16 00:00:00,IQ,,0
2024-02-16 00:00:00,LH,,0
2024-02-16 00:00:00,MX,529,5
2024-02-16 00:00:00,PE,,0
2024-02-16 00:00:00,SG,,0
2024-02-16 00:00:00,TD,890,7
2024-02-16 00:00:00,TN,1160,2
2024-02-16 00:00:00,TR,51,3
2024-02-16 00:00:00,TT,52,1
2024-02-16 00:00:00,UKS,16,7
2024-02-16 00:00:00,UKW,282,2
2024-02-16 00:00:00,US,,0
2024-02-16 00:00:00,VE,,0
2024-02-16 00:00:00,VN,,0
2024-02-16 00:00:00,WE,,0
2024-02-17 00:00:00,,,0
2024-02-17 00:00:00,"",,0
2024-02-17 00:00:00,AU,,0
2024-02-17 00:00:00,BN,,0
2024-02-17 00:00:00,BR,1467,3
2024-02-17 00:00:00,BS,,0
2024-02-17 00:00:00,BZ,,0
2024-02-17 00:00:00,CCS,,0
2024-02-17 00:00:00,CD,565,23
2024-02-17 00:00:00,CG,6325,33
2024-02-17 00:00:00,CM,682,15
2024-02-17 00:00:00,CO,873,18
2024-02-17 00:00:00,EC,,0
2024-02-17 00:00:00,EG,,0
2024-02-17 00:00:00,ER,,0
2024-02-17 00:00:00,FR,,0
2024-02-17 00:00:00,GA,3503,21
2024-02-17 00:00:00,GT,,0
2024-02-17 00:00:00,IQ,,0
2024-02-17 00:00:00,LH,,0
2024-02-17 00:00:00,MX,682,5
2024-02-17 00:00:00,PE,,0
2024-02-17 00:00:00,SG,,0
2024-02-17 00:00:00,TD,890,7
2024-02-17 00:00:00,TN,1160,2
2024-02-17 00:00:00,TR,51,3
2024-02-17 00:00:00,TT,52,1
2024-02-17 00:00:00,UKS,5,6
2024-02-17 00:00:00,UKW,282,2
2024-02-17 00:00:00,US,,0
2024-02-17 00:00:00,VE,,0
2024-02-17 00:00:00,VN,,0
2024-02-17 00:00:00,WE,,0
2024-02-18 00:00:00,,,0
2024-02-18 00:00:00,"",,0
2024-02-18 00:00:00,AU,,0
2024-02-18 00:00:00,BN,,0
2024-02-18 00:00:00,BR,1467,3
2024-02-18 00:00:00,BS,,0
2024-02-18 00:00:00,BZ,,0
2024-02-18 00:00:00,CCS,,0
2024-02-18 00:00:00,CD,568,23
2024-02-18 00:00:00,CG,5575,33
2024-02-18 00:00:00,CM,727,15
2024-02-18 00:00:00,CO,749,17
2024-02-18 00:00:00,EC,,0
2024-02-18 00:00:00,EG,,0
2024-02-18 00:00:00,ER,,0
2024-02-18 00:00:00,FR,,0
2024-02-18 00:00:00,GA,3543,21
2024-02-18 00:00:00,GT,,0
2024-02-18 00:00:00,IQ,,0
2024-02-18 00:00:00,LH,,0
2024-02-18 00:00:00,MX,562,5
2024-02-18 00:00:00,PE,,0
2024-02-18 00:00:00,SG,,0
2024-02-18 00:00:00,TD,890,7
2024-02-18 00:00:00,TN,1160,2
2024-02-18 00:00:00,TR,51,3
2024-02-18 00:00:00,TT,,0
2024-02-18 00:00:00,UKS,1,5
2024-02-18 00:00:00,UKW,282,2
2024-02-18 00:00:00,US,,0
2024-02-18 00:00:00,VE,,0
2024-02-18 00:00:00,VN,,0
2024-02-18 00:00:00,WE,,0
2024-02-19 00:00:00,,,0
2024-02-19 00:00:00,"",,0
2024-02-19 00:00:00,AU,,0
2024-02-19 00:00:00,BN,,0
2024-02-19 00:00:00,BR,1467,3
2024-02-19 00:00:00,BS,,0
2024-02-19 00:00:00,BZ,,0
2024-02-19 00:00:00,CCS,,0
2024-02-19 00:00:00,CD,529,24
2024-02-19 00:00:00,CG,5587,33
2024-02-19 00:00:00,CM,666,14
2024-02-19 00:00:00,CO,737,17
2024-02-19 00:00:00,EC,,0
2024-02-19 00:00:00,EG,,0
2024-02-19 00:00:00,ER,,0
2024-02-19 00:00:00,FR,,0
2024-02-19 00:00:00,GA,3400,20
2024-02-19 00:00:00,GT,,0
2024-02-19 00:00:00,IQ,,0
2024-02-19 00:00:00,LH,,0
2024-02-19 00:00:00,MX,540,5
2024-02-19 00:00:00,PE,,0
2024-02-19 00:00:00,SG,,0
2024-02-19 00:00:00,TD,890,7
2024-02-19 00:00:00,TN,1160,2
2024-02-19 00:00:00,TR,51,3
2024-02-19 00:00:00,TT,52,1
2024-02-19 00:00:00,UKS,1,5
2024-02-19 00:00:00,UKW,282,2
2024-02-19 00:00:00,US,,0
2024-02-19 00:00:00,VE,,0
2024-02-19 00:00:00,VN,,0
2024-02-19 00:00:00,WE,,0
2024-02-20 00:00:00,,,0
2024-02-20 00:00:00,"",,0
2024-02-20 00:00:00,AU,,0
2024-02-20 00:00:00,BN,,0
2024-02-20 00:00:00,BR,1467,3
2024-02-20 00:00:00,BS,,0
2024-02-20 00:00:00,BZ,,0
2024-02-20 00:00:00,CCS,,0
2024-02-20 00:00:00,CD,511,24
2024-02-20 00:00:00,CG,5880,33
2024-02-20 00:00:00,CM,518,13
2024-02-20 00:00:00,CO,737,16
2024-02-20 00:00:00,EC,,0
2024-02-20 00:00:00,EG,,0
2024-02-20 00:00:00,ER,,0
2024-02-20 00:00:00,FR,,0
2024-02-20 00:00:00,GA,3699,25
2024-02-20 00:00:00,GT,,0
2024-02-20 00:00:00,IQ,,0
2024-02-20 00:00:00,LH,,0
2024-02-20 00:00:00,MX,512,5
2024-02-20 00:00:00,PE,,0
2024-02-20 00:00:00,SG,,0
2024-02-20 00:00:00,TD,890,7
2024-02-20 00:00:00,TN,1160,2
2024-02-20 00:00:00,TR,51,4
2024-02-20 00:00:00,TT,52,1
2024-02-20 00:00:00,UKS,1,6
2024-02-20 00:00:00,UKW,282,2
2024-02-20 00:00:00,US,,0
2024-02-20 00:00:00,VE,,0
2024-02-20 00:00:00,VN,,0
2024-02-20 00:00:00,WE,,0
2024-02-21 00:00:00,,,0
2024-02-21 00:00:00,"",,0
2024-02-21 00:00:00,AU,,0
2024-02-21 00:00:00,BN,,0
2024-02-21 00:00:00,BR,1467,3
2024-02-21 00:00:00,BS,,0
2024-02-21 00:00:00,BZ,,0
2024-02-21 00:00:00,CCS,,0
2024-02-21 00:00:00,CD,652,23
2024-02-21 00:00:00,CG,6121,36
2024-02-21 00:00:00,CM,743,14
2024-02-21 00:00:00,CO,737,16
2024-02-21 00:00:00,EC,,0
2024-02-21 00:00:00,EG,,0
2024-02-21 00:00:00,ER,,0
2024-02-21 00:00:00,FR,,0
2024-02-21 00:00:00,GA,3757,26
2024-02-21 00:00:00,GT,,0
2024-02-21 00:00:00,IQ,,0
2024-02-21 00:00:00,LH,,0
2024-02-21 00:00:00,MX,533,5
2024-02-21 00:00:00,PE,,0
2024-02-21 00:00:00,SG,,0
2024-02-21 00:00:00,TD,910,7
2024-02-21 00:00:00,TN,1160,2
2024-02-21 00:00:00,TR,51,4
2024-02-21 00:00:00,TT,52,1
2024-02-21 00:00:00,UKS,1,5
2024-02-21 00:00:00,UKW,282,2
2024-02-21 00:00:00,US,,0
2024-02-21 00:00:00,VE,,0
2024-02-21 00:00:00,VN,,0
2024-02-21 00:00:00,WE,,0
2024-02-22 00:00:00,,,0
2024-02-22 00:00:00,"",,0
2024-02-22 00:00:00,AU,,0
2024-02-22 00:00:00,BN,,0
2024-02-22 00:00:00,BR,1467,3
2024-02-22 00:00:00,BS,,0
2024-02-22 00:00:00,BZ,,0
2024-02-22 00:00:00,CCS,,0
2024-02-22 00:00:00,CD,599,24
2024-02-22 00:00:00,CG,6214,37
2024-02-22 00:00:00,CM,509,14
2024-02-22 00:00:00,CO,737,16
2024-02-22 00:00:00,EC,,0
2024-02-22 00:00:00,EG,,0
2024-02-22 00:00:00,ER,,0
2024-02-22 00:00:00,FR,,0
2024-02-22 00:00:00,GA,3772,26
2024-02-22 00:00:00,GT,,0
2024-02-22 00:00:00,IQ,,0
2024-02-22 00:00:00,LH,,0
2024-02-22 00:00:00,MX,515,5
2024-02-22 00:00:00,PE,,0
2024-02-22 00:00:00,SG,,0
2024-02-22 00:00:00,TD,890,7
2024-02-22 00:00:00,TN,1160,2
2024-02-22 00:00:00,TR,51,4
2024-02-22 00:00:00,TT,52,1
2024-02-22 00:00:00,UKS,1,6
2024-02-22 00:00:00,UKW,282,2
2024-02-22 00:00:00,US,,0
2024-02-22 00:00:00,VE,,0
2024-02-22 00:00:00,VN,,0
2024-02-22 00:00:00,WE,,0
2024-02-23 00:00:00,,,0
2024-02-23 00:00:00,"",,0
2024-02-23 00:00:00,AU,,0
2024-02-23 00:00:00,BN,,0
2024-02-23 00:00:00,BR,1467,3
2024-02-23 00:00:00,BS,,0
2024-02-23 00:00:00,BZ,,0
2024-02-23 00:00:00,CCS,,0
2024-02-23 00:00:00,CD,617,24
2024-02-23 00:00:00,CG,6937,38
2024-02-23 00:00:00,CM,478,13
2024-02-23 00:00:00,CO,737,16
2024-02-23 00:00:00,EC,,0
2024-02-23 00:00:00,EG,,0
2024-02-23 00:00:00,ER,,0
2024-02-23 00:00:00,FR,,0
2024-02-23 00:00:00,GA,3193,22
2024-02-23 00:00:00,GT,,0
2024-02-23 00:00:00,IQ,,0
2024-02-23 00:00:00,LH,,0
2024-02-23 00:00:00,MX,552,5
2024-02-23 00:00:00,PE,,0
2024-02-23 00:00:00,SG,,0
2024-02-23 00:00:00,TD,934,7
2024-02-23 00:00:00,TN,1160,2
2024-02-23 00:00:00,TR,80,4
2024-02-23 00:00:00,TT,52,1
2024-02-23 00:00:00,UKS,1,5
2024-02-23 00:00:00,UKW,282,2
2024-02-23 00:00:00,US,,0
2024-02-23 00:00:00,VE,,0
2024-02-23 00:00:00,VN,,0
2024-02-23 00:00:00,WE,,0
2024-02-24 00:00:00,,,0
2024-02-24 00:00:00,"",,0
2024-02-24 00:00:00,AU,,0
2024-02-24 00:00:00,BN,,0
2024-02-24 00:00:00,BR,1467,3
2024-02-24 00:00:00,BS,,0
2024-02-24 00:00:00,BZ,,0
2024-02-24 00:00:00,CCS,,0
2024-02-24 00:00:00,CD,605,24
2024-02-24 00:00:00,CG,6887,37
2024-02-24 00:00:00,CM,474,13
2024-02-24 00:00:00,CO,737,16
2024-02-24 00:00:00,EC,,0
2024-02-24 00:00:00,EG,,0
2024-02-24 00:00:00,ER,,0
2024-02-24 00:00:00,FR,,0
2024-02-24 00:00:00,GA,3481,25
2024-02-24 00:00:00,GT,,0
2024-02-24 00:00:00,IQ,,0
2024-02-24 00:00:00,LH,,0
2024-02-24 00:00:00,MX,581,5
2024-02-24 00:00:00,PE,,0
2024-02-24 00:00:00,SG,,0
2024-02-24 00:00:00,TD,356,3
2024-02-24 00:00:00,TN,1160,2
2024-02-24 00:00:00,TR,92,4
2024-02-24 00:00:00,TT,52,1
2024-02-24 00:00:00,UKS,1,5
2024-02-24 00:00:00,UKW,282,2
2024-02-24 00:00:00,US,,0
2024-02-24 00:00:00,VE,,0
2024-02-24 00:00:00,VN,,0
2024-02-24 00:00:00,WE,,0
2024-02-25 00:00:00,,,0
2024-02-25 00:00:00,"",,0
2024-02-25 00:00:00,AU,,0
2024-02-25 00:00:00,BN,,0
2024-02-25 00:00:00,BR,1467,3
2024-02-25 00:00:00,BS,,0
2024-02-25 00:00:00,BZ,,0
2024-02-25 00:00:00,CCS,,0
2024-02-25 00:00:00,CD,454,24
2024-02-25 00:00:00,CG,6865,37
2024-02-25 00:00:00,CM,474,13
2024-02-25 00:00:00,CO,737,16
2024-02-25 00:00:00,EC,,0
2024-02-25 00:00:00,EG,,0
2024-02-25 00:00:00,ER,,0
2024-02-25 00:00:00,FR,,0
2024-02-25 00:00:00,GA,4622,25
2024-02-25 00:00:00,GT,,0
2024-02-25 00:00:00,IQ,,0
2024-02-25 00:00:00,LH,,0
2024-02-25 00:00:00,MX,586,5
2024-02-25 00:00:00,PE,,0
2024-02-25 00:00:00,SG,,0
2024-02-25 00:00:00,TD,890,7
2024-02-25 00:00:00,TN,1160,2
2024-02-25 00:00:00,TR,124,5
2024-02-25 00:00:00,TT,52,1
2024-02-25 00:00:00,UKS,1,5
2024-02-25 00:00:00,UKW,282,2
2024-02-25 00:00:00,US,,0
2024-02-25 00:00:00,VE,,0
2024-02-25 00:00:00,VN,,0
2024-02-25 00:00:00,WE,,0
2024-02-26 00:00:00,,,0
2024-02-26 00:00:00,"",,0
2024-02-26 00:00:00,AU,,0
2024-02-26 00:00:00,BN,,0
2024-02-26 00:00:00,BR,1467,3
2024-02-26 00:00:00,BS,,0
2024-02-26 00:00:00,BZ,,0
2024-02-26 00:00:00,CCS,,0
2024-02-26 00:00:00,CD,424,24
2024-02-26 00:00:00,CG,6865,37
2024-02-26 00:00:00,CM,299,12
2024-02-26 00:00:00,CO,737,16
2024-02-26 00:00:00,EC,,0
2024-02-26 00:00:00,EG,,0
2024-02-26 00:00:00,ER,,0
2024-02-26 00:00:00,FR,,0
2024-02-26 00:00:00,GA,4867,28
2024-02-26 00:00:00,GT,,0
2024-02-26 00:00:00,IQ,,0
2024-02-26 00:00:00,LH,,0
2024-02-26 00:00:00,MX,573,5
2024-02-26 00:00:00,PE,,0
2024-02-26 00:00:00,SG,,0
2024-02-26 00:00:00,TD,935,8
2024-02-26 00:00:00,TN,1160,2
2024-02-26 00:00:00,TR,92,5
2024-02-26 00:00:00,TT,52,1
2024-02-26 00:00:00,UKS,1,5
2024-02-26 00:00:00,UKW,310,2
2024-02-26 00:00:00,US,,0
2024-02-26 00:00:00,VE,,0
2024-02-26 00:00:00,VN,570,1
2024-02-26 00:00:00,WE,,0
2024-02-27 00:00:00,,,0
2024-02-27 00:00:00,"",,0
2024-02-27 00:00:00,AU,,0
2024-02-27 00:00:00,BN,,0
2024-02-27 00:00:00,BR,1467,3
2024-02-27 00:00:00,BS,,0
2024-02-27 00:00:00,BZ,,0
2024-02-27 00:00:00,CCS,,0
2024-02-27 00:00:00,CD,449,24
2024-02-27 00:00:00,CG,6865,37
2024-02-27 00:00:00,CM,148,11
2024-02-27 00:00:00,CO,787,15
2024-02-27 00:00:00,EC,,0
2024-02-27 00:00:00,EG,,0
2024-02-27 00:00:00,ER,,0
2024-02-27 00:00:00,FR,,0
2024-02-27 00:00:00,GA,5710,28
2024-02-27 00:00:00,GT,,0
2024-02-27 00:00:00,IQ,,0
2024-02-27 00:00:00,LH,,0
2024-02-27 00:00:00,MX,554,5
2024-02-27 00:00:00,PE,,0
2024-02-27 00:00:00,SG,,0
2024-02-27 00:00:00,TD,935,8
2024-02-27 00:00:00,TN,1160,2
2024-02-27 00:00:00,TR,92,4
2024-02-27 00:00:00,TT,52,1
2024-02-27 00:00:00,UKS,1,5
2024-02-27 00:00:00,UKW,321,3
2024-02-27 00:00:00,US,,0
2024-02-27 00:00:00,VE,,0
2024-02-27 00:00:00,VN,570,1
2024-02-27 00:00:00,WE,,0
2024-02-28 00:00:00,,,0
2024-02-28 00:00:00,"",,0
2024-02-28 00:00:00,AU,,0
2024-02-28 00:00:00,BN,,0
2024-02-28 00:00:00,BR,1467,3
2024-02-28 00:00:00,BS,,0
2024-02-28 00:00:00,BZ,,0
2024-02-28 00:00:00,CCS,,0
2024-02-28 00:00:00,CD,488,25
2024-02-28 00:00:00,CG,6827,37
2024-02-28 00:00:00,CM,49,12
2024-02-28 00:00:00,CO,737,15
2024-02-28 00:00:00,EC,,0
2024-02-28 00:00:00,EG,,0
2024-02-28 00:00:00,ER,,0
2024-02-28 00:00:00,FR,,0
2024-02-28 00:00:00,GA,6009,29
2024-02-28 00:00:00,GT,,0
2024-02-28 00:00:00,IQ,,0
2024-02-28 00:00:00,LH,,0
2024-02-28 00:00:00,MX,568,5
2024-02-28 00:00:00,PE,,0
2024-02-28 00:00:00,SG,,0
2024-02-28 00:00:00,TD,916,7
2024-02-28 00:00:00,TN,1160,2
2024-02-28 00:00:00,TR,92,4
2024-02-28 00:00:00,TT,52,1
2024-02-28 00:00:00,UKS,1,5
2024-02-28 00:00:00,UKW,321,3
2024-02-28 00:00:00,US,,0
2024-02-28 00:00:00,VE,,0
2024-02-28 00:00:00,VN,570,1
2024-02-28 00:00:00,WE,,0
2024-02-29 00:00:00,,,0
2024-02-29 00:00:00,"",,0
2024-02-29 00:00:00,AU,,0
2024-02-29 00:00:00,BN,,0
2024-02-29 00:00:00,BR,1467,3
2024-02-29 00:00:00,BS,,0
2024-02-29 00:00:00,BZ,,0
2024-02-29 00:00:00,CCS,,0
2024-02-29 00:00:00,CD,396,23
2024-02-29 00:00:00,CG,6850,37
2024-02-29 00:00:00,CM,99,12
2024-02-29 00:00:00,CO,737,15
2024-02-29 00:00:00,EC,,0
2024-02-29 00:00:00,EG,,0
2024-02-29 00:00:00,ER,,0
2024-02-29 00:00:00,FR,,0
2024-02-29 00:00:00,GA,6103,29
2024-02-29 00:00:00,GT,,0
2024-02-29 00:00:00,IQ,,0
2024-02-29 00:00:00,LH,,0
2024-02-29 00:00:00,MX,533,5
2024-02-29 00:00:00,PE,,0
2024-02-29 00:00:00,SG,,0
2024-02-29 00:00:00,TD,890,7
2024-02-29 00:00:00,TN,1160,2
2024-02-29 00:00:00,TR,92,3
2024-02-29 00:00:00,TT,52,1
2024-02-29 00:00:00,UKS,1,5
2024-02-29 00:00:00,UKW,801,3
2024-02-29 00:00:00,US,,0
2024-02-29 00:00:00,VE,,0
2024-02-29 00:00:00,VN,570,1
2024-02-29 00:00:00,WE,,0
2024-03-01 00:00:00,,,0
2024-03-01 00:00:00,"",,0
2024-03-01 00:00:00,AU,,0
2024-03-01 00:00:00,BN,,0
2024-03-01 00:00:00,BR,1467,3
2024-03-01 00:00:00,BS,,0
2024-03-01 00:00:00,BZ,,0
2024-03-01 00:00:00,CCS,,0
2024-03-01 00:00:00,CD,427,24
2024-03-01 00:00:00,CG,7877,38
2024-03-01 00:00:00,CM,72,11
2024-03-01 00:00:00,CO,737,14
2024-03-01 00:00:00,EC,,0
2024-03-01 00:00:00,EG,,0
2024-03-01 00:00:00,ER,,0
2024-03-01 00:00:00,FR,,0
2024-03-01 00:00:00,GA,7009,29
2024-03-01 00:00:00,GT,,0
2024-03-01 00:00:00,IQ,,0
2024-03-01 00:00:00,LH,,0
2024-03-01 00:00:00,MX,509,5
2024-03-01 00:00:00,PE,,0
2024-03-01 00:00:00,SG,,0
2024-03-01 00:00:00,TD,890,7
2024-03-01 00:00:00,TN,1160,2
2024-03-01 00:00:00,TR,92,4
2024-03-01 00:00:00,TT,52,1
2024-03-01 00:00:00,UKS,1,5
2024-03-01 00:00:00,UKW,816,3
2024-03-01 00:00:00,US,,0
2024-03-01 00:00:00,VE,,0
2024-03-01 00:00:00,VN,570,1
2024-03-01 00:00:00,WE,,0
2024-03-02 00:00:00,,,0
2024-03-02 00:00:00,"",,0
2024-03-02 00:00:00,AU,,0
2024-03-02 00:00:00,BN,,0
2024-03-02 00:00:00,BR,2000,4
2024-03-02 00:00:00,BS,,0
2024-03-02 00:00:00,BZ,,0
2024-03-02 00:00:00,CCS,,0
2024-03-02 00:00:00,CD,438,26
2024-03-02 00:00:00,CG,7877,38
2024-03-02 00:00:00,CM,52,11
2024-03-02 00:00:00,CO,737,15
2024-03-02 00:00:00,EC,,0
2024-03-02 00:00:00,EG,,0
2024-03-02 00:00:00,ER,,0
2024-03-02 00:00:00,FR,,0
2024-03-02 00:00:00,GA,6822,29
2024-03-02 00:00:00,GT,,0
2024-03-02 00:00:00,IQ,,0
2024-03-02 00:00:00,LH,,0
2024-03-02 00:00:00,MX,506,5
2024-03-02 00:00:00,PE,,0
2024-03-02 00:00:00,SG,,0
2024-03-02 00:00:00,TD,890,7
2024-03-02 00:00:00,TN,1160,2
2024-03-02 00:00:00,TR,92,4
2024-03-02 00:00:00,TT,52,1
2024-03-02 00:00:00,UKS,1,5
2024-03-02 00:00:00,UKW,827,4
2024-03-02 00:00:00,US,,0
2024-03-02 00:00:00,VE,,0
2024-03-02 00:00:00,VN,570,1
2024-03-02 00:00:00,WE,,0
2024-03-03 00:00:00,,,0
2024-03-03 00:00:00,"",,0
2024-03-03 00:00:00,AU,,0
2024-03-03 00:00:00,BN,,0
2024-03-03 00:00:00,BR,2000,4
2024-03-03 00:00:00,BS,,0
2024-03-03 00:00:00,BZ,,0
2024-03-03 00:00:00,CCS,,0
2024-03-03 00:00:00,CD,428,26
2024-03-03 00:00:00,CG,7344,37
2024-03-03 00:00:00,CM,106,12
2024-03-03 00:00:00,CO,764,14
2024-03-03 00:00:00,EC,,0
2024-03-03 00:00:00,EG,,0
2024-03-03 00:00:00,ER,,0
2024-03-03 00:00:00,FR,,0
2024-03-03 00:00:00,GA,6816,29
2024-03-03 00:00:00,GT,,0
2024-03-03 00:00:00,IQ,,0
2024-03-03 00:00:00,LH,,0
2024-03-03 00:00:00,MX,1146,6
2024-03-03 00:00:00,PE,,0
2024-03-03 00:00:00,SG,,0
2024-03-03 00:00:00,TD,890,7
2024-03-03 00:00:00,TN,1160,2
2024-03-03 00:00:00,TR,92,4
2024-03-03 00:00:00,TT,52,1
2024-03-03 00:00:00,UKS,1,5
2024-03-03 00:00:00,UKW,827,4
2024-03-03 00:00:00,US,,0
2024-03-03 00:00:00,VE,,0
2024-03-03 00:00:00,VN,570,1
2024-03-03 00:00:00,WE,,0
2024-03-04 00:00:00,,,0
2024-03-04 00:00:00,"",,0
2024-03-04 00:00:00,AU,,0
2024-03-04 00:00:00,BN,,0
2024-03-04 00:00:00,BR,2000,4
2024-03-04 00:00:00,BS,,0
2024-03-04 00:00:00,BZ,,0
2024-03-04 00:00:00,CCS,,0
2024-03-04 00:00:00,CD,454,27
2024-03-04 00:00:00,CG,7134,35
2024-03-04 00:00:00,CM,87,11
2024-03-04 00:00:00,CO,786,16
2024-03-04 00:00:00,EC,,0
2024-03-04 00:00:00,EG,,0
2024-03-04 00:00:00,ER,,0
2024-03-04 00:00:00,FR,,0
2024-03-04 00:00:00,GA,6606,29
2024-03-04 00:00:00,GT,,0
2024-03-04 00:00:00,IQ,,0
2024-03-04 00:00:00,LH,,0
2024-03-04 00:00:00,MX,499,5
2024-03-04 00:00:00,PE,,0
2024-03-04 00:00:00,SG,,0
2024-03-04 00:00:00,TD,890,7
2024-03-04 00:00:00,TN,1160,2
2024-03-04 00:00:00,TR,92,4
2024-03-04 00:00:00,TT,52,1
2024-03-04 00:00:00,UKS,1,6
2024-03-04 00:00:00,UKW,816,3
2024-03-04 00:00:00,US,,0
2024-03-04 00:00:00,VE,,0
2024-03-04 00:00:00,VN,570,1
2024-03-04 00:00:00,WE,,0
2024-03-05 00:00:00,,,0
2024-03-05 00:00:00,"",,0
2024-03-05 00:00:00,AU,,0
2024-03-05 00:00:00,BN,,0
2024-03-05 00:00:00,BR,2000,4
2024-03-05 00:00:00,BS,,0
2024-03-05 00:00:00,BZ,,0
2024-03-05 00:00:00,CCS,,0
2024-03-05 00:00:00,CD,439,26
2024-03-05 00:00:00,CG,7098,35
2024-03-05 00:00:00,CM,77,11
2024-03-05 00:00:00,CO,786,16
2024-03-05 00:00:00,EC,,0
2024-03-05 00:00:00,EG,,0
2024-03-05 00:00:00,ER,,0
2024-03-05 00:00:00,FR,,0
2024-03-05 00:00:00,GA,6572,28
2024-03-05 00:00:00,GT,,0
2024-03-05 00:00:00,IQ,,0
2024-03-05 00:00:00,LH,,0
2024-03-05 00:00:00,MX,498,5
2024-03-05 00:00:00,PE,,0
2024-03-05 00:00:00,SG,,0
2024-03-05 00:00:00,TD,890,7
2024-03-05 00:00:00,TN,1160,2
2024-03-05 00:00:00,TR,92,4
2024-03-05 00:00:00,TT,52,1
2024-03-05 00:00:00,UKS,1,6
2024-03-05 00:00:00,UKW,827,4
2024-03-05 00:00:00,US,,0
2024-03-05 00:00:00,VE,,0
2024-03-05 00:00:00,VN,570,1
2024-03-05 00:00:00,WE,,0
2024-03-06 00:00:00,,,0
2024-03-06 00:00:00,"",,0
2024-03-06 00:00:00,AU,,0
2024-03-06 00:00:00,BN,,0
2024-03-06 00:00:00,BR,1678,4
2024-03-06 00:00:00,BS,,0
2024-03-06 00:00:00,BZ,,0
2024-03-06 00:00:00,CCS,,0
2024-03-06 00:00:00,CD,581,30
2024-03-06 00:00:00,CG,7098,35
2024-03-06 00:00:00,CM,116,12
2024-03-06 00:00:00,CO,786,16
2024-03-06 00:00:00,EC,,0
2024-03-06 00:00:00,EG,,0
2024-03-06 00:00:00,ER,,0
2024-03-06 00:00:00,FR,,0
2024-03-06 00:00:00,GA,6488,28
2024-03-06 00:00:00,GT,,0
2024-03-06 00:00:00,IQ,,0
2024-03-06 00:00:00,LH,,0
2024-03-06 00:00:00,MX,488,5
2024-03-06 00:00:00,PE,,0
2024-03-06 00:00:00,SG,,0
2024-03-06 00:00:00,TD,890,7
2024-03-06 00:00:00,TN,1160,2
2024-03-06 00:00:00,TR,92,4
2024-03-06 00:00:00,TT,52,1
2024-03-06 00:00:00,UKS,1,6
2024-03-06 00:00:00,UKW,827,4
2024-03-06 00:00:00,US,,0
2024-03-06 00:00:00,VE,,0
2024-03-06 00:00:00,VN,570,1
2024-03-06 00:00:00,WE,,0
2024-03-07 00:00:00,,,0
2024-03-07 00:00:00,"",,0
2024-03-07 00:00:00,AU,,0
2024-03-07 00:00:00,BN,,0
2024-03-07 00:00:00,BR,1678,4
2024-03-07 00:00:00,BS,,0
2024-03-07 00:00:00,BZ,,0
2024-03-07 00:00:00,CCS,,0
2024-03-07 00:00:00,CD,599,30
2024-03-07 00:00:00,CG,7098,35
2024-03-07 00:00:00,CM,232,13
2024-03-07 00:00:00,CO,786,16
2024-03-07 00:00:00,EC,,0
2024-03-07 00:00:00,EG,,0
2024-03-07 00:00:00,ER,,0
2024-03-07 00:00:00,FR,,0
2024-03-07 00:00:00,GA,6467,27
2024-03-07 00:00:00,GT,,0
2024-03-07 00:00:00,IQ,,0
2024-03-07 00:00:00,LH,,0
2024-03-07 00:00:00,MX,504,5
2024-03-07 00:00:00,PE,,0
2024-03-07 00:00:00,SG,,0
2024-03-07 00:00:00,TD,890,7
2024-03-07 00:00:00,TN,1160,2
2024-03-07 00:00:00,TR,92,4
2024-03-07 00:00:00,TT,52,1
2024-03-07 00:00:00,UKS,1,6
2024-03-07 00:00:00,UKW,827,4
2024-03-07 00:00:00,US,,0
2024-03-07 00:00:00,VE,,0
2024-03-07 00:00:00,VN,570,1
2024-03-07 00:00:00,WE,,0
2024-03-08 00:00:00,,,0
2024-03-08 00:00:00,"",,0
2024-03-08 00:00:00,AU,,0
2024-03-08 00:00:00,BN,,0
2024-03-08 00:00:00,BR,1678,4
2024-03-08 00:00:00,BS,,0
2024-03-08 00:00:00,BZ,,0
2024-03-08 00:00:00,CCS,,0
2024-03-08 00:00:00,CD,724,34
2024-03-08 00:00:00,CG,6900,34
2024-03-08 00:00:00,CM,243,14
2024-03-08 00:00:00,CO,786,16
2024-03-08 00:00:00,EC,,0
2024-03-08 00:00:00,EG,,0
2024-03-08 00:00:00,ER,,0
2024-03-08 00:00:00,FR,,0
2024-03-08 00:00:00,GA,8552,27
2024-03-08 00:00:00,GT,,0
2024-03-08 00:00:00,IQ,,0
2024-03-08 00:00:00,LH,,0
2024-03-08 00:00:00,MX,500,5
2024-03-08 00:00:00,PE,,0
2024-03-08 00:00:00,SG,,0
2024-03-08 00:00:00,TD,890,7
2024-03-08 00:00:00,TN,1160,2
2024-03-08 00:00:00,TR,92,4
2024-03-08 00:00:00,TT,52,1
2024-03-08 00:00:00,UKS,1,6
2024-03-08 00:00:00,UKW,816,3
2024-03-08 00:00:00,US,,0
2024-03-08 00:00:00,VE,,0
2024-03-08 00:00:00,VN,570,1
2024-03-08 00:00:00,WE,,0
2024-03-09 00:00:00,,,0
2024-03-09 00:00:00,"",,0
2024-03-09 00:00:00,AU,,0
2024-03-09 00:00:00,BN,,0
2024-03-09 00:00:00,BR,1678,4
2024-03-09 00:00:00,BS,,0
2024-03-09 00:00:00,BZ,,0
2024-03-09 00:00:00,CCS,,0
2024-03-09 00:00:00,CD,688,34
2024-03-09 00:00:00,CG,6702,34
2024-03-09 00:00:00,CM,49,12
2024-03-09 00:00:00,CO,786,16
2024-03-09 00:00:00,EC,,0
2024-03-09 00:00:00,EG,,0
2024-03-09 00:00:00,ER,,0
2024-03-09 00:00:00,FR,,0
2024-03-09 00:00:00,GA,8594,26
2024-03-09 00:00:00,GT,,0
2024-03-09 00:00:00,IQ,,0
2024-03-09 00:00:00,LH,,0
2024-03-09 00:00:00,MX,576,5
2024-03-09 00:00:00,PE,,0
2024-03-09 00:00:00,SG,,0
2024-03-09 00:00:00,TD,890,7
2024-03-09 00:00:00,TN,1160,2
2024-03-09 00:00:00,TR,92,4
2024-03-09 00:00:00,TT,52,1
2024-03-09 00:00:00,UKS,1,6
2024-03-09 00:00:00,UKW,827,4
2024-03-09 00:00:00,US,,0
2024-03-09 00:00:00,VE,,0
2024-03-09 00:00:00,VN,570,1
2024-03-09 00:00:00,WE,,0
2024-03-10 00:00:00,,,0
2024-03-10 00:00:00,"",,0
2024-03-10 00:00:00,AU,,0
2024-03-10 00:00:00,BN,,0
2024-03-10 00:00:00,BR,1678,4
2024-03-10 00:00:00,BS,,0
2024-03-10 00:00:00,BZ,,0
2024-03-10 00:00:00,CCS,,0
2024-03-10 00:00:00,CD,727,35
2024-03-10 00:00:00,CG,5070,33
2024-03-10 00:00:00,CM,59,12
2024-03-10 00:00:00,CO,786,16
2024-03-10 00:00:00,EC,,0
2024-03-10 00:00:00,EG,,0
2024-03-10 00:00:00,ER,,0
2024-03-10 00:00:00,FR,,0
2024-03-10 00:00:00,GA,9248,26
2024-03-10 00:00:00,GT,,0
2024-03-10 00:00:00,IQ,,0
2024-03-10 00:00:00,LH,,0
2024-03-10 00:00:00,MX,666,6
2024-03-10 00:00:00,PE,,0
2024-03-10 00:00:00,SG,,0
2024-03-10 00:00:00,TD,890,7
2024-03-10 00:00:00,TN,1160,2
2024-03-10 00:00:00,TR,92,4
2024-03-10 00:00:00,TT,52,1
2024-03-10 00:00:00,UKS,1,6
2024-03-10 00:00:00,UKW,827,4
2024-03-10 00:00:00,US,,0
2024-03-10 00:00:00,VE,,0
2024-03-10 00:00:00,VN,570,1
2024-03-10 00:00:00,WE,,0
2024-03-11 00:00:00,,,0
2024-03-11 00:00:00,"",,0
2024-03-11 00:00:00,AU,,0
2024-03-11 00:00:00,BN,,0
2024-03-11 00:00:00,BR,1678,4
2024-03-11 00:00:00,BS,,0
2024-03-11 00:00:00,BZ,,0
2024-03-11 00:00:00,CCS,,0
2024-03-11 00:00:00,CD,713,33
2024-03-11 00:00:00,CG,5037,33
2024-03-11 00:00:00,CM,59,12
2024-03-11 00:00:00,CO,786,16
2024-03-11 00:00:00,EC,,0
2024-03-11 00:00:00,EG,,0
2024-03-11 00:00:00,ER,,0
2024-03-11 00:00:00,FR,,0
2024-03-11 00:00:00,GA,9120,26
2024-03-11 00:00:00,GT,,0
2024-03-11 00:00:00,IQ,,0
2024-03-11 00:00:00,LH,,0
2024-03-11 00:00:00,MX,666,6
2024-03-11 00:00:00,PE,,0
2024-03-11 00:00:00,SG,,0
2024-03-11 00:00:00,TD,890,7
2024-03-11 00:00:00,TN,1160,2
2024-03-11 00:00:00,TR,92,4
2024-03-11 00:00:00,TT,52,1
2024-03-11 00:00:00,UKS,1,6
2024-03-11 00:00:00,UKW,822,3
2024-03-11 00:00:00,US,,0
2024-03-11 00:00:00,VE,,0
2024-03-11 00:00:00,VN,570,1
2024-03-11 00:00:00,WE,,0
2024-03-12 00:00:00,,,0
2024-03-12 00:00:00,"",,0
2024-03-12 00:00:00,AU,,0
2024-03-12 00:00:00,BN,,0
2024-03-12 00:00:00,BR,1678,4
2024-03-12 00:00:00,BS,,0
2024-03-12 00:00:00,BZ,,0
2024-03-12 00:00:00,CCS,,0
2024-03-12 00:00:00,CD,665,31
2024-03-12 00:00:00,CG,5982,38
2024-03-12 00:00:00,CM,66,13
2024-03-12 00:00:00,CO,786,16
2024-03-12 00:00:00,EC,,0
2024-03-12 00:00:00,EG,,0
2024-03-12 00:00:00,ER,,0
2024-03-12 00:00:00,FR,,0
2024-03-12 00:00:00,GA,9095,25
2024-03-12 00:00:00,GT,,0
2024-03-12 00:00:00,IQ,,0
2024-03-12 00:00:00,LH,,0
2024-03-12 00:00:00,MX,698,6
2024-03-12 00:00:00,PE,,0
2024-03-12 00:00:00,SG,,0
2024-03-12 00:00:00,TD,832,6
2024-03-12 00:00:00,TN,1160,2
2024-03-12 00:00:00,TR,92,4
2024-03-12 00:00:00,TT,52,1
2024-03-12 00:00:00,UKS,1,5
2024-03-12 00:00:00,UKW,827,4
2024-03-12 00:00:00,US,,0
2024-03-12 00:00:00,VE,,0
2024-03-12 00:00:00,VN,570,1
2024-03-12 00:00:00,WE,,0
2024-03-13 00:00:00,,,0
2024-03-13 00:00:00,"",,0
2024-03-13 00:00:00,AU,,0
2024-03-13 00:00:00,BN,,0
2024-03-13 00:00:00,BR,1678,4
2024-03-13 00:00:00,BS,,0
2024-03-13 00:00:00,BZ,,0
2024-03-13 00:00:00,CCS,,0
2024-03-13 00:00:00,CD,576,28
2024-03-13 00:00:00,CG,6024,39
2024-03-13 00:00:00,CM,49,12
2024-03-13 00:00:00,CO,786,16
2024-03-13 00:00:00,EC,,0
2024-03-13 00:00:00,EG,,0
2024-03-13 00:00:00,ER,,0
2024-03-13 00:00:00,FR,,0
2024-03-13 00:00:00,GA,9114,25
2024-03-13 00:00:00,GT,,0
2024-03-13 00:00:00,IQ,,0
2024-03-13 00:00:00,LH,,0
2024-03-13 00:00:00,MX,678,6
2024-03-13 00:00:00,PE,,0
2024-03-13 00:00:00,SG,,0
2024-03-13 00:00:00,TD,832,6
2024-03-13 00:00:00,TN,1160,2
2024-03-13 00:00:00,TR,92,4
2024-03-13 00:00:00,TT,52,1
2024-03-13 00:00:00,UKS,1,5
2024-03-13 00:00:00,UKW,827,4
2024-03-13 00:00:00,US,,0
2024-03-13 00:00:00,VE,,0
2024-03-13 00:00:00,VN,570,1
2024-03-13 00:00:00,WE,,0
2024-03-14 00:00:00,,,0
2024-03-14 00:00:00,"",,0
2024-03-14 00:00:00,AU,,0
2024-03-14 00:00:00,BN,,0
2024-03-14 00:00:00,BR,1678,4
2024-03-14 00:00:00,BS,,0
2024-03-14 00:00:00,BZ,,0
2024-03-14 00:00:00,CCS,,0
2024-03-14 00:00:00,CD,660,38
2024-03-14 00:00:00,CG,6362,39
2024-03-14 00:00:00,CM,49,12
2024-03-14 00:00:00,CO,812,16
2024-03-14 00:00:00,EC,,0
2024-03-14 00:00:00,EG,,0
2024-03-14 00:00:00,ER,,0
2024-03-14 00:00:00,FR,,0
2024-03-14 00:00:00,GA,9105,25
2024-03-14 00:00:00,GT,,0
2024-03-14 00:00:00,IQ,,0
2024-03-14 00:00:00,LH,,0
2024-03-14 00:00:00,MX,666,6
2024-03-14 00:00:00,PE,,0
2024-03-14 00:00:00,SG,,0
2024-03-14 00:00:00,TD,832,6
2024-03-14 00:00:00,TN,1160,2
2024-03-14 00:00:00,TR,92,5
2024-03-14 00:00:00,TT,52,1
2024-03-14 00:00:00,UKS,1,5
2024-03-14 00:00:00,UKW,827,4
2024-03-14 00:00:00,US,,0
2024-03-14 00:00:00,VE,,0
2024-03-14 00:00:00,VN,570,1
2024-03-14 00:00:00,WE,,0
2024-03-15 00:00:00,,,0
2024-03-15 00:00:00,"",,0
2024-03-15 00:00:00,AU,,0
2024-03-15 00:00:00,BN,,0
2024-03-15 00:00:00,BR,1579,3
2024-03-15 00:00:00,BS,,0
2024-03-15 00:00:00,BZ,,0
2024-03-15 00:00:00,CCS,,0
2024-03-15 00:00:00,CD,679,39
2024-03-15 00:00:00,CG,6137,40
2024-03-15 00:00:00,CM,49,12
2024-03-15 00:00:00,CO,839,16
2024-03-15 00:00:00,EC,,0
2024-03-15 00:00:00,EG,,0
2024-03-15 00:00:00,ER,,0
2024-03-15 00:00:00,FR,,0
2024-03-15 00:00:00,GA,9203,26
2024-03-15 00:00:00,GT,,0
2024-03-15 00:00:00,IQ,,0
2024-03-15 00:00:00,LH,,0
2024-03-15 00:00:00,MX,680,6
2024-03-15 00:00:00,PE,,0
2024-03-15 00:00:00,SG,,0
2024-03-15 00:00:00,TD,1105,6
2024-03-15 00:00:00,TN,1160,2
2024-03-15 00:00:00,TR,92,5
2024-03-15 00:00:00,TT,52,1
2024-03-15 00:00:00,UKS,1,5
2024-03-15 00:00:00,UKW,827,4
2024-03-15 00:00:00,US,,0
2024-03-15 00:00:00,VE,,0
2024-03-15 00:00:00,VN,570,1
2024-03-15 00:00:00,WE,,0
2024-03-16 00:00:00,,,0
2024-03-16 00:00:00,"",,0
2024-03-16 00:00:00,AU,,0
2024-03-16 00:00:00,BN,,0
2024-03-16 00:00:00,BR,1440,3
2024-03-16 00:00:00,BS,,0
2024-03-16 00:00:00,BZ,,0
2024-03-16 00:00:00,CCS,,0
2024-03-16 00:00:00,CD,652,38
2024-03-16 00:00:00,CG,6137,40
2024-03-16 00:00:00,CM,49,12
2024-03-16 00:00:00,CO,867,16
2024-03-16 00:00:00,EC,,0
2024-03-16 00:00:00,EG,,0
2024-03-16 00:00:00,ER,,0
2024-03-16 00:00:00,FR,,0
2024-03-16 00:00:00,GA,9431,27
2024-03-16 00:00:00,GT,,0
2024-03-16 00:00:00,IQ,,0
2024-03-16 00:00:00,LH,,0
2024-03-16 00:00:00,MX,666,6
2024-03-16 00:00:00,PE,,0
2024-03-16 00:00:00,SG,,0
2024-03-16 00:00:00,TD,1174,6
2024-03-16 00:00:00,TN,1160,2
2024-03-16 00:00:00,TR,92,5
2024-03-16 00:00:00,TT,52,1
2024-03-16 00:00:00,UKS,1,5
2024-03-16 00:00:00,UKW,827,4
2024-03-16 00:00:00,US,,0
2024-03-16 00:00:00,VE,,0
2024-03-16 00:00:00,VN,570,1
2024-03-16 00:00:00,WE,,0
2024-03-17 00:00:00,,,0
2024-03-17 00:00:00,"",,0
2024-03-17 00:00:00,AU,,0
2024-03-17 00:00:00,BN,,0
2024-03-17 00:00:00,BR,1376,2
2024-03-17 00:00:00,BS,,0
2024-03-17 00:00:00,BZ,,0
2024-03-17 00:00:00,CCS,,0
2024-03-17 00:00:00,CD,664,41
2024-03-17 00:00:00,CG,6147,39
2024-03-17 00:00:00,CM,,11
2024-03-17 00:00:00,CO,842,16
2024-03-17 00:00:00,EC,,0
2024-03-17 00:00:00,EG,,0
2024-03-17 00:00:00,ER,,0
2024-03-17 00:00:00,FR,,0
2024-03-17 00:00:00,GA,9478,27
2024-03-17 00:00:00,GT,67,1
2024-03-17 00:00:00,IQ,,0
2024-03-17 00:00:00,LH,,0
2024-03-17 00:00:00,MX,678,6
2024-03-17 00:00:00,PE,,0
2024-03-17 00:00:00,SG,,0
2024-03-17 00:00:00,TD,832,6
2024-03-17 00:00:00,TN,1160,2
2024-03-17 00:00:00,TR,92,5
2024-03-17 00:00:00,TT,52,1
2024-03-17 00:00:00,UKS,1,5
2024-03-17 00:00:00,UKW,827,4
2024-03-17 00:00:00,US,,0
2024-03-17 00:00:00,VE,,0
2024-03-17 00:00:00,VN,570,1
2024-03-17 00:00:00,WE,,0
2024-03-18 00:00:00,,,0
2024-03-18 00:00:00,"",,0
2024-03-18 00:00:00,AU,,0
2024-03-18 00:00:00,BN,,0
2024-03-18 00:00:00,BR,704,2
2024-03-18 00:00:00,BS,,0
2024-03-18 00:00:00,BZ,,0
2024-03-18 00:00:00,CCS,,0
2024-03-18 00:00:00,CD,670,42
2024-03-18 00:00:00,CG,6171,41
2024-03-18 00:00:00,CM,98,12
2024-03-18 00:00:00,CO,842,16
2024-03-18 00:00:00,EC,,0
2024-03-18 00:00:00,EG,,0
2024-03-18 00:00:00,ER,,0
2024-03-18 00:00:00,FR,,0
2024-03-18 00:00:00,GA,9381,26
2024-03-18 00:00:00,GT,67,1
2024-03-18 00:00:00,IQ,,0
2024-03-18 00:00:00,LH,,0
2024-03-18 00:00:00,MX,666,6
2024-03-18 00:00:00,PE,,0
2024-03-18 00:00:00,SG,,0
2024-03-18 00:00:00,TD,832,6
2024-03-18 00:00:00,TN,1160,2
2024-03-18 00:00:00,TR,92,4
2024-03-18 00:00:00,TT,,0
2024-03-18 00:00:00,UKS,1,5
2024-03-18 00:00:00,UKW,827,4
2024-03-18 00:00:00,US,,0
2024-03-18 00:00:00,VE,,0
2024-03-18 00:00:00,VN,570,1
2024-03-18 00:00:00,WE,,0
2024-03-19 00:00:00,,,0
2024-03-19 00:00:00,"",,0
2024-03-19 00:00:00,AU,,0
2024-03-19 00:00:00,BN,,0
2024-03-19 00:00:00,BR,704,2
2024-03-19 00:00:00,BS,,0
2024-03-19 00:00:00,BZ,,0
2024-03-19 00:00:00,CCS,,0
2024-03-19 00:00:00,CD,697,41
2024-03-19 00:00:00,CG,6149,40
2024-03-19 00:00:00,CM,,11
2024-03-19 00:00:00,CO,842,15
2024-03-19 00:00:00,EC,,0
2024-03-19 00:00:00,EG,,0
2024-03-19 00:00:00,ER,,0
2024-03-19 00:00:00,FR,,0
2024-03-19 00:00:00,GA,9350,26
2024-03-19 00:00:00,GT,,0
2024-03-19 00:00:00,IQ,,0
2024-03-19 00:00:00,LH,,0
2024-03-19 00:00:00,MX,540,5
2024-03-19 00:00:00,PE,,0
2024-03-19 00:00:00,SG,,0
2024-03-19 00:00:00,TD,832,6
2024-03-19 00:00:00,TN,1160,2
2024-03-19 00:00:00,TR,92,5
2024-03-19 00:00:00,TT,,0
2024-03-19 00:00:00,UKS,1,5
2024-03-19 00:00:00,UKW,827,4
2024-03-19 00:00:00,US,,0
2024-03-19 00:00:00,VE,,0
2024-03-19 00:00:00,VN,570,1
2024-03-19 00:00:00,WE,,0
2024-03-20 00:00:00,,,0
2024-03-20 00:00:00,"",,0
2024-03-20 00:00:00,AU,,0
2024-03-20 00:00:00,BN,,0
2024-03-20 00:00:00,BR,704,2
2024-03-20 00:00:00,BS,,0
2024-03-20 00:00:00,BZ,,0
2024-03-20 00:00:00,CCS,,0
2024-03-20 00:00:00,CD,617,40
2024-03-20 00:00:00,CG,6145,39
2024-03-20 00:00:00,CM,,11
2024-03-20 00:00:00,CO,842,16
2024-03-20 00:00:00,EC,,0
2024-03-20 00:00:00,EG,,0
2024-03-20 00:00:00,ER,,0
2024-03-20 00:00:00,FR,,0
2024-03-20 00:00:00,GA,6411,24
2024-03-20 00:00:00,GT,,0
2024-03-20 00:00:00,IQ,,0
2024-03-20 00:00:00,LH,,0
2024-03-20 00:00:00,MX,506,5
2024-03-20 00:00:00,PE,,0
2024-03-20 00:00:00,SG,,0
2024-03-20 00:00:00,TD,832,6
2024-03-20 00:00:00,TN,1160,2
2024-03-20 00:00:00,TR,92,5
2024-03-20 00:00:00,TT,,0
2024-03-20 00:00:00,UKS,1,5
2024-03-20 00:00:00,UKW,827,4
2024-03-20 00:00:00,US,,0
2024-03-20 00:00:00,VE,,0
2024-03-20 00:00:00,VN,570,1
2024-03-20 00:00:00,WE,,0
2024-03-21 00:00:00,,,0
2024-03-21 00:00:00,"",,0
2024-03-21 00:00:00,AU,,0
2024-03-21 00:00:00,BN,,0
2024-03-21 00:00:00,BR,704,2
2024-03-21 00:00:00,BS,,0
2024-03-21 00:00:00,BZ,,0
2024-03-21 00:00:00,CCS,,0
2024-03-21 00:00:00,CD,607,40
2024-03-21 00:00:00,CG,6259,40
2024-03-21 00:00:00,CM,,11
2024-03-21 00:00:00,CO,790,15
2024-03-21 00:00:00,EC,,0
2024-03-21 00:00:00,EG,,0
2024-03-21 00:00:00,ER,,0
2024-03-21 00:00:00,FR,,0
2024-03-21 00:00:00,GA,7118,25
2024-03-21 00:00:00,GT,,0
2024-03-21 00:00:00,IQ,,0
2024-03-21 00:00:00,LH,,0
2024-03-21 00:00:00,MX,488,5
2024-03-21 00:00:00,PE,,0
2024-03-21 00:00:00,SG,,0
2024-03-21 00:00:00,TD,832,7
2024-03-21 00:00:00,TN,1160,2
2024-03-21 00:00:00,TR,92,5
2024-03-21 00:00:00,TT,,0
2024-03-21 00:00:00,UKS,1,5
2024-03-21 00:00:00,UKW,711,3
2024-03-21 00:00:00,US,,0
2024-03-21 00:00:00,VE,,0
2024-03-21 00:00:00,VN,570,1
2024-03-21 00:00:00,WE,,0
2024-03-22 00:00:00,,,0
2024-03-22 00:00:00,"",,0
2024-03-22 00:00:00,AU,,0
2024-03-22 00:00:00,BN,,0
2024-03-22 00:00:00,BR,704,2
2024-03-22 00:00:00,BS,,0
2024-03-22 00:00:00,BZ,,0
2024-03-22 00:00:00,CCS,,0
2024-03-22 00:00:00,CD,608,40
2024-03-22 00:00:00,CG,6387,40
2024-03-22 00:00:00,CM,101,12
2024-03-22 00:00:00,CO,790,15
2024-03-22 00:00:00,EC,,0
2024-03-22 00:00:00,EG,,0
2024-03-22 00:00:00,ER,,0
2024-03-22 00:00:00,FR,,0
2024-03-22 00:00:00,GA,9293,27
2024-03-22 00:00:00,GT,,0
2024-03-22 00:00:00,IQ,,0
2024-03-22 00:00:00,LH,,0
2024-03-22 00:00:00,MX,511,5
2024-03-22 00:00:00,PE,,0
2024-03-22 00:00:00,SG,,0
2024-03-22 00:00:00,TD,818,6
2024-03-22 00:00:00,TN,1160,2
2024-03-22 00:00:00,TR,92,5
2024-03-22 00:00:00,TT,,0
2024-03-22 00:00:00,UKS,1,6
2024-03-22 00:00:00,UKW,811,3
2024-03-22 00:00:00,US,,0
2024-03-22 00:00:00,VE,,0
2024-03-22 00:00:00,VN,570,1
2024-03-22 00:00:00,WE,,0
2024-03-23 00:00:00,,,0
2024-03-23 00:00:00,"",,0
2024-03-23 00:00:00,AU,,0
2024-03-23 00:00:00,BN,,0
2024-03-23 00:00:00,BR,704,2
2024-03-23 00:00:00,BS,,0
2024-03-23 00:00:00,BZ,,0
2024-03-23 00:00:00,CCS,,0
2024-03-23 00:00:00,CD,649,39
2024-03-23 00:00:00,CG,6452,41
2024-03-23 00:00:00,CM,98,11
2024-03-23 00:00:00,CO,790,15
2024-03-23 00:00:00,EC,,0
2024-03-23 00:00:00,EG,,0
2024-03-23 00:00:00,ER,,0
2024-03-23 00:00:00,FR,,0
2024-03-23 00:00:00,GA,9293,27
2024-03-23 00:00:00,GT,,0
2024-03-23 00:00:00,IQ,,0
2024-03-23 00:00:00,LH,,0
2024-03-23 00:00:00,MX,504,5
2024-03-23 00:00:00,PE,,0
2024-03-23 00:00:00,SG,,0
2024-03-23 00:00:00,TD,766,6
2024-03-23 00:00:00,TN,1160,2
2024-03-23 00:00:00,TR,92,5
2024-03-23 00:00:00,TT,,0
2024-03-23 00:00:00,UKS,1,6
2024-03-23 00:00:00,UKW,867,4
2024-03-23 00:00:00,US,,0
2024-03-23 00:00:00,VE,,0
2024-03-23 00:00:00,VN,570,1
2024-03-23 00:00:00,WE,,0
2024-03-24 00:00:00,,,0
2024-03-24 00:00:00,"",,0
2024-03-24 00:00:00,AU,,0
2024-03-24 00:00:00,BN,,0
2024-03-24 00:00:00,BR,704,2
2024-03-24 00:00:00,BS,,0
2024-03-24 00:00:00,BZ,,0
2024-03-24 00:00:00,CCS,,0
2024-03-24 00:00:00,CD,932,41
2024-03-24 00:00:00,CG,5470,40
2024-03-24 00:00:00,CM,98,11
2024-03-24 00:00:00,CO,790,15
2024-03-24 00:00:00,EC,,0
2024-03-24 00:00:00,EG,,0
2024-03-24 00:00:00,ER,,0
2024-03-24 00:00:00,FR,,0
2024-03-24 00:00:00,GA,9293,27
2024-03-24 00:00:00,GT,,0
2024-03-24 00:00:00,IQ,,0
2024-03-24 00:00:00,LH,,0
2024-03-24 00:00:00,MX,488,5
2024-03-24 00:00:00,PE,,0
2024-03-24 00:00:00,SG,,0
2024-03-24 00:00:00,TD,766,6
2024-03-24 00:00:00,TN,1160,2
2024-03-24 00:00:00,TR,92,5
2024-03-24 00:00:00,TT,,0
2024-03-24 00:00:00,UKS,1,6
2024-03-24 00:00:00,UKW,960,4
2024-03-24 00:00:00,US,,0
2024-03-24 00:00:00,VE,,0
2024-03-24 00:00:00,VN,570,1
2024-03-24 00:00:00,WE,,0
2024-03-25 00:00:00,,,0
2024-03-25 00:00:00,"",,0
2024-03-25 00:00:00,AU,,0
2024-03-25 00:00:00,BN,,0
2024-03-25 00:00:00,BR,704,2
2024-03-25 00:00:00,BS,,0
2024-03-25 00:00:00,BZ,,0
2024-03-25 00:00:00,CCS,,0
2024-03-25 00:00:00,CD,825,41
2024-03-25 00:00:00,CG,5469,39
2024-03-25 00:00:00,CM,98,11
2024-03-25 00:00:00,CO,790,15
2024-03-25 00:00:00,EC,,0
2024-03-25 00:00:00,EG,,0
2024-03-25 00:00:00,ER,,0
2024-03-25 00:00:00,FR,,0
2024-03-25 00:00:00,GA,9293,27
2024-03-25 00:00:00,GT,,0
2024-03-25 00:00:00,IQ,,0
2024-03-25 00:00:00,LH,,0
2024-03-25 00:00:00,MX,503,5
2024-03-25 00:00:00,PE,,0
2024-03-25 00:00:00,SG,,0
2024-03-25 00:00:00,TD,816,6
2024-03-25 00:00:00,TN,1160,2
2024-03-25 00:00:00,TR,92,4
2024-03-25 00:00:00,TT,,0
2024-03-25 00:00:00,UKS,1,5
2024-03-25 00:00:00,UKW,847,4
2024-03-25 00:00:00,US,,0
2024-03-25 00:00:00,VE,,0
2024-03-25 00:00:00,VN,570,1
2024-03-25 00:00:00,WE,,0
2024-03-26 00:00:00,,,0
2024-03-26 00:00:00,"",,0
2024-03-26 00:00:00,AU,,0
2024-03-26 00:00:00,BN,,0
2024-03-26 00:00:00,BR,471,1
2024-03-26 00:00:00,BS,,0
2024-03-26 00:00:00,BZ,,0
2024-03-26 00:00:00,CCS,,0
2024-03-26 00:00:00,CD,888,43
2024-03-26 00:00:00,CG,5469,39
2024-03-26 00:00:00,CM,98,11
2024-03-26 00:00:00,CO,790,15
2024-03-26 00:00:00,EC,,0
2024-03-26 00:00:00,EG,,0
2024-03-26 00:00:00,ER,,0
2024-03-26 00:00:00,FR,,0
2024-03-26 00:00:00,GA,9293,27
2024-03-26 00:00:00,GT,,0
2024-03-26 00:00:00,IQ,,0
2024-03-26 00:00:00,LH,,0
2024-03-26 00:00:00,MX,493,5
2024-03-26 00:00:00,PE,,0
2024-03-26 00:00:00,SG,,0
2024-03-26 00:00:00,TD,766,6
2024-03-26 00:00:00,TN,1160,2
2024-03-26 00:00:00,TR,92,5
2024-03-26 00:00:00,TT,,0
2024-03-26 00:00:00,UKS,1,5
2024-03-26 00:00:00,UKW,827,4
2024-03-26 00:00:00,US,,0
2024-03-26 00:00:00,VE,,0
2024-03-26 00:00:00,VN,570,1
2024-03-26 00:00:00,WE,,0
2024-03-27 00:00:00,,,0
2024-03-27 00:00:00,"",,0
2024-03-27 00:00:00,AU,,0
2024-03-27 00:00:00,BN,,0
2024-03-27 00:00:00,BR,171,1
2024-03-27 00:00:00,BS,,0
2024-03-27 00:00:00,BZ,,0
2024-03-27 00:00:00,CCS,,0
2024-03-27 00:00:00,CD,919,43
2024-03-27 00:00:00,CG,5470,39
2024-03-27 00:00:00,CM,178,12
2024-03-27 00:00:00,CO,790,15
2024-03-27 00:00:00,EC,,0
2024-03-27 00:00:00,EG,,0
2024-03-27 00:00:00,ER,,0
2024-03-27 00:00:00,FR,,0
2024-03-27 00:00:00,GA,9293,27
2024-03-27 00:00:00,GT,,0
2024-03-27 00:00:00,IQ,,0
2024-03-27 00:00:00,LH,,0
2024-03-27 00:00:00,MX,488,5
2024-03-27 00:00:00,PE,,0
2024-03-27 00:00:00,SG,,0
2024-03-27 00:00:00,TD,774,6
2024-03-27 00:00:00,TN,1160,2
2024-03-27 00:00:00,TR,92,5
2024-03-27 00:00:00,TT,,0
2024-03-27 00:00:00,UKS,1,5
2024-03-27 00:00:00,UKW,926,3
2024-03-27 00:00:00,US,,0
2024-03-27 00:00:00,VE,,0
2024-03-27 00:00:00,VN,570,1
2024-03-27 00:00:00,WE,,0
2024-03-28 00:00:00,,,0
2024-03-28 00:00:00,"",,0
2024-03-28 00:00:00,AU,,0
2024-03-28 00:00:00,BN,,0
2024-03-28 00:00:00,BR,171,1
2024-03-28 00:00:00,BS,,0
2024-03-28 00:00:00,BZ,,0
2024-03-28 00:00:00,CCS,,0
2024-03-28 00:00:00,CD,806,43
2024-03-28 00:00:00,CG,5470,40
2024-03-28 00:00:00,CM,333,12
2024-03-28 00:00:00,CO,790,15
2024-03-28 00:00:00,EC,,0
2024-03-28 00:00:00,EG,,0
2024-03-28 00:00:00,ER,,0
2024-03-28 00:00:00,FR,,0
2024-03-28 00:00:00,GA,9307,27
2024-03-28 00:00:00,GT,,0
2024-03-28 00:00:00,IQ,,0
2024-03-28 00:00:00,LH,,0
2024-03-28 00:00:00,MX,506,5
2024-03-28 00:00:00,PE,,0
2024-03-28 00:00:00,SG,,0
2024-03-28 00:00:00,TD,774,6
2024-03-28 00:00:00,TN,1160,2
2024-03-28 00:00:00,TR,92,5
2024-03-28 00:00:00,TT,,0
2024-03-28 00:00:00,UKS,1,5
2024-03-28 00:00:00,UKW,788,4
2024-03-28 00:00:00,US,,0
2024-03-28 00:00:00,VE,,0
2024-03-28 00:00:00,VN,,0
2024-03-28 00:00:00,WE,,0
2024-03-29 00:00:00,,,0
2024-03-29 00:00:00,"",,0
2024-03-29 00:00:00,AU,,0
2024-03-29 00:00:00,BN,,0
2024-03-29 00:00:00,BR,171,1
2024-03-29 00:00:00,BS,,0
2024-03-29 00:00:00,BZ,,0
2024-03-29 00:00:00,CCS,,0
2024-03-29 00:00:00,CD,785,41
2024-03-29 00:00:00,CG,5470,40
2024-03-29 00:00:00,CM,132,13
2024-03-29 00:00:00,CO,790,15
2024-03-29 00:00:00,EC,,0
2024-03-29 00:00:00,EG,,0
2024-03-29 00:00:00,ER,,0
2024-03-29 00:00:00,FR,,0
2024-03-29 00:00:00,GA,9467,27
2024-03-29 00:00:00,GT,,0
2024-03-29 00:00:00,IQ,,0
2024-03-29 00:00:00,LH,,0
2024-03-29 00:00:00,MX,496,5
2024-03-29 00:00:00,PE,,0
2024-03-29 00:00:00,SG,,0
2024-03-29 00:00:00,TD,766,6
2024-03-29 00:00:00,TN,1160,2
2024-03-29 00:00:00,TR,92,5
2024-03-29 00:00:00,TT,,0
2024-03-29 00:00:00,UKS,1,6
2024-03-29 00:00:00,UKW,788,4
2024-03-29 00:00:00,US,,0
2024-03-29 00:00:00,VE,,0
2024-03-29 00:00:00,VN,,0
2024-03-29 00:00:00,WE,,0
2024-03-30 00:00:00,,,0
2024-03-30 00:00:00,"",,0
2024-03-30 00:00:00,AU,,0
2024-03-30 00:00:00,BN,,0
2024-03-30 00:00:00,BR,171,1
2024-03-30 00:00:00,BS,,0
2024-03-30 00:00:00,BZ,,0
2024-03-30 00:00:00,CCS,,0
2024-03-30 00:00:00,CD,817,41
2024-03-30 00:00:00,CG,5615,41
2024-03-30 00:00:00,CM,119,13
2024-03-30 00:00:00,CO,790,15
2024-03-30 00:00:00,EC,,0
2024-03-30 00:00:00,EG,,0
2024-03-30 00:00:00,ER,,0
2024-03-30 00:00:00,FR,,0
2024-03-30 00:00:00,GA,8624,25
2024-03-30 00:00:00,GT,,0
2024-03-30 00:00:00,IQ,,0
2024-03-30 00:00:00,LH,,0
2024-03-30 00:00:00,MX,496,5
2024-03-30 00:00:00,PE,,0
2024-03-30 00:00:00,SG,,0
2024-03-30 00:00:00,TD,766,6
2024-03-30 00:00:00,TN,1160,2
2024-03-30 00:00:00,TR,92,5
2024-03-30 00:00:00,TT,,0
2024-03-30 00:00:00,UKS,1,6
2024-03-30 00:00:00,UKW,321,3
2024-03-30 00:00:00,US,,0
2024-03-30 00:00:00,VE,,0
2024-03-30 00:00:00,VN,,0
2024-03-30 00:00:00,WE,,0
2024-03-31 00:00:00,,,0
2024-03-31 00:00:00,"",,0
2024-03-31 00:00:00,AU,,0
2024-03-31 00:00:00,BN,,0
2024-03-31 00:00:00,BR,171,1
2024-03-31 00:00:00,BS,,0
2024-03-31 00:00:00,BZ,,0
2024-03-31 00:00:00,CCS,,0
2024-03-31 00:00:00,CD,957,43
2024-03-31 00:00:00,CG,5718,40
2024-03-31 00:00:00,CM,119,12
2024-03-31 00:00:00,CO,790,15
2024-03-31 00:00:00,EC,,0
2024-03-31 00:00:00,EG,,0
2024-03-31 00:00:00,ER,,0
2024-03-31 00:00:00,FR,,0
2024-03-31 00:00:00,GA,9387,27
2024-03-31 00:00:00,GT,,0
2024-03-31 00:00:00,IQ,,0
2024-03-31 00:00:00,LH,,0
2024-03-31 00:00:00,MX,488,5
2024-03-31 00:00:00,PE,,0
2024-03-31 00:00:00,SG,,0
2024-03-31 00:00:00,TD,766,6
2024-03-31 00:00:00,TN,1160,2
2024-03-31 00:00:00,TR,92,5
2024-03-31 00:00:00,TT,,0
2024-03-31 00:00:00,UKS,1,6
2024-03-31 00:00:00,UKW,357,3
2024-03-31 00:00:00,US,,0
2024-03-31 00:00:00,VE,,0
2024-03-31 00:00:00,VN,,0
2024-03-31 00:00:00,WE,,0
2024-04-01 00:00:00,,,0
2024-04-01 00:00:00,"",,0
2024-04-01 00:00:00,AU,,0
2024-04-01 00:00:00,BN,,0
2024-04-01 00:00:00,BR,1064,1
2024-04-01 00:00:00,BS,,0
2024-04-01 00:00:00,BZ,,0
2024-04-01 00:00:00,CCS,,0
2024-04-01 00:00:00,CD,917,44
2024-04-01 00:00:00,CG,5614,40
2024-04-01 00:00:00,CM,238,12
2024-04-01 00:00:00,CO,790,15
2024-04-01 00:00:00,EC,,0
2024-04-01 00:00:00,EG,,0
2024-04-01 00:00:00,ER,,0
2024-04-01 00:00:00,FR,,0
2024-04-01 00:00:00,GA,10054,28
2024-04-01 00:00:00,GT,,0
2024-04-01 00:00:00,IQ,,0
2024-04-01 00:00:00,LH,,0
2024-04-01 00:00:00,MX,488,5
2024-04-01 00:00:00,PE,,0
2024-04-01 00:00:00,SG,,0
2024-04-01 00:00:00,TD,766,6
2024-04-01 00:00:00,TN,1160,2
2024-04-01 00:00:00,TR,124,5
2024-04-01 00:00:00,TT,,0
2024-04-01 00:00:00,UKS,1,7
2024-04-01 00:00:00,UKW,537,3
2024-04-01 00:00:00,US,,0
2024-04-01 00:00:00,VE,,0
2024-04-01 00:00:00,VN,,0
2024-04-01 00:00:00,WE,,0
2024-04-02 00:00:00,,,0
2024-04-02 00:00:00,"",,0
2024-04-02 00:00:00,AU,,0
2024-04-02 00:00:00,BN,,0
2024-04-02 00:00:00,BR,1229,2
2024-04-02 00:00:00,BS,,0
2024-04-02 00:00:00,BZ,,0
2024-04-02 00:00:00,CCS,,0
2024-04-02 00:00:00,CD,890,45
2024-04-02 00:00:00,CG,5614,40
2024-04-02 00:00:00,CM,145,12
2024-04-02 00:00:00,CO,790,14
2024-04-02 00:00:00,EC,,0
2024-04-02 00:00:00,EG,,0
2024-04-02 00:00:00,ER,,0
2024-04-02 00:00:00,FR,,0
2024-04-02 00:00:00,GA,10074,29
2024-04-02 00:00:00,GT,,0
2024-04-02 00:00:00,IQ,,0
2024-04-02 00:00:00,LH,,0
2024-04-02 00:00:00,MX,488,5
2024-04-02 00:00:00,PE,,0
2024-04-02 00:00:00,SG,,0
2024-04-02 00:00:00,TD,766,6
2024-04-02 00:00:00,TN,1160,2
2024-04-02 00:00:00,TR,129,5
2024-04-02 00:00:00,TT,,0
2024-04-02 00:00:00,UKS,,6
2024-04-02 00:00:00,UKW,539,4
2024-04-02 00:00:00,US,,0
2024-04-02 00:00:00,VE,,0
2024-04-02 00:00:00,VN,,0
2024-04-02 00:00:00,WE,,0
2024-04-03 00:00:00,,,0
2024-04-03 00:00:00,"",,0
2024-04-03 00:00:00,AU,,0
2024-04-03 00:00:00,BN,,0
2024-04-03 00:00:00,BR,1229,2
2024-04-03 00:00:00,BS,,0
2024-04-03 00:00:00,BZ,,0
2024-04-03 00:00:00,CCS,,0
2024-04-03 00:00:00,CD,883,45
2024-04-03 00:00:00,CG,5614,40
2024-04-03 00:00:00,CM,419,12
2024-04-03 00:00:00,CO,860,15
2024-04-03 00:00:00,EC,,0
2024-04-03 00:00:00,EG,,0
2024-04-03 00:00:00,ER,,0
2024-04-03 00:00:00,FR,,0
2024-04-03 00:00:00,GA,7242,26
2024-04-03 00:00:00,GT,,0
2024-04-03 00:00:00,IQ,,0
2024-04-03 00:00:00,LH,,0
2024-04-03 00:00:00,MX,488,5
2024-04-03 00:00:00,PE,,0
2024-04-03 00:00:00,SG,,0
2024-04-03 00:00:00,TD,766,6
2024-04-03 00:00:00,TN,1160,2
2024-04-03 00:00:00,TR,130,6
2024-04-03 00:00:00,TT,,0
2024-04-03 00:00:00,UKS,,6
2024-04-03 00:00:00,UKW,539,4
2024-04-03 00:00:00,US,,0
2024-04-03 00:00:00,VE,,0
2024-04-03 00:00:00,VN,,0
2024-04-03 00:00:00,WE,,0
2024-04-04 00:00:00,,,0
2024-04-04 00:00:00,"",,0
2024-04-04 00:00:00,AU,,0
2024-04-04 00:00:00,BN,,0
2024-04-04 00:00:00,BR,1229,2
2024-04-04 00:00:00,BS,,0
2024-04-04 00:00:00,BZ,,0
2024-04-04 00:00:00,CCS,,0
2024-04-04 00:00:00,CD,893,45
2024-04-04 00:00:00,CG,5913,41
2024-04-04 00:00:00,CM,439,12
2024-04-04 00:00:00,CO,906,15
2024-04-04 00:00:00,EC,,0
2024-04-04 00:00:00,EG,,0
2024-04-04 00:00:00,ER,,0
2024-04-04 00:00:00,FR,,0
2024-04-04 00:00:00,GA,6534,24
2024-04-04 00:00:00,GT,,0
2024-04-04 00:00:00,IQ,,0
2024-04-04 00:00:00,LH,,0
2024-04-04 00:00:00,MX,488,5
2024-04-04 00:00:00,PE,,0
2024-04-04 00:00:00,SG,,0
2024-04-04 00:00:00,TD,766,6
2024-04-04 00:00:00,TN,1160,2
2024-04-04 00:00:00,TR,131,7
2024-04-04 00:00:00,TT,52,1
2024-04-04 00:00:00,UKS,,5
2024-04-04 00:00:00,UKW,539,4
2024-04-04 00:00:00,US,,0
2024-04-04 00:00:00,VE,,0
2024-04-04 00:00:00,VN,,0
2024-04-04 00:00:00,WE,,0
2024-04-05 00:00:00,,,0
2024-04-05 00:00:00,"",,0
2024-04-05 00:00:00,AU,,0
2024-04-05 00:00:00,BN,,0
2024-04-05 00:00:00,BR,1229,2
2024-04-05 00:00:00,BS,,0
2024-04-05 00:00:00,BZ,,0
2024-04-05 00:00:00,CCS,,0
2024-04-05 00:00:00,CD,870,45
2024-04-05 00:00:00,CG,6197,41
2024-04-05 00:00:00,CM,,12
2024-04-05 00:00:00,CO,860,15
2024-04-05 00:00:00,EC,,0
2024-04-05 00:00:00,EG,,0
2024-04-05 00:00:00,ER,,0
2024-04-05 00:00:00,FR,,0
2024-04-05 00:00:00,GA,7223,28
2024-04-05 00:00:00,GT,,0
2024-04-05 00:00:00,IQ,,0
2024-04-05 00:00:00,LH,,0
2024-04-05 00:00:00,MX,488,5
2024-04-05 00:00:00,PE,,0
2024-04-05 00:00:00,SG,,0
2024-04-05 00:00:00,TD,766,6
2024-04-05 00:00:00,TN,1160,2
2024-04-05 00:00:00,TR,131,7
2024-04-05 00:00:00,TT,52,1
2024-04-05 00:00:00,UKS,,5
2024-04-05 00:00:00,UKW,539,4
2024-04-05 00:00:00,US,,0
2024-04-05 00:00:00,VE,,0
2024-04-05 00:00:00,VN,,0
2024-04-05 00:00:00,WE,,0
2024-04-06 00:00:00,,,0
2024-04-06 00:00:00,"",,0
2024-04-06 00:00:00,AU,,0
2024-04-06 00:00:00,BN,,0
2024-04-06 00:00:00,BR,1539,3
2024-04-06 00:00:00,BS,,0
2024-04-06 00:00:00,BZ,,0
2024-04-06 00:00:00,CCS,,0
2024-04-06 00:00:00,CD,1022,47
2024-04-06 00:00:00,CG,6606,42
2024-04-06 00:00:00,CM,294,13
2024-04-06 00:00:00,CO,860,15
2024-04-06 00:00:00,EC,,0
2024-04-06 00:00:00,EG,,0
2024-04-06 00:00:00,ER,,0
2024-04-06 00:00:00,FR,,0
2024-04-06 00:00:00,GA,7223,29
2024-04-06 00:00:00,GT,,0
2024-04-06 00:00:00,IQ,,0
2024-04-06 00:00:00,LH,,0
2024-04-06 00:00:00,MX,488,5
2024-04-06 00:00:00,PE,,0
2024-04-06 00:00:00,SG,,0
2024-04-06 00:00:00,TD,766,6
2024-04-06 00:00:00,TN,1160,2
2024-04-06 00:00:00,TR,131,7
2024-04-06 00:00:00,TT,52,1
2024-04-06 00:00:00,UKS,,5
2024-04-06 00:00:00,UKW,539,4
2024-04-06 00:00:00,US,,0
2024-04-06 00:00:00,VE,,0
2024-04-06 00:00:00,VN,,0
2024-04-06 00:00:00,WE,,0
2024-04-07 00:00:00,,,0
2024-04-07 00:00:00,"",,0
2024-04-07 00:00:00,AU,,0
2024-04-07 00:00:00,BN,,0
2024-04-07 00:00:00,BR,1716,4
2024-04-07 00:00:00,BS,,0
2024-04-07 00:00:00,BZ,,0
2024-04-07 00:00:00,CCS,,0
2024-04-07 00:00:00,CD,1087,49
2024-04-07 00:00:00,CG,5942,42
2024-04-07 00:00:00,CM,246,13
2024-04-07 00:00:00,CO,860,15
2024-04-07 00:00:00,EC,,0
2024-04-07 00:00:00,EG,,0
2024-04-07 00:00:00,ER,,0
2024-04-07 00:00:00,FR,,0
2024-04-07 00:00:00,GA,7223,29
2024-04-07 00:00:00,GT,,0
2024-04-07 00:00:00,IQ,,0
2024-04-07 00:00:00,LH,,0
2024-04-07 00:00:00,MX,488,5
2024-04-07 00:00:00,PE,,0
2024-04-07 00:00:00,SG,,0
2024-04-07 00:00:00,TD,766,6
2024-04-07 00:00:00,TN,1160,2
2024-04-07 00:00:00,TR,131,7
2024-04-07 00:00:00,TT,52,1
2024-04-07 00:00:00,UKS,,5
2024-04-07 00:00:00,UKW,539,4
2024-04-07 00:00:00,US,,0
2024-04-07 00:00:00,VE,,0
2024-04-07 00:00:00,VN,,0
2024-04-07 00:00:00,WE,,0
2024-04-08 00:00:00,,,0
2024-04-08 00:00:00,"",,0
2024-04-08 00:00:00,AU,,0
2024-04-08 00:00:00,BN,,0
2024-04-08 00:00:00,BR,1643,3
2024-04-08 00:00:00,BS,,0
2024-04-08 00:00:00,BZ,,0
2024-04-08 00:00:00,CCS,,0
2024-04-08 00:00:00,CD,1117,50
2024-04-08 00:00:00,CG,6083,44
2024-04-08 00:00:00,CM,194,13
2024-04-08 00:00:00,CO,860,15
2024-04-08 00:00:00,EC,,0
2024-04-08 00:00:00,EG,,0
2024-04-08 00:00:00,ER,,0
2024-04-08 00:00:00,FR,,0
2024-04-08 00:00:00,GA,7378,29
2024-04-08 00:00:00,GT,,0
2024-04-08 00:00:00,IQ,,0
2024-04-08 00:00:00,LH,,0
2024-04-08 00:00:00,MX,488,5
2024-04-08 00:00:00,PE,,0
2024-04-08 00:00:00,SG,,0
2024-04-08 00:00:00,TD,766,6
2024-04-08 00:00:00,TN,1160,2
2024-04-08 00:00:00,TR,131,6
2024-04-08 00:00:00,TT,52,1
2024-04-08 00:00:00,UKS,,5
2024-04-08 00:00:00,UKW,539,4
2024-04-08 00:00:00,US,,0
2024-04-08 00:00:00,VE,,0
2024-04-08 00:00:00,VN,,0
2024-04-08 00:00:00,WE,,0
2024-04-09 00:00:00,,,0
2024-04-09 00:00:00,"",,0
2024-04-09 00:00:00,AU,,0
2024-04-09 00:00:00,BN,,0
2024-04-09 00:00:00,BR,1144,3
2024-04-09 00:00:00,BS,,0
2024-04-09 00:00:00,BZ,,0
2024-04-09 00:00:00,CCS,,0
2024-04-09 00:00:00,CD,1117,50
2024-04-09 00:00:00,CG,6083,44
2024-04-09 00:00:00,CM,165,13
2024-04-09 00:00:00,CO,860,15
2024-04-09 00:00:00,EC,,0
2024-04-09 00:00:00,EG,,0
2024-04-09 00:00:00,ER,,0
2024-04-09 00:00:00,FR,,0
2024-04-09 00:00:00,GA,7437,28
2024-04-09 00:00:00,GT,,0
2024-04-09 00:00:00,IQ,,0
2024-04-09 00:00:00,LH,,0
2024-04-09 00:00:00,MX,488,5
2024-04-09 00:00:00,PE,,0
2024-04-09 00:00:00,SG,,0
2024-04-09 00:00:00,TD,895,6
2024-04-09 00:00:00,TN,1160,2
2024-04-09 00:00:00,TR,131,7
2024-04-09 00:00:00,TT,52,1
2024-04-09 00:00:00,UKS,,5
2024-04-09 00:00:00,UKW,539,4
2024-04-09 00:00:00,US,,0
2024-04-09 00:00:00,VE,,0
2024-04-09 00:00:00,VN,,0
2024-04-09 00:00:00,WE,,0
2024-04-10 00:00:00,,,0
2024-04-10 00:00:00,"",,0
2024-04-10 00:00:00,AU,,0
2024-04-10 00:00:00,BN,,0
2024-04-10 00:00:00,BR,1480,3
2024-04-10 00:00:00,BS,,0
2024-04-10 00:00:00,BZ,,0
2024-04-10 00:00:00,CCS,,0
2024-04-10 00:00:00,CD,1033,49
2024-04-10 00:00:00,CG,6083,44
2024-04-10 00:00:00,CM,137,13
2024-04-10 00:00:00,CO,860,15
2024-04-10 00:00:00,EC,,0
2024-04-10 00:00:00,EG,,0
2024-04-10 00:00:00,ER,,0
2024-04-10 00:00:00,FR,,0
2024-04-10 00:00:00,GA,7283,29
2024-04-10 00:00:00,GT,,0
2024-04-10 00:00:00,IQ,,0
2024-04-10 00:00:00,LH,,0
2024-04-10 00:00:00,MX,497,5
2024-04-10 00:00:00,PE,,0
2024-04-10 00:00:00,SG,,0
2024-04-10 00:00:00,TD,895,6
2024-04-10 00:00:00,TN,1160,2
2024-04-10 00:00:00,TR,131,7
2024-04-10 00:00:00,TT,52,1
2024-04-10 00:00:00,UKS,,5
2024-04-10 00:00:00,UKW,539,4
2024-04-10 00:00:00,US,,0
2024-04-10 00:00:00,VE,,0
2024-04-10 00:00:00,VN,,0
2024-04-10 00:00:00,WE,,0
2024-04-11 00:00:00,,,0
2024-04-11 00:00:00,"",,0
2024-04-11 00:00:00,AU,,0
2024-04-11 00:00:00,BN,,0
2024-04-11 00:00:00,BR,1624,3
2024-04-11 00:00:00,BS,,0
2024-04-11 00:00:00,BZ,,0
2024-04-11 00:00:00,CCS,,0
2024-04-11 00:00:00,CD,1078,50
2024-04-11 00:00:00,CG,6083,44
2024-04-11 00:00:00,CM,137,13
2024-04-11 00:00:00,CO,860,15
2024-04-11 00:00:00,EC,,0
2024-04-11 00:00:00,EG,,0
2024-04-11 00:00:00,ER,,0
2024-04-11 00:00:00,FR,,0
2024-04-11 00:00:00,GA,7763,30
2024-04-11 00:00:00,GT,,0
2024-04-11 00:00:00,IQ,,0
2024-04-11 00:00:00,LH,,0
2024-04-11 00:00:00,MX,488,5
2024-04-11 00:00:00,PE,,0
2024-04-11 00:00:00,SG,,0
2024-04-11 00:00:00,TD,766,6
2024-04-11 00:00:00,TN,1160,2
2024-04-11 00:00:00,TR,131,7
2024-04-11 00:00:00,TT,52,1
2024-04-11 00:00:00,UKS,,5
2024-04-11 00:00:00,UKW,539,4
2024-04-11 00:00:00,US,,0
2024-04-11 00:00:00,VE,,0
2024-04-11 00:00:00,VN,,0
2024-04-11 00:00:00,WE,,0
2024-04-12 00:00:00,,,0
2024-04-12 00:00:00,"",,0
2024-04-12 00:00:00,AU,,0
2024-04-12 00:00:00,BN,,0
2024-04-12 00:00:00,BR,1466,3
2024-04-12 00:00:00,BS,,0
2024-04-12 00:00:00,BZ,,0
2024-04-12 00:00:00,CCS,,0
2024-04-12 00:00:00,CD,1092,52
2024-04-12 00:00:00,CG,6083,44
2024-04-12 00:00:00,CM,197,13
2024-04-12 00:00:00,CO,860,15
2024-04-12 00:00:00,EC,,0
2024-04-12 00:00:00,EG,,0
2024-04-12 00:00:00,ER,,0
2024-04-12 00:00:00,FR,,0
2024-04-12 00:00:00,GA,7795,31
2024-04-12 00:00:00,GT,,0
2024-04-12 00:00:00,IQ,,0
2024-04-12 00:00:00,LH,,0
2024-04-12 00:00:00,MX,488,5
2024-04-12 00:00:00,PE,,0
2024-04-12 00:00:00,SG,,0
2024-04-12 00:00:00,TD,766,6
2024-04-12 00:00:00,TN,1160,2
2024-04-12 00:00:00,TR,131,7
2024-04-12 00:00:00,TT,52,1
2024-04-12 00:00:00,UKS,,5
2024-04-12 00:00:00,UKW,539,4
2024-04-12 00:00:00,US,,0
2024-04-12 00:00:00,VE,,0
2024-04-12 00:00:00,VN,,0
2024-04-12 00:00:00,WE,,0
2024-04-13 00:00:00,,,0
2024-04-13 00:00:00,"",,0
2024-04-13 00:00:00,AU,,0
2024-04-13 00:00:00,BN,,0
2024-04-13 00:00:00,BR,1466,3
2024-04-13 00:00:00,BS,,0
2024-04-13 00:00:00,BZ,,0
2024-04-13 00:00:00,CCS,,0
2024-04-13 00:00:00,CD,1201,58
2024-04-13 00:00:00,CG,6083,44
2024-04-13 00:00:00,CM,161,13
2024-04-13 00:00:00,CO,860,15
2024-04-13 00:00:00,EC,,0
2024-04-13 00:00:00,EG,,0
2024-04-13 00:00:00,ER,,0
2024-04-13 00:00:00,FR,,0
2024-04-13 00:00:00,GA,8301,32
2024-04-13 00:00:00,GT,,0
2024-04-13 00:00:00,IQ,,0
2024-04-13 00:00:00,LH,,0
2024-04-13 00:00:00,MX,488,5
2024-04-13 00:00:00,PE,,0
2024-04-13 00:00:00,SG,,0
2024-04-13 00:00:00,TD,912,7
2024-04-13 00:00:00,TN,1160,2
2024-04-13 00:00:00,TR,131,7
2024-04-13 00:00:00,TT,52,1
2024-04-13 00:00:00,UKS,,5
2024-04-13 00:00:00,UKW,539,4
2024-04-13 00:00:00,US,,0
2024-04-13 00:00:00,VE,,0
2024-04-13 00:00:00,VN,,0
2024-04-13 00:00:00,WE,,0
2024-04-14 00:00:00,,,0
2024-04-14 00:00:00,"",,0
2024-04-14 00:00:00,AU,,0
2024-04-14 00:00:00,BN,,0
2024-04-14 00:00:00,BR,1466,3
2024-04-14 00:00:00,BS,,0
2024-04-14 00:00:00,BZ,,0
2024-04-14 00:00:00,CCS,,0
2024-04-14 00:00:00,CD,1228,58
2024-04-14 00:00:00,CG,6083,44
2024-04-14 00:00:00,CM,161,13
2024-04-14 00:00:00,CO,860,15
2024-04-14 00:00:00,EC,,0
2024-04-14 00:00:00,EG,,0
2024-04-14 00:00:00,ER,,0
2024-04-14 00:00:00,FR,,0
2024-04-14 00:00:00,GA,7467,30
2024-04-14 00:00:00,GT,,0
2024-04-14 00:00:00,IQ,,0
2024-04-14 00:00:00,LH,,0
2024-04-14 00:00:00,MX,488,5
2024-04-14 00:00:00,PE,,0
2024-04-14 00:00:00,SG,,0
2024-04-14 00:00:00,TD,766,6
2024-04-14 00:00:00,TN,1160,2
2024-04-14 00:00:00,TR,131,7
2024-04-14 00:00:00,TT,52,1
2024-04-14 00:00:00,UKS,,4
2024-04-14 00:00:00,UKW,539,4
2024-04-14 00:00:00,US,,0
2024-04-14 00:00:00,VE,,0
2024-04-14 00:00:00,VN,,0
2024-04-14 00:00:00,WE,,0
2024-04-15 00:00:00,,,0
2024-04-15 00:00:00,"",,0
2024-04-15 00:00:00,AU,,0
2024-04-15 00:00:00,BN,,0
2024-04-15 00:00:00,BR,1466,3
2024-04-15 00:00:00,BS,,0
2024-04-15 00:00:00,BZ,,0
2024-04-15 00:00:00,CCS,,0
2024-04-15 00:00:00,CD,1274,59
2024-04-15 00:00:00,CG,6083,44
2024-04-15 00:00:00,CM,125,13
2024-04-15 00:00:00,CO,860,15
2024-04-15 00:00:00,EC,,0
2024-04-15 00:00:00,EG,,0
2024-04-15 00:00:00,ER,,0
2024-04-15 00:00:00,FR,,0
2024-04-15 00:00:00,GA,8301,32
2024-04-15 00:00:00,GT,,0
2024-04-15 00:00:00,IQ,,0
2024-04-15 00:00:00,LH,,0
2024-04-15 00:00:00,MX,502,5
2024-04-15 00:00:00,PE,,0
2024-04-15 00:00:00,SG,,0
2024-04-15 00:00:00,TD,766,6
2024-04-15 00:00:00,TN,1160,2
2024-04-15 00:00:00,TR,131,7
2024-04-15 00:00:00,TT,52,1
2024-04-15 00:00:00,UKS,,3
2024-04-15 00:00:00,UKW,539,4
2024-04-15 00:00:00,US,,0
2024-04-15 00:00:00,VE,,0
2024-04-15 00:00:00,VN,,0
2024-04-15 00:00:00,WE,,0
2024-04-16 00:00:00,,,0
2024-04-16 00:00:00,"",,0
2024-04-16 00:00:00,AU,,0
2024-04-16 00:00:00,BN,,0
2024-04-16 00:00:00,BR,1725,3
2024-04-16 00:00:00,BS,,0
2024-04-16 00:00:00,BZ,,0
2024-04-16 00:00:00,CCS,,0
2024-04-16 00:00:00,CD,1304,62
2024-04-16 00:00:00,CG,7606,45
2024-04-16 00:00:00,CM,550,13
2024-04-16 00:00:00,CO,842,15
2024-04-16 00:00:00,EC,,0
2024-04-16 00:00:00,EG,,0
2024-04-16 00:00:00,ER,,0
2024-04-16 00:00:00,FR,,0
2024-04-16 00:00:00,GA,8246,31
2024-04-16 00:00:00,GT,,0
2024-04-16 00:00:00,IQ,,0
2024-04-16 00:00:00,LH,,0
2024-04-16 00:00:00,MX,488,5
2024-04-16 00:00:00,PE,,0
2024-04-16 00:00:00,SG,,0
2024-04-16 00:00:00,TD,766,6
2024-04-16 00:00:00,TN,1160,2
2024-04-16 00:00:00,TR,131,6
2024-04-16 00:00:00,TT,52,1
2024-04-16 00:00:00,UKS,,3
2024-04-16 00:00:00,UKW,539,4
2024-04-16 00:00:00,US,,0
2024-04-16 00:00:00,VE,,0
2024-04-16 00:00:00,VN,,0
2024-04-16 00:00:00,WE,,0
2024-04-17 00:00:00,,,0
2024-04-17 00:00:00,"",,0
2024-04-17 00:00:00,AU,,0
2024-04-17 00:00:00,BN,,0
2024-04-17 00:00:00,BR,1742,4
2024-04-17 00:00:00,BS,,0
2024-04-17 00:00:00,BZ,,0
2024-04-17 00:00:00,CCS,,0
2024-04-17 00:00:00,CD,1316,62
2024-04-17 00:00:00,CG,7175,45
2024-04-17 00:00:00,CM,778,13
2024-04-17 00:00:00,CO,942,16
2024-04-17 00:00:00,EC,,0
2024-04-17 00:00:00,EG,,0
2024-04-17 00:00:00,ER,,0
2024-04-17 00:00:00,FR,,0
2024-04-17 00:00:00,GA,8246,31
2024-04-17 00:00:00,GT,,0
2024-04-17 00:00:00,IQ,,0
2024-04-17 00:00:00,LH,,0
2024-04-17 00:00:00,MX,488,5
2024-04-17 00:00:00,PE,,0
2024-04-17 00:00:00,SG,,0
2024-04-17 00:00:00,TD,777,6
2024-04-17 00:00:00,TN,1160,2
2024-04-17 00:00:00,TR,131,7
2024-04-17 00:00:00,TT,52,1
2024-04-17 00:00:00,UKS,,3
2024-04-17 00:00:00,UKW,539,4
2024-04-17 00:00:00,US,,0
2024-04-17 00:00:00,VE,,0
2024-04-17 00:00:00,VN,,0
2024-04-17 00:00:00,WE,,0
2024-04-18 00:00:00,,,0
2024-04-18 00:00:00,"",,0
2024-04-18 00:00:00,AU,,0
2024-04-18 00:00:00,BN,,0
2024-04-18 00:00:00,BR,1742,4
2024-04-18 00:00:00,BS,,0
2024-04-18 00:00:00,BZ,,0
2024-04-18 00:00:00,CCS,,0
2024-04-18 00:00:00,CD,1304,62
2024-04-18 00:00:00,CG,7173,45
2024-04-18 00:00:00,CM,843,13
2024-04-18 00:00:00,CO,912,16
2024-04-18 00:00:00,EC,,0
2024-04-18 00:00:00,EG,,0
2024-04-18 00:00:00,ER,,0
2024-04-18 00:00:00,FR,,0
2024-04-18 00:00:00,GA,8246,31
2024-04-18 00:00:00,GT,,0
2024-04-18 00:00:00,IQ,,0
2024-04-18 00:00:00,LH,,0
2024-04-18 00:00:00,MX,488,5
2024-04-18 00:00:00,PE,,0
2024-04-18 00:00:00,SG,,0
2024-04-18 00:00:00,TD,766,6
2024-04-18 00:00:00,TN,1160,2
2024-04-18 00:00:00,TR,131,7
2024-04-18 00:00:00,TT,52,1
2024-04-18 00:00:00,UKS,,3
2024-04-18 00:00:00,UKW,539,4
2024-04-18 00:00:00,US,,0
2024-04-18 00:00:00,VE,,0
2024-04-18 00:00:00,VN,,0
2024-04-18 00:00:00,WE,,0
2024-04-19 00:00:00,,,0
2024-04-19 00:00:00,"",,0
2024-04-19 00:00:00,AU,,0
2024-04-19 00:00:00,BN,,0
2024-04-19 00:00:00,BR,1775,4
2024-04-19 00:00:00,BS,,0
2024-04-19 00:00:00,BZ,,0
2024-04-19 00:00:00,CCS,,0
2024-04-19 00:00:00,CD,1304,62
2024-04-19 00:00:00,CG,7152,45
2024-04-19 00:00:00,CM,812,13
2024-04-19 00:00:00,CO,916,16
2024-04-19 00:00:00,EC,,0
2024-04-19 00:00:00,EG,,0
2024-04-19 00:00:00,ER,,0
2024-04-19 00:00:00,FR,,0
2024-04-19 00:00:00,GA,8246,31
2024-04-19 00:00:00,GT,,0
2024-04-19 00:00:00,IQ,,0
2024-04-19 00:00:00,LH,,0
2024-04-19 00:00:00,MX,488,5
2024-04-19 00:00:00,PE,,0
2024-04-19 00:00:00,SG,,0
2024-04-19 00:00:00,TD,766,6
2024-04-19 00:00:00,TN,1160,2
2024-04-19 00:00:00,TR,131,7
2024-04-19 00:00:00,TT,52,1
2024-04-19 00:00:00,UKS,,4
2024-04-19 00:00:00,UKW,539,4
2024-04-19 00:00:00,US,,0
2024-04-19 00:00:00,VE,,0
2024-04-19 00:00:00,VN,,0
2024-04-19 00:00:00,WE,,0
2024-04-20 00:00:00,,,0
2024-04-20 00:00:00,"",,0
2024-04-20 00:00:00,AU,,0
2024-04-20 00:00:00,BN,,0
2024-04-20 00:00:00,BR,1730,3
2024-04-20 00:00:00,BS,,0
2024-04-20 00:00:00,BZ,,0
2024-04-20 00:00:00,CCS,,0
2024-04-20 00:00:00,CD,1309,62
2024-04-20 00:00:00,CG,7152,45
2024-04-20 00:00:00,CM,110,13
2024-04-20 00:00:00,CO,912,16
2024-04-20 00:00:00,EC,,0
2024-04-20 00:00:00,EG,,0
2024-04-20 00:00:00,ER,,0
2024-04-20 00:00:00,FR,,0
2024-04-20 00:00:00,GA,9285,33
2024-04-20 00:00:00,GT,,0
2024-04-20 00:00:00,IQ,,0
2024-04-20 00:00:00,LH,,0
2024-04-20 00:00:00,MX,488,5
2024-04-20 00:00:00,PE,,0
2024-04-20 00:00:00,SG,,0
2024-04-20 00:00:00,TD,795,6
2024-04-20 00:00:00,TN,1160,2
2024-04-20 00:00:00,TR,131,7
2024-04-20 00:00:00,TT,52,1
2024-04-20 00:00:00,UKS,,4
2024-04-20 00:00:00,UKW,539,4
2024-04-20 00:00:00,US,,0
2024-04-20 00:00:00,VE,,0
2024-04-20 00:00:00,VN,,0
2024-04-20 00:00:00,WE,,0
2024-04-21 00:00:00,,,0
2024-04-21 00:00:00,"",,0
2024-04-21 00:00:00,AU,,0
2024-04-21 00:00:00,BN,,0
2024-04-21 00:00:00,BR,1785,3
2024-04-21 00:00:00,BS,,0
2024-04-21 00:00:00,BZ,,0
2024-04-21 00:00:00,CCS,,0
2024-04-21 00:00:00,CD,1374,62
2024-04-21 00:00:00,CG,7152,45
2024-04-21 00:00:00,CM,53,13
2024-04-21 00:00:00,CO,912,16
2024-04-21 00:00:00,EC,,0
2024-04-21 00:00:00,EG,,0
2024-04-21 00:00:00,ER,,0
2024-04-21 00:00:00,FR,,0
2024-04-21 00:00:00,GA,9591,35
2024-04-21 00:00:00,GT,,0
2024-04-21 00:00:00,IQ,,0
2024-04-21 00:00:00,LH,,0
2024-04-21 00:00:00,MX,495,5
2024-04-21 00:00:00,PE,,0
2024-04-21 00:00:00,SG,,0
2024-04-21 00:00:00,TD,828,6
2024-04-21 00:00:00,TN,1160,2
2024-04-21 00:00:00,TR,130,6
2024-04-21 00:00:00,TT,52,1
2024-04-21 00:00:00,UKS,,4
2024-04-21 00:00:00,UKW,539,4
2024-04-21 00:00:00,US,,0
2024-04-21 00:00:00,VE,,0
2024-04-21 00:00:00,VN,,0
2024-04-21 00:00:00,WE,,0
2024-04-22 00:00:00,,,0
2024-04-22 00:00:00,"",,0
2024-04-22 00:00:00,AU,,0
2024-04-22 00:00:00,BN,,0
2024-04-22 00:00:00,BR,2206,5
2024-04-22 00:00:00,BS,,0
2024-04-22 00:00:00,BZ,,0
2024-04-22 00:00:00,CCS,,0
2024-04-22 00:00:00,CD,1384,63
2024-04-22 00:00:00,CG,7152,45
2024-04-22 00:00:00,CM,261,14
2024-04-22 00:00:00,CO,912,16
2024-04-22 00:00:00,EC,,0
2024-04-22 00:00:00,EG,,0
2024-04-22 00:00:00,ER,,0
2024-04-22 00:00:00,FR,,0
2024-04-22 00:00:00,GA,9088,33
2024-04-22 00:00:00,GT,,0
2024-04-22 00:00:00,IQ,,0
2024-04-22 00:00:00,LH,,0
2024-04-22 00:00:00,MX,497,5
2024-04-22 00:00:00,PE,,0
2024-04-22 00:00:00,SG,,0
2024-04-22 00:00:00,TD,814,6
2024-04-22 00:00:00,TN,1160,2
2024-04-22 00:00:00,TR,113,7
2024-04-22 00:00:00,TT,52,1
2024-04-22 00:00:00,UKS,,4
2024-04-22 00:00:00,UKW,539,4
2024-04-22 00:00:00,US,,0
2024-04-22 00:00:00,VE,,0
2024-04-22 00:00:00,VN,,0
2024-04-22 00:00:00,WE,,0
2024-04-23 00:00:00,,,0
2024-04-23 00:00:00,"",,0
2024-04-23 00:00:00,AU,,0
2024-04-23 00:00:00,BN,,0
2024-04-23 00:00:00,BR,1848,5
2024-04-23 00:00:00,BS,,0
2024-04-23 00:00:00,BZ,,0
2024-04-23 00:00:00,CCS,,0
2024-04-23 00:00:00,CD,1375,63
2024-04-23 00:00:00,CG,6849,41
2024-04-23 00:00:00,CM,56,13
2024-04-23 00:00:00,CO,842,15
2024-04-23 00:00:00,EC,,0
2024-04-23 00:00:00,EG,,0
2024-04-23 00:00:00,ER,,0
2024-04-23 00:00:00,FR,,0
2024-04-23 00:00:00,GA,10061,33
2024-04-23 00:00:00,GT,,0
2024-04-23 00:00:00,IQ,,0
2024-04-23 00:00:00,LH,,0
2024-04-23 00:00:00,MX,496,5
2024-04-23 00:00:00,PE,,0
2024-04-23 00:00:00,SG,,0
2024-04-23 00:00:00,TD,898,8
2024-04-23 00:00:00,TN,1160,2
2024-04-23 00:00:00,TR,113,7
2024-04-23 00:00:00,TT,52,1
2024-04-23 00:00:00,UKS,,4
2024-04-23 00:00:00,UKW,539,4
2024-04-23 00:00:00,US,,0
2024-04-23 00:00:00,VE,,0
2024-04-23 00:00:00,VN,,0
2024-04-23 00:00:00,WE,,0
2024-04-24 00:00:00,,,0
2024-04-24 00:00:00,"",,0
2024-04-24 00:00:00,AU,,0
2024-04-24 00:00:00,BN,,0
2024-04-24 00:00:00,BR,1848,5
2024-04-24 00:00:00,BS,,0
2024-04-24 00:00:00,BZ,,0
2024-04-24 00:00:00,CCS,,0
2024-04-24 00:00:00,CD,1305,63
2024-04-24 00:00:00,CG,7641,46
2024-04-24 00:00:00,CM,53,13
2024-04-24 00:00:00,CO,871,15
2024-04-24 00:00:00,EC,,0
2024-04-24 00:00:00,EG,,0
2024-04-24 00:00:00,ER,,0
2024-04-24 00:00:00,FR,,0
2024-04-24 00:00:00,GA,5670,30
2024-04-24 00:00:00,GT,,0
2024-04-24 00:00:00,IQ,,0
2024-04-24 00:00:00,LH,,0
2024-04-24 00:00:00,MX,488,5
2024-04-24 00:00:00,PE,,0
2024-04-24 00:00:00,SG,,0
2024-04-24 00:00:00,TD,854,7
2024-04-24 00:00:00,TN,1187,2
2024-04-24 00:00:00,TR,113,7
2024-04-24 00:00:00,TT,52,1
2024-04-24 00:00:00,UKS,,4
2024-04-24 00:00:00,UKW,539,4
2024-04-24 00:00:00,US,,0
2024-04-24 00:00:00,VE,,0
2024-04-24 00:00:00,VN,,0
2024-04-24 00:00:00,WE,,0
2024-04-25 00:00:00,,,0
2024-04-25 00:00:00,"",,0
2024-04-25 00:00:00,AU,,0
2024-04-25 00:00:00,BN,,0
2024-04-25 00:00:00,BR,1848,5
2024-04-25 00:00:00,BS,,0
2024-04-25 00:00:00,BZ,,0
2024-04-25 00:00:00,CCS,,0
2024-04-25 00:00:00,CD,1403,62
2024-04-25 00:00:00,CG,7641,46
2024-04-25 00:00:00,CM,53,13
2024-04-25 00:00:00,CO,873,16
2024-04-25 00:00:00,EC,,0
2024-04-25 00:00:00,EG,,0
2024-04-25 00:00:00,ER,,0
2024-04-25 00:00:00,FR,,0
2024-04-25 00:00:00,GA,5704,32
2024-04-25 00:00:00,GT,,0
2024-04-25 00:00:00,IQ,,0
2024-04-25 00:00:00,LH,,0
2024-04-25 00:00:00,MX,488,5
2024-04-25 00:00:00,PE,,0
2024-04-25 00:00:00,SG,,0
2024-04-25 00:00:00,TD,898,8
2024-04-25 00:00:00,TN,1445,3
2024-04-25 00:00:00,TR,120,6
2024-04-25 00:00:00,TT,,0
2024-04-25 00:00:00,UKS,,4
2024-04-25 00:00:00,UKW,539,4
2024-04-25 00:00:00,US,,0
2024-04-25 00:00:00,VE,,0
2024-04-25 00:00:00,VN,,0
2024-04-25 00:00:00,WE,,0
2024-04-26 00:00:00,,,0
2024-04-26 00:00:00,"",,0
2024-04-26 00:00:00,AU,,0
2024-04-26 00:00:00,BN,,0
2024-04-26 00:00:00,BR,1859,5
2024-04-26 00:00:00,BS,,0
2024-04-26 00:00:00,BZ,,0
2024-04-26 00:00:00,CCS,,0
2024-04-26 00:00:00,CD,1380,63
2024-04-26 00:00:00,CG,7641,46
2024-04-26 00:00:00,CM,,12
2024-04-26 00:00:00,CO,873,16
2024-04-26 00:00:00,EC,,0
2024-04-26 00:00:00,EG,,0
2024-04-26 00:00:00,ER,,0
2024-04-26 00:00:00,FR,,0
2024-04-26 00:00:00,GA,5757,31
2024-04-26 00:00:00,GT,,0
2024-04-26 00:00:00,IQ,,0
2024-04-26 00:00:00,LH,,0
2024-04-26 00:00:00,MX,488,5
2024-04-26 00:00:00,PE,,0
2024-04-26 00:00:00,SG,,0
2024-04-26 00:00:00,TD,898,8
2024-04-26 00:00:00,TN,1445,3
2024-04-26 00:00:00,TR,113,7
2024-04-26 00:00:00,TT,52,1
2024-04-26 00:00:00,UKS,,3
2024-04-26 00:00:00,UKW,539,4
2024-04-26 00:00:00,US,,0
2024-04-26 00:00:00,VE,,0
2024-04-26 00:00:00,VN,,0
2024-04-26 00:00:00,WE,,0
2024-04-27 00:00:00,,,0
2024-04-27 00:00:00,"",,0
2024-04-27 00:00:00,AU,,0
2024-04-27 00:00:00,BN,,0
2024-04-27 00:00:00,BR,1919,5
2024-04-27 00:00:00,BS,,0
2024-04-27 00:00:00,BZ,,0
2024-04-27 00:00:00,CCS,,0
2024-04-27 00:00:00,CD,1346,62
2024-04-27 00:00:00,CG,7641,46
2024-04-27 00:00:00,CM,94,13
2024-04-27 00:00:00,CO,873,16
2024-04-27 00:00:00,EC,,0
2024-04-27 00:00:00,EG,,0
2024-04-27 00:00:00,ER,,0
2024-04-27 00:00:00,FR,,0
2024-04-27 00:00:00,GA,6326,30
2024-04-27 00:00:00,GT,,0
2024-04-27 00:00:00,IQ,,0
2024-04-27 00:00:00,LH,,0
2024-04-27 00:00:00,MX,488,5
2024-04-27 00:00:00,PE,,0
2024-04-27 00:00:00,SG,,0
2024-04-27 00:00:00,TD,810,7
2024-04-27 00:00:00,TN,1445,3
2024-04-27 00:00:00,TR,124,8
2024-04-27 00:00:00,TT,52,1
2024-04-27 00:00:00,UKS,,3
2024-04-27 00:00:00,UKW,539,4
2024-04-27 00:00:00,US,,0
2024-04-27 00:00:00,VE,,0
2024-04-27 00:00:00,VN,,0
2024-04-27 00:00:00,WE,,0
2024-04-28 00:00:00,,,0
2024-04-28 00:00:00,"",,0
2024-04-28 00:00:00,AU,,0
2024-04-28 00:00:00,BN,,0
2024-04-28 00:00:00,BR,1848,5
2024-04-28 00:00:00,BS,,0
2024-04-28 00:00:00,BZ,,0
2024-04-28 00:00:00,CCS,,0
2024-04-28 00:00:00,CD,1355,62
2024-04-28 00:00:00,CG,7647,46
2024-04-28 00:00:00,CM,94,13
2024-04-28 00:00:00,CO,876,16
2024-04-28 00:00:00,EC,,0
2024-04-28 00:00:00,EG,,0
2024-04-28 00:00:00,ER,,0
2024-04-28 00:00:00,FR,,0
2024-04-28 00:00:00,GA,9193,35
2024-04-28 00:00:00,GT,,0
2024-04-28 00:00:00,IQ,,0
2024-04-28 00:00:00,LH,,0
2024-04-28 00:00:00,MX,488,5
2024-04-28 00:00:00,PE,,0
2024-04-28 00:00:00,SG,,0
2024-04-28 00:00:00,TD,810,7
2024-04-28 00:00:00,TN,1445,3
2024-04-28 00:00:00,TR,124,8
2024-04-28 00:00:00,TT,52,1
2024-04-28 00:00:00,UKS,,3
2024-04-28 00:00:00,UKW,539,4
2024-04-28 00:00:00,US,,0
2024-04-28 00:00:00,VE,,0
2024-04-28 00:00:00,VN,,0
2024-04-28 00:00:00,WE,,0
2024-04-29 00:00:00,,,0
2024-04-29 00:00:00,"",,0
2024-04-29 00:00:00,AU,,0
2024-04-29 00:00:00,BN,,0
2024-04-29 00:00:00,BR,1848,5
2024-04-29 00:00:00,BS,,0
2024-04-29 00:00:00,BZ,,0
2024-04-29 00:00:00,CCS,,0
2024-04-29 00:00:00,CD,1579,65
2024-04-29 00:00:00,CG,7725,46
2024-04-29 00:00:00,CM,127,13
2024-04-29 00:00:00,CO,876,16
2024-04-29 00:00:00,EC,,0
2024-04-29 00:00:00,EG,,0
2024-04-29 00:00:00,ER,,0
2024-04-29 00:00:00,FR,,0
2024-04-29 00:00:00,GA,9256,35
2024-04-29 00:00:00,GT,,0
2024-04-29 00:00:00,IQ,,0
2024-04-29 00:00:00,LH,,0
2024-04-29 00:00:00,MX,496,5
2024-04-29 00:00:00,PE,,0
2024-04-29 00:00:00,SG,,0
2024-04-29 00:00:00,TD,810,7
2024-04-29 00:00:00,TN,1445,3
2024-04-29 00:00:00,TR,124,8
2024-04-29 00:00:00,TT,52,1
2024-04-29 00:00:00,UKS,,3
2024-04-29 00:00:00,UKW,539,4
2024-04-29 00:00:00,US,,0
2024-04-29 00:00:00,VE,,0
2024-04-29 00:00:00,VN,,0
2024-04-29 00:00:00,WE,,0
2024-04-30 00:00:00,,,0
2024-04-30 00:00:00,"",,0
2024-04-30 00:00:00,AU,,0
2024-04-30 00:00:00,BN,,0
2024-04-30 00:00:00,BR,1848,5
2024-04-30 00:00:00,BS,,0
2024-04-30 00:00:00,BZ,,0
2024-04-30 00:00:00,CCS,,0
2024-04-30 00:00:00,CD,1594,65
2024-04-30 00:00:00,CG,7796,47
2024-04-30 00:00:00,CM,71,14
2024-04-30 00:00:00,CO,876,16
2024-04-30 00:00:00,EC,,0
2024-04-30 00:00:00,EG,,0
2024-04-30 00:00:00,ER,,0
2024-04-30 00:00:00,FR,,0
2024-04-30 00:00:00,GA,10055,36
2024-04-30 00:00:00,GT,,0
2024-04-30 00:00:00,IQ,,0
2024-04-30 00:00:00,LH,,0
2024-04-30 00:00:00,MX,488,5
2024-04-30 00:00:00,PE,,0
2024-04-30 00:00:00,SG,,0
2024-04-30 00:00:00,TD,810,7
2024-04-30 00:00:00,TN,1445,3
2024-04-30 00:00:00,TR,124,8
2024-04-30 00:00:00,TT,52,1
2024-04-30 00:00:00,UKS,,3
2024-04-30 00:00:00,UKW,539,4
2024-04-30 00:00:00,US,,0
2024-04-30 00:00:00,VE,,0
2024-04-30 00:00:00,VN,,0
2024-04-30 00:00:00,WE,,0
2024-05-01 00:00:00,,,0
2024-05-01 00:00:00,"",,0
2024-05-01 00:00:00,AU,,0
2024-05-01 00:00:00,BN,,0
2024-05-01 00:00:00,BR,3851,5
2024-05-01 00:00:00,BS,,0
2024-05-01 00:00:00,BZ,,0
2024-05-01 00:00:00,CCS,,0
2024-05-01 00:00:00,CD,2103,67
2024-05-01 00:00:00,CG,7811,48
2024-05-01 00:00:00,CM,153,13
2024-05-01 00:00:00,CO,876,17
2024-05-01 00:00:00,EC,,0
2024-05-01 00:00:00,EG,,0
2024-05-01 00:00:00,ER,,0
2024-05-01 00:00:00,FR,,0
2024-05-01 00:00:00,GA,9520,35
2024-05-01 00:00:00,GT,257,1
2024-05-01 00:00:00,IQ,,0
2024-05-01 00:00:00,LH,,0
2024-05-01 00:00:00,MX,488,5
2024-05-01 00:00:00,PE,,0
2024-05-01 00:00:00,SG,,0
2024-05-01 00:00:00,TD,810,7
2024-05-01 00:00:00,TN,1445,3
2024-05-01 00:00:00,TR,124,7
2024-05-01 00:00:00,TT,52,1
2024-05-01 00:00:00,UKS,,3
2024-05-01 00:00:00,UKW,539,4
2024-05-01 00:00:00,US,,0
2024-05-01 00:00:00,VE,,0
2024-05-01 00:00:00,VN,,0
2024-05-01 00:00:00,WE,,0
2024-05-02 00:00:00,,,0
2024-05-02 00:00:00,"",,0
2024-05-02 00:00:00,AU,,0
2024-05-02 00:00:00,BN,,0
2024-05-02 00:00:00,BR,4648,7
2024-05-02 00:00:00,BS,,0
2024-05-02 00:00:00,BZ,,0
2024-05-02 00:00:00,CCS,,0
2024-05-02 00:00:00,CD,1647,66
2024-05-02 00:00:00,CG,7811,48
2024-05-02 00:00:00,CM,100,13
2024-05-02 00:00:00,CO,876,17
2024-05-02 00:00:00,EC,,0
2024-05-02 00:00:00,EG,,0
2024-05-02 00:00:00,ER,,0
2024-05-02 00:00:00,FR,,0
2024-05-02 00:00:00,GA,9549,35
2024-05-02 00:00:00,GT,257,1
2024-05-02 00:00:00,IQ,,0
2024-05-02 00:00:00,LH,,0
2024-05-02 00:00:00,MX,488,5
2024-05-02 00:00:00,PE,,0
2024-05-02 00:00:00,SG,,0
2024-05-02 00:00:00,TD,822,8
2024-05-02 00:00:00,TN,1445,3
2024-05-02 00:00:00,TR,124,7
2024-05-02 00:00:00,TT,52,1
2024-05-02 00:00:00,UKS,,3
2024-05-02 00:00:00,UKW,619,5
2024-05-02 00:00:00,US,,0
2024-05-02 00:00:00,VE,,0
2024-05-02 00:00:00,VN,,0
2024-05-02 00:00:00,WE,,0
2024-05-03 00:00:00,,,0
2024-05-03 00:00:00,"",,0
2024-05-03 00:00:00,AU,,0
2024-05-03 00:00:00,BN,,0
2024-05-03 00:00:00,BR,4648,7
2024-05-03 00:00:00,BS,,0
2024-05-03 00:00:00,BZ,,0
2024-05-03 00:00:00,CCS,,0
2024-05-03 00:00:00,CD,1618,67
2024-05-03 00:00:00,CG,7285,47
2024-05-03 00:00:00,CM,,12
2024-05-03 00:00:00,CO,876,17
2024-05-03 00:00:00,EC,,0
2024-05-03 00:00:00,EG,,0
2024-05-03 00:00:00,ER,,0
2024-05-03 00:00:00,FR,,0
2024-05-03 00:00:00,GA,9604,36
2024-05-03 00:00:00,GT,257,1
2024-05-03 00:00:00,IQ,,0
2024-05-03 00:00:00,LH,,0
2024-05-03 00:00:00,MX,616,5
2024-05-03 00:00:00,PE,,0
2024-05-03 00:00:00,SG,,0
2024-05-03 00:00:00,TD,810,7
2024-05-03 00:00:00,TN,1445,3
2024-05-03 00:00:00,TR,124,7
2024-05-03 00:00:00,TT,52,1
2024-05-03 00:00:00,UKS,,3
2024-05-03 00:00:00,UKW,668,6
2024-05-03 00:00:00,US,,0
2024-05-03 00:00:00,VE,,0
2024-05-03 00:00:00,VN,,0
2024-05-03 00:00:00,WE,,0
2024-05-04 00:00:00,,,0
2024-05-04 00:00:00,"",,0
2024-05-04 00:00:00,AU,,0
2024-05-04 00:00:00,BN,,0
2024-05-04 00:00:00,BR,4734,7
2024-05-04 00:00:00,BS,,0
2024-05-04 00:00:00,BZ,,0
2024-05-04 00:00:00,CCS,,0
2024-05-04 00:00:00,CD,1601,67
2024-05-04 00:00:00,CG,7178,46
2024-05-04 00:00:00,CM,86,13
2024-05-04 00:00:00,CO,876,17
2024-05-04 00:00:00,EC,,0
2024-05-04 00:00:00,EG,,0
2024-05-04 00:00:00,ER,,0
2024-05-04 00:00:00,FR,,0
2024-05-04 00:00:00,GA,9603,35
2024-05-04 00:00:00,GT,257,1
2024-05-04 00:00:00,IQ,,0
2024-05-04 00:00:00,LH,,0
2024-05-04 00:00:00,MX,488,5
2024-05-04 00:00:00,PE,,0
2024-05-04 00:00:00,SG,,0
2024-05-04 00:00:00,TD,810,7
2024-05-04 00:00:00,TN,1445,3
2024-05-04 00:00:00,TR,124,7
2024-05-04 00:00:00,TT,52,1
2024-05-04 00:00:00,UKS,,3
2024-05-04 00:00:00,UKW,668,6
2024-05-04 00:00:00,US,,0
2024-05-04 00:00:00,VE,,0
2024-05-04 00:00:00,VN,,0
2024-05-04 00:00:00,WE,,0
2024-05-05 00:00:00,,,0
2024-05-05 00:00:00,"",,0
2024-05-05 00:00:00,AU,,0
2024-05-05 00:00:00,BN,,0
2024-05-05 00:00:00,BR,4648,7
2024-05-05 00:00:00,BS,,0
2024-05-05 00:00:00,BZ,,0
2024-05-05 00:00:00,CCS,,0
2024-05-05 00:00:00,CD,2274,69
2024-05-05 00:00:00,CG,7166,46
2024-05-05 00:00:00,CM,110,13
2024-05-05 00:00:00,CO,876,17
2024-05-05 00:00:00,EC,,0
2024-05-05 00:00:00,EG,,0
2024-05-05 00:00:00,ER,,0
2024-05-05 00:00:00,FR,,0
2024-05-05 00:00:00,GA,9648,37
2024-05-05 00:00:00,GT,257,1
2024-05-05 00:00:00,IQ,,0
2024-05-05 00:00:00,LH,,0
2024-05-05 00:00:00,MX,488,5
2024-05-05 00:00:00,PE,,0
2024-05-05 00:00:00,SG,,0
2024-05-05 00:00:00,TD,810,7
2024-05-05 00:00:00,TN,1445,3
2024-05-05 00:00:00,TR,124,7
2024-05-05 00:00:00,TT,52,1
2024-05-05 00:00:00,UKS,,3
2024-05-05 00:00:00,UKW,668,6
2024-05-05 00:00:00,US,,0
2024-05-05 00:00:00,VE,,0
2024-05-05 00:00:00,VN,,0
2024-05-05 00:00:00,WE,,0
2024-05-06 00:00:00,,,0
2024-05-06 00:00:00,"",,0
2024-05-06 00:00:00,AU,,0
2024-05-06 00:00:00,BN,,0
2024-05-06 00:00:00,BR,5304,7
2024-05-06 00:00:00,BS,,0
2024-05-06 00:00:00,BZ,,0
2024-05-06 00:00:00,CCS,,0
2024-05-06 00:00:00,CD,2258,66
2024-05-06 00:00:00,CG,7166,46
2024-05-06 00:00:00,CM,71,13
2024-05-06 00:00:00,CO,777,14
2024-05-06 00:00:00,EC,,0
2024-05-06 00:00:00,EG,,0
2024-05-06 00:00:00,ER,,0
2024-05-06 00:00:00,FR,,0
2024-05-06 00:00:00,GA,9648,37
2024-05-06 00:00:00,GT,257,1
2024-05-06 00:00:00,IQ,,0
2024-05-06 00:00:00,LH,,0
2024-05-06 00:00:00,MX,488,5
2024-05-06 00:00:00,PE,,0
2024-05-06 00:00:00,SG,,0
2024-05-06 00:00:00,TD,810,7
2024-05-06 00:00:00,TN,1445,3
2024-05-06 00:00:00,TR,124,7
2024-05-06 00:00:00,TT,52,1
2024-05-06 00:00:00,UKS,,2
2024-05-06 00:00:00,UKW,668,6
2024-05-06 00:00:00,US,,0
2024-05-06 00:00:00,VE,,0
2024-05-06 00:00:00,VN,,0
2024-05-06 00:00:00,WE,,0
2024-05-07 00:00:00,,,0
2024-05-07 00:00:00,"",,0
2024-05-07 00:00:00,AU,,0
2024-05-07 00:00:00,BN,,0
2024-05-07 00:00:00,BR,6043,7
2024-05-07 00:00:00,BS,,0
2024-05-07 00:00:00,BZ,,0
2024-05-07 00:00:00,CCS,,0
2024-05-07 00:00:00,CD,2221,66
2024-05-07 00:00:00,CG,7166,46
2024-05-07 00:00:00,CM,99,13
2024-05-07 00:00:00,CO,740,14
2024-05-07 00:00:00,EC,,0
2024-05-07 00:00:00,EG,,0
2024-05-07 00:00:00,ER,,0
2024-05-07 00:00:00,FR,,0
2024-05-07 00:00:00,GA,9648,37
2024-05-07 00:00:00,GT,257,1
2024-05-07 00:00:00,IQ,,0
2024-05-07 00:00:00,LH,,0
2024-05-07 00:00:00,MX,488,5
2024-05-07 00:00:00,PE,,0
2024-05-07 00:00:00,SG,,0
2024-05-07 00:00:00,TD,810,7
2024-05-07 00:00:00,TN,1445,3
2024-05-07 00:00:00,TR,124,6
2024-05-07 00:00:00,TT,52,1
2024-05-07 00:00:00,UKS,,3
2024-05-07 00:00:00,UKW,668,6
2024-05-07 00:00:00,US,,0
2024-05-07 00:00:00,VE,,0
2024-05-07 00:00:00,VN,,0
2024-05-07 00:00:00,WE,,0
2024-05-08 00:00:00,,,0
2024-05-08 00:00:00,"",,0
2024-05-08 00:00:00,AU,,0
2024-05-08 00:00:00,BN,,0
2024-05-08 00:00:00,BR,5595,7
2024-05-08 00:00:00,BS,,0
2024-05-08 00:00:00,BZ,,0
2024-05-08 00:00:00,CCS,,0
2024-05-08 00:00:00,CD,2206,65
2024-05-08 00:00:00,CG,7166,46
2024-05-08 00:00:00,CM,116,13
2024-05-08 00:00:00,CO,740,15
2024-05-08 00:00:00,EC,,0
2024-05-08 00:00:00,EG,,0
2024-05-08 00:00:00,ER,,0
2024-05-08 00:00:00,FR,,0
2024-05-08 00:00:00,GA,9876,39
2024-05-08 00:00:00,GT,257,1
2024-05-08 00:00:00,IQ,,0
2024-05-08 00:00:00,LH,,0
2024-05-08 00:00:00,MX,488,5
2024-05-08 00:00:00,PE,,0
2024-05-08 00:00:00,SG,,0
2024-05-08 00:00:00,TD,810,7
2024-05-08 00:00:00,TN,1445,3
2024-05-08 00:00:00,TR,113,6
2024-05-08 00:00:00,TT,52,1
2024-05-08 00:00:00,UKS,,3
2024-05-08 00:00:00,UKW,638,5
2024-05-08 00:00:00,US,,0
2024-05-08 00:00:00,VE,,0
2024-05-08 00:00:00,VN,,0
2024-05-08 00:00:00,WE,,0
2024-05-09 00:00:00,,,0
2024-05-09 00:00:00,"",,0
2024-05-09 00:00:00,AU,,0
2024-05-09 00:00:00,BN,,0
2024-05-09 00:00:00,BR,5595,7
2024-05-09 00:00:00,BS,,0
2024-05-09 00:00:00,BZ,,0
2024-05-09 00:00:00,CCS,,0
2024-05-09 00:00:00,CD,2221,66
2024-05-09 00:00:00,CG,7166,46
2024-05-09 00:00:00,CM,105,13
2024-05-09 00:00:00,CO,785,15
2024-05-09 00:00:00,EC,,0
2024-05-09 00:00:00,EG,,0
2024-05-09 00:00:00,ER,,0
2024-05-09 00:00:00,FR,,0
2024-05-09 00:00:00,GA,9803,38
2024-05-09 00:00:00,GT,257,1
2024-05-09 00:00:00,IQ,,0
2024-05-09 00:00:00,LH,,0
2024-05-09 00:00:00,MX,488,5
2024-05-09 00:00:00,PE,,0
2024-05-09 00:00:00,SG,,0
2024-05-09 00:00:00,TD,810,7
2024-05-09 00:00:00,TN,1445,3
2024-05-09 00:00:00,TR,113,6
2024-05-09 00:00:00,TT,52,1
2024-05-09 00:00:00,UKS,,3
2024-05-09 00:00:00,UKW,659,5
2024-05-09 00:00:00,US,,0
2024-05-09 00:00:00,VE,,0
2024-05-09 00:00:00,VN,,0
2024-05-09 00:00:00,WE,,0
2024-05-10 00:00:00,,,0
2024-05-10 00:00:00,"",,0
2024-05-10 00:00:00,AU,,0
2024-05-10 00:00:00,BN,,0
2024-05-10 00:00:00,BR,5595,7
2024-05-10 00:00:00,BS,,0
2024-05-10 00:00:00,BZ,,0
2024-05-10 00:00:00,CCS,,0
2024-05-10 00:00:00,CD,2240,65
2024-05-10 00:00:00,CG,7166,46
2024-05-10 00:00:00,CM,,10
2024-05-10 00:00:00,CO,952,15
2024-05-10 00:00:00,EC,,0
2024-05-10 00:00:00,EG,,0
2024-05-10 00:00:00,ER,,0
2024-05-10 00:00:00,FR,,0
2024-05-10 00:00:00,GA,9776,39
2024-05-10 00:00:00,GT,257,1
2024-05-10 00:00:00,IQ,,0
2024-05-10 00:00:00,LH,,0
2024-05-10 00:00:00,MX,488,5
2024-05-10 00:00:00,PE,,0
2024-05-10 00:00:00,SG,,0
2024-05-10 00:00:00,TD,822,8
2024-05-10 00:00:00,TN,1445,3
2024-05-10 00:00:00,TR,113,6
2024-05-10 00:00:00,TT,52,1
2024-05-10 00:00:00,UKS,,3
2024-05-10 00:00:00,UKW,668,6
2024-05-10 00:00:00,US,,0
2024-05-10 00:00:00,VE,,0
2024-05-10 00:00:00,VN,,0
2024-05-10 00:00:00,WE,,0
2024-05-11 00:00:00,,,0
2024-05-11 00:00:00,"",,0
2024-05-11 00:00:00,AU,,0
2024-05-11 00:00:00,BN,,0
2024-05-11 00:00:00,BR,5193,6
2024-05-11 00:00:00,BS,,0
2024-05-11 00:00:00,BZ,,0
2024-05-11 00:00:00,CCS,,0
2024-05-11 00:00:00,CD,2145,65
2024-05-11 00:00:00,CG,7480,46
2024-05-11 00:00:00,CM,,10
2024-05-11 00:00:00,CO,952,15
2024-05-11 00:00:00,EC,,0
2024-05-11 00:00:00,EG,,0
2024-05-11 00:00:00,ER,,0
2024-05-11 00:00:00,FR,,0
2024-05-11 00:00:00,GA,9776,39
2024-05-11 00:00:00,GT,257,1
2024-05-11 00:00:00,IQ,,0
2024-05-11 00:00:00,LH,,0
2024-05-11 00:00:00,MX,488,5
2024-05-11 00:00:00,PE,,0
2024-05-11 00:00:00,SG,,0
2024-05-11 00:00:00,TD,810,7
2024-05-11 00:00:00,TN,1445,3
2024-05-11 00:00:00,TR,113,6
2024-05-11 00:00:00,TT,52,1
2024-05-11 00:00:00,UKS,,3
2024-05-11 00:00:00,UKW,668,6
2024-05-11 00:00:00,US,,0
2024-05-11 00:00:00,VE,,0
2024-05-11 00:00:00,VN,,0
2024-05-11 00:00:00,WE,,0
2024-05-12 00:00:00,,,0
2024-05-12 00:00:00,"",,0
2024-05-12 00:00:00,AU,,0
2024-05-12 00:00:00,BN,,0
2024-05-12 00:00:00,BR,5595,7
2024-05-12 00:00:00,BS,,0
2024-05-12 00:00:00,BZ,,0
2024-05-12 00:00:00,CCS,,0
2024-05-12 00:00:00,CD,2135,65
2024-05-12 00:00:00,CG,7569,47
2024-05-12 00:00:00,CM,,10
2024-05-12 00:00:00,CO,952,15
2024-05-12 00:00:00,EC,,0
2024-05-12 00:00:00,EG,,0
2024-05-12 00:00:00,ER,,0
2024-05-12 00:00:00,FR,,0
2024-05-12 00:00:00,GA,9776,39
2024-05-12 00:00:00,GT,257,1
2024-05-12 00:00:00,IQ,,0
2024-05-12 00:00:00,LH,,0
2024-05-12 00:00:00,MX,488,5
2024-05-12 00:00:00,PE,,0
2024-05-12 00:00:00,SG,,0
2024-05-12 00:00:00,TD,892,8
2024-05-12 00:00:00,TN,1445,3
2024-05-12 00:00:00,TR,113,6
2024-05-12 00:00:00,TT,52,1
2024-05-12 00:00:00,UKS,,3
2024-05-12 00:00:00,UKW,668,6
2024-05-12 00:00:00,US,,0
2024-05-12 00:00:00,VE,,0
2024-05-12 00:00:00,VN,,0
2024-05-12 00:00:00,WE,,0
2024-05-13 00:00:00,,,0
2024-05-13 00:00:00,"",,0
2024-05-13 00:00:00,AU,,0
2024-05-13 00:00:00,BN,,0
2024-05-13 00:00:00,BR,5636,7
2024-05-13 00:00:00,BS,,0
2024-05-13 00:00:00,BZ,,0
2024-05-13 00:00:00,CCS,,0
2024-05-13 00:00:00,CD,2092,64
2024-05-13 00:00:00,CG,7894,47
2024-05-13 00:00:00,CM,83,11
2024-05-13 00:00:00,CO,952,15
2024-05-13 00:00:00,EC,,0
2024-05-13 00:00:00,EG,,0
2024-05-13 00:00:00,ER,,0
2024-05-13 00:00:00,FR,,0
2024-05-13 00:00:00,GA,9776,39
2024-05-13 00:00:00,GT,257,1
2024-05-13 00:00:00,IQ,,0
2024-05-13 00:00:00,LH,,0
2024-05-13 00:00:00,MX,488,5
2024-05-13 00:00:00,PE,,0
2024-05-13 00:00:00,SG,,0
2024-05-13 00:00:00,TD,857,7
2024-05-13 00:00:00,TN,1445,3
2024-05-13 00:00:00,TR,33,3
2024-05-13 00:00:00,TT,52,1
2024-05-13 00:00:00,UKS,,3
2024-05-13 00:00:00,UKW,668,6
2024-05-13 00:00:00,US,,0
2024-05-13 00:00:00,VE,,0
2024-05-13 00:00:00,VN,,0
2024-05-13 00:00:00,WE,,0
2024-05-14 00:00:00,,,0
2024-05-14 00:00:00,"",,0
2024-05-14 00:00:00,AU,,0
2024-05-14 00:00:00,BN,,0
2024-05-14 00:00:00,BR,6035,8
2024-05-14 00:00:00,BS,,0
2024-05-14 00:00:00,BZ,,0
2024-05-14 00:00:00,CCS,,0
2024-05-14 00:00:00,CD,2063,64
2024-05-14 00:00:00,CG,8033,48
2024-05-14 00:00:00,CM,90,11
2024-05-14 00:00:00,CO,952,15
2024-05-14 00:00:00,EC,,0
2024-05-14 00:00:00,EG,,0
2024-05-14 00:00:00,ER,,0
2024-05-14 00:00:00,FR,,0
2024-05-14 00:00:00,GA,9776,39
2024-05-14 00:00:00,GT,257,1
2024-05-14 00:00:00,IQ,,0
2024-05-14 00:00:00,LH,,0
2024-05-14 00:00:00,MX,488,5
2024-05-14 00:00:00,PE,,0
2024-05-14 00:00:00,SG,,0
2024-05-14 00:00:00,TD,810,7
2024-05-14 00:00:00,TN,1445,3
2024-05-14 00:00:00,TR,33,3
2024-05-14 00:00:00,TT,52,2
2024-05-14 00:00:00,UKS,,4
2024-05-14 00:00:00,UKW,668,6
2024-05-14 00:00:00,US,,0
2024-05-14 00:00:00,VE,,0
2024-05-14 00:00:00,VN,,0
2024-05-14 00:00:00,WE,,0
2024-05-15 00:00:00,,,0
2024-05-15 00:00:00,"",,0
2024-05-15 00:00:00,AU,,0
2024-05-15 00:00:00,BN,,0
2024-05-15 00:00:00,BR,6035,8
2024-05-15 00:00:00,BS,,0
2024-05-15 00:00:00,BZ,,0
2024-05-15 00:00:00,CCS,,0
2024-05-15 00:00:00,CD,2286,60
2024-05-15 00:00:00,CG,8033,48
2024-05-15 00:00:00,CM,,10
2024-05-15 00:00:00,CO,952,15
2024-05-15 00:00:00,EC,,0
2024-05-15 00:00:00,EG,,0
2024-05-15 00:00:00,ER,,0
2024-05-15 00:00:00,FR,,0
2024-05-15 00:00:00,GA,10384,39
2024-05-15 00:00:00,GT,257,1
2024-05-15 00:00:00,IQ,,0
2024-05-15 00:00:00,LH,,0
2024-05-15 00:00:00,MX,488,5
2024-05-15 00:00:00,PE,,0
2024-05-15 00:00:00,SG,,0
2024-05-15 00:00:00,TD,822,8
2024-05-15 00:00:00,TN,1445,3
2024-05-15 00:00:00,TR,33,3
2024-05-15 00:00:00,TT,52,1
2024-05-15 00:00:00,UKS,,4
2024-05-15 00:00:00,UKW,668,6
2024-05-15 00:00:00,US,,0
2024-05-15 00:00:00,VE,,0
2024-05-15 00:00:00,VN,,0
2024-05-15 00:00:00,WE,,0
2024-05-16 00:00:00,,,0
2024-05-16 00:00:00,"",,0
2024-05-16 00:00:00,AU,,0
2024-05-16 00:00:00,BN,,0
2024-05-16 00:00:00,BR,6035,8
2024-05-16 00:00:00,BS,,0
2024-05-16 00:00:00,BZ,,0
2024-05-16 00:00:00,CCS,,0
2024-05-16 00:00:00,CD,1929,61
2024-05-16 00:00:00,CG,8243,48
2024-05-16 00:00:00,CM,,10
2024-05-16 00:00:00,CO,952,15
2024-05-16 00:00:00,EC,,0
2024-05-16 00:00:00,EG,,0
2024-05-16 00:00:00,ER,,0
2024-05-16 00:00:00,FR,,0
2024-05-16 00:00:00,GA,10426,41
2024-05-16 00:00:00,GT,257,1
2024-05-16 00:00:00,IQ,,0
2024-05-16 00:00:00,LH,,0
2024-05-16 00:00:00,MX,488,5
2024-05-16 00:00:00,PE,,0
2024-05-16 00:00:00,SG,,0
2024-05-16 00:00:00,TD,822,8
2024-05-16 00:00:00,TN,1445,3
2024-05-16 00:00:00,TR,33,3
2024-05-16 00:00:00,TT,52,1
2024-05-16 00:00:00,UKS,,4
2024-05-16 00:00:00,UKW,655,5
2024-05-16 00:00:00,US,,0
2024-05-16 00:00:00,VE,,0
2024-05-16 00:00:00,VN,,0
2024-05-16 00:00:00,WE,,0
2024-05-17 00:00:00,,,0
2024-05-17 00:00:00,"",,0
2024-05-17 00:00:00,AU,,0
2024-05-17 00:00:00,BN,,0
2024-05-17 00:00:00,BR,6035,8
2024-05-17 00:00:00,BS,,0
2024-05-17 00:00:00,BZ,,0
2024-05-17 00:00:00,CCS,,0
2024-05-17 00:00:00,CD,1875,61
2024-05-17 00:00:00,CG,8570,48
2024-05-17 00:00:00,CM,,10
2024-05-17 00:00:00,CO,952,15
2024-05-17 00:00:00,EC,,0
2024-05-17 00:00:00,EG,,0
2024-05-17 00:00:00,ER,,0
2024-05-17 00:00:00,FR,,0
2024-05-17 00:00:00,GA,10426,41
2024-05-17 00:00:00,GT,257,1
2024-05-17 00:00:00,IQ,,0
2024-05-17 00:00:00,LH,,0
2024-05-17 00:00:00,MX,488,5
2024-05-17 00:00:00,PE,,0
2024-05-17 00:00:00,SG,,0
2024-05-17 00:00:00,TD,710,7
2024-05-17 00:00:00,TN,1445,3
2024-05-17 00:00:00,TR,33,3
2024-05-17 00:00:00,TT,52,1
2024-05-17 00:00:00,UKS,,4
2024-05-17 00:00:00,UKW,629,5
2024-05-17 00:00:00,US,,0
2024-05-17 00:00:00,VE,,0
2024-05-17 00:00:00,VN,,0
2024-05-17 00:00:00,WE,,0
2024-05-18 00:00:00,,,0
2024-05-18 00:00:00,"",,0
2024-05-18 00:00:00,AU,,0
2024-05-18 00:00:00,BN,,0
2024-05-18 00:00:00,BR,6035,8
2024-05-18 00:00:00,BS,,0
2024-05-18 00:00:00,BZ,,0
2024-05-18 00:00:00,CCS,,0
2024-05-18 00:00:00,CD,2368,61
2024-05-18 00:00:00,CG,8663,49
2024-05-18 00:00:00,CM,,10
2024-05-18 00:00:00,CO,952,15
2024-05-18 00:00:00,EC,,0
2024-05-18 00:00:00,EG,,0
2024-05-18 00:00:00,ER,,0
2024-05-18 00:00:00,FR,,0
2024-05-18 00:00:00,GA,10307,40
2024-05-18 00:00:00,GT,257,1
2024-05-18 00:00:00,IQ,,0
2024-05-18 00:00:00,LH,,0
2024-05-18 00:00:00,MX,488,5
2024-05-18 00:00:00,PE,,0
2024-05-18 00:00:00,SG,,0
2024-05-18 00:00:00,TD,710,7
2024-05-18 00:00:00,TN,1445,3
2024-05-18 00:00:00,TR,33,3
2024-05-18 00:00:00,TT,52,2
2024-05-18 00:00:00,UKS,,4
2024-05-18 00:00:00,UKW,629,5
2024-05-18 00:00:00,US,,0
2024-05-18 00:00:00,VE,,0
2024-05-18 00:00:00,VN,,0
2024-05-18 00:00:00,WE,,0
2024-05-19 00:00:00,,,0
2024-05-19 00:00:00,"",,0
2024-05-19 00:00:00,AU,,0
2024-05-19 00:00:00,BN,,0
2024-05-19 00:00:00,BR,6035,8
2024-05-19 00:00:00,BS,,0
2024-05-19 00:00:00,BZ,,0
2024-05-19 00:00:00,CCS,,0
2024-05-19 00:00:00,CD,1939,58
2024-05-19 00:00:00,CG,8686,50
2024-05-19 00:00:00,CM,,10
2024-05-19 00:00:00,CO,952,15
2024-05-19 00:00:00,EC,,0
2024-05-19 00:00:00,EG,,0
2024-05-19 00:00:00,ER,,0
2024-05-19 00:00:00,FR,,0
2024-05-19 00:00:00,GA,10453,43
2024-05-19 00:00:00,GT,257,1
2024-05-19 00:00:00,IQ,,0
2024-05-19 00:00:00,LH,,0
2024-05-19 00:00:00,MX,488,5
2024-05-19 00:00:00,PE,,0
2024-05-19 00:00:00,SG,,0
2024-05-19 00:00:00,TD,704,6
2024-05-19 00:00:00,TN,1445,3
2024-05-19 00:00:00,TR,33,3
2024-05-19 00:00:00,TT,52,2
2024-05-19 00:00:00,UKS,,4
2024-05-19 00:00:00,UKW,629,5
2024-05-19 00:00:00,US,,0
2024-05-19 00:00:00,VE,,0
2024-05-19 00:00:00,VN,,0
2024-05-19 00:00:00,WE,,0
2024-05-20 00:00:00,,,0
2024-05-20 00:00:00,"",,0
2024-05-20 00:00:00,AU,,0
2024-05-20 00:00:00,BN,,0
2024-05-20 00:00:00,BR,5757,6
2024-05-20 00:00:00,BS,,0
2024-05-20 00:00:00,BZ,,0
2024-05-20 00:00:00,CCS,,0
2024-05-20 00:00:00,CD,2504,63
2024-05-20 00:00:00,CG,8686,50
2024-05-20 00:00:00,CM,,10
2024-05-20 00:00:00,CO,952,15
2024-05-20 00:00:00,EC,,0
2024-05-20 00:00:00,EG,,0
2024-05-20 00:00:00,ER,,0
2024-05-20 00:00:00,FR,,0
2024-05-20 00:00:00,GA,10454,42
2024-05-20 00:00:00,GT,257,1
2024-05-20 00:00:00,IQ,,0
2024-05-20 00:00:00,LH,,0
2024-05-20 00:00:00,MX,488,5
2024-05-20 00:00:00,PE,,0
2024-05-20 00:00:00,SG,,0
2024-05-20 00:00:00,TD,698,6
2024-05-20 00:00:00,TN,1445,3
2024-05-20 00:00:00,TR,33,3
2024-05-20 00:00:00,TT,52,2
2024-05-20 00:00:00,UKS,,4
2024-05-20 00:00:00,UKW,629,5
2024-05-20 00:00:00,US,,0
2024-05-20 00:00:00,VE,,0
2024-05-20 00:00:00,VN,,0
2024-05-20 00:00:00,WE,,0
2024-05-21 00:00:00,,,0
2024-05-21 00:00:00,"",,0
2024-05-21 00:00:00,AU,,0
2024-05-21 00:00:00,BN,,0
2024-05-21 00:00:00,BR,4813,6
2024-05-21 00:00:00,BS,,0
2024-05-21 00:00:00,BZ,,0
2024-05-21 00:00:00,CCS,,0
2024-05-21 00:00:00,CD,2504,63
2024-05-21 00:00:00,CG,8686,50
2024-05-21 00:00:00,CM,,10
2024-05-21 00:00:00,CO,952,15
2024-05-21 00:00:00,EC,,0
2024-05-21 00:00:00,EG,,0
2024-05-21 00:00:00,ER,,0
2024-05-21 00:00:00,FR,,0
2024-05-21 00:00:00,GA,10458,43
2024-05-21 00:00:00,GT,257,1
2024-05-21 00:00:00,IQ,,0
2024-05-21 00:00:00,LH,,0
2024-05-21 00:00:00,MX,488,5
2024-05-21 00:00:00,PE,,0
2024-05-21 00:00:00,SG,,0
2024-05-21 00:00:00,TD,698,6
2024-05-21 00:00:00,TN,1445,3
2024-05-21 00:00:00,TR,33,3
2024-05-21 00:00:00,TT,52,2
2024-05-21 00:00:00,UKS,,3
2024-05-21 00:00:00,UKW,629,5
2024-05-21 00:00:00,US,,0
2024-05-21 00:00:00,VE,,0
2024-05-21 00:00:00,VN,,0
2024-05-21 00:00:00,WE,,0
2024-05-22 00:00:00,,,0
2024-05-22 00:00:00,"",,0
2024-05-22 00:00:00,AU,,0
2024-05-22 00:00:00,BN,,0
2024-05-22 00:00:00,BR,5326,6
2024-05-22 00:00:00,BS,,0
2024-05-22 00:00:00,BZ,,0
2024-05-22 00:00:00,CCS,,0
2024-05-22 00:00:00,CD,2954,67
2024-05-22 00:00:00,CG,8958,49
2024-05-22 00:00:00,CM,,10
2024-05-22 00:00:00,CO,965,16
2024-05-22 00:00:00,EC,,0
2024-05-22 00:00:00,EG,,0
2024-05-22 00:00:00,ER,,0
2024-05-22 00:00:00,FR,,0
2024-05-22 00:00:00,GA,10511,44
2024-05-22 00:00:00,GT,257,1
2024-05-22 00:00:00,IQ,,0
2024-05-22 00:00:00,LH,,0
2024-05-22 00:00:00,MX,488,5
2024-05-22 00:00:00,PE,,0
2024-05-22 00:00:00,SG,,0
2024-05-22 00:00:00,TD,698,6
2024-05-22 00:00:00,TN,1445,3
2024-05-22 00:00:00,TR,33,3
2024-05-22 00:00:00,TT,52,2
2024-05-22 00:00:00,UKS,,4
2024-05-22 00:00:00,UKW,629,5
2024-05-22 00:00:00,US,,0
2024-05-22 00:00:00,VE,,0
2024-05-22 00:00:00,VN,,0
2024-05-22 00:00:00,WE,,0
2024-05-23 00:00:00,,,0
2024-05-23 00:00:00,"",,0
2024-05-23 00:00:00,AU,,0
2024-05-23 00:00:00,BN,,0
2024-05-23 00:00:00,BR,4806,6
2024-05-23 00:00:00,BS,,0
2024-05-23 00:00:00,BZ,,0
2024-05-23 00:00:00,CCS,,0
2024-05-23 00:00:00,CD,2950,66
2024-05-23 00:00:00,CG,8470,50
2024-05-23 00:00:00,CM,168,11
2024-05-23 00:00:00,CO,965,16
2024-05-23 00:00:00,EC,,0
2024-05-23 00:00:00,EG,,0
2024-05-23 00:00:00,ER,,0
2024-05-23 00:00:00,FR,,0
2024-05-23 00:00:00,GA,10459,44
2024-05-23 00:00:00,GT,,0
2024-05-23 00:00:00,IQ,,0
2024-05-23 00:00:00,LH,,0
2024-05-23 00:00:00,MX,488,5
2024-05-23 00:00:00,PE,,0
2024-05-23 00:00:00,SG,,0
2024-05-23 00:00:00,TD,698,6
2024-05-23 00:00:00,TN,1445,3
2024-05-23 00:00:00,TR,33,3
2024-05-23 00:00:00,TT,52,2
2024-05-23 00:00:00,UKS,,4
2024-05-23 00:00:00,UKW,629,5
2024-05-23 00:00:00,US,,0
2024-05-23 00:00:00,VE,,0
2024-05-23 00:00:00,VN,,0
2024-05-23 00:00:00,WE,,0
2024-05-24 00:00:00,,,0
2024-05-24 00:00:00,"",,0
2024-05-24 00:00:00,AU,,0
2024-05-24 00:00:00,BN,,0
2024-05-24 00:00:00,BR,4806,6
2024-05-24 00:00:00,BS,,0
2024-05-24 00:00:00,BZ,,0
2024-05-24 00:00:00,CCS,,0
2024-05-24 00:00:00,CD,2868,64
2024-05-24 00:00:00,CG,8463,50
2024-05-24 00:00:00,CM,123,11
2024-05-24 00:00:00,CO,965,16
2024-05-24 00:00:00,EC,,0
2024-05-24 00:00:00,EG,,0
2024-05-24 00:00:00,ER,,0
2024-05-24 00:00:00,FR,,0
2024-05-24 00:00:00,GA,10783,46
2024-05-24 00:00:00,GT,,0
2024-05-24 00:00:00,IQ,,0
2024-05-24 00:00:00,LH,,0
2024-05-24 00:00:00,MX,488,5
2024-05-24 00:00:00,PE,,0
2024-05-24 00:00:00,SG,,0
2024-05-24 00:00:00,TD,698,6
2024-05-24 00:00:00,TN,1445,3
2024-05-24 00:00:00,TR,33,3
2024-05-24 00:00:00,TT,52,2
2024-05-24 00:00:00,UKS,,3
2024-05-24 00:00:00,UKW,629,5
2024-05-24 00:00:00,US,,0
2024-05-24 00:00:00,VE,,0
2024-05-24 00:00:00,VN,,0
2024-05-24 00:00:00,WE,,0
2024-05-25 00:00:00,,,0
2024-05-25 00:00:00,"",,0
2024-05-25 00:00:00,AU,,0
2024-05-25 00:00:00,BN,,0
2024-05-25 00:00:00,BR,4806,6
2024-05-25 00:00:00,BS,,0
2024-05-25 00:00:00,BZ,,0
2024-05-25 00:00:00,CCS,,0
2024-05-25 00:00:00,CD,2739,63
2024-05-25 00:00:00,CG,8463,50
2024-05-25 00:00:00,CM,88,11
2024-05-25 00:00:00,CO,965,16
2024-05-25 00:00:00,EC,,0
2024-05-25 00:00:00,EG,,0
2024-05-25 00:00:00,ER,,0
2024-05-25 00:00:00,FR,,0
2024-05-25 00:00:00,GA,11305,47
2024-05-25 00:00:00,GT,,0
2024-05-25 00:00:00,IQ,,0
2024-05-25 00:00:00,LH,,0
2024-05-25 00:00:00,MX,488,5
2024-05-25 00:00:00,PE,,0
2024-05-25 00:00:00,SG,,0
2024-05-25 00:00:00,TD,1006,7
2024-05-25 00:00:00,TN,1445,3
2024-05-25 00:00:00,TR,33,3
2024-05-25 00:00:00,TT,52,2
2024-05-25 00:00:00,UKS,,3
2024-05-25 00:00:00,UKW,629,5
2024-05-25 00:00:00,US,,0
2024-05-25 00:00:00,VE,,0
2024-05-25 00:00:00,VN,,0
2024-05-25 00:00:00,WE,,0
2024-05-26 00:00:00,,,0
2024-05-26 00:00:00,"",,0
2024-05-26 00:00:00,AU,,0
2024-05-26 00:00:00,BN,,0
2024-05-26 00:00:00,BR,4806,6
2024-05-26 00:00:00,BS,,0
2024-05-26 00:00:00,BZ,,0
2024-05-26 00:00:00,CCS,,0
2024-05-26 00:00:00,CD,2362,63
2024-05-26 00:00:00,CG,8600,51
2024-05-26 00:00:00,CM,371,11
2024-05-26 00:00:00,CO,965,16
2024-05-26 00:00:00,EC,,0
2024-05-26 00:00:00,EG,,0
2024-05-26 00:00:00,ER,,0
2024-05-26 00:00:00,FR,,0
2024-05-26 00:00:00,GA,11724,47
2024-05-26 00:00:00,GT,,0
2024-05-26 00:00:00,IQ,,0
2024-05-26 00:00:00,LH,,0
2024-05-26 00:00:00,MX,488,5
2024-05-26 00:00:00,PE,,0
2024-05-26 00:00:00,SG,,0
2024-05-26 00:00:00,TD,698,6
2024-05-26 00:00:00,TN,1445,3
2024-05-26 00:00:00,TR,43,4
2024-05-26 00:00:00,TT,52,2
2024-05-26 00:00:00,UKS,,3
2024-05-26 00:00:00,UKW,629,5
2024-05-26 00:00:00,US,,0
2024-05-26 00:00:00,VE,,0
2024-05-26 00:00:00,VN,,0
2024-05-26 00:00:00,WE,,0
2024-05-27 00:00:00,,,0
2024-05-27 00:00:00,"",,0
2024-05-27 00:00:00,AU,,0
2024-05-27 00:00:00,BN,,0
2024-05-27 00:00:00,BR,4806,6
2024-05-27 00:00:00,BS,,0
2024-05-27 00:00:00,BZ,,0
2024-05-27 00:00:00,CCS,,0
2024-05-27 00:00:00,CD,2386,63
2024-05-27 00:00:00,CG,8600,51
2024-05-27 00:00:00,CM,688,12
2024-05-27 00:00:00,CO,1071,16
2024-05-27 00:00:00,EC,,0
2024-05-27 00:00:00,EG,,0
2024-05-27 00:00:00,ER,,0
2024-05-27 00:00:00,FR,,0
2024-05-27 00:00:00,GA,12796,49
2024-05-27 00:00:00,GT,,0
2024-05-27 00:00:00,IQ,,0
2024-05-27 00:00:00,LH,,0
2024-05-27 00:00:00,MX,488,5
2024-05-27 00:00:00,PE,,0
2024-05-27 00:00:00,SG,,0
2024-05-27 00:00:00,TD,786,7
2024-05-27 00:00:00,TN,1445,3
2024-05-27 00:00:00,TR,58,5
2024-05-27 00:00:00,TT,52,2
2024-05-27 00:00:00,UKS,,3
2024-05-27 00:00:00,UKW,629,5
2024-05-27 00:00:00,US,,0
2024-05-27 00:00:00,VE,,0
2024-05-27 00:00:00,VN,,0
2024-05-27 00:00:00,WE,,0
2024-05-28 00:00:00,,,0
2024-05-28 00:00:00,"",,0
2024-05-28 00:00:00,AU,,0
2024-05-28 00:00:00,BN,,0
2024-05-28 00:00:00,BR,4806,6
2024-05-28 00:00:00,BS,,0
2024-05-28 00:00:00,BZ,,0
2024-05-28 00:00:00,CCS,,0
2024-05-28 00:00:00,CD,2399,66
2024-05-28 00:00:00,CG,8600,51
2024-05-28 00:00:00,CM,800,12
2024-05-28 00:00:00,CO,965,16
2024-05-28 00:00:00,EC,,0
2024-05-28 00:00:00,EG,,0
2024-05-28 00:00:00,ER,,0
2024-05-28 00:00:00,FR,,0
2024-05-28 00:00:00,GA,12983,50
2024-05-28 00:00:00,GT,,0
2024-05-28 00:00:00,IQ,,0
2024-05-28 00:00:00,LH,,0
2024-05-28 00:00:00,MX,488,5
2024-05-28 00:00:00,PE,,0
2024-05-28 00:00:00,SG,,0
2024-05-28 00:00:00,TD,786,7
2024-05-28 00:00:00,TN,1445,3
2024-05-28 00:00:00,TR,58,4
2024-05-28 00:00:00,TT,52,2
2024-05-28 00:00:00,UKS,,3
2024-05-28 00:00:00,UKW,629,5
2024-05-28 00:00:00,US,,0
2024-05-28 00:00:00,VE,,0
2024-05-28 00:00:00,VN,,0
2024-05-28 00:00:00,WE,,0
2024-05-29 00:00:00,,,0
2024-05-29 00:00:00,"",,0
2024-05-29 00:00:00,AU,,0
2024-05-29 00:00:00,BN,,0
2024-05-29 00:00:00,BR,4806,6
2024-05-29 00:00:00,BS,,0
2024-05-29 00:00:00,BZ,,0
2024-05-29 00:00:00,CCS,,0
2024-05-29 00:00:00,CD,2370,65
2024-05-29 00:00:00,CG,8600,51
2024-05-29 00:00:00,CM,326,12
2024-05-29 00:00:00,CO,965,16
2024-05-29 00:00:00,EC,,0
2024-05-29 00:00:00,EG,,0
2024-05-29 00:00:00,ER,,0
2024-05-29 00:00:00,FR,,0
2024-05-29 00:00:00,GA,12955,50
2024-05-29 00:00:00,GT,,0
2024-05-29 00:00:00,IQ,,0
2024-05-29 00:00:00,LH,,0
2024-05-29 00:00:00,MX,488,5
2024-05-29 00:00:00,PE,,0
2024-05-29 00:00:00,SG,,0
2024-05-29 00:00:00,TD,786,7
2024-05-29 00:00:00,TN,1445,3
2024-05-29 00:00:00,TR,60,5
2024-05-29 00:00:00,TT,52,2
2024-05-29 00:00:00,UKS,,3
2024-05-29 00:00:00,UKW,629,5
2024-05-29 00:00:00,US,,0
2024-05-29 00:00:00,VE,,0
2024-05-29 00:00:00,VN,,0
2024-05-29 00:00:00,WE,,0
2024-05-30 00:00:00,,,0
2024-05-30 00:00:00,"",,0
2024-05-30 00:00:00,AU,,0
2024-05-30 00:00:00,BN,,0
2024-05-30 00:00:00,BR,4806,6
2024-05-30 00:00:00,BS,,0
2024-05-30 00:00:00,BZ,,0
2024-05-30 00:00:00,CCS,,0
2024-05-30 00:00:00,CD,2364,65
2024-05-30 00:00:00,CG,8600,51
2024-05-30 00:00:00,CM,266,12
2024-05-30 00:00:00,CO,965,16
2024-05-30 00:00:00,EC,,0
2024-05-30 00:00:00,EG,,0
2024-05-30 00:00:00,ER,,0
2024-05-30 00:00:00,FR,,0
2024-05-30 00:00:00,GA,12955,50
2024-05-30 00:00:00,GT,,0
2024-05-30 00:00:00,IQ,,0
2024-05-30 00:00:00,LH,,0
2024-05-30 00:00:00,MX,488,5
2024-05-30 00:00:00,PE,,0
2024-05-30 00:00:00,SG,,0
2024-05-30 00:00:00,TD,786,7
2024-05-30 00:00:00,TN,1445,3
2024-05-30 00:00:00,TR,58,5
2024-05-30 00:00:00,TT,52,2
2024-05-30 00:00:00,UKS,,3
2024-05-30 00:00:00,UKW,629,5
2024-05-30 00:00:00,US,,0
2024-05-30 00:00:00,VE,,0
2024-05-30 00:00:00,VN,,0
2024-05-30 00:00:00,WE,,0
2024-05-31 00:00:00,,,0
2024-05-31 00:00:00,"",,0
2024-05-31 00:00:00,AU,,0
2024-05-31 00:00:00,BN,,0
2024-05-31 00:00:00,BR,4806,6
2024-05-31 00:00:00,BS,,0
2024-05-31 00:00:00,BZ,,0
2024-05-31 00:00:00,CCS,,0
2024-05-31 00:00:00,CD,2316,64
2024-05-31 00:00:00,CG,8600,51
2024-05-31 00:00:00,CM,176,11
2024-05-31 00:00:00,CO,989,16
2024-05-31 00:00:00,EC,,0
2024-05-31 00:00:00,EG,,0
2024-05-31 00:00:00,ER,,0
2024-05-31 00:00:00,FR,,0
2024-05-31 00:00:00,GA,13095,50
2024-05-31 00:00:00,GT,,0
2024-05-31 00:00:00,IQ,,0
2024-05-31 00:00:00,LH,,0
2024-05-31 00:00:00,MX,488,5
2024-05-31 00:00:00,PE,,0
2024-05-31 00:00:00,SG,,0
2024-05-31 00:00:00,TD,779,6
2024-05-31 00:00:00,TN,1445,3
2024-05-31 00:00:00,TR,58,5
2024-05-31 00:00:00,TT,52,2
2024-05-31 00:00:00,UKS,,3
2024-05-31 00:00:00,UKW,629,5
2024-05-31 00:00:00,US,,0
2024-05-31 00:00:00,VE,,0
2024-05-31 00:00:00,VN,,0
2024-05-31 00:00:00,WE,,0
2024-06-01 00:00:00,,,0
2024-06-01 00:00:00,"",,0
2024-06-01 00:00:00,AU,,0
2024-06-01 00:00:00,BN,,0
2024-06-01 00:00:00,BR,4806,6
2024-06-01 00:00:00,BS,,0
2024-06-01 00:00:00,BZ,,0
2024-06-01 00:00:00,CCS,,0
2024-06-01 00:00:00,CD,2282,64
2024-06-01 00:00:00,CG,8288,50
2024-06-01 00:00:00,CM,183,11
2024-06-01 00:00:00,CO,992,17
2024-06-01 00:00:00,EC,,0
2024-06-01 00:00:00,EG,,0
2024-06-01 00:00:00,ER,,0
2024-06-01 00:00:00,FR,,0
2024-06-01 00:00:00,GA,13107,50
2024-06-01 00:00:00,GT,,0
2024-06-01 00:00:00,IQ,,0
2024-06-01 00:00:00,LH,,0
2024-06-01 00:00:00,MX,488,5
2024-06-01 00:00:00,PE,,0
2024-06-01 00:00:00,SG,,0
2024-06-01 00:00:00,TD,771,5
2024-06-01 00:00:00,TN,1445,3
2024-06-01 00:00:00,TR,58,5
2024-06-01 00:00:00,TT,52,2
2024-06-01 00:00:00,UKS,,3
2024-06-01 00:00:00,UKW,569,4
2024-06-01 00:00:00,US,,0
2024-06-01 00:00:00,VE,,0
2024-06-01 00:00:00,VN,,0
2024-06-01 00:00:00,WE,,0
2024-06-02 00:00:00,,,0
2024-06-02 00:00:00,"",,0
2024-06-02 00:00:00,AU,,0
2024-06-02 00:00:00,BN,,0
2024-06-02 00:00:00,BR,4806,6
2024-06-02 00:00:00,BS,,0
2024-06-02 00:00:00,BZ,,0
2024-06-02 00:00:00,CCS,,0
2024-06-02 00:00:00,CD,2275,62
2024-06-02 00:00:00,CG,8299,51
2024-06-02 00:00:00,CM,172,10
2024-06-02 00:00:00,CO,1014,17
2024-06-02 00:00:00,EC,,0
2024-06-02 00:00:00,EG,,0
2024-06-02 00:00:00,ER,,0
2024-06-02 00:00:00,FR,,0
2024-06-02 00:00:00,GA,13191,51
2024-06-02 00:00:00,GT,,0
2024-06-02 00:00:00,IQ,,0
2024-06-02 00:00:00,LH,,0
2024-06-02 00:00:00,MX,488,5
2024-06-02 00:00:00,PE,,0
2024-06-02 00:00:00,SG,,0
2024-06-02 00:00:00,TD,727,5
2024-06-02 00:00:00,TN,1445,3
2024-06-02 00:00:00,TR,58,5
2024-06-02 00:00:00,TT,52,2
2024-06-02 00:00:00,UKS,,4
2024-06-02 00:00:00,UKW,569,4
2024-06-02 00:00:00,US,,0
2024-06-02 00:00:00,VE,,0
2024-06-02 00:00:00,VN,,0
2024-06-02 00:00:00,WE,,0
2024-06-03 00:00:00,,,0
2024-06-03 00:00:00,"",,0
2024-06-03 00:00:00,AU,,0
2024-06-03 00:00:00,BN,,0
2024-06-03 00:00:00,BR,4806,6
2024-06-03 00:00:00,BS,,0
2024-06-03 00:00:00,BZ,,0
2024-06-03 00:00:00,CCS,,0
2024-06-03 00:00:00,CD,2108,61
2024-06-03 00:00:00,CG,8211,50
2024-06-03 00:00:00,CM,173,11
2024-06-03 00:00:00,CO,1112,18
2024-06-03 00:00:00,EC,,0
2024-06-03 00:00:00,EG,,0
2024-06-03 00:00:00,ER,,0
2024-06-03 00:00:00,FR,,0
2024-06-03 00:00:00,GA,13162,51
2024-06-03 00:00:00,GT,,0
2024-06-03 00:00:00,IQ,,0
2024-06-03 00:00:00,LH,,0
2024-06-03 00:00:00,MX,488,5
2024-06-03 00:00:00,PE,,0
2024-06-03 00:00:00,SG,,0
2024-06-03 00:00:00,TD,787,6
2024-06-03 00:00:00,TN,1445,3
2024-06-03 00:00:00,TR,92,5
2024-06-03 00:00:00,TT,52,2
2024-06-03 00:00:00,UKS,,4
2024-06-03 00:00:00,UKW,569,4
2024-06-03 00:00:00,US,,0
2024-06-03 00:00:00,VE,,0
2024-06-03 00:00:00,VN,,0
2024-06-03 00:00:00,WE,,0
2024-06-04 00:00:00,,,0
2024-06-04 00:00:00,"",,0
2024-06-04 00:00:00,AU,,0
2024-06-04 00:00:00,BN,,0
2024-06-04 00:00:00,BR,4806,6
2024-06-04 00:00:00,BS,,0
2024-06-04 00:00:00,BZ,,0
2024-06-04 00:00:00,CCS,,0
2024-06-04 00:00:00,CD,2160,61
2024-06-04 00:00:00,CG,8299,51
2024-06-04 00:00:00,CM,297,11
2024-06-04 00:00:00,CO,1112,18
2024-06-04 00:00:00,EC,,0
2024-06-04 00:00:00,EG,,0
2024-06-04 00:00:00,ER,,0
2024-06-04 00:00:00,FR,,0
2024-06-04 00:00:00,GA,13162,51
2024-06-04 00:00:00,GT,,0
2024-06-04 00:00:00,IQ,,0
2024-06-04 00:00:00,LH,,0
2024-06-04 00:00:00,MX,488,5
2024-06-04 00:00:00,PE,,0
2024-06-04 00:00:00,SG,,0
2024-06-04 00:00:00,TD,786,6
2024-06-04 00:00:00,TN,1445,3
2024-06-04 00:00:00,TR,139,7
2024-06-04 00:00:00,TT,52,2
2024-06-04 00:00:00,UKS,,4
2024-06-04 00:00:00,UKW,569,4
2024-06-04 00:00:00,US,,0
2024-06-04 00:00:00,VE,,0
2024-06-04 00:00:00,VN,,0
2024-06-04 00:00:00,WE,,0
2024-06-05 00:00:00,,,0
2024-06-05 00:00:00,"",,0
2024-06-05 00:00:00,AU,,0
2024-06-05 00:00:00,BN,,0
2024-06-05 00:00:00,BR,4806,6
2024-06-05 00:00:00,BS,,0
2024-06-05 00:00:00,BZ,,0
2024-06-05 00:00:00,CCS,,0
2024-06-05 00:00:00,CD,2111,60
2024-06-05 00:00:00,CG,8299,51
2024-06-05 00:00:00,CM,290,12
2024-06-05 00:00:00,CO,1112,17
2024-06-05 00:00:00,EC,,0
2024-06-05 00:00:00,EG,,0
2024-06-05 00:00:00,ER,,0
2024-06-05 00:00:00,FR,,0
2024-06-05 00:00:00,GA,13043,50
2024-06-05 00:00:00,GT,,0
2024-06-05 00:00:00,IQ,,0
2024-06-05 00:00:00,LH,,0
2024-06-05 00:00:00,MX,488,5
2024-06-05 00:00:00,PE,,0
2024-06-05 00:00:00,SG,,0
2024-06-05 00:00:00,TD,786,6
2024-06-05 00:00:00,TN,1445,3
2024-06-05 00:00:00,TR,135,5
2024-06-05 00:00:00,TT,52,2
2024-06-05 00:00:00,UKS,,4
2024-06-05 00:00:00,UKW,569,4
2024-06-05 00:00:00,US,,0
2024-06-05 00:00:00,VE,,0
2024-06-05 00:00:00,VN,,0
2024-06-05 00:00:00,WE,,0
2024-06-06 00:00:00,,,0
2024-06-06 00:00:00,"",,0
2024-06-06 00:00:00,AU,,0
2024-06-06 00:00:00,BN,,0
2024-06-06 00:00:00,BR,4806,6
2024-06-06 00:00:00,BS,,0
2024-06-06 00:00:00,BZ,,0
2024-06-06 00:00:00,CCS,,0
2024-06-06 00:00:00,CD,2090,60
2024-06-06 00:00:00,CG,8299,51
2024-06-06 00:00:00,CM,215,12
2024-06-06 00:00:00,CO,1112,17
2024-06-06 00:00:00,EC,,0
2024-06-06 00:00:00,EG,,0
2024-06-06 00:00:00,ER,,0
2024-06-06 00:00:00,FR,,0
2024-06-06 00:00:00,GA,13162,51
2024-06-06 00:00:00,GT,,0
2024-06-06 00:00:00,IQ,,0
2024-06-06 00:00:00,LH,,0
2024-06-06 00:00:00,MX,488,5
2024-06-06 00:00:00,PE,,0
2024-06-06 00:00:00,SG,,0
2024-06-06 00:00:00,TD,974,8
2024-06-06 00:00:00,TN,1480,3
2024-06-06 00:00:00,TR,135,5
2024-06-06 00:00:00,TT,52,2
2024-06-06 00:00:00,UKS,,4
2024-06-06 00:00:00,UKW,569,4
2024-06-06 00:00:00,US,,0
2024-06-06 00:00:00,VE,,0
2024-06-06 00:00:00,VN,,0
2024-06-06 00:00:00,WE,,0
2024-06-07 00:00:00,,,0
2024-06-07 00:00:00,"",,0
2024-06-07 00:00:00,AU,,0
2024-06-07 00:00:00,BN,,0
2024-06-07 00:00:00,BR,4806,6
2024-06-07 00:00:00,BS,,0
2024-06-07 00:00:00,BZ,,0
2024-06-07 00:00:00,CCS,,0
2024-06-07 00:00:00,CD,2000,60
2024-06-07 00:00:00,CG,8961,51
2024-06-07 00:00:00,CM,231,12
2024-06-07 00:00:00,CO,965,16
2024-06-07 00:00:00,EC,,0
2024-06-07 00:00:00,EG,,0
2024-06-07 00:00:00,ER,,0
2024-06-07 00:00:00,FR,,0
2024-06-07 00:00:00,GA,13162,51
2024-06-07 00:00:00,GT,,0
2024-06-07 00:00:00,IQ,,0
2024-06-07 00:00:00,LH,,0
2024-06-07 00:00:00,MX,488,5
2024-06-07 00:00:00,PE,,0
2024-06-07 00:00:00,SG,,0
2024-06-07 00:00:00,TD,855,7
2024-06-07 00:00:00,TN,1445,3
2024-06-07 00:00:00,TR,135,5
2024-06-07 00:00:00,TT,52,2
2024-06-07 00:00:00,UKS,,4
2024-06-07 00:00:00,UKW,569,4
2024-06-07 00:00:00,US,,0
2024-06-07 00:00:00,VE,,0
2024-06-07 00:00:00,VN,,0
2024-06-07 00:00:00,WE,,0
2024-06-08 00:00:00,,,0
2024-06-08 00:00:00,"",,0
2024-06-08 00:00:00,AU,,0
2024-06-08 00:00:00,BN,,0
2024-06-08 00:00:00,BR,4806,6
2024-06-08 00:00:00,BS,,0
2024-06-08 00:00:00,BZ,,0
2024-06-08 00:00:00,CCS,,0
2024-06-08 00:00:00,CD,2037,60
2024-06-08 00:00:00,CG,9052,52
2024-06-08 00:00:00,CM,221,12
2024-06-08 00:00:00,CO,965,16
2024-06-08 00:00:00,EC,,0
2024-06-08 00:00:00,EG,,0
2024-06-08 00:00:00,ER,,0
2024-06-08 00:00:00,FR,,0
2024-06-08 00:00:00,GA,12768,50
2024-06-08 00:00:00,GT,,0
2024-06-08 00:00:00,IQ,,0
2024-06-08 00:00:00,LH,,0
2024-06-08 00:00:00,MX,488,5
2024-06-08 00:00:00,PE,,0
2024-06-08 00:00:00,SG,,0
2024-06-08 00:00:00,TD,938,8
2024-06-08 00:00:00,TN,1445,3
2024-06-08 00:00:00,TR,135,5
2024-06-08 00:00:00,TT,52,2
2024-06-08 00:00:00,UKS,,4
2024-06-08 00:00:00,UKW,569,4
2024-06-08 00:00:00,US,,0
2024-06-08 00:00:00,VE,,0
2024-06-08 00:00:00,VN,,0
2024-06-08 00:00:00,WE,,0
2024-06-09 00:00:00,,,0
2024-06-09 00:00:00,"",,0
2024-06-09 00:00:00,AU,,0
2024-06-09 00:00:00,BN,,0
2024-06-09 00:00:00,BR,4883,6
2024-06-09 00:00:00,BS,,0
2024-06-09 00:00:00,BZ,,0
2024-06-09 00:00:00,CCS,,0
2024-06-09 00:00:00,CD,2090,62
2024-06-09 00:00:00,CG,9066,54
2024-06-09 00:00:00,CM,202,12
2024-06-09 00:00:00,CO,989,16
2024-06-09 00:00:00,EC,,0
2024-06-09 00:00:00,EG,,0
2024-06-09 00:00:00,ER,,0
2024-06-09 00:00:00,FR,,0
2024-06-09 00:00:00,GA,12728,50
2024-06-09 00:00:00,GT,,0
2024-06-09 00:00:00,IQ,,0
2024-06-09 00:00:00,LH,,0
2024-06-09 00:00:00,MX,488,5
2024-06-09 00:00:00,PE,,0
2024-06-09 00:00:00,SG,,0
2024-06-09 00:00:00,TD,881,8
2024-06-09 00:00:00,TN,1445,3
2024-06-09 00:00:00,TR,135,5
2024-06-09 00:00:00,TT,52,2
2024-06-09 00:00:00,UKS,,4
2024-06-09 00:00:00,UKW,571,4
2024-06-09 00:00:00,US,,0
2024-06-09 00:00:00,VE,,0
2024-06-09 00:00:00,VN,,0
2024-06-09 00:00:00,WE,,0
2024-06-10 00:00:00,,,0
2024-06-10 00:00:00,"",,0
2024-06-10 00:00:00,AU,,0
2024-06-10 00:00:00,BN,,0
2024-06-10 00:00:00,BR,5310,7
2024-06-10 00:00:00,BS,,0
2024-06-10 00:00:00,BZ,,0
2024-06-10 00:00:00,CCS,,0
2024-06-10 00:00:00,CD,2105,62
2024-06-10 00:00:00,CG,9195,55
2024-06-10 00:00:00,CM,202,12
2024-06-10 00:00:00,CO,965,16
2024-06-10 00:00:00,EC,,0
2024-06-10 00:00:00,EG,,0
2024-06-10 00:00:00,ER,,0
2024-06-10 00:00:00,FR,,0
2024-06-10 00:00:00,GA,12745,51
2024-06-10 00:00:00,GT,,0
2024-06-10 00:00:00,IQ,,0
2024-06-10 00:00:00,LH,,0
2024-06-10 00:00:00,MX,488,5
2024-06-10 00:00:00,PE,,0
2024-06-10 00:00:00,SG,,0
2024-06-10 00:00:00,TD,881,8
2024-06-10 00:00:00,TN,1445,3
2024-06-10 00:00:00,TR,135,5
2024-06-10 00:00:00,TT,52,2
2024-06-10 00:00:00,UKS,,4
2024-06-10 00:00:00,UKW,569,4
2024-06-10 00:00:00,US,,0
2024-06-10 00:00:00,VE,,0
2024-06-10 00:00:00,VN,,0
2024-06-10 00:00:00,WE,,0
2024-06-11 00:00:00,,,0
2024-06-11 00:00:00,"",,0
2024-06-11 00:00:00,AU,,0
2024-06-11 00:00:00,BN,,0
2024-06-11 00:00:00,BR,5314,8
2024-06-11 00:00:00,BS,,0
2024-06-11 00:00:00,BZ,,0
2024-06-11 00:00:00,CCS,,0
2024-06-11 00:00:00,CD,2017,61
2024-06-11 00:00:00,CG,9195,55
2024-06-11 00:00:00,CM,114,11
2024-06-11 00:00:00,CO,1024,16
2024-06-11 00:00:00,EC,,0
2024-06-11 00:00:00,EG,,0
2024-06-11 00:00:00,ER,,0
2024-06-11 00:00:00,FR,,0
2024-06-11 00:00:00,GA,12718,49
2024-06-11 00:00:00,GT,,0
2024-06-11 00:00:00,IQ,,0
2024-06-11 00:00:00,LH,,0
2024-06-11 00:00:00,MX,488,5
2024-06-11 00:00:00,PE,,0
2024-06-11 00:00:00,SG,,0
2024-06-11 00:00:00,TD,881,8
2024-06-11 00:00:00,TN,1445,3
2024-06-11 00:00:00,TR,135,5
2024-06-11 00:00:00,TT,52,2
2024-06-11 00:00:00,UKS,,4
2024-06-11 00:00:00,UKW,569,4
2024-06-11 00:00:00,US,,0
2024-06-11 00:00:00,VE,,0
2024-06-11 00:00:00,VN,,0
2024-06-11 00:00:00,WE,,0
2024-06-12 00:00:00,,,0
2024-06-12 00:00:00,"",,0
2024-06-12 00:00:00,AU,,0
2024-06-12 00:00:00,BN,,0
2024-06-12 00:00:00,BR,5314,8
2024-06-12 00:00:00,BS,,0
2024-06-12 00:00:00,BZ,,0
2024-06-12 00:00:00,CCS,,0
2024-06-12 00:00:00,CD,2044,60
2024-06-12 00:00:00,CG,9437,55
2024-06-12 00:00:00,CM,114,11
2024-06-12 00:00:00,CO,1022,16
2024-06-12 00:00:00,EC,,0
2024-06-12 00:00:00,EG,,0
2024-06-12 00:00:00,ER,,0
2024-06-12 00:00:00,FR,,0
2024-06-12 00:00:00,GA,12626,50
2024-06-12 00:00:00,GT,,0
2024-06-12 00:00:00,IQ,,0
2024-06-12 00:00:00,LH,,0
2024-06-12 00:00:00,MX,488,5
2024-06-12 00:00:00,PE,,0
2024-06-12 00:00:00,SG,,0
2024-06-12 00:00:00,TD,881,8
2024-06-12 00:00:00,TN,1445,3
2024-06-12 00:00:00,TR,135,5
2024-06-12 00:00:00,TT,52,2
2024-06-12 00:00:00,UKS,,4
2024-06-12 00:00:00,UKW,569,4
2024-06-12 00:00:00,US,,0
2024-06-12 00:00:00,VE,,0
2024-06-12 00:00:00,VN,,0
2024-06-12 00:00:00,WE,,0
2024-06-13 00:00:00,,,0
2024-06-13 00:00:00,"",,0
2024-06-13 00:00:00,AU,,0
2024-06-13 00:00:00,BN,,0
2024-06-13 00:00:00,BR,4807,7
2024-06-13 00:00:00,BS,,0
2024-06-13 00:00:00,BZ,,0
2024-06-13 00:00:00,CCS,,0
2024-06-13 00:00:00,CD,2020,61
2024-06-13 00:00:00,CG,9678,55
2024-06-13 00:00:00,CM,114,11
2024-06-13 00:00:00,CO,965,15
2024-06-13 00:00:00,EC,,0
2024-06-13 00:00:00,EG,,0
2024-06-13 00:00:00,ER,,0
2024-06-13 00:00:00,FR,,0
2024-06-13 00:00:00,GA,12282,50
2024-06-13 00:00:00,GT,,0
2024-06-13 00:00:00,IQ,,0
2024-06-13 00:00:00,LH,,0
2024-06-13 00:00:00,MX,488,5
2024-06-13 00:00:00,PE,,0
2024-06-13 00:00:00,SG,,0
2024-06-13 00:00:00,TD,881,8
2024-06-13 00:00:00,TN,1445,3
2024-06-13 00:00:00,TR,135,5
2024-06-13 00:00:00,TT,52,2
2024-06-13 00:00:00,UKS,,4
2024-06-13 00:00:00,UKW,569,4
2024-06-13 00:00:00,US,,0
2024-06-13 00:00:00,VE,,0
2024-06-13 00:00:00,VN,,0
2024-06-13 00:00:00,WE,,0
2024-06-14 00:00:00,,,0
2024-06-14 00:00:00,"",,0
2024-06-14 00:00:00,AU,,0
2024-06-14 00:00:00,BN,,0
2024-06-14 00:00:00,BR,2974,6
2024-06-14 00:00:00,BS,,0
2024-06-14 00:00:00,BZ,,0
2024-06-14 00:00:00,CCS,,0
2024-06-14 00:00:00,CD,2019,60
2024-06-14 00:00:00,CG,9258,55
2024-06-14 00:00:00,CM,,10
2024-06-14 00:00:00,CO,1108,16
2024-06-14 00:00:00,EC,,0
2024-06-14 00:00:00,EG,,0
2024-06-14 00:00:00,ER,,0
2024-06-14 00:00:00,FR,,0
2024-06-14 00:00:00,GA,12326,51
2024-06-14 00:00:00,GT,,0
2024-06-14 00:00:00,IQ,,0
2024-06-14 00:00:00,LH,,0
2024-06-14 00:00:00,MX,488,5
2024-06-14 00:00:00,PE,,0
2024-06-14 00:00:00,SG,,0
2024-06-14 00:00:00,TD,787,7
2024-06-14 00:00:00,TN,1445,3
2024-06-14 00:00:00,TR,135,5
2024-06-14 00:00:00,TT,52,2
2024-06-14 00:00:00,UKS,,4
2024-06-14 00:00:00,UKW,569,4
2024-06-14 00:00:00,US,,0
2024-06-14 00:00:00,VE,,0
2024-06-14 00:00:00,VN,,0
2024-06-14 00:00:00,WE,,0
2024-06-15 00:00:00,,,0
2024-06-15 00:00:00,"",,0
2024-06-15 00:00:00,AU,,0
2024-06-15 00:00:00,BN,,0
2024-06-15 00:00:00,BR,2814,5
2024-06-15 00:00:00,BS,,0
2024-06-15 00:00:00,BZ,,0
2024-06-15 00:00:00,CCS,,0
2024-06-15 00:00:00,CD,2083,63
2024-06-15 00:00:00,CG,9255,55
2024-06-15 00:00:00,CM,,10
2024-06-15 00:00:00,CO,1108,16
2024-06-15 00:00:00,EC,,0
2024-06-15 00:00:00,EG,,0
2024-06-15 00:00:00,ER,,0
2024-06-15 00:00:00,FR,,0
2024-06-15 00:00:00,GA,12326,51
2024-06-15 00:00:00,GT,,0
2024-06-15 00:00:00,IQ,,0
2024-06-15 00:00:00,LH,,0
2024-06-15 00:00:00,MX,488,5
2024-06-15 00:00:00,PE,,0
2024-06-15 00:00:00,SG,,0
2024-06-15 00:00:00,TD,881,8
2024-06-15 00:00:00,TN,1445,3
2024-06-15 00:00:00,TR,135,5
2024-06-15 00:00:00,TT,52,2
2024-06-15 00:00:00,UKS,,4
2024-06-15 00:00:00,UKW,569,4
2024-06-15 00:00:00,US,,0
2024-06-15 00:00:00,VE,,0
2024-06-15 00:00:00,VN,,0
2024-06-15 00:00:00,WE,,0
2024-06-16 00:00:00,,,0
2024-06-16 00:00:00,"",,0
2024-06-16 00:00:00,AU,,0
2024-06-16 00:00:00,BN,,0
2024-06-16 00:00:00,BR,2489,5
2024-06-16 00:00:00,BS,,0
2024-06-16 00:00:00,BZ,,0
2024-06-16 00:00:00,CCS,,0
2024-06-16 00:00:00,CD,2073,59
2024-06-16 00:00:00,CG,9265,56
2024-06-16 00:00:00,CM,,10
2024-06-16 00:00:00,CO,1108,16
2024-06-16 00:00:00,EC,,0
2024-06-16 00:00:00,EG,,0
2024-06-16 00:00:00,ER,,0
2024-06-16 00:00:00,FR,,0
2024-06-16 00:00:00,GA,12459,52
2024-06-16 00:00:00,GT,,0
2024-06-16 00:00:00,IQ,,0
2024-06-16 00:00:00,LH,,0
2024-06-16 00:00:00,MX,504,5
2024-06-16 00:00:00,PE,,0
2024-06-16 00:00:00,SG,,0
2024-06-16 00:00:00,TD,881,8
2024-06-16 00:00:00,TN,1445,3
2024-06-16 00:00:00,TR,135,5
2024-06-16 00:00:00,TT,52,2
2024-06-16 00:00:00,UKS,,4
2024-06-16 00:00:00,UKW,569,4
2024-06-16 00:00:00,US,,0
2024-06-16 00:00:00,VE,,0
2024-06-16 00:00:00,VN,,0
2024-06-16 00:00:00,WE,,0
2024-06-17 00:00:00,,,0
2024-06-17 00:00:00,"",,0
2024-06-17 00:00:00,AU,,0
2024-06-17 00:00:00,BN,,0
2024-06-17 00:00:00,BR,2489,5
2024-06-17 00:00:00,BS,,0
2024-06-17 00:00:00,BZ,,0
2024-06-17 00:00:00,CCS,,0
2024-06-17 00:00:00,CD,3324,59
2024-06-17 00:00:00,CG,9265,56
2024-06-17 00:00:00,CM,,10
2024-06-17 00:00:00,CO,1108,16
2024-06-17 00:00:00,EC,,0
2024-06-17 00:00:00,EG,,0
2024-06-17 00:00:00,ER,,0
2024-06-17 00:00:00,FR,,0
2024-06-17 00:00:00,GA,12445,52
2024-06-17 00:00:00,GT,,0
2024-06-17 00:00:00,IQ,,0
2024-06-17 00:00:00,LH,,0
2024-06-17 00:00:00,MX,488,5
2024-06-17 00:00:00,PE,,0
2024-06-17 00:00:00,SG,,0
2024-06-17 00:00:00,TD,881,8
2024-06-17 00:00:00,TN,1445,3
2024-06-17 00:00:00,TR,135,5
2024-06-17 00:00:00,TT,52,2
2024-06-17 00:00:00,UKS,,3
2024-06-17 00:00:00,UKW,569,4
2024-06-17 00:00:00,US,,0
2024-06-17 00:00:00,VE,,0
2024-06-17 00:00:00,VN,,0
2024-06-17 00:00:00,WE,,0
2024-06-18 00:00:00,,,0
2024-06-18 00:00:00,"",,0
2024-06-18 00:00:00,AU,,0
2024-06-18 00:00:00,BN,,0
2024-06-18 00:00:00,BR,2489,5
2024-06-18 00:00:00,BS,,0
2024-06-18 00:00:00,BZ,,0
2024-06-18 00:00:00,CCS,,0
2024-06-18 00:00:00,CD,3401,58
2024-06-18 00:00:00,CG,9265,56
2024-06-18 00:00:00,CM,106,11
2024-06-18 00:00:00,CO,1108,16
2024-06-18 00:00:00,EC,,0
2024-06-18 00:00:00,EG,,0
2024-06-18 00:00:00,ER,,0
2024-06-18 00:00:00,FR,,0
2024-06-18 00:00:00,GA,11184,50
2024-06-18 00:00:00,GT,,0
2024-06-18 00:00:00,IQ,,0
2024-06-18 00:00:00,LH,,0
2024-06-18 00:00:00,MX,488,5
2024-06-18 00:00:00,PE,,0
2024-06-18 00:00:00,SG,,0
2024-06-18 00:00:00,TD,881,8
2024-06-18 00:00:00,TN,1445,3
2024-06-18 00:00:00,TR,135,5
2024-06-18 00:00:00,TT,52,1
2024-06-18 00:00:00,UKS,,3
2024-06-18 00:00:00,UKW,569,4
2024-06-18 00:00:00,US,,0
2024-06-18 00:00:00,VE,,0
2024-06-18 00:00:00,VN,,0
2024-06-18 00:00:00,WE,,0
2024-06-19 00:00:00,,,0
2024-06-19 00:00:00,"",,0
2024-06-19 00:00:00,AU,,0
2024-06-19 00:00:00,BN,,0
2024-06-19 00:00:00,BR,2489,5
2024-06-19 00:00:00,BS,,0
2024-06-19 00:00:00,BZ,,0
2024-06-19 00:00:00,CCS,,0
2024-06-19 00:00:00,CD,3309,57
2024-06-19 00:00:00,CG,10246,57
2024-06-19 00:00:00,CM,242,12
2024-06-19 00:00:00,CO,1108,16
2024-06-19 00:00:00,EC,,0
2024-06-19 00:00:00,EG,,0
2024-06-19 00:00:00,ER,,0
2024-06-19 00:00:00,FR,,0
2024-06-19 00:00:00,GA,11212,51
2024-06-19 00:00:00,GT,,0
2024-06-19 00:00:00,IQ,,0
2024-06-19 00:00:00,LH,,0
2024-06-19 00:00:00,MX,488,5
2024-06-19 00:00:00,PE,,0
2024-06-19 00:00:00,SG,,0
2024-06-19 00:00:00,TD,881,8
2024-06-19 00:00:00,TN,1445,3
2024-06-19 00:00:00,TR,135,5
2024-06-19 00:00:00,TT,57,1
2024-06-19 00:00:00,UKS,,3
2024-06-19 00:00:00,UKW,569,4
2024-06-19 00:00:00,US,,0
2024-06-19 00:00:00,VE,,0
2024-06-19 00:00:00,VN,,0
2024-06-19 00:00:00,WE,,0
2024-06-20 00:00:00,,,0
2024-06-20 00:00:00,"",,0
2024-06-20 00:00:00,AU,,0
2024-06-20 00:00:00,BN,,0
2024-06-20 00:00:00,BR,2489,5
2024-06-20 00:00:00,BS,,0
2024-06-20 00:00:00,BZ,,0
2024-06-20 00:00:00,CCS,,0
2024-06-20 00:00:00,CD,3290,57
2024-06-20 00:00:00,CG,10246,57
2024-06-20 00:00:00,CM,247,12
2024-06-20 00:00:00,CO,1108,16
2024-06-20 00:00:00,EC,,0
2024-06-20 00:00:00,EG,,0
2024-06-20 00:00:00,ER,,0
2024-06-20 00:00:00,FR,,0
2024-06-20 00:00:00,GA,11212,51
2024-06-20 00:00:00,GT,,0
2024-06-20 00:00:00,IQ,,0
2024-06-20 00:00:00,LH,,0
2024-06-20 00:00:00,MX,488,5
2024-06-20 00:00:00,PE,,0
2024-06-20 00:00:00,SG,,0
2024-06-20 00:00:00,TD,881,8
2024-06-20 00:00:00,TN,1445,3
2024-06-20 00:00:00,TR,135,5
2024-06-20 00:00:00,TT,52,1
2024-06-20 00:00:00,UKS,,3
2024-06-20 00:00:00,UKW,569,4
2024-06-20 00:00:00,US,,0
2024-06-20 00:00:00,VE,,0
2024-06-20 00:00:00,VN,,0
2024-06-20 00:00:00,WE,,0
2024-06-21 00:00:00,,,0
2024-06-21 00:00:00,"",,0
2024-06-21 00:00:00,AU,,0
2024-06-21 00:00:00,BN,,0
2024-06-21 00:00:00,BR,2489,5
2024-06-21 00:00:00,BS,,0
2024-06-21 00:00:00,BZ,,0
2024-06-21 00:00:00,CCS,,0
2024-06-21 00:00:00,CD,3256,55
2024-06-21 00:00:00,CG,10438,57
2024-06-21 00:00:00,CM,213,12
2024-06-21 00:00:00,CO,1108,16
2024-06-21 00:00:00,EC,,0
2024-06-21 00:00:00,EG,,0
2024-06-21 00:00:00,ER,,0
2024-06-21 00:00:00,FR,,0
2024-06-21 00:00:00,GA,11212,51
2024-06-21 00:00:00,GT,,0
2024-06-21 00:00:00,IQ,,0
2024-06-21 00:00:00,LH,,0
2024-06-21 00:00:00,MX,488,5
2024-06-21 00:00:00,PE,,0
2024-06-21 00:00:00,SG,,0
2024-06-21 00:00:00,TD,881,8
2024-06-21 00:00:00,TN,1445,3
2024-06-21 00:00:00,TR,135,5
2024-06-21 00:00:00,TT,52,1
2024-06-21 00:00:00,UKS,,3
2024-06-21 00:00:00,UKW,569,4
2024-06-21 00:00:00,US,,0
2024-06-21 00:00:00,VE,,0
2024-06-21 00:00:00,VN,,0
2024-06-21 00:00:00,WE,,0
2024-06-22 00:00:00,,,0
2024-06-22 00:00:00,"",,0
2024-06-22 00:00:00,AU,,0
2024-06-22 00:00:00,BN,,0
2024-06-22 00:00:00,BR,2489,5
2024-06-22 00:00:00,BS,,0
2024-06-22 00:00:00,BZ,,0
2024-06-22 00:00:00,CCS,,0
2024-06-22 00:00:00,CD,3173,55
2024-06-22 00:00:00,CG,10246,57
2024-06-22 00:00:00,CM,293,13
2024-06-22 00:00:00,CO,1108,16
2024-06-22 00:00:00,EC,,0
2024-06-22 00:00:00,EG,,0
2024-06-22 00:00:00,ER,,0
2024-06-22 00:00:00,FR,,0
2024-06-22 00:00:00,GA,11132,50
2024-06-22 00:00:00,GT,,0
2024-06-22 00:00:00,IQ,,0
2024-06-22 00:00:00,LH,,0
2024-06-22 00:00:00,MX,499,5
2024-06-22 00:00:00,PE,,0
2024-06-22 00:00:00,SG,,0
2024-06-22 00:00:00,TD,881,8
2024-06-22 00:00:00,TN,1445,3
2024-06-22 00:00:00,TR,135,5
2024-06-22 00:00:00,TT,52,1
2024-06-22 00:00:00,UKS,,3
2024-06-22 00:00:00,UKW,569,4
2024-06-22 00:00:00,US,,0
2024-06-22 00:00:00,VE,,0
2024-06-22 00:00:00,VN,,0
2024-06-22 00:00:00,WE,,0
2024-06-23 00:00:00,,,0
2024-06-23 00:00:00,"",,0
2024-06-23 00:00:00,AU,,0
2024-06-23 00:00:00,BN,,0
2024-06-23 00:00:00,BR,2489,5
2024-06-23 00:00:00,BS,,0
2024-06-23 00:00:00,BZ,,0
2024-06-23 00:00:00,CCS,,0
2024-06-23 00:00:00,CD,3192,53
2024-06-23 00:00:00,CG,10246,57
2024-06-23 00:00:00,CM,293,12
2024-06-23 00:00:00,CO,1108,16
2024-06-23 00:00:00,EC,,0
2024-06-23 00:00:00,EG,,0
2024-06-23 00:00:00,ER,,0
2024-06-23 00:00:00,FR,,0
2024-06-23 00:00:00,GA,11163,51
2024-06-23 00:00:00,GT,,0
2024-06-23 00:00:00,IQ,,0
2024-06-23 00:00:00,LH,,0
2024-06-23 00:00:00,MX,503,5
2024-06-23 00:00:00,PE,,0
2024-06-23 00:00:00,SG,,0
2024-06-23 00:00:00,TD,881,8
2024-06-23 00:00:00,TN,1445,3
2024-06-23 00:00:00,TR,135,5
2024-06-23 00:00:00,TT,57,1
2024-06-23 00:00:00,UKS,,3
2024-06-23 00:00:00,UKW,569,4
2024-06-23 00:00:00,US,,0
2024-06-23 00:00:00,VE,,0
2024-06-23 00:00:00,VN,,0
2024-06-23 00:00:00,WE,,0
2024-06-24 00:00:00,,,0
2024-06-24 00:00:00,"",,0
2024-06-24 00:00:00,AU,,0
2024-06-24 00:00:00,BN,,0
2024-06-24 00:00:00,BR,2489,5
2024-06-24 00:00:00,BS,,0
2024-06-24 00:00:00,BZ,,0
2024-06-24 00:00:00,CCS,,0
2024-06-24 00:00:00,CD,2893,51
2024-06-24 00:00:00,CG,10246,57
2024-06-24 00:00:00,CM,293,13
2024-06-24 00:00:00,CO,1108,15
2024-06-24 00:00:00,EC,,0
2024-06-24 00:00:00,EG,,0
2024-06-24 00:00:00,ER,,0
2024-06-24 00:00:00,FR,,0
2024-06-24 00:00:00,GA,11163,51
2024-06-24 00:00:00,GT,,0
2024-06-24 00:00:00,IQ,,0
2024-06-24 00:00:00,LH,,0
2024-06-24 00:00:00,MX,535,5
2024-06-24 00:00:00,PE,,0
2024-06-24 00:00:00,SG,,0
2024-06-24 00:00:00,TD,880,7
2024-06-24 00:00:00,TN,1445,3
2024-06-24 00:00:00,TR,135,5
2024-06-24 00:00:00,TT,62,1
2024-06-24 00:00:00,UKS,,3
2024-06-24 00:00:00,UKW,569,4
2024-06-24 00:00:00,US,,0
2024-06-24 00:00:00,VE,,0
2024-06-24 00:00:00,VN,,0
2024-06-24 00:00:00,WE,,0
2024-06-25 00:00:00,,,0
2024-06-25 00:00:00,"",,0
2024-06-25 00:00:00,AU,,0
2024-06-25 00:00:00,BN,,0
2024-06-25 00:00:00,BR,2489,6
2024-06-25 00:00:00,BS,,0
2024-06-25 00:00:00,BZ,,0
2024-06-25 00:00:00,CCS,,0
2024-06-25 00:00:00,CD,2976,52
2024-06-25 00:00:00,CG,10320,57
2024-06-25 00:00:00,CM,259,12
2024-06-25 00:00:00,CO,1108,16
2024-06-25 00:00:00,EC,,0
2024-06-25 00:00:00,EG,,0
2024-06-25 00:00:00,ER,,0
2024-06-25 00:00:00,FR,,0
2024-06-25 00:00:00,GA,11163,51
2024-06-25 00:00:00,GT,,0
2024-06-25 00:00:00,IQ,,0
2024-06-25 00:00:00,LH,,0
2024-06-25 00:00:00,MX,504,5
2024-06-25 00:00:00,PE,,0
2024-06-25 00:00:00,SG,,0
2024-06-25 00:00:00,TD,787,7
2024-06-25 00:00:00,TN,1445,3
2024-06-25 00:00:00,TR,135,5
2024-06-25 00:00:00,TT,55,1
2024-06-25 00:00:00,UKS,,3
2024-06-25 00:00:00,UKW,629,5
2024-06-25 00:00:00,US,,0
2024-06-25 00:00:00,VE,,0
2024-06-25 00:00:00,VN,,0
2024-06-25 00:00:00,WE,,0
2024-06-26 00:00:00,,,0
2024-06-26 00:00:00,"",,0
2024-06-26 00:00:00,AU,,0
2024-06-26 00:00:00,BN,,0
2024-06-26 00:00:00,BR,2489,6
2024-06-26 00:00:00,BS,,0
2024-06-26 00:00:00,BZ,,0
2024-06-26 00:00:00,CCS,,0
2024-06-26 00:00:00,CD,1840,52
2024-06-26 00:00:00,CG,10207,56
2024-06-26 00:00:00,CM,202,12
2024-06-26 00:00:00,CO,1108,16
2024-06-26 00:00:00,EC,,0
2024-06-26 00:00:00,EG,,0
2024-06-26 00:00:00,ER,,0
2024-06-26 00:00:00,FR,,0
2024-06-26 00:00:00,GA,11163,51
2024-06-26 00:00:00,GT,,0
2024-06-26 00:00:00,IQ,,0
2024-06-26 00:00:00,LH,,0
2024-06-26 00:00:00,MX,493,5
2024-06-26 00:00:00,PE,,0
2024-06-26 00:00:00,SG,,0
2024-06-26 00:00:00,TD,880,7
2024-06-26 00:00:00,TN,1445,3
2024-06-26 00:00:00,TR,135,5
2024-06-26 00:00:00,TT,52,1
2024-06-26 00:00:00,UKS,,3
2024-06-26 00:00:00,UKW,629,5
2024-06-26 00:00:00,US,,0
2024-06-26 00:00:00,VE,,0
2024-06-26 00:00:00,VN,,0
2024-06-26 00:00:00,WE,,0
2024-06-27 00:00:00,,,0
2024-06-27 00:00:00,"",,0
2024-06-27 00:00:00,AU,,0
2024-06-27 00:00:00,BN,,0
2024-06-27 00:00:00,BR,2489,6
2024-06-27 00:00:00,BS,,0
2024-06-27 00:00:00,BZ,,0
2024-06-27 00:00:00,CCS,,0
2024-06-27 00:00:00,CD,1872,52
2024-06-27 00:00:00,CG,10133,56
2024-06-27 00:00:00,CM,156,12
2024-06-27 00:00:00,CO,1034,16
2024-06-27 00:00:00,EC,,0
2024-06-27 00:00:00,EG,,0
2024-06-27 00:00:00,ER,,0
2024-06-27 00:00:00,FR,,0
2024-06-27 00:00:00,GA,11163,51
2024-06-27 00:00:00,GT,,0
2024-06-27 00:00:00,IQ,,0
2024-06-27 00:00:00,LH,,0
2024-06-27 00:00:00,MX,491,5
2024-06-27 00:00:00,PE,,0
2024-06-27 00:00:00,SG,,0
2024-06-27 00:00:00,TD,897,7
2024-06-27 00:00:00,TN,1445,3
2024-06-27 00:00:00,TR,135,5
2024-06-27 00:00:00,TT,52,1
2024-06-27 00:00:00,UKS,,3
2024-06-27 00:00:00,UKW,629,5
2024-06-27 00:00:00,US,,0
2024-06-27 00:00:00,VE,,0
2024-06-27 00:00:00,VN,,0
2024-06-27 00:00:00,WE,,0
2024-06-28 00:00:00,,,0
2024-06-28 00:00:00,"",,0
2024-06-28 00:00:00,AU,,0
2024-06-28 00:00:00,BN,,0
2024-06-28 00:00:00,BR,2489,6
2024-06-28 00:00:00,BS,,0
2024-06-28 00:00:00,BZ,,0
2024-06-28 00:00:00,CCS,,0
2024-06-28 00:00:00,CD,1872,52
2024-06-28 00:00:00,CG,10765,56
2024-06-28 00:00:00,CM,106,11
2024-06-28 00:00:00,CO,1034,16
2024-06-28 00:00:00,EC,,0
2024-06-28 00:00:00,EG,,0
2024-06-28 00:00:00,ER,,0
2024-06-28 00:00:00,FR,,0
2024-06-28 00:00:00,GA,11163,51
2024-06-28 00:00:00,GT,,0
2024-06-28 00:00:00,IQ,,0
2024-06-28 00:00:00,LH,,0
2024-06-28 00:00:00,MX,488,5
2024-06-28 00:00:00,PE,,0
2024-06-28 00:00:00,SG,,0
2024-06-28 00:00:00,TD,787,7
2024-06-28 00:00:00,TN,1445,3
2024-06-28 00:00:00,TR,159,5
2024-06-28 00:00:00,TT,52,1
2024-06-28 00:00:00,UKS,,3
2024-06-28 00:00:00,UKW,629,5
2024-06-28 00:00:00,US,,0
2024-06-28 00:00:00,VE,,0
2024-06-28 00:00:00,VN,,0
2024-06-28 00:00:00,WE,,0
2024-06-29 00:00:00,,,0
2024-06-29 00:00:00,"",,0
2024-06-29 00:00:00,AU,,0
2024-06-29 00:00:00,BN,,0
2024-06-29 00:00:00,BR,2489,6
2024-06-29 00:00:00,BS,,0
2024-06-29 00:00:00,BZ,,0
2024-06-29 00:00:00,CCS,,0
2024-06-29 00:00:00,CD,1997,53
2024-06-29 00:00:00,CG,10771,57
2024-06-29 00:00:00,CM,106,11
2024-06-29 00:00:00,CO,1034,16
2024-06-29 00:00:00,EC,,0
2024-06-29 00:00:00,EG,,0
2024-06-29 00:00:00,ER,,0
2024-06-29 00:00:00,FR,,0
2024-06-29 00:00:00,GA,12153,52
2024-06-29 00:00:00,GT,,0
2024-06-29 00:00:00,IQ,,0
2024-06-29 00:00:00,LH,,0
2024-06-29 00:00:00,MX,488,5
2024-06-29 00:00:00,PE,,0
2024-06-29 00:00:00,SG,,0
2024-06-29 00:00:00,TD,881,8
2024-06-29 00:00:00,TN,1445,3
2024-06-29 00:00:00,TR,220,6
2024-06-29 00:00:00,TT,52,1
2024-06-29 00:00:00,UKS,,3
2024-06-29 00:00:00,UKW,637,5
2024-06-29 00:00:00,US,,0
2024-06-29 00:00:00,VE,,0
2024-06-29 00:00:00,VN,,0
2024-06-29 00:00:00,WE,,0
2024-06-30 00:00:00,,,0
2024-06-30 00:00:00,"",,0
2024-06-30 00:00:00,AU,,0
2024-06-30 00:00:00,BN,,0
2024-06-30 00:00:00,BR,2739,7
2024-06-30 00:00:00,BS,,0
2024-06-30 00:00:00,BZ,,0
2024-06-30 00:00:00,CCS,,0
2024-06-30 00:00:00,CD,2203,59
2024-06-30 00:00:00,CG,10771,57
2024-06-30 00:00:00,CM,383,11
2024-06-30 00:00:00,CO,1034,16
2024-06-30 00:00:00,EC,,0
2024-06-30 00:00:00,EG,,0
2024-06-30 00:00:00,ER,,0
2024-06-30 00:00:00,FR,,0
2024-06-30 00:00:00,GA,12216,53
2024-06-30 00:00:00,GT,,0
2024-06-30 00:00:00,IQ,,0
2024-06-30 00:00:00,LH,,0
2024-06-30 00:00:00,MX,488,5
2024-06-30 00:00:00,PE,,0
2024-06-30 00:00:00,SG,,0
2024-06-30 00:00:00,TD,880,7
2024-06-30 00:00:00,TN,1445,3
2024-06-30 00:00:00,TR,220,6
2024-06-30 00:00:00,TT,52,1
2024-06-30 00:00:00,UKS,,3
2024-06-30 00:00:00,UKW,644,6
2024-06-30 00:00:00,US,,0
2024-06-30 00:00:00,VE,,0
2024-06-30 00:00:00,VN,,0
2024-06-30 00:00:00,WE,,0
2024-07-01 00:00:00,,,0
2024-07-01 00:00:00,"",,0
2024-07-01 00:00:00,AU,,0
2024-07-01 00:00:00,BN,,0
2024-07-01 00:00:00,BR,2739,7
2024-07-01 00:00:00,BS,,0
2024-07-01 00:00:00,BZ,,0
2024-07-01 00:00:00,CCS,,0
2024-07-01 00:00:00,CD,2103,56
2024-07-01 00:00:00,CG,9791,56
2024-07-01 00:00:00,CM,106,11
2024-07-01 00:00:00,CO,1034,16
2024-07-01 00:00:00,EC,,0
2024-07-01 00:00:00,EG,,0
2024-07-01 00:00:00,ER,,0
2024-07-01 00:00:00,FR,,0
2024-07-01 00:00:00,GA,12097,52
2024-07-01 00:00:00,GT,,0
2024-07-01 00:00:00,IQ,,0
2024-07-01 00:00:00,LH,,0
2024-07-01 00:00:00,MX,488,5
2024-07-01 00:00:00,PE,,0
2024-07-01 00:00:00,SG,,0
2024-07-01 00:00:00,TD,786,6
2024-07-01 00:00:00,TN,1445,3
2024-07-01 00:00:00,TR,220,6
2024-07-01 00:00:00,TT,52,1
2024-07-01 00:00:00,UKS,,4
2024-07-01 00:00:00,UKW,644,6
2024-07-01 00:00:00,US,,0
2024-07-01 00:00:00,VE,,0
2024-07-01 00:00:00,VN,,0
2024-07-01 00:00:00,WE,,0
2024-07-02 00:00:00,,,0
2024-07-02 00:00:00,"",,0
2024-07-02 00:00:00,AU,,0
2024-07-02 00:00:00,BN,,0
2024-07-02 00:00:00,BR,2739,7
2024-07-02 00:00:00,BS,,0
2024-07-02 00:00:00,BZ,,0
2024-07-02 00:00:00,CCS,,0
2024-07-02 00:00:00,CD,1935,55
2024-07-02 00:00:00,CG,10407,57
2024-07-02 00:00:00,CM,106,11
2024-07-02 00:00:00,CO,1034,16
2024-07-02 00:00:00,EC,,0
2024-07-02 00:00:00,EG,,0
2024-07-02 00:00:00,ER,,0
2024-07-02 00:00:00,FR,,0
2024-07-02 00:00:00,GA,12097,52
2024-07-02 00:00:00,GT,,0
2024-07-02 00:00:00,IQ,,0
2024-07-02 00:00:00,LH,,0
2024-07-02 00:00:00,MX,488,5
2024-07-02 00:00:00,PE,,0
2024-07-02 00:00:00,SG,,0
2024-07-02 00:00:00,TD,787,7
2024-07-02 00:00:00,TN,1445,3
2024-07-02 00:00:00,TR,220,6
2024-07-02 00:00:00,TT,52,1
2024-07-02 00:00:00,UKS,,4
2024-07-02 00:00:00,UKW,639,5
2024-07-02 00:00:00,US,,0
2024-07-02 00:00:00,VE,,0
2024-07-02 00:00:00,VN,,0
2024-07-02 00:00:00,WE,,0
2024-07-03 00:00:00,,,0
2024-07-03 00:00:00,"",,0
2024-07-03 00:00:00,AU,,0
2024-07-03 00:00:00,BN,,0
2024-07-03 00:00:00,BR,2518,6
2024-07-03 00:00:00,BS,,0
2024-07-03 00:00:00,BZ,,0
2024-07-03 00:00:00,CCS,,0
2024-07-03 00:00:00,CD,1714,56
2024-07-03 00:00:00,CG,9886,56
2024-07-03 00:00:00,CM,106,11
2024-07-03 00:00:00,CO,1034,16
2024-07-03 00:00:00,EC,,0
2024-07-03 00:00:00,EG,,0
2024-07-03 00:00:00,ER,,0
2024-07-03 00:00:00,FR,,0
2024-07-03 00:00:00,GA,12305,53
2024-07-03 00:00:00,GT,,0
2024-07-03 00:00:00,IQ,,0
2024-07-03 00:00:00,LH,,0
2024-07-03 00:00:00,MX,488,5
2024-07-03 00:00:00,PE,,0
2024-07-03 00:00:00,SG,,0
2024-07-03 00:00:00,TD,881,7
2024-07-03 00:00:00,TN,1445,3
2024-07-03 00:00:00,TR,220,7
2024-07-03 00:00:00,TT,52,1
2024-07-03 00:00:00,UKS,,4
2024-07-03 00:00:00,UKW,629,5
2024-07-03 00:00:00,US,,0
2024-07-03 00:00:00,VE,,0
2024-07-03 00:00:00,VN,,0
2024-07-03 00:00:00,WE,,0
2024-07-04 00:00:00,,,0
2024-07-04 00:00:00,"",,0
2024-07-04 00:00:00,AU,,0
2024-07-04 00:00:00,BN,,0
2024-07-04 00:00:00,BR,2489,6
2024-07-04 00:00:00,BS,,0
2024-07-04 00:00:00,BZ,,0
2024-07-04 00:00:00,CCS,,0
2024-07-04 00:00:00,CD,1749,56
2024-07-04 00:00:00,CG,10008,57
2024-07-04 00:00:00,CM,156,12
2024-07-04 00:00:00,CO,1034,16
2024-07-04 00:00:00,EC,,0
2024-07-04 00:00:00,EG,,0
2024-07-04 00:00:00,ER,,0
2024-07-04 00:00:00,FR,,0
2024-07-04 00:00:00,GA,12430,53
2024-07-04 00:00:00,GT,,0
2024-07-04 00:00:00,IQ,,0
2024-07-04 00:00:00,LH,,0
2024-07-04 00:00:00,MX,488,5
2024-07-04 00:00:00,PE,,0
2024-07-04 00:00:00,SG,,0
2024-07-04 00:00:00,TD,880,7
2024-07-04 00:00:00,TN,1445,3
2024-07-04 00:00:00,TR,370,8
2024-07-04 00:00:00,TT,52,1
2024-07-04 00:00:00,UKS,,3
2024-07-04 00:00:00,UKW,629,5
2024-07-04 00:00:00,US,,0
2024-07-04 00:00:00,VE,,0
2024-07-04 00:00:00,VN,,0
2024-07-04 00:00:00,WE,,0
2024-07-05 00:00:00,,,0
2024-07-05 00:00:00,"",,0
2024-07-05 00:00:00,AU,,0
2024-07-05 00:00:00,BN,,0
2024-07-05 00:00:00,BR,2489,6
2024-07-05 00:00:00,BS,,0
2024-07-05 00:00:00,BZ,,0
2024-07-05 00:00:00,CCS,,0
2024-07-05 00:00:00,CD,1793,58
2024-07-05 00:00:00,CG,10008,57
2024-07-05 00:00:00,CM,156,12
2024-07-05 00:00:00,CO,1034,16
2024-07-05 00:00:00,EC,,0
2024-07-05 00:00:00,EG,,0
2024-07-05 00:00:00,ER,,0
2024-07-05 00:00:00,FR,,0
2024-07-05 00:00:00,GA,12494,54
2024-07-05 00:00:00,GT,269,1
2024-07-05 00:00:00,IQ,,0
2024-07-05 00:00:00,LH,,0
2024-07-05 00:00:00,MX,488,5
2024-07-05 00:00:00,PE,,0
2024-07-05 00:00:00,SG,,0
2024-07-05 00:00:00,TD,880,7
2024-07-05 00:00:00,TN,1445,3
2024-07-05 00:00:00,TR,309,7
2024-07-05 00:00:00,TT,52,1
2024-07-05 00:00:00,UKS,,4
2024-07-05 00:00:00,UKW,629,5
2024-07-05 00:00:00,US,,0
2024-07-05 00:00:00,VE,,0
2024-07-05 00:00:00,VN,,0
2024-07-05 00:00:00,WE,,0
2024-07-06 00:00:00,,,0
2024-07-06 00:00:00,"",,0
2024-07-06 00:00:00,AU,,0
2024-07-06 00:00:00,BN,,0
2024-07-06 00:00:00,BR,2489,6
2024-07-06 00:00:00,BS,,0
2024-07-06 00:00:00,BZ,,0
2024-07-06 00:00:00,CCS,,0
2024-07-06 00:00:00,CD,1768,57
2024-07-06 00:00:00,CG,10008,57
2024-07-06 00:00:00,CM,50,11
2024-07-06 00:00:00,CO,1034,16
2024-07-06 00:00:00,EC,,0
2024-07-06 00:00:00,EG,,0
2024-07-06 00:00:00,ER,,0
2024-07-06 00:00:00,FR,,0
2024-07-06 00:00:00,GA,12716,55
2024-07-06 00:00:00,GT,269,1
2024-07-06 00:00:00,IQ,,0
2024-07-06 00:00:00,LH,,0
2024-07-06 00:00:00,MX,488,5
2024-07-06 00:00:00,PE,,0
2024-07-06 00:00:00,SG,,0
2024-07-06 00:00:00,TD,880,7
2024-07-06 00:00:00,TN,1445,3
2024-07-06 00:00:00,TR,285,7
2024-07-06 00:00:00,TT,52,1
2024-07-06 00:00:00,UKS,,3
2024-07-06 00:00:00,UKW,629,5
2024-07-06 00:00:00,US,,0
2024-07-06 00:00:00,VE,,0
2024-07-06 00:00:00,VN,,0
2024-07-06 00:00:00,WE,,0
2024-07-07 00:00:00,,,0
2024-07-07 00:00:00,"",,0
2024-07-07 00:00:00,AU,,0
2024-07-07 00:00:00,BN,,0
2024-07-07 00:00:00,BR,2489,6
2024-07-07 00:00:00,BS,,0
2024-07-07 00:00:00,BZ,,0
2024-07-07 00:00:00,CCS,,0
2024-07-07 00:00:00,CD,1771,57
2024-07-07 00:00:00,CG,10008,57
2024-07-07 00:00:00,CM,50,11
2024-07-07 00:00:00,CO,1038,16
2024-07-07 00:00:00,EC,,0
2024-07-07 00:00:00,EG,,0
2024-07-07 00:00:00,ER,,0
2024-07-07 00:00:00,FR,,0
2024-07-07 00:00:00,GA,12576,53
2024-07-07 00:00:00,GT,269,1
2024-07-07 00:00:00,IQ,,0
2024-07-07 00:00:00,LH,,0
2024-07-07 00:00:00,MX,488,5
2024-07-07 00:00:00,PE,,0
2024-07-07 00:00:00,SG,,0
2024-07-07 00:00:00,TD,880,7
2024-07-07 00:00:00,TN,1445,3
2024-07-07 00:00:00,TR,287,8
2024-07-07 00:00:00,TT,52,1
2024-07-07 00:00:00,UKS,,3
2024-07-07 00:00:00,UKW,629,5
2024-07-07 00:00:00,US,,0
2024-07-07 00:00:00,VE,,0
2024-07-07 00:00:00,VN,,0
2024-07-07 00:00:00,WE,,0
2024-07-08 00:00:00,,,0
2024-07-08 00:00:00,"",,0
2024-07-08 00:00:00,AU,,0
2024-07-08 00:00:00,BN,,0
2024-07-08 00:00:00,BR,2489,6
2024-07-08 00:00:00,BS,,0
2024-07-08 00:00:00,BZ,,0
2024-07-08 00:00:00,CCS,,0
2024-07-08 00:00:00,CD,1772,58
2024-07-08 00:00:00,CG,10219,57
2024-07-08 00:00:00,CM,50,11
2024-07-08 00:00:00,CO,1034,16
2024-07-08 00:00:00,EC,,0
2024-07-08 00:00:00,EG,,0
2024-07-08 00:00:00,ER,,0
2024-07-08 00:00:00,FR,,0
2024-07-08 00:00:00,GA,12627,56
2024-07-08 00:00:00,GT,269,1
2024-07-08 00:00:00,IQ,,0
2024-07-08 00:00:00,LH,,0
2024-07-08 00:00:00,MX,488,5
2024-07-08 00:00:00,PE,,0
2024-07-08 00:00:00,SG,,0
2024-07-08 00:00:00,TD,880,7
2024-07-08 00:00:00,TN,1445,3
2024-07-08 00:00:00,TR,220,7
2024-07-08 00:00:00,TT,52,1
2024-07-08 00:00:00,UKS,,3
2024-07-08 00:00:00,UKW,629,5
2024-07-08 00:00:00,US,,0
2024-07-08 00:00:00,VE,,0
2024-07-08 00:00:00,VN,,0
2024-07-08 00:00:00,WE,,0
2024-07-09 00:00:00,,,0
2024-07-09 00:00:00,"",,0
2024-07-09 00:00:00,AU,,0
2024-07-09 00:00:00,BN,,0
2024-07-09 00:00:00,BR,2489,6
2024-07-09 00:00:00,BS,,0
2024-07-09 00:00:00,BZ,,0
2024-07-09 00:00:00,CCS,,0
2024-07-09 00:00:00,CD,1790,56
2024-07-09 00:00:00,CG,10358,59
2024-07-09 00:00:00,CM,130,11
2024-07-09 00:00:00,CO,1034,16
2024-07-09 00:00:00,EC,,0
2024-07-09 00:00:00,EG,,0
2024-07-09 00:00:00,ER,,0
2024-07-09 00:00:00,FR,,0
2024-07-09 00:00:00,GA,12650,56
2024-07-09 00:00:00,GT,269,1
2024-07-09 00:00:00,IQ,,0
2024-07-09 00:00:00,LH,,0
2024-07-09 00:00:00,MX,488,5
2024-07-09 00:00:00,PE,,0
2024-07-09 00:00:00,SG,,0
2024-07-09 00:00:00,TD,880,7
2024-07-09 00:00:00,TN,1445,3
2024-07-09 00:00:00,TR,220,7
2024-07-09 00:00:00,TT,52,1
2024-07-09 00:00:00,UKS,,3
2024-07-09 00:00:00,UKW,629,5
2024-07-09 00:00:00,US,,0
2024-07-09 00:00:00,VE,,0
2024-07-09 00:00:00,VN,,0
2024-07-09 00:00:00,WE,,0
2024-07-10 00:00:00,,,0
2024-07-10 00:00:00,"",,0
2024-07-10 00:00:00,AU,,0
2024-07-10 00:00:00,BN,,0
2024-07-10 00:00:00,BR,2489,5
2024-07-10 00:00:00,BS,,0
2024-07-10 00:00:00,BZ,,0
2024-07-10 00:00:00,CCS,,0
2024-07-10 00:00:00,CD,1789,57
2024-07-10 00:00:00,CG,10473,59
2024-07-10 00:00:00,CM,187,12
2024-07-10 00:00:00,CO,1034,16
2024-07-10 00:00:00,EC,,0
2024-07-10 00:00:00,EG,,0
2024-07-10 00:00:00,ER,,0
2024-07-10 00:00:00,FR,,0
2024-07-10 00:00:00,GA,12833,58
2024-07-10 00:00:00,GT,269,1
2024-07-10 00:00:00,IQ,,0
2024-07-10 00:00:00,LH,,0
2024-07-10 00:00:00,MX,488,5
2024-07-10 00:00:00,PE,,0
2024-07-10 00:00:00,SG,,0
2024-07-10 00:00:00,TD,880,7
2024-07-10 00:00:00,TN,1445,3
2024-07-10 00:00:00,TR,220,6
2024-07-10 00:00:00,TT,52,1
2024-07-10 00:00:00,UKS,,4
2024-07-10 00:00:00,UKW,629,5
2024-07-10 00:00:00,US,,0
2024-07-10 00:00:00,VE,,0
2024-07-10 00:00:00,VN,,0
2024-07-10 00:00:00,WE,,0
2024-07-11 00:00:00,,,0
2024-07-11 00:00:00,"",,0
2024-07-11 00:00:00,AU,,0
2024-07-11 00:00:00,BN,,0
2024-07-11 00:00:00,BR,2489,5
2024-07-11 00:00:00,BS,,0
2024-07-11 00:00:00,BZ,,0
2024-07-11 00:00:00,CCS,,0
2024-07-11 00:00:00,CD,1905,60
2024-07-11 00:00:00,CG,10555,60
2024-07-11 00:00:00,CM,187,12
2024-07-11 00:00:00,CO,1034,16
2024-07-11 00:00:00,EC,,0
2024-07-11 00:00:00,EG,,0
2024-07-11 00:00:00,ER,,0
2024-07-11 00:00:00,FR,,0
2024-07-11 00:00:00,GA,12971,60
2024-07-11 00:00:00,GT,269,1
2024-07-11 00:00:00,IQ,,0
2024-07-11 00:00:00,LH,,0
2024-07-11 00:00:00,MX,488,5
2024-07-11 00:00:00,PE,,0
2024-07-11 00:00:00,SG,,0
2024-07-11 00:00:00,TD,880,7
2024-07-11 00:00:00,TN,1445,3
2024-07-11 00:00:00,TR,220,7
2024-07-11 00:00:00,TT,52,1
2024-07-11 00:00:00,UKS,,4
2024-07-11 00:00:00,UKW,629,5
2024-07-11 00:00:00,US,,0
2024-07-11 00:00:00,VE,,0
2024-07-11 00:00:00,VN,,0
2024-07-11 00:00:00,WE,,0
2024-07-12 00:00:00,,,0
2024-07-12 00:00:00,"",,0
2024-07-12 00:00:00,AU,,0
2024-07-12 00:00:00,BN,,0
2024-07-12 00:00:00,BR,2489,5
2024-07-12 00:00:00,BS,,0
2024-07-12 00:00:00,BZ,,0
2024-07-12 00:00:00,CCS,,0
2024-07-12 00:00:00,CD,1870,58
2024-07-12 00:00:00,CG,10555,60
2024-07-12 00:00:00,CM,167,11
2024-07-12 00:00:00,CO,1034,16
2024-07-12 00:00:00,EC,,0
2024-07-12 00:00:00,EG,,0
2024-07-12 00:00:00,ER,,0
2024-07-12 00:00:00,FR,,0
2024-07-12 00:00:00,GA,12971,60
2024-07-12 00:00:00,GT,269,1
2024-07-12 00:00:00,IQ,,0
2024-07-12 00:00:00,LH,,0
2024-07-12 00:00:00,MX,587,5
2024-07-12 00:00:00,PE,,0
2024-07-12 00:00:00,SG,,0
2024-07-12 00:00:00,TD,880,7
2024-07-12 00:00:00,TN,1445,3
2024-07-12 00:00:00,TR,220,7
2024-07-12 00:00:00,TT,52,1
2024-07-12 00:00:00,UKS,,4
2024-07-12 00:00:00,UKW,629,5
2024-07-12 00:00:00,US,,0
2024-07-12 00:00:00,VE,,0
2024-07-12 00:00:00,VN,,0
2024-07-12 00:00:00,WE,,0
2024-07-13 00:00:00,,,0
2024-07-13 00:00:00,"",,0
2024-07-13 00:00:00,AU,,0
2024-07-13 00:00:00,BN,,0
2024-07-13 00:00:00,BR,2489,5
2024-07-13 00:00:00,BS,,0
2024-07-13 00:00:00,BZ,,0
2024-07-13 00:00:00,CCS,,0
2024-07-13 00:00:00,CD,1861,59
2024-07-13 00:00:00,CG,10559,60
2024-07-13 00:00:00,CM,137,11
2024-07-13 00:00:00,CO,1034,17
2024-07-13 00:00:00,EC,,0
2024-07-13 00:00:00,EG,,0
2024-07-13 00:00:00,ER,,0
2024-07-13 00:00:00,FR,,0
2024-07-13 00:00:00,GA,12971,60
2024-07-13 00:00:00,GT,269,1
2024-07-13 00:00:00,IQ,,0
2024-07-13 00:00:00,LH,,0
2024-07-13 00:00:00,MX,488,5
2024-07-13 00:00:00,PE,,0
2024-07-13 00:00:00,SG,,0
2024-07-13 00:00:00,TD,880,7
2024-07-13 00:00:00,TN,1445,3
2024-07-13 00:00:00,TR,220,7
2024-07-13 00:00:00,TT,52,1
2024-07-13 00:00:00,UKS,,4
2024-07-13 00:00:00,UKW,629,5
2024-07-13 00:00:00,US,,0
2024-07-13 00:00:00,VE,,0
2024-07-13 00:00:00,VN,,0
2024-07-13 00:00:00,WE,,0
2024-07-14 00:00:00,,,0
2024-07-14 00:00:00,"",,0
2024-07-14 00:00:00,AU,,0
2024-07-14 00:00:00,BN,,0
2024-07-14 00:00:00,BR,2489,5
2024-07-14 00:00:00,BS,,0
2024-07-14 00:00:00,BZ,,0
2024-07-14 00:00:00,CCS,,0
2024-07-14 00:00:00,CD,1832,59
2024-07-14 00:00:00,CG,10561,61
2024-07-14 00:00:00,CM,137,11
2024-07-14 00:00:00,CO,1034,17
2024-07-14 00:00:00,EC,,0
2024-07-14 00:00:00,EG,,0
2024-07-14 00:00:00,ER,,0
2024-07-14 00:00:00,FR,,0
2024-07-14 00:00:00,GA,13196,60
2024-07-14 00:00:00,GT,269,1
2024-07-14 00:00:00,IQ,,0
2024-07-14 00:00:00,LH,,0
2024-07-14 00:00:00,MX,488,5
2024-07-14 00:00:00,PE,,0
2024-07-14 00:00:00,SG,,0
2024-07-14 00:00:00,TD,880,7
2024-07-14 00:00:00,TN,1445,3
2024-07-14 00:00:00,TR,220,7
2024-07-14 00:00:00,TT,52,1
2024-07-14 00:00:00,UKS,,4
2024-07-14 00:00:00,UKW,629,5
2024-07-14 00:00:00,US,,0
2024-07-14 00:00:00,VE,,0
2024-07-14 00:00:00,VN,,0
2024-07-14 00:00:00,WE,,0
2024-07-15 00:00:00,,,0
2024-07-15 00:00:00,"",,0
2024-07-15 00:00:00,AU,,0
2024-07-15 00:00:00,BN,,0
2024-07-15 00:00:00,BR,2489,5
2024-07-15 00:00:00,BS,,0
2024-07-15 00:00:00,BZ,,0
2024-07-15 00:00:00,CCS,,0
2024-07-15 00:00:00,CD,1832,59
2024-07-15 00:00:00,CG,10561,61
2024-07-15 00:00:00,CM,137,11
2024-07-15 00:00:00,CO,877,16
2024-07-15 00:00:00,EC,,0
2024-07-15 00:00:00,EG,,0
2024-07-15 00:00:00,ER,,0
2024-07-15 00:00:00,FR,,0
2024-07-15 00:00:00,GA,13267,61
2024-07-15 00:00:00,GT,269,1
2024-07-15 00:00:00,IQ,,0
2024-07-15 00:00:00,LH,,0
2024-07-15 00:00:00,MX,488,5
2024-07-15 00:00:00,PE,,0
2024-07-15 00:00:00,SG,,0
2024-07-15 00:00:00,TD,880,7
2024-07-15 00:00:00,TN,1445,3
2024-07-15 00:00:00,TR,220,7
2024-07-15 00:00:00,TT,52,1
2024-07-15 00:00:00,UKS,,4
2024-07-15 00:00:00,UKW,629,5
2024-07-15 00:00:00,US,,0
2024-07-15 00:00:00,VE,,0
2024-07-15 00:00:00,VN,,0
2024-07-15 00:00:00,WE,,0
2024-07-16 00:00:00,,,0
2024-07-16 00:00:00,"",,0
2024-07-16 00:00:00,AU,,0
2024-07-16 00:00:00,BN,,0
2024-07-16 00:00:00,BR,2489,5
2024-07-16 00:00:00,BS,,0
2024-07-16 00:00:00,BZ,,0
2024-07-16 00:00:00,CCS,,0
2024-07-16 00:00:00,CD,1882,60
2024-07-16 00:00:00,CG,10561,61
2024-07-16 00:00:00,CM,137,11
2024-07-16 00:00:00,CO,877,16
2024-07-16 00:00:00,EC,,0
2024-07-16 00:00:00,EG,,0
2024-07-16 00:00:00,ER,,0
2024-07-16 00:00:00,FR,,0
2024-07-16 00:00:00,GA,13267,61
2024-07-16 00:00:00,GT,269,1
2024-07-16 00:00:00,IQ,,0
2024-07-16 00:00:00,LH,,0
2024-07-16 00:00:00,MX,488,5
2024-07-16 00:00:00,PE,,0
2024-07-16 00:00:00,SG,,0
2024-07-16 00:00:00,TD,880,7
2024-07-16 00:00:00,TN,1445,3
2024-07-16 00:00:00,TR,220,7
2024-07-16 00:00:00,TT,52,1
2024-07-16 00:00:00,UKS,,4
2024-07-16 00:00:00,UKW,629,5
2024-07-16 00:00:00,US,,0
2024-07-16 00:00:00,VE,,0
2024-07-16 00:00:00,VN,,0
2024-07-16 00:00:00,WE,,0
2024-07-17 00:00:00,,,0
2024-07-17 00:00:00,"",,0
2024-07-17 00:00:00,AU,,0
2024-07-17 00:00:00,BN,,0
2024-07-17 00:00:00,BR,2534,5
2024-07-17 00:00:00,BS,,0
2024-07-17 00:00:00,BZ,,0
2024-07-17 00:00:00,CCS,,0
2024-07-17 00:00:00,CD,1887,58
2024-07-17 00:00:00,CG,10585,61
2024-07-17 00:00:00,CM,137,11
2024-07-17 00:00:00,CO,877,16
2024-07-17 00:00:00,EC,,0
2024-07-17 00:00:00,EG,,0
2024-07-17 00:00:00,ER,,0
2024-07-17 00:00:00,FR,,0
2024-07-17 00:00:00,GA,13217,60
2024-07-17 00:00:00,GT,269,1
2024-07-17 00:00:00,IQ,,0
2024-07-17 00:00:00,LH,,0
2024-07-17 00:00:00,MX,488,5
2024-07-17 00:00:00,PE,,0
2024-07-17 00:00:00,SG,,0
2024-07-17 00:00:00,TD,880,7
2024-07-17 00:00:00,TN,1445,3
2024-07-17 00:00:00,TR,220,7
2024-07-17 00:00:00,TT,52,1
2024-07-17 00:00:00,UKS,,4
2024-07-17 00:00:00,UKW,629,5
2024-07-17 00:00:00,US,,0
2024-07-17 00:00:00,VE,,0
2024-07-17 00:00:00,VN,,0
2024-07-17 00:00:00,WE,,0
2024-07-18 00:00:00,,,0
2024-07-18 00:00:00,"",,0
2024-07-18 00:00:00,AU,,0
2024-07-18 00:00:00,BN,,0
2024-07-18 00:00:00,BR,2489,5
2024-07-18 00:00:00,BS,,0
2024-07-18 00:00:00,BZ,,0
2024-07-18 00:00:00,CCS,,0
2024-07-18 00:00:00,CD,1869,59
2024-07-18 00:00:00,CG,10606,61
2024-07-18 00:00:00,CM,137,11
2024-07-18 00:00:00,CO,877,15
2024-07-18 00:00:00,EC,,0
2024-07-18 00:00:00,EG,,0
2024-07-18 00:00:00,ER,,0
2024-07-18 00:00:00,FR,,0
2024-07-18 00:00:00,GA,13303,61
2024-07-18 00:00:00,GT,,0
2024-07-18 00:00:00,IQ,,0
2024-07-18 00:00:00,LH,,0
2024-07-18 00:00:00,MX,488,5
2024-07-18 00:00:00,PE,,0
2024-07-18 00:00:00,SG,,0
2024-07-18 00:00:00,TD,880,7
2024-07-18 00:00:00,TN,1445,3
2024-07-18 00:00:00,TR,220,6
2024-07-18 00:00:00,TT,52,1
2024-07-18 00:00:00,UKS,,4
2024-07-18 00:00:00,UKW,629,5
2024-07-18 00:00:00,US,,0
2024-07-18 00:00:00,VE,,0
2024-07-18 00:00:00,VN,,0
2024-07-18 00:00:00,WE,,0
2024-07-19 00:00:00,,,0
2024-07-19 00:00:00,"",,0
2024-07-19 00:00:00,AU,,0
2024-07-19 00:00:00,BN,,0
2024-07-19 00:00:00,BR,1923,4
2024-07-19 00:00:00,BS,,0
2024-07-19 00:00:00,BZ,,0
2024-07-19 00:00:00,CCS,,0
2024-07-19 00:00:00,CD,1889,62
2024-07-19 00:00:00,CG,10561,61
2024-07-19 00:00:00,CM,345,12
2024-07-19 00:00:00,CO,877,15
2024-07-19 00:00:00,EC,,0
2024-07-19 00:00:00,EG,,0
2024-07-19 00:00:00,ER,,0
2024-07-19 00:00:00,FR,,0
2024-07-19 00:00:00,GA,13295,61
2024-07-19 00:00:00,GT,,0
2024-07-19 00:00:00,IQ,,0
2024-07-19 00:00:00,LH,,0
2024-07-19 00:00:00,MX,488,5
2024-07-19 00:00:00,PE,,0
2024-07-19 00:00:00,SG,,0
2024-07-19 00:00:00,TD,880,7
2024-07-19 00:00:00,TN,1445,3
2024-07-19 00:00:00,TR,220,6
2024-07-19 00:00:00,TT,90,1
2024-07-19 00:00:00,UKS,,5
2024-07-19 00:00:00,UKW,629,5
2024-07-19 00:00:00,US,,0
2024-07-19 00:00:00,VE,,0
2024-07-19 00:00:00,VN,,0
2024-07-19 00:00:00,WE,,0
2024-07-20 00:00:00,,,0
2024-07-20 00:00:00,"",,0
2024-07-20 00:00:00,AU,,0
2024-07-20 00:00:00,BN,,0
2024-07-20 00:00:00,BR,1059,4
2024-07-20 00:00:00,BS,,0
2024-07-20 00:00:00,BZ,,0
2024-07-20 00:00:00,CCS,,0
2024-07-20 00:00:00,CD,1863,59
2024-07-20 00:00:00,CG,10783,61
2024-07-20 00:00:00,CM,532,13
2024-07-20 00:00:00,CO,877,15
2024-07-20 00:00:00,EC,,0
2024-07-20 00:00:00,EG,,0
2024-07-20 00:00:00,ER,,0
2024-07-20 00:00:00,FR,,0
2024-07-20 00:00:00,GA,13841,62
2024-07-20 00:00:00,GT,,0
2024-07-20 00:00:00,IQ,,0
2024-07-20 00:00:00,LH,,0
2024-07-20 00:00:00,MX,488,5
2024-07-20 00:00:00,PE,,0
2024-07-20 00:00:00,SG,,0
2024-07-20 00:00:00,TD,880,7
2024-07-20 00:00:00,TN,1445,3
2024-07-20 00:00:00,TR,220,6
2024-07-20 00:00:00,TT,52,1
2024-07-20 00:00:00,UKS,,6
2024-07-20 00:00:00,UKW,629,5
2024-07-20 00:00:00,US,,0
2024-07-20 00:00:00,VE,,0
2024-07-20 00:00:00,VN,,0
2024-07-20 00:00:00,WE,,0
2024-07-21 00:00:00,,,0
2024-07-21 00:00:00,"",,0
2024-07-21 00:00:00,AU,,0
2024-07-21 00:00:00,BN,,0
2024-07-21 00:00:00,BR,1059,4
2024-07-21 00:00:00,BS,,0
2024-07-21 00:00:00,BZ,,0
2024-07-21 00:00:00,CCS,,0
2024-07-21 00:00:00,CD,1759,58
2024-07-21 00:00:00,CG,10972,62
2024-07-21 00:00:00,CM,532,13
2024-07-21 00:00:00,CO,877,15
2024-07-21 00:00:00,EC,,0
2024-07-21 00:00:00,EG,,0
2024-07-21 00:00:00,ER,,0
2024-07-21 00:00:00,FR,,0
2024-07-21 00:00:00,GA,13599,62
2024-07-21 00:00:00,GT,,0
2024-07-21 00:00:00,IQ,,0
2024-07-21 00:00:00,LH,,0
2024-07-21 00:00:00,MX,488,5
2024-07-21 00:00:00,PE,,0
2024-07-21 00:00:00,SG,,0
2024-07-21 00:00:00,TD,880,7
2024-07-21 00:00:00,TN,1445,3
2024-07-21 00:00:00,TR,321,6
2024-07-21 00:00:00,TT,52,1
2024-07-21 00:00:00,UKS,,6
2024-07-21 00:00:00,UKW,745,5
2024-07-21 00:00:00,US,,0
2024-07-21 00:00:00,VE,,0
2024-07-21 00:00:00,VN,,0
2024-07-21 00:00:00,WE,,0
2024-07-22 00:00:00,,,0
2024-07-22 00:00:00,"",,0
2024-07-22 00:00:00,AU,,0
2024-07-22 00:00:00,BN,,0
2024-07-22 00:00:00,BR,1059,4
2024-07-22 00:00:00,BS,,0
2024-07-22 00:00:00,BZ,,0
2024-07-22 00:00:00,CCS,,0
2024-07-22 00:00:00,CD,1790,58
2024-07-22 00:00:00,CG,10334,61
2024-07-22 00:00:00,CM,532,13
2024-07-22 00:00:00,CO,877,15
2024-07-22 00:00:00,EC,,0
2024-07-22 00:00:00,EG,,0
2024-07-22 00:00:00,ER,,0
2024-07-22 00:00:00,FR,,0
2024-07-22 00:00:00,GA,13364,61
2024-07-22 00:00:00,GT,,0
2024-07-22 00:00:00,IQ,,0
2024-07-22 00:00:00,LH,,0
2024-07-22 00:00:00,MX,528,6
2024-07-22 00:00:00,PE,,0
2024-07-22 00:00:00,SG,,0
2024-07-22 00:00:00,TD,880,7
2024-07-22 00:00:00,TN,1445,3
2024-07-22 00:00:00,TR,328,6
2024-07-22 00:00:00,TT,52,1
2024-07-22 00:00:00,UKS,,6
2024-07-22 00:00:00,UKW,629,5
2024-07-22 00:00:00,US,,0
2024-07-22 00:00:00,VE,,0
2024-07-22 00:00:00,VN,,0
2024-07-22 00:00:00,WE,,0
2024-07-23 00:00:00,,,0
2024-07-23 00:00:00,"",,0
2024-07-23 00:00:00,AU,,0
2024-07-23 00:00:00,BN,,0
2024-07-23 00:00:00,BR,1059,4
2024-07-23 00:00:00,BS,,0
2024-07-23 00:00:00,BZ,,0
2024-07-23 00:00:00,CCS,,0
2024-07-23 00:00:00,CD,1811,58
2024-07-23 00:00:00,CG,10570,62
2024-07-23 00:00:00,CM,532,12
2024-07-23 00:00:00,CO,877,15
2024-07-23 00:00:00,EC,,0
2024-07-23 00:00:00,EG,,0
2024-07-23 00:00:00,ER,,0
2024-07-23 00:00:00,FR,,0
2024-07-23 00:00:00,GA,13619,62
2024-07-23 00:00:00,GT,,0
2024-07-23 00:00:00,IQ,,0
2024-07-23 00:00:00,LH,,0
2024-07-23 00:00:00,MX,528,6
2024-07-23 00:00:00,PE,,0
2024-07-23 00:00:00,SG,,0
2024-07-23 00:00:00,TD,880,7
2024-07-23 00:00:00,TN,1445,3
2024-07-23 00:00:00,TR,327,6
2024-07-23 00:00:00,TT,52,1
2024-07-23 00:00:00,UKS,,6
2024-07-23 00:00:00,UKW,629,5
2024-07-23 00:00:00,US,,0
2024-07-23 00:00:00,VE,,0
2024-07-23 00:00:00,VN,,0
2024-07-23 00:00:00,WE,,0
2024-07-24 00:00:00,,,0
2024-07-24 00:00:00,"",,0
2024-07-24 00:00:00,AU,,0
2024-07-24 00:00:00,BN,,0
2024-07-24 00:00:00,BR,1059,4
2024-07-24 00:00:00,BS,,0
2024-07-24 00:00:00,BZ,,0
2024-07-24 00:00:00,CCS,,0
2024-07-24 00:00:00,CD,1777,56
2024-07-24 00:00:00,CG,10570,61
2024-07-24 00:00:00,CM,417,11
2024-07-24 00:00:00,CO,879,15
2024-07-24 00:00:00,EC,,0
2024-07-24 00:00:00,EG,,0
2024-07-24 00:00:00,ER,,0
2024-07-24 00:00:00,FR,,0
2024-07-24 00:00:00,GA,13797,63
2024-07-24 00:00:00,GT,,0
2024-07-24 00:00:00,IQ,,0
2024-07-24 00:00:00,LH,,0
2024-07-24 00:00:00,MX,528,6
2024-07-24 00:00:00,PE,,0
2024-07-24 00:00:00,SG,,0
2024-07-24 00:00:00,TD,897,7
2024-07-24 00:00:00,TN,1445,3
2024-07-24 00:00:00,TR,327,6
2024-07-24 00:00:00,TT,52,1
2024-07-24 00:00:00,UKS,,6
2024-07-24 00:00:00,UKW,629,5
2024-07-24 00:00:00,US,,0
2024-07-24 00:00:00,VE,,0
2024-07-24 00:00:00,VN,,0
2024-07-24 00:00:00,WE,,0
2024-07-25 00:00:00,,,0
2024-07-25 00:00:00,"",,0
2024-07-25 00:00:00,AU,,0
2024-07-25 00:00:00,BN,,0
2024-07-25 00:00:00,BR,1059,4
2024-07-25 00:00:00,BS,,0
2024-07-25 00:00:00,BZ,,0
2024-07-25 00:00:00,CCS,,0
2024-07-25 00:00:00,CD,1738,56
2024-07-25 00:00:00,CG,10570,61
2024-07-25 00:00:00,CM,307,11
2024-07-25 00:00:00,CO,877,15
2024-07-25 00:00:00,EC,,0
2024-07-25 00:00:00,EG,,0
2024-07-25 00:00:00,ER,,0
2024-07-25 00:00:00,FR,,0
2024-07-25 00:00:00,GA,14362,64
2024-07-25 00:00:00,GT,,0
2024-07-25 00:00:00,IQ,,0
2024-07-25 00:00:00,LH,,0
2024-07-25 00:00:00,MX,528,6
2024-07-25 00:00:00,PE,,0
2024-07-25 00:00:00,SG,,0
2024-07-25 00:00:00,TD,908,8
2024-07-25 00:00:00,TN,1445,3
2024-07-25 00:00:00,TR,327,6
2024-07-25 00:00:00,TT,52,1
2024-07-25 00:00:00,UKS,1,8
2024-07-25 00:00:00,UKW,629,5
2024-07-25 00:00:00,US,,0
2024-07-25 00:00:00,VE,,0
2024-07-25 00:00:00,VN,,0
2024-07-25 00:00:00,WE,,0
2024-07-26 00:00:00,,,0
2024-07-26 00:00:00,"",,0
2024-07-26 00:00:00,AU,,0
2024-07-26 00:00:00,BN,,0
2024-07-26 00:00:00,BR,1059,4
2024-07-26 00:00:00,BS,,0
2024-07-26 00:00:00,BZ,,0
2024-07-26 00:00:00,CCS,,0
2024-07-26 00:00:00,CD,1761,54
2024-07-26 00:00:00,CG,10570,61
2024-07-26 00:00:00,CM,545,13
2024-07-26 00:00:00,CO,887,15
2024-07-26 00:00:00,EC,,0
2024-07-26 00:00:00,EG,,0
2024-07-26 00:00:00,ER,,0
2024-07-26 00:00:00,FR,,0
2024-07-26 00:00:00,GA,14850,66
2024-07-26 00:00:00,GT,,0
2024-07-26 00:00:00,IQ,,0
2024-07-26 00:00:00,LH,,0
2024-07-26 00:00:00,MX,528,6
2024-07-26 00:00:00,PE,,0
2024-07-26 00:00:00,SG,,0
2024-07-26 00:00:00,TD,908,8
2024-07-26 00:00:00,TN,1445,3
2024-07-26 00:00:00,TR,327,6
2024-07-26 00:00:00,TT,52,1
2024-07-26 00:00:00,UKS,1,8
2024-07-26 00:00:00,UKW,629,5
2024-07-26 00:00:00,US,,0
2024-07-26 00:00:00,VE,,0
2024-07-26 00:00:00,VN,,0
2024-07-26 00:00:00,WE,,0
2024-07-27 00:00:00,,,0
2024-07-27 00:00:00,"",,0
2024-07-27 00:00:00,AU,,0
2024-07-27 00:00:00,BN,,0
2024-07-27 00:00:00,BR,1059,4
2024-07-27 00:00:00,BS,,0
2024-07-27 00:00:00,BZ,,0
2024-07-27 00:00:00,CCS,,0
2024-07-27 00:00:00,CD,1710,54
2024-07-27 00:00:00,CG,10570,61
2024-07-27 00:00:00,CM,545,13
2024-07-27 00:00:00,CO,877,15
2024-07-27 00:00:00,EC,,0
2024-07-27 00:00:00,EG,,0
2024-07-27 00:00:00,ER,,0
2024-07-27 00:00:00,FR,,0
2024-07-27 00:00:00,GA,14344,67
2024-07-27 00:00:00,GT,,0
2024-07-27 00:00:00,IQ,,0
2024-07-27 00:00:00,LH,,0
2024-07-27 00:00:00,MX,528,6
2024-07-27 00:00:00,PE,,0
2024-07-27 00:00:00,SG,,0
2024-07-27 00:00:00,TD,908,8
2024-07-27 00:00:00,TN,1445,3
2024-07-27 00:00:00,TR,327,6
2024-07-27 00:00:00,TT,52,1
2024-07-27 00:00:00,UKS,1,7
2024-07-27 00:00:00,UKW,629,5
2024-07-27 00:00:00,US,,0
2024-07-27 00:00:00,VE,,0
2024-07-27 00:00:00,VN,,0
2024-07-27 00:00:00,WE,,0
2024-07-28 00:00:00,,,0
2024-07-28 00:00:00,"",,0
2024-07-28 00:00:00,AU,,0
2024-07-28 00:00:00,BN,,0
2024-07-28 00:00:00,BR,1059,4
2024-07-28 00:00:00,BS,,0
2024-07-28 00:00:00,BZ,,0
2024-07-28 00:00:00,CCS,,0
2024-07-28 00:00:00,CD,1795,54
2024-07-28 00:00:00,CG,10570,61
2024-07-28 00:00:00,CM,545,14
2024-07-28 00:00:00,CO,877,15
2024-07-28 00:00:00,EC,,0
2024-07-28 00:00:00,EG,,0
2024-07-28 00:00:00,ER,,0
2024-07-28 00:00:00,FR,,0
2024-07-28 00:00:00,GA,14105,65
2024-07-28 00:00:00,GT,,0
2024-07-28 00:00:00,IQ,,0
2024-07-28 00:00:00,LH,,0
2024-07-28 00:00:00,MX,528,6
2024-07-28 00:00:00,PE,,0
2024-07-28 00:00:00,SG,,0
2024-07-28 00:00:00,TD,908,8
2024-07-28 00:00:00,TN,1445,3
2024-07-28 00:00:00,TR,327,6
2024-07-28 00:00:00,TT,52,1
2024-07-28 00:00:00,UKS,1,7
2024-07-28 00:00:00,UKW,629,5
2024-07-28 00:00:00,US,,0
2024-07-28 00:00:00,VE,,0
2024-07-28 00:00:00,VN,,0
2024-07-28 00:00:00,WE,,0
2024-07-29 00:00:00,,,0
2024-07-29 00:00:00,"",,0
2024-07-29 00:00:00,AU,,0
2024-07-29 00:00:00,BN,,0
2024-07-29 00:00:00,BR,1323,4
2024-07-29 00:00:00,BS,,0
2024-07-29 00:00:00,BZ,,0
2024-07-29 00:00:00,CCS,,0
2024-07-29 00:00:00,CD,1839,57
2024-07-29 00:00:00,CG,10570,61
2024-07-29 00:00:00,CM,545,14
2024-07-29 00:00:00,CO,877,15
2024-07-29 00:00:00,EC,,0
2024-07-29 00:00:00,EG,,0
2024-07-29 00:00:00,ER,,0
2024-07-29 00:00:00,FR,,0
2024-07-29 00:00:00,GA,14721,66
2024-07-29 00:00:00,GT,,0
2024-07-29 00:00:00,IQ,,0
2024-07-29 00:00:00,LH,,0
2024-07-29 00:00:00,MX,2553,7
2024-07-29 00:00:00,PE,,0
2024-07-29 00:00:00,SG,,0
2024-07-29 00:00:00,TD,908,8
2024-07-29 00:00:00,TN,1445,3
2024-07-29 00:00:00,TR,252,6
2024-07-29 00:00:00,TT,52,1
2024-07-29 00:00:00,UKS,1,7
2024-07-29 00:00:00,UKW,629,5
2024-07-29 00:00:00,US,,0
2024-07-29 00:00:00,VE,,0
2024-07-29 00:00:00,VN,,0
2024-07-29 00:00:00,WE,,0
2024-07-30 00:00:00,,,0
2024-07-30 00:00:00,"",,0
2024-07-30 00:00:00,AU,,0
2024-07-30 00:00:00,BN,,0
2024-07-30 00:00:00,BR,1347,5
2024-07-30 00:00:00,BS,,0
2024-07-30 00:00:00,BZ,,0
2024-07-30 00:00:00,CCS,,0
2024-07-30 00:00:00,CD,1751,55
2024-07-30 00:00:00,CG,10549,61
2024-07-30 00:00:00,CM,545,14
2024-07-30 00:00:00,CO,877,16
2024-07-30 00:00:00,EC,,0
2024-07-30 00:00:00,EG,,0
2024-07-30 00:00:00,ER,,0
2024-07-30 00:00:00,FR,,0
2024-07-30 00:00:00,GA,13781,64
2024-07-30 00:00:00,GT,,0
2024-07-30 00:00:00,IQ,,0
2024-07-30 00:00:00,LH,,0
2024-07-30 00:00:00,MX,2553,7
2024-07-30 00:00:00,PE,,0
2024-07-30 00:00:00,SG,,0
2024-07-30 00:00:00,TD,908,8
2024-07-30 00:00:00,TN,1445,3
2024-07-30 00:00:00,TR,250,6
2024-07-30 00:00:00,TT,52,1
2024-07-30 00:00:00,UKS,1,7
2024-07-30 00:00:00,UKW,,0
2024-07-30 00:00:00,US,,0
2024-07-30 00:00:00,VE,,0
2024-07-30 00:00:00,VN,,0
2024-07-30 00:00:00,WE,,0
2024-07-31 00:00:00,,,0
2024-07-31 00:00:00,"",,0
2024-07-31 00:00:00,AU,,0
2024-07-31 00:00:00,BN,,0
2024-07-31 00:00:00,BR,1293,4
2024-07-31 00:00:00,BS,,0
2024-07-31 00:00:00,BZ,,0
2024-07-31 00:00:00,CCS,,0
2024-07-31 00:00:00,CD,1810,58
2024-07-31 00:00:00,CG,10225,61
2024-07-31 00:00:00,CM,459,13
2024-07-31 00:00:00,CO,877,16
2024-07-31 00:00:00,EC,,0
2024-07-31 00:00:00,EG,,0
2024-07-31 00:00:00,ER,,0
2024-07-31 00:00:00,FR,,0
2024-07-31 00:00:00,GA,13766,64
2024-07-31 00:00:00,GT,,0
2024-07-31 00:00:00,IQ,,0
2024-07-31 00:00:00,LH,,0
2024-07-31 00:00:00,MX,2553,7
2024-07-31 00:00:00,PE,,0
2024-07-31 00:00:00,SG,,0
2024-07-31 00:00:00,TD,908,8
2024-07-31 00:00:00,TN,1445,3
2024-07-31 00:00:00,TR,374,7
2024-07-31 00:00:00,TT,52,1
2024-07-31 00:00:00,UKS,1,7
2024-07-31 00:00:00,UKW,629,5
2024-07-31 00:00:00,US,,0
2024-07-31 00:00:00,VE,,0
2024-07-31 00:00:00,VN,,0
2024-07-31 00:00:00,WE,,0
2024-08-01 00:00:00,,,0
2024-08-01 00:00:00,"",,0
2024-08-01 00:00:00,AU,,0
2024-08-01 00:00:00,BN,,0
2024-08-01 00:00:00,BR,1347,5
2024-08-01 00:00:00,BS,,0
2024-08-01 00:00:00,BZ,,0
2024-08-01 00:00:00,CCS,,0
2024-08-01 00:00:00,CD,1810,58
2024-08-01 00:00:00,CG,10211,61
2024-08-01 00:00:00,CM,408,12
2024-08-01 00:00:00,CO,867,15
2024-08-01 00:00:00,EC,,0
2024-08-01 00:00:00,EG,,0
2024-08-01 00:00:00,ER,,0
2024-08-01 00:00:00,FR,,0
2024-08-01 00:00:00,GA,13762,64
2024-08-01 00:00:00,GT,,0
2024-08-01 00:00:00,IQ,,0
2024-08-01 00:00:00,LH,,0
2024-08-01 00:00:00,MX,2216,6
2024-08-01 00:00:00,PE,,0
2024-08-01 00:00:00,SG,,0
2024-08-01 00:00:00,TD,1065,9
2024-08-01 00:00:00,TN,1473,3
2024-08-01 00:00:00,TR,374,7
2024-08-01 00:00:00,TT,52,1
2024-08-01 00:00:00,UKS,1,7
2024-08-01 00:00:00,UKW,629,5
2024-08-01 00:00:00,US,,0
2024-08-01 00:00:00,VE,,0
2024-08-01 00:00:00,VN,,0
2024-08-01 00:00:00,WE,,0
2024-08-02 00:00:00,,,0
2024-08-02 00:00:00,"",,0
2024-08-02 00:00:00,AU,,0
2024-08-02 00:00:00,BN,,0
2024-08-02 00:00:00,BR,1347,5
2024-08-02 00:00:00,BS,,0
2024-08-02 00:00:00,BZ,,0
2024-08-02 00:00:00,CCS,,0
2024-08-02 00:00:00,CD,1752,57
2024-08-02 00:00:00,CG,11893,63
2024-08-02 00:00:00,CM,549,12
2024-08-02 00:00:00,CO,867,15
2024-08-02 00:00:00,EC,,0
2024-08-02 00:00:00,EG,,0
2024-08-02 00:00:00,ER,,0
2024-08-02 00:00:00,FR,,0
2024-08-02 00:00:00,GA,13769,64
2024-08-02 00:00:00,GT,,0
2024-08-02 00:00:00,IQ,,0
2024-08-02 00:00:00,LH,,0
2024-08-02 00:00:00,MX,528,6
2024-08-02 00:00:00,PE,,0
2024-08-02 00:00:00,SG,,0
2024-08-02 00:00:00,TD,1065,9
2024-08-02 00:00:00,TN,1445,3
2024-08-02 00:00:00,TR,374,7
2024-08-02 00:00:00,TT,52,1
2024-08-02 00:00:00,UKS,1,7
2024-08-02 00:00:00,UKW,629,5
2024-08-02 00:00:00,US,,0
2024-08-02 00:00:00,VE,,0
2024-08-02 00:00:00,VN,,0
2024-08-02 00:00:00,WE,,0
2024-08-03 00:00:00,,,0
2024-08-03 00:00:00,"",,0
2024-08-03 00:00:00,AU,,0
2024-08-03 00:00:00,BN,,0
2024-08-03 00:00:00,BR,1347,5
2024-08-03 00:00:00,BS,,0
2024-08-03 00:00:00,BZ,,0
2024-08-03 00:00:00,CCS,,0
2024-08-03 00:00:00,CD,1763,57
2024-08-03 00:00:00,CG,10713,62
2024-08-03 00:00:00,CM,609,12
2024-08-03 00:00:00,CO,867,15
2024-08-03 00:00:00,EC,,0
2024-08-03 00:00:00,EG,,0
2024-08-03 00:00:00,ER,,0
2024-08-03 00:00:00,FR,,0
2024-08-03 00:00:00,GA,13903,64
2024-08-03 00:00:00,GT,,0
2024-08-03 00:00:00,IQ,,0
2024-08-03 00:00:00,LH,,0
2024-08-03 00:00:00,MX,528,6
2024-08-03 00:00:00,PE,,0
2024-08-03 00:00:00,SG,,0
2024-08-03 00:00:00,TD,1065,9
2024-08-03 00:00:00,TN,1445,3
2024-08-03 00:00:00,TR,374,6
2024-08-03 00:00:00,TT,52,1
2024-08-03 00:00:00,UKS,1,7
2024-08-03 00:00:00,UKW,629,5
2024-08-03 00:00:00,US,,0
2024-08-03 00:00:00,VE,,0
2024-08-03 00:00:00,VN,,0
2024-08-03 00:00:00,WE,,0
2024-08-04 00:00:00,,,0
2024-08-04 00:00:00,"",,0
2024-08-04 00:00:00,AU,,0
2024-08-04 00:00:00,BN,,0
2024-08-04 00:00:00,BR,1347,5
2024-08-04 00:00:00,BS,,0
2024-08-04 00:00:00,BZ,,0
2024-08-04 00:00:00,CCS,,0
2024-08-04 00:00:00,CD,1678,58
2024-08-04 00:00:00,CG,10692,63
2024-08-04 00:00:00,CM,647,12
2024-08-04 00:00:00,CO,867,15
2024-08-04 00:00:00,EC,,0
2024-08-04 00:00:00,EG,,0
2024-08-04 00:00:00,ER,,0
2024-08-04 00:00:00,FR,,0
2024-08-04 00:00:00,GA,14092,66
2024-08-04 00:00:00,GT,,0
2024-08-04 00:00:00,IQ,,0
2024-08-04 00:00:00,LH,,0
2024-08-04 00:00:00,MX,528,6
2024-08-04 00:00:00,PE,,0
2024-08-04 00:00:00,SG,,0
2024-08-04 00:00:00,TD,1050,8
2024-08-04 00:00:00,TN,1445,3
2024-08-04 00:00:00,TR,374,7
2024-08-04 00:00:00,TT,52,1
2024-08-04 00:00:00,UKS,1,7
2024-08-04 00:00:00,UKW,629,5
2024-08-04 00:00:00,US,,0
2024-08-04 00:00:00,VE,,0
2024-08-04 00:00:00,VN,,0
2024-08-04 00:00:00,WE,,0
2024-08-05 00:00:00,,,0
2024-08-05 00:00:00,"",,0
2024-08-05 00:00:00,AU,,0
2024-08-05 00:00:00,BN,,0
2024-08-05 00:00:00,BR,1627,5
2024-08-05 00:00:00,BS,,0
2024-08-05 00:00:00,BZ,,0
2024-08-05 00:00:00,CCS,,0
2024-08-05 00:00:00,CD,1679,58
2024-08-05 00:00:00,CG,10705,63
2024-08-05 00:00:00,CM,629,12
2024-08-05 00:00:00,CO,867,15
2024-08-05 00:00:00,EC,,0
2024-08-05 00:00:00,EG,,0
2024-08-05 00:00:00,ER,,0
2024-08-05 00:00:00,FR,,0
2024-08-05 00:00:00,GA,14243,67
2024-08-05 00:00:00,GT,,0
2024-08-05 00:00:00,IQ,,0
2024-08-05 00:00:00,LH,,0
2024-08-05 00:00:00,MX,528,6
2024-08-05 00:00:00,PE,,0
2024-08-05 00:00:00,SG,,0
2024-08-05 00:00:00,TD,1037,8
2024-08-05 00:00:00,TN,1445,3
2024-08-05 00:00:00,TR,374,7
2024-08-05 00:00:00,TT,52,1
2024-08-05 00:00:00,UKS,1,7
2024-08-05 00:00:00,UKW,629,5
2024-08-05 00:00:00,US,,0
2024-08-05 00:00:00,VE,,0
2024-08-05 00:00:00,VN,,0
2024-08-05 00:00:00,WE,,0
2024-08-06 00:00:00,,,0
2024-08-06 00:00:00,"",,0
2024-08-06 00:00:00,AU,,0
2024-08-06 00:00:00,BN,,0
2024-08-06 00:00:00,BR,1536,5
2024-08-06 00:00:00,BS,,0
2024-08-06 00:00:00,BZ,,0
2024-08-06 00:00:00,CCS,,0
2024-08-06 00:00:00,CD,1679,58
2024-08-06 00:00:00,CG,10705,63
2024-08-06 00:00:00,CM,650,14
2024-08-06 00:00:00,CO,867,15
2024-08-06 00:00:00,EC,,0
2024-08-06 00:00:00,EG,,0
2024-08-06 00:00:00,ER,,0
2024-08-06 00:00:00,FR,,0
2024-08-06 00:00:00,GA,14180,66
2024-08-06 00:00:00,GT,,0
2024-08-06 00:00:00,IQ,,0
2024-08-06 00:00:00,LH,,0
2024-08-06 00:00:00,MX,528,6
2024-08-06 00:00:00,PE,,0
2024-08-06 00:00:00,SG,,0
2024-08-06 00:00:00,TD,1037,8
2024-08-06 00:00:00,TN,1445,3
2024-08-06 00:00:00,TR,374,7
2024-08-06 00:00:00,TT,52,1
2024-08-06 00:00:00,UKS,,3
2024-08-06 00:00:00,UKW,629,5
2024-08-06 00:00:00,US,,0
2024-08-06 00:00:00,VE,,0
2024-08-06 00:00:00,VN,,0
2024-08-06 00:00:00,WE,,0
2024-08-07 00:00:00,,,0
2024-08-07 00:00:00,"",,0
2024-08-07 00:00:00,AU,,0
2024-08-07 00:00:00,BN,,0
2024-08-07 00:00:00,BR,1760,6
2024-08-07 00:00:00,BS,,0
2024-08-07 00:00:00,BZ,,0
2024-08-07 00:00:00,CCS,,0
2024-08-07 00:00:00,CD,1680,55
2024-08-07 00:00:00,CG,10699,63
2024-08-07 00:00:00,CM,692,14
2024-08-07 00:00:00,CO,867,15
2024-08-07 00:00:00,EC,,0
2024-08-07 00:00:00,EG,,0
2024-08-07 00:00:00,ER,,0
2024-08-07 00:00:00,FR,,0
2024-08-07 00:00:00,GA,14212,66
2024-08-07 00:00:00,GT,,0
2024-08-07 00:00:00,IQ,,0
2024-08-07 00:00:00,LH,,0
2024-08-07 00:00:00,MX,528,6
2024-08-07 00:00:00,PE,,0
2024-08-07 00:00:00,SG,,0
2024-08-07 00:00:00,TD,1037,8
2024-08-07 00:00:00,TN,1710,4
2024-08-07 00:00:00,TR,374,7
2024-08-07 00:00:00,TT,52,1
2024-08-07 00:00:00,UKS,,3
2024-08-07 00:00:00,UKW,629,5
2024-08-07 00:00:00,US,,0
2024-08-07 00:00:00,VE,,0
2024-08-07 00:00:00,VN,,0
2024-08-07 00:00:00,WE,,0
2024-08-08 00:00:00,,,0
2024-08-08 00:00:00,"",,0
2024-08-08 00:00:00,AU,,0
2024-08-08 00:00:00,BN,,0
2024-08-08 00:00:00,BR,1760,6
2024-08-08 00:00:00,BS,,0
2024-08-08 00:00:00,BZ,,0
2024-08-08 00:00:00,CCS,,0
2024-08-08 00:00:00,CD,1659,56
2024-08-08 00:00:00,CG,10940,63
2024-08-08 00:00:00,CM,640,13
2024-08-08 00:00:00,CO,867,15
2024-08-08 00:00:00,EC,,0
2024-08-08 00:00:00,EG,,0
2024-08-08 00:00:00,ER,,0
2024-08-08 00:00:00,FR,,0
2024-08-08 00:00:00,GA,14823,70
2024-08-08 00:00:00,GT,,0
2024-08-08 00:00:00,IQ,,0
2024-08-08 00:00:00,LH,,0
2024-08-08 00:00:00,MX,537,6
2024-08-08 00:00:00,PE,,0
2024-08-08 00:00:00,SG,,0
2024-08-08 00:00:00,TD,1037,8
2024-08-08 00:00:00,TN,1710,4
2024-08-08 00:00:00,TR,374,7
2024-08-08 00:00:00,TT,52,1
2024-08-08 00:00:00,UKS,1,7
2024-08-08 00:00:00,UKW,629,5
2024-08-08 00:00:00,US,,0
2024-08-08 00:00:00,VE,,0
2024-08-08 00:00:00,VN,974,1
2024-08-08 00:00:00,WE,,0
2024-08-09 00:00:00,,,0
2024-08-09 00:00:00,"",,0
2024-08-09 00:00:00,AU,,0
2024-08-09 00:00:00,BN,,0
2024-08-09 00:00:00,BR,1760,6
2024-08-09 00:00:00,BS,,0
2024-08-09 00:00:00,BZ,,0
2024-08-09 00:00:00,CCS,,0
2024-08-09 00:00:00,CD,1700,56
2024-08-09 00:00:00,CG,11224,64
2024-08-09 00:00:00,CM,650,14
2024-08-09 00:00:00,CO,867,15
2024-08-09 00:00:00,EC,,0
2024-08-09 00:00:00,EG,,0
2024-08-09 00:00:00,ER,,0
2024-08-09 00:00:00,FR,,0
2024-08-09 00:00:00,GA,14537,70
2024-08-09 00:00:00,GT,,0
2024-08-09 00:00:00,IQ,,0
2024-08-09 00:00:00,LH,,0
2024-08-09 00:00:00,MX,538,6
2024-08-09 00:00:00,PE,,0
2024-08-09 00:00:00,SG,,0
2024-08-09 00:00:00,TD,1037,8
2024-08-09 00:00:00,TN,1710,4
2024-08-09 00:00:00,TR,360,6
2024-08-09 00:00:00,TT,52,1
2024-08-09 00:00:00,UKS,1,7
2024-08-09 00:00:00,UKW,629,5
2024-08-09 00:00:00,US,,0
2024-08-09 00:00:00,VE,,0
2024-08-09 00:00:00,VN,974,1
2024-08-09 00:00:00,WE,,0
2024-08-10 00:00:00,,,0
2024-08-10 00:00:00,"",,0
2024-08-10 00:00:00,AU,,0
2024-08-10 00:00:00,BN,,0
2024-08-10 00:00:00,BR,1760,6
2024-08-10 00:00:00,BS,,0
2024-08-10 00:00:00,BZ,,0
2024-08-10 00:00:00,CCS,,0
2024-08-10 00:00:00,CD,1640,53
2024-08-10 00:00:00,CG,10710,63
2024-08-10 00:00:00,CM,579,13
2024-08-10 00:00:00,CO,867,15
2024-08-10 00:00:00,EC,,0
2024-08-10 00:00:00,EG,,0
2024-08-10 00:00:00,ER,,0
2024-08-10 00:00:00,FR,,0
2024-08-10 00:00:00,GA,14470,69
2024-08-10 00:00:00,GT,,0
2024-08-10 00:00:00,IQ,,0
2024-08-10 00:00:00,LH,,0
2024-08-10 00:00:00,MX,535,6
2024-08-10 00:00:00,PE,,0
2024-08-10 00:00:00,SG,,0
2024-08-10 00:00:00,TD,1037,8
2024-08-10 00:00:00,TN,1710,4
2024-08-10 00:00:00,TR,163,5
2024-08-10 00:00:00,TT,52,1
2024-08-10 00:00:00,UKS,1,7
2024-08-10 00:00:00,UKW,629,5
2024-08-10 00:00:00,US,,0
2024-08-10 00:00:00,VE,,0
2024-08-10 00:00:00,VN,974,1
2024-08-10 00:00:00,WE,,0
2024-08-11 00:00:00,,,0
2024-08-11 00:00:00,"",,0
2024-08-11 00:00:00,AU,,0
2024-08-11 00:00:00,BN,,0
2024-08-11 00:00:00,BR,1743,6
2024-08-11 00:00:00,BS,,0
2024-08-11 00:00:00,BZ,,0
2024-08-11 00:00:00,CCS,,0
2024-08-11 00:00:00,CD,1582,54
2024-08-11 00:00:00,CG,11133,64
2024-08-11 00:00:00,CM,609,13
2024-08-11 00:00:00,CO,832,14
2024-08-11 00:00:00,EC,,0
2024-08-11 00:00:00,EG,,0
2024-08-11 00:00:00,ER,,0
2024-08-11 00:00:00,FR,,0
2024-08-11 00:00:00,GA,14295,68
2024-08-11 00:00:00,GT,,0
2024-08-11 00:00:00,IQ,,0
2024-08-11 00:00:00,LH,,0
2024-08-11 00:00:00,MX,550,7
2024-08-11 00:00:00,PE,,0
2024-08-11 00:00:00,SG,,0
2024-08-11 00:00:00,TD,1037,8
2024-08-11 00:00:00,TN,1710,4
2024-08-11 00:00:00,TR,163,5
2024-08-11 00:00:00,TT,,0
2024-08-11 00:00:00,UKS,1,7
2024-08-11 00:00:00,UKW,629,5
2024-08-11 00:00:00,US,,0
2024-08-11 00:00:00,VE,,0
2024-08-11 00:00:00,VN,,0
2024-08-11 00:00:00,WE,,0
2024-08-12 00:00:00,,,0
2024-08-12 00:00:00,"",,0
2024-08-12 00:00:00,AU,,0
2024-08-12 00:00:00,BN,,0
2024-08-12 00:00:00,BR,2225,7
2024-08-12 00:00:00,BS,,0
2024-08-12 00:00:00,BZ,,0
2024-08-12 00:00:00,CCS,,0
2024-08-12 00:00:00,CD,1673,55
2024-08-12 00:00:00,CG,12463,65
2024-08-12 00:00:00,CM,609,13
2024-08-12 00:00:00,CO,832,14
2024-08-12 00:00:00,EC,,0
2024-08-12 00:00:00,EG,,0
2024-08-12 00:00:00,ER,,0
2024-08-12 00:00:00,FR,,0
2024-08-12 00:00:00,GA,14206,68
2024-08-12 00:00:00,GT,,0
2024-08-12 00:00:00,IQ,,0
2024-08-12 00:00:00,LH,,0
2024-08-12 00:00:00,MX,550,7
2024-08-12 00:00:00,PE,,0
2024-08-12 00:00:00,SG,,0
2024-08-12 00:00:00,TD,1037,8
2024-08-12 00:00:00,TN,1710,4
2024-08-12 00:00:00,TR,163,5
2024-08-12 00:00:00,TT,52,1
2024-08-12 00:00:00,UKS,1,7
2024-08-12 00:00:00,UKW,629,5
2024-08-12 00:00:00,US,,0
2024-08-12 00:00:00,VE,,0
2024-08-12 00:00:00,VN,,0
2024-08-12 00:00:00,WE,,0
2024-08-13 00:00:00,,,0
2024-08-13 00:00:00,"",,0
2024-08-13 00:00:00,AU,,0
2024-08-13 00:00:00,BN,,0
2024-08-13 00:00:00,BR,2225,7
2024-08-13 00:00:00,BS,,0
2024-08-13 00:00:00,BZ,,0
2024-08-13 00:00:00,CCS,,0
2024-08-13 00:00:00,CD,1267,58
2024-08-13 00:00:00,CG,12641,66
2024-08-13 00:00:00,CM,619,13
2024-08-13 00:00:00,CO,832,14
2024-08-13 00:00:00,EC,,0
2024-08-13 00:00:00,EG,,0
2024-08-13 00:00:00,ER,,0
2024-08-13 00:00:00,FR,,0
2024-08-13 00:00:00,GA,14087,67
2024-08-13 00:00:00,GT,,0
2024-08-13 00:00:00,IQ,,0
2024-08-13 00:00:00,LH,,0
2024-08-13 00:00:00,MX,673,7
2024-08-13 00:00:00,PE,,0
2024-08-13 00:00:00,SG,,0
2024-08-13 00:00:00,TD,1037,8
2024-08-13 00:00:00,TN,1710,4
2024-08-13 00:00:00,TR,163,5
2024-08-13 00:00:00,TT,52,1
2024-08-13 00:00:00,UKS,1,7
2024-08-13 00:00:00,UKW,629,5
2024-08-13 00:00:00,US,,0
2024-08-13 00:00:00,VE,,0
2024-08-13 00:00:00,VN,,0
2024-08-13 00:00:00,WE,,0
2024-08-14 00:00:00,,,0
2024-08-14 00:00:00,"",,0
2024-08-14 00:00:00,AU,,0
2024-08-14 00:00:00,BN,,0
2024-08-14 00:00:00,BR,2225,7
2024-08-14 00:00:00,BS,,0
2024-08-14 00:00:00,BZ,,0
2024-08-14 00:00:00,CCS,,0
2024-08-14 00:00:00,CD,1267,57
2024-08-14 00:00:00,CG,11170,66
2024-08-14 00:00:00,CM,609,13
2024-08-14 00:00:00,CO,966,14
2024-08-14 00:00:00,EC,,0
2024-08-14 00:00:00,EG,,0
2024-08-14 00:00:00,ER,,0
2024-08-14 00:00:00,FR,,0
2024-08-14 00:00:00,GA,14976,69
2024-08-14 00:00:00,GT,220,1
2024-08-14 00:00:00,IQ,,0
2024-08-14 00:00:00,LH,,0
2024-08-14 00:00:00,MX,550,7
2024-08-14 00:00:00,PE,,0
2024-08-14 00:00:00,SG,,0
2024-08-14 00:00:00,TD,1037,8
2024-08-14 00:00:00,TN,1710,4
2024-08-14 00:00:00,TR,163,5
2024-08-14 00:00:00,TT,52,1
2024-08-14 00:00:00,UKS,1,8
2024-08-14 00:00:00,UKW,629,5
2024-08-14 00:00:00,US,,0
2024-08-14 00:00:00,VE,,0
2024-08-14 00:00:00,VN,,0
2024-08-14 00:00:00,WE,,0
2024-08-15 00:00:00,,,0
2024-08-15 00:00:00,"",,0
2024-08-15 00:00:00,AU,,0
2024-08-15 00:00:00,BN,,0
2024-08-15 00:00:00,BR,2225,7
2024-08-15 00:00:00,BS,,0
2024-08-15 00:00:00,BZ,,0
2024-08-15 00:00:00,CCS,,0
2024-08-15 00:00:00,CD,1255,56
2024-08-15 00:00:00,CG,11333,66
2024-08-15 00:00:00,CM,650,14
2024-08-15 00:00:00,CO,1046,15
2024-08-15 00:00:00,EC,,0
2024-08-15 00:00:00,EG,,0
2024-08-15 00:00:00,ER,,0
2024-08-15 00:00:00,FR,,0
2024-08-15 00:00:00,GA,14867,70
2024-08-15 00:00:00,GT,220,1
2024-08-15 00:00:00,IQ,,0
2024-08-15 00:00:00,LH,,0
2024-08-15 00:00:00,MX,550,7
2024-08-15 00:00:00,PE,,0
2024-08-15 00:00:00,SG,,0
2024-08-15 00:00:00,TD,1037,8
2024-08-15 00:00:00,TN,1710,4
2024-08-15 00:00:00,TR,163,4
2024-08-15 00:00:00,TT,52,1
2024-08-15 00:00:00,UKS,1,8
2024-08-15 00:00:00,UKW,629,5
2024-08-15 00:00:00,US,,0
2024-08-15 00:00:00,VE,,0
2024-08-15 00:00:00,VN,,0
2024-08-15 00:00:00,WE,,0
2024-08-16 00:00:00,,,0
2024-08-16 00:00:00,"",,0
2024-08-16 00:00:00,AU,,0
2024-08-16 00:00:00,BN,,0
2024-08-16 00:00:00,BR,2225,7
2024-08-16 00:00:00,BS,,0
2024-08-16 00:00:00,BZ,,0
2024-08-16 00:00:00,CCS,,0
2024-08-16 00:00:00,CD,1237,56
2024-08-16 00:00:00,CG,11453,67
2024-08-16 00:00:00,CM,650,14
2024-08-16 00:00:00,CO,1046,15
2024-08-16 00:00:00,EC,,0
2024-08-16 00:00:00,EG,,0
2024-08-16 00:00:00,ER,,0
2024-08-16 00:00:00,FR,,0
2024-08-16 00:00:00,GA,14867,70
2024-08-16 00:00:00,GT,220,1
2024-08-16 00:00:00,IQ,,0
2024-08-16 00:00:00,LH,,0
2024-08-16 00:00:00,MX,620,7
2024-08-16 00:00:00,PE,,0
2024-08-16 00:00:00,SG,,0
2024-08-16 00:00:00,TD,1037,8
2024-08-16 00:00:00,TN,1710,4
2024-08-16 00:00:00,TR,163,5
2024-08-16 00:00:00,TT,,0
2024-08-16 00:00:00,UKS,1,12
2024-08-16 00:00:00,UKW,629,5
2024-08-16 00:00:00,US,,0
2024-08-16 00:00:00,VE,,0
2024-08-16 00:00:00,VN,,0
2024-08-16 00:00:00,WE,,0
2024-08-17 00:00:00,,,0
2024-08-17 00:00:00,"",,0
2024-08-17 00:00:00,AU,,0
2024-08-17 00:00:00,BN,,0
2024-08-17 00:00:00,BR,2386,7
2024-08-17 00:00:00,BS,,0
2024-08-17 00:00:00,BZ,,0
2024-08-17 00:00:00,CCS,,0
2024-08-17 00:00:00,CD,1267,57
2024-08-17 00:00:00,CG,10845,66
2024-08-17 00:00:00,CM,718,15
2024-08-17 00:00:00,CO,1046,15
2024-08-17 00:00:00,EC,,0
2024-08-17 00:00:00,EG,,0
2024-08-17 00:00:00,ER,,0
2024-08-17 00:00:00,FR,,0
2024-08-17 00:00:00,GA,15028,69
2024-08-17 00:00:00,GT,220,1
2024-08-17 00:00:00,IQ,,0
2024-08-17 00:00:00,LH,,0
2024-08-17 00:00:00,MX,671,6
2024-08-17 00:00:00,PE,,0
2024-08-17 00:00:00,SG,,0
2024-08-17 00:00:00,TD,1037,8
2024-08-17 00:00:00,TN,1710,4
2024-08-17 00:00:00,TR,163,5
2024-08-17 00:00:00,TT,,0
2024-08-17 00:00:00,UKS,1,13
2024-08-17 00:00:00,UKW,629,5
2024-08-17 00:00:00,US,,0
2024-08-17 00:00:00,VE,,0
2024-08-17 00:00:00,VN,,0
2024-08-17 00:00:00,WE,,0
2024-08-18 00:00:00,,,0
2024-08-18 00:00:00,"",,0
2024-08-18 00:00:00,AU,,0
2024-08-18 00:00:00,BN,,0
2024-08-18 00:00:00,BR,2393,8
2024-08-18 00:00:00,BS,,0
2024-08-18 00:00:00,BZ,,0
2024-08-18 00:00:00,CCS,,0
2024-08-18 00:00:00,CD,1268,58
2024-08-18 00:00:00,CG,9935,66
2024-08-18 00:00:00,CM,695,14
2024-08-18 00:00:00,CO,895,14
2024-08-18 00:00:00,EC,,0
2024-08-18 00:00:00,EG,,0
2024-08-18 00:00:00,ER,,0
2024-08-18 00:00:00,FR,,0
2024-08-18 00:00:00,GA,14928,73
2024-08-18 00:00:00,GT,287,1
2024-08-18 00:00:00,IQ,,0
2024-08-18 00:00:00,LH,,0
2024-08-18 00:00:00,MX,528,6
2024-08-18 00:00:00,PE,,0
2024-08-18 00:00:00,SG,,0
2024-08-18 00:00:00,TD,1037,8
2024-08-18 00:00:00,TN,1710,4
2024-08-18 00:00:00,TR,40,4
2024-08-18 00:00:00,TT,,0
2024-08-18 00:00:00,UKS,1,13
2024-08-18 00:00:00,UKW,629,5
2024-08-18 00:00:00,US,,0
2024-08-18 00:00:00,VE,,0
2024-08-18 00:00:00,VN,,0
2024-08-18 00:00:00,WE,,0
2024-08-19 00:00:00,,,0
2024-08-19 00:00:00,"",,0
2024-08-19 00:00:00,AU,,0
2024-08-19 00:00:00,BN,,0
2024-08-19 00:00:00,BR,3094,10
2024-08-19 00:00:00,BS,,0
2024-08-19 00:00:00,BZ,,0
2024-08-19 00:00:00,CCS,,0
2024-08-19 00:00:00,CD,1225,56
2024-08-19 00:00:00,CG,9935,66
2024-08-19 00:00:00,CM,650,14
2024-08-19 00:00:00,CO,831,14
2024-08-19 00:00:00,EC,,0
2024-08-19 00:00:00,EG,,0
2024-08-19 00:00:00,ER,,0
2024-08-19 00:00:00,FR,,0
2024-08-19 00:00:00,GA,14928,73
2024-08-19 00:00:00,GT,126,1
2024-08-19 00:00:00,IQ,,0
2024-08-19 00:00:00,LH,,0
2024-08-19 00:00:00,MX,528,6
2024-08-19 00:00:00,PE,,0
2024-08-19 00:00:00,SG,,0
2024-08-19 00:00:00,TD,1037,8
2024-08-19 00:00:00,TN,1710,4
2024-08-19 00:00:00,TR,39,4
2024-08-19 00:00:00,TT,,0
2024-08-19 00:00:00,UKS,1,13
2024-08-19 00:00:00,UKW,629,5
2024-08-19 00:00:00,US,,0
2024-08-19 00:00:00,VE,,0
2024-08-19 00:00:00,VN,,0
2024-08-19 00:00:00,WE,,0
2024-08-20 00:00:00,,,0
2024-08-20 00:00:00,"",,0
2024-08-20 00:00:00,AU,,0
2024-08-20 00:00:00,BN,,0
2024-08-20 00:00:00,BR,3094,10
2024-08-20 00:00:00,BS,,0
2024-08-20 00:00:00,BZ,,0
2024-08-20 00:00:00,CCS,,0
2024-08-20 00:00:00,CD,1329,56
2024-08-20 00:00:00,CG,10756,66
2024-08-20 00:00:00,CM,640,13
2024-08-20 00:00:00,CO,831,13
2024-08-20 00:00:00,EC,,0
2024-08-20 00:00:00,EG,,0
2024-08-20 00:00:00,ER,,0
2024-08-20 00:00:00,FR,,0
2024-08-20 00:00:00,GA,14928,73
2024-08-20 00:00:00,GT,116,1
2024-08-20 00:00:00,IQ,,0
2024-08-20 00:00:00,LH,,0
2024-08-20 00:00:00,MX,528,6
2024-08-20 00:00:00,PE,,0
2024-08-20 00:00:00,SG,,0
2024-08-20 00:00:00,TD,1037,8
2024-08-20 00:00:00,TN,1710,4
2024-08-20 00:00:00,TR,39,4
2024-08-20 00:00:00,TT,,0
2024-08-20 00:00:00,UKS,1,13
2024-08-20 00:00:00,UKW,629,5
2024-08-20 00:00:00,US,,0
2024-08-20 00:00:00,VE,,0
2024-08-20 00:00:00,VN,,0
2024-08-20 00:00:00,WE,,0
2024-08-21 00:00:00,,,0
2024-08-21 00:00:00,"",,0
2024-08-21 00:00:00,AU,,0
2024-08-21 00:00:00,BN,,0
2024-08-21 00:00:00,BR,3094,10
2024-08-21 00:00:00,BS,,0
2024-08-21 00:00:00,BZ,,0
2024-08-21 00:00:00,CCS,,0
2024-08-21 00:00:00,CD,1276,56
2024-08-21 00:00:00,CG,10672,65
2024-08-21 00:00:00,CM,650,14
2024-08-21 00:00:00,CO,831,13
2024-08-21 00:00:00,EC,,0
2024-08-21 00:00:00,EG,,0
2024-08-21 00:00:00,ER,,0
2024-08-21 00:00:00,FR,,0
2024-08-21 00:00:00,GA,14851,72
2024-08-21 00:00:00,GT,,0
2024-08-21 00:00:00,IQ,,0
2024-08-21 00:00:00,LH,,0
2024-08-21 00:00:00,MX,528,6
2024-08-21 00:00:00,PE,,0
2024-08-21 00:00:00,SG,,0
2024-08-21 00:00:00,TD,1037,8
2024-08-21 00:00:00,TN,1710,4
2024-08-21 00:00:00,TR,39,4
2024-08-21 00:00:00,TT,,0
2024-08-21 00:00:00,UKS,1,12
2024-08-21 00:00:00,UKW,629,5
2024-08-21 00:00:00,US,,0
2024-08-21 00:00:00,VE,,0
2024-08-21 00:00:00,VN,,0
2024-08-21 00:00:00,WE,,0
2024-08-22 00:00:00,,,0
2024-08-22 00:00:00,"",,0
2024-08-22 00:00:00,AU,,0
2024-08-22 00:00:00,BN,,0
2024-08-22 00:00:00,BR,3094,10
2024-08-22 00:00:00,BS,,0
2024-08-22 00:00:00,BZ,,0
2024-08-22 00:00:00,CCS,,0
2024-08-22 00:00:00,CD,1398,58
2024-08-22 00:00:00,CG,10685,66
2024-08-22 00:00:00,CM,650,14
2024-08-22 00:00:00,CO,831,13
2024-08-22 00:00:00,EC,,0
2024-08-22 00:00:00,EG,,0
2024-08-22 00:00:00,ER,,0
2024-08-22 00:00:00,FR,,0
2024-08-22 00:00:00,GA,14797,71
2024-08-22 00:00:00,GT,,0
2024-08-22 00:00:00,IQ,,0
2024-08-22 00:00:00,LH,,0
2024-08-22 00:00:00,MX,528,6
2024-08-22 00:00:00,PE,,0
2024-08-22 00:00:00,SG,,0
2024-08-22 00:00:00,TD,1037,8
2024-08-22 00:00:00,TN,1710,4
2024-08-22 00:00:00,TR,39,4
2024-08-22 00:00:00,TT,,0
2024-08-22 00:00:00,UKS,1,12
2024-08-22 00:00:00,UKW,629,5
2024-08-22 00:00:00,US,,0
2024-08-22 00:00:00,VE,,0
2024-08-22 00:00:00,VN,,0
2024-08-22 00:00:00,WE,,0
2024-08-23 00:00:00,,,0
2024-08-23 00:00:00,"",,0
2024-08-23 00:00:00,AU,,0
2024-08-23 00:00:00,BN,,0
2024-08-23 00:00:00,BR,3094,10
2024-08-23 00:00:00,BS,,0
2024-08-23 00:00:00,BZ,,0
2024-08-23 00:00:00,CCS,,0
2024-08-23 00:00:00,CD,1377,57
2024-08-23 00:00:00,CG,10545,66
2024-08-23 00:00:00,CM,589,13
2024-08-23 00:00:00,CO,831,13
2024-08-23 00:00:00,EC,,0
2024-08-23 00:00:00,EG,,0
2024-08-23 00:00:00,ER,,0
2024-08-23 00:00:00,FR,,0
2024-08-23 00:00:00,GA,14852,71
2024-08-23 00:00:00,GT,,0
2024-08-23 00:00:00,IQ,,0
2024-08-23 00:00:00,LH,,0
2024-08-23 00:00:00,MX,528,6
2024-08-23 00:00:00,PE,,0
2024-08-23 00:00:00,SG,,0
2024-08-23 00:00:00,TD,1037,8
2024-08-23 00:00:00,TN,1710,4
2024-08-23 00:00:00,TR,39,4
2024-08-23 00:00:00,TT,,0
2024-08-23 00:00:00,UKS,1,13
2024-08-23 00:00:00,UKW,629,5
2024-08-23 00:00:00,US,,0
2024-08-23 00:00:00,VE,,0
2024-08-23 00:00:00,VN,,0
2024-08-23 00:00:00,WE,,0
2024-08-24 00:00:00,,,0
2024-08-24 00:00:00,"",,0
2024-08-24 00:00:00,AU,,0
2024-08-24 00:00:00,BN,,0
2024-08-24 00:00:00,BR,3094,10
2024-08-24 00:00:00,BS,,0
2024-08-24 00:00:00,BZ,,0
2024-08-24 00:00:00,CCS,,0
2024-08-24 00:00:00,CD,1380,56
2024-08-24 00:00:00,CG,10354,67
2024-08-24 00:00:00,CM,559,13
2024-08-24 00:00:00,CO,831,13
2024-08-24 00:00:00,EC,,0
2024-08-24 00:00:00,EG,,0
2024-08-24 00:00:00,ER,,0
2024-08-24 00:00:00,FR,,0
2024-08-24 00:00:00,GA,14885,72
2024-08-24 00:00:00,GT,,0
2024-08-24 00:00:00,IQ,,0
2024-08-24 00:00:00,LH,,0
2024-08-24 00:00:00,MX,528,6
2024-08-24 00:00:00,PE,,0
2024-08-24 00:00:00,SG,,0
2024-08-24 00:00:00,TD,1037,8
2024-08-24 00:00:00,TN,1710,4
2024-08-24 00:00:00,TR,39,4
2024-08-24 00:00:00,TT,,0
2024-08-24 00:00:00,UKS,1,10
2024-08-24 00:00:00,UKW,629,5
2024-08-24 00:00:00,US,,0
2024-08-24 00:00:00,VE,,0
2024-08-24 00:00:00,VN,,0
2024-08-24 00:00:00,WE,,0
2024-08-25 00:00:00,,,0
2024-08-25 00:00:00,"",,0
2024-08-25 00:00:00,AU,,0
2024-08-25 00:00:00,BN,,0
2024-08-25 00:00:00,BR,3094,10
2024-08-25 00:00:00,BS,,0
2024-08-25 00:00:00,BZ,,0
2024-08-25 00:00:00,CCS,,0
2024-08-25 00:00:00,CD,1323,55
2024-08-25 00:00:00,CG,10354,67
2024-08-25 00:00:00,CM,549,13
2024-08-25 00:00:00,CO,831,13
2024-08-25 00:00:00,EC,,0
2024-08-25 00:00:00,EG,,0
2024-08-25 00:00:00,ER,,0
2024-08-25 00:00:00,FR,,0
2024-08-25 00:00:00,GA,14885,72
2024-08-25 00:00:00,GT,,0
2024-08-25 00:00:00,IQ,,0
2024-08-25 00:00:00,LH,,0
2024-08-25 00:00:00,MX,528,6
2024-08-25 00:00:00,PE,,0
2024-08-25 00:00:00,SG,,0
2024-08-25 00:00:00,TD,1037,8
2024-08-25 00:00:00,TN,1710,4
2024-08-25 00:00:00,TR,39,4
2024-08-25 00:00:00,TT,,0
2024-08-25 00:00:00,UKS,1,11
2024-08-25 00:00:00,UKW,629,5
2024-08-25 00:00:00,US,,0
2024-08-25 00:00:00,VE,,0
2024-08-25 00:00:00,VN,,0
2024-08-25 00:00:00,WE,,0
2024-08-26 00:00:00,,,0
2024-08-26 00:00:00,"",,0
2024-08-26 00:00:00,AU,,0
2024-08-26 00:00:00,BN,,0
2024-08-26 00:00:00,BR,3094,10
2024-08-26 00:00:00,BS,,0
2024-08-26 00:00:00,BZ,,0
2024-08-26 00:00:00,CCS,,0
2024-08-26 00:00:00,CD,1272,53
2024-08-26 00:00:00,CG,10348,66
2024-08-26 00:00:00,CM,131,11
2024-08-26 00:00:00,CO,831,13
2024-08-26 00:00:00,EC,,0
2024-08-26 00:00:00,EG,,0
2024-08-26 00:00:00,ER,,0
2024-08-26 00:00:00,FR,,0
2024-08-26 00:00:00,GA,14674,71
2024-08-26 00:00:00,GT,,0
2024-08-26 00:00:00,IQ,,0
2024-08-26 00:00:00,LH,,0
2024-08-26 00:00:00,MX,528,6
2024-08-26 00:00:00,PE,,0
2024-08-26 00:00:00,SG,,0
2024-08-26 00:00:00,TD,1037,8
2024-08-26 00:00:00,TN,1807,3
2024-08-26 00:00:00,TR,39,3
2024-08-26 00:00:00,TT,,0
2024-08-26 00:00:00,UKS,16,13
2024-08-26 00:00:00,UKW,783,5
2024-08-26 00:00:00,US,,0
2024-08-26 00:00:00,VE,,0
2024-08-26 00:00:00,VN,,0
2024-08-26 00:00:00,WE,,0
2024-08-27 00:00:00,,,0
2024-08-27 00:00:00,"",,0
2024-08-27 00:00:00,AU,,0
2024-08-27 00:00:00,BN,,0
2024-08-27 00:00:00,BR,3094,10
2024-08-27 00:00:00,BS,,0
2024-08-27 00:00:00,BZ,,0
2024-08-27 00:00:00,CCS,,0
2024-08-27 00:00:00,CD,1332,54
2024-08-27 00:00:00,CG,10348,66
2024-08-27 00:00:00,CM,131,10
2024-08-27 00:00:00,CO,831,13
2024-08-27 00:00:00,EC,,0
2024-08-27 00:00:00,EG,,0
2024-08-27 00:00:00,ER,,0
2024-08-27 00:00:00,FR,,0
2024-08-27 00:00:00,GA,14560,70
2024-08-27 00:00:00,GT,,0
2024-08-27 00:00:00,IQ,,0
2024-08-27 00:00:00,LH,,0
2024-08-27 00:00:00,MX,528,6
2024-08-27 00:00:00,PE,,0
2024-08-27 00:00:00,SG,,0
2024-08-27 00:00:00,TD,1037,8
2024-08-27 00:00:00,TN,1718,4
2024-08-27 00:00:00,TR,39,4
2024-08-27 00:00:00,TT,,0
2024-08-27 00:00:00,UKS,16,14
2024-08-27 00:00:00,UKW,821,6
2024-08-27 00:00:00,US,,0
2024-08-27 00:00:00,VE,,0
2024-08-27 00:00:00,VN,,0
2024-08-27 00:00:00,WE,,0
2024-08-28 00:00:00,,,0
2024-08-28 00:00:00,"",,0
2024-08-28 00:00:00,AU,,0
2024-08-28 00:00:00,BN,,0
2024-08-28 00:00:00,BR,3094,10
2024-08-28 00:00:00,BS,,0
2024-08-28 00:00:00,BZ,,0
2024-08-28 00:00:00,CCS,,0
2024-08-28 00:00:00,CD,1296,53
2024-08-28 00:00:00,CG,10413,66
2024-08-28 00:00:00,CM,121,11
2024-08-28 00:00:00,CO,831,12
2024-08-28 00:00:00,EC,,0
2024-08-28 00:00:00,EG,,0
2024-08-28 00:00:00,ER,,0
2024-08-28 00:00:00,FR,,0
2024-08-28 00:00:00,GA,14548,70
2024-08-28 00:00:00,GT,,0
2024-08-28 00:00:00,IQ,,0
2024-08-28 00:00:00,LH,,0
2024-08-28 00:00:00,MX,528,6
2024-08-28 00:00:00,PE,,0
2024-08-28 00:00:00,SG,,0
2024-08-28 00:00:00,TD,1037,8
2024-08-28 00:00:00,TN,1718,4
2024-08-28 00:00:00,TR,39,4
2024-08-28 00:00:00,TT,,0
2024-08-28 00:00:00,UKS,15,11
2024-08-28 00:00:00,UKW,821,6
2024-08-28 00:00:00,US,,0
2024-08-28 00:00:00,VE,,0
2024-08-28 00:00:00,VN,,0
2024-08-28 00:00:00,WE,,0
2024-08-29 00:00:00,,,0
2024-08-29 00:00:00,"",,0
2024-08-29 00:00:00,AU,,0
2024-08-29 00:00:00,BN,,0
2024-08-29 00:00:00,BR,3094,10
2024-08-29 00:00:00,BS,,0
2024-08-29 00:00:00,BZ,,0
2024-08-29 00:00:00,CCS,,0
2024-08-29 00:00:00,CD,1397,57
2024-08-29 00:00:00,CG,10446,65
2024-08-29 00:00:00,CM,279,12
2024-08-29 00:00:00,CO,831,12
2024-08-29 00:00:00,EC,,0
2024-08-29 00:00:00,EG,,0
2024-08-29 00:00:00,ER,,0
2024-08-29 00:00:00,FR,,0
2024-08-29 00:00:00,GA,14429,69
2024-08-29 00:00:00,GT,,0
2024-08-29 00:00:00,IQ,,0
2024-08-29 00:00:00,LH,,0
2024-08-29 00:00:00,MX,528,6
2024-08-29 00:00:00,PE,,0
2024-08-29 00:00:00,SG,,0
2024-08-29 00:00:00,TD,1037,8
2024-08-29 00:00:00,TN,1718,4
2024-08-29 00:00:00,TR,16,3
2024-08-29 00:00:00,TT,,0
2024-08-29 00:00:00,UKS,8,12
2024-08-29 00:00:00,UKW,821,6
2024-08-29 00:00:00,US,,0
2024-08-29 00:00:00,VE,,0
2024-08-29 00:00:00,VN,,0
2024-08-29 00:00:00,WE,,0
2024-08-30 00:00:00,,,0
2024-08-30 00:00:00,"",,0
2024-08-30 00:00:00,AU,,0
2024-08-30 00:00:00,BN,,0
2024-08-30 00:00:00,BR,3080,9
2024-08-30 00:00:00,BS,,0
2024-08-30 00:00:00,BZ,,0
2024-08-30 00:00:00,CCS,,0
2024-08-30 00:00:00,CD,1418,58
2024-08-30 00:00:00,CG,11024,67
2024-08-30 00:00:00,CM,326,12
2024-08-30 00:00:00,CO,831,13
2024-08-30 00:00:00,EC,,0
2024-08-30 00:00:00,EG,,0
2024-08-30 00:00:00,ER,,0
2024-08-30 00:00:00,FR,,0
2024-08-30 00:00:00,GA,14429,69
2024-08-30 00:00:00,GT,,0
2024-08-30 00:00:00,IQ,,0
2024-08-30 00:00:00,LH,,0
2024-08-30 00:00:00,MX,528,6
2024-08-30 00:00:00,PE,,0
2024-08-30 00:00:00,SG,,0
2024-08-30 00:00:00,TD,1037,8
2024-08-30 00:00:00,TN,1718,4
2024-08-30 00:00:00,TR,14,3
2024-08-30 00:00:00,TT,,0
2024-08-30 00:00:00,UKS,,11
2024-08-30 00:00:00,UKW,819,5
2024-08-30 00:00:00,US,,0
2024-08-30 00:00:00,VE,,0
2024-08-30 00:00:00,VN,,0
2024-08-30 00:00:00,WE,,0
2024-08-31 00:00:00,,,0
2024-08-31 00:00:00,"",,0
2024-08-31 00:00:00,AU,,0
2024-08-31 00:00:00,BN,,0
2024-08-31 00:00:00,BR,2917,8
2024-08-31 00:00:00,BS,,0
2024-08-31 00:00:00,BZ,,0
2024-08-31 00:00:00,CCS,,0
2024-08-31 00:00:00,CD,1362,57
2024-08-31 00:00:00,CG,11023,66
2024-08-31 00:00:00,CM,304,13
2024-08-31 00:00:00,CO,831,13
2024-08-31 00:00:00,EC,,0
2024-08-31 00:00:00,EG,,0
2024-08-31 00:00:00,ER,,0
2024-08-31 00:00:00,FR,,0
2024-08-31 00:00:00,GA,14429,69
2024-08-31 00:00:00,GT,,0
2024-08-31 00:00:00,IQ,,0
2024-08-31 00:00:00,LH,,0
2024-08-31 00:00:00,MX,665,6
2024-08-31 00:00:00,PE,,0
2024-08-31 00:00:00,SG,,0
2024-08-31 00:00:00,TD,1037,8
2024-08-31 00:00:00,TN,1718,4
2024-08-31 00:00:00,TR,14,3
2024-08-31 00:00:00,TT,,0
2024-08-31 00:00:00,UKS,,12
2024-08-31 00:00:00,UKW,823,6
2024-08-31 00:00:00,US,,0
2024-08-31 00:00:00,VE,,0
2024-08-31 00:00:00,VN,,0
2024-08-31 00:00:00,WE,,0
2024-09-01 00:00:00,,,0
2024-09-01 00:00:00,"",,0
2024-09-01 00:00:00,AU,,0
2024-09-01 00:00:00,BN,,0
2024-09-01 00:00:00,BR,2926,9
2024-09-01 00:00:00,BS,,0
2024-09-01 00:00:00,BZ,,0
2024-09-01 00:00:00,CCS,,0
2024-09-01 00:00:00,CD,1440,57
2024-09-01 00:00:00,CG,10891,65
2024-09-01 00:00:00,CM,304,13
2024-09-01 00:00:00,CO,831,13
2024-09-01 00:00:00,EC,,0
2024-09-01 00:00:00,EG,,0
2024-09-01 00:00:00,ER,,0
2024-09-01 00:00:00,FR,,0
2024-09-01 00:00:00,GA,14429,69
2024-09-01 00:00:00,GT,,0
2024-09-01 00:00:00,IQ,,0
2024-09-01 00:00:00,LH,,0
2024-09-01 00:00:00,MX,686,6
2024-09-01 00:00:00,PE,,0
2024-09-01 00:00:00,SG,,0
2024-09-01 00:00:00,TD,1037,8
2024-09-01 00:00:00,TN,1718,4
2024-09-01 00:00:00,TR,14,3
2024-09-01 00:00:00,TT,,0
2024-09-01 00:00:00,UKS,,12
2024-09-01 00:00:00,UKW,821,6
2024-09-01 00:00:00,US,,0
2024-09-01 00:00:00,VE,,0
2024-09-01 00:00:00,VN,,0
2024-09-01 00:00:00,WE,,0
2024-09-02 00:00:00,,,0
2024-09-02 00:00:00,"",,0
2024-09-02 00:00:00,AU,,0
2024-09-02 00:00:00,BN,,0
2024-09-02 00:00:00,BR,2926,9
2024-09-02 00:00:00,BS,,0
2024-09-02 00:00:00,BZ,,0
2024-09-02 00:00:00,CCS,,0
2024-09-02 00:00:00,CD,1414,57
2024-09-02 00:00:00,CG,10809,65
2024-09-02 00:00:00,CM,304,13
2024-09-02 00:00:00,CO,831,13
2024-09-02 00:00:00,EC,,0
2024-09-02 00:00:00,EG,,0
2024-09-02 00:00:00,ER,,0
2024-09-02 00:00:00,FR,,0
2024-09-02 00:00:00,GA,14429,69
2024-09-02 00:00:00,GT,,0
2024-09-02 00:00:00,IQ,,0
2024-09-02 00:00:00,LH,,0
2024-09-02 00:00:00,MX,676,6
2024-09-02 00:00:00,PE,,0
2024-09-02 00:00:00,SG,,0
2024-09-02 00:00:00,TD,1037,8
2024-09-02 00:00:00,TN,1718,4
2024-09-02 00:00:00,TR,14,3
2024-09-02 00:00:00,TT,,0
2024-09-02 00:00:00,UKS,8,16
2024-09-02 00:00:00,UKW,821,6
2024-09-02 00:00:00,US,,0
2024-09-02 00:00:00,VE,,0
2024-09-02 00:00:00,VN,,0
2024-09-02 00:00:00,WE,,0
2024-09-03 00:00:00,,,0
2024-09-03 00:00:00,"",,0
2024-09-03 00:00:00,AU,,0
2024-09-03 00:00:00,BN,,0
2024-09-03 00:00:00,BR,2926,9
2024-09-03 00:00:00,BS,,0
2024-09-03 00:00:00,BZ,,0
2024-09-03 00:00:00,CCS,,0
2024-09-03 00:00:00,CD,1462,58
2024-09-03 00:00:00,CG,10760,65
2024-09-03 00:00:00,CM,304,13
2024-09-03 00:00:00,CO,831,13
2024-09-03 00:00:00,EC,,0
2024-09-03 00:00:00,EG,,0
2024-09-03 00:00:00,ER,,0
2024-09-03 00:00:00,FR,,0
2024-09-03 00:00:00,GA,14329,68
2024-09-03 00:00:00,GT,,0
2024-09-03 00:00:00,IQ,,0
2024-09-03 00:00:00,LH,,0
2024-09-03 00:00:00,MX,909,6
2024-09-03 00:00:00,PE,,0
2024-09-03 00:00:00,SG,,0
2024-09-03 00:00:00,TD,1037,8
2024-09-03 00:00:00,TN,1718,4
2024-09-03 00:00:00,TR,14,3
2024-09-03 00:00:00,TT,,0
2024-09-03 00:00:00,UKS,,11
2024-09-03 00:00:00,UKW,821,6
2024-09-03 00:00:00,US,,0
2024-09-03 00:00:00,VE,,0
2024-09-03 00:00:00,VN,,0
2024-09-03 00:00:00,WE,,0
2024-09-04 00:00:00,,,0
2024-09-04 00:00:00,"",,0
2024-09-04 00:00:00,AU,,0
2024-09-04 00:00:00,BN,,0
2024-09-04 00:00:00,BR,2650,8
2024-09-04 00:00:00,BS,,0
2024-09-04 00:00:00,BZ,,0
2024-09-04 00:00:00,CCS,,0
2024-09-04 00:00:00,CD,1451,55
2024-09-04 00:00:00,CG,10749,64
2024-09-04 00:00:00,CM,415,13
2024-09-04 00:00:00,CO,831,12
2024-09-04 00:00:00,EC,,0
2024-09-04 00:00:00,EG,,0
2024-09-04 00:00:00,ER,,0
2024-09-04 00:00:00,FR,,0
2024-09-04 00:00:00,GA,13673,68
2024-09-04 00:00:00,GT,,0
2024-09-04 00:00:00,IQ,,0
2024-09-04 00:00:00,LH,,0
2024-09-04 00:00:00,MX,761,6
2024-09-04 00:00:00,PE,,0
2024-09-04 00:00:00,SG,,0
2024-09-04 00:00:00,TD,1037,8
2024-09-04 00:00:00,TN,1718,4
2024-09-04 00:00:00,TR,14,2
2024-09-04 00:00:00,TT,,0
2024-09-04 00:00:00,UKS,,13
2024-09-04 00:00:00,UKW,821,6
2024-09-04 00:00:00,US,,0
2024-09-04 00:00:00,VE,,0
2024-09-04 00:00:00,VN,,0
2024-09-04 00:00:00,WE,,0
2024-09-05 00:00:00,,,0
2024-09-05 00:00:00,"",,0
2024-09-05 00:00:00,AU,,0
2024-09-05 00:00:00,BN,,0
2024-09-05 00:00:00,BR,2650,8
2024-09-05 00:00:00,BS,,0
2024-09-05 00:00:00,BZ,,0
2024-09-05 00:00:00,CCS,,0
2024-09-05 00:00:00,CD,1465,56
2024-09-05 00:00:00,CG,10742,64
2024-09-05 00:00:00,CM,458,13
2024-09-05 00:00:00,CO,831,12
2024-09-05 00:00:00,EC,,0
2024-09-05 00:00:00,EG,,0
2024-09-05 00:00:00,ER,,0
2024-09-05 00:00:00,FR,,0
2024-09-05 00:00:00,GA,14396,68
2024-09-05 00:00:00,GT,,0
2024-09-05 00:00:00,IQ,,0
2024-09-05 00:00:00,LH,,0
2024-09-05 00:00:00,MX,634,6
2024-09-05 00:00:00,PE,,0
2024-09-05 00:00:00,SG,,0
2024-09-05 00:00:00,TD,1037,8
2024-09-05 00:00:00,TN,1718,4
2024-09-05 00:00:00,TR,14,3
2024-09-05 00:00:00,TT,,0
2024-09-05 00:00:00,UKS,,13
2024-09-05 00:00:00,UKW,821,6
2024-09-05 00:00:00,US,,0
2024-09-05 00:00:00,VE,,0
2024-09-05 00:00:00,VN,,0
2024-09-05 00:00:00,WE,,0
2024-09-06 00:00:00,,,0
2024-09-06 00:00:00,"",,0
2024-09-06 00:00:00,AU,,0
2024-09-06 00:00:00,BN,,0
2024-09-06 00:00:00,BR,2650,8
2024-09-06 00:00:00,BS,,0
2024-09-06 00:00:00,BZ,,0
2024-09-06 00:00:00,CCS,,0
2024-09-06 00:00:00,CD,1456,56
2024-09-06 00:00:00,CG,10695,63
2024-09-06 00:00:00,CM,304,13
2024-09-06 00:00:00,CO,802,11
2024-09-06 00:00:00,EC,,0
2024-09-06 00:00:00,EG,,0
2024-09-06 00:00:00,ER,,0
2024-09-06 00:00:00,FR,,0
2024-09-06 00:00:00,GA,14362,68
2024-09-06 00:00:00,GT,,0
2024-09-06 00:00:00,IQ,,0
2024-09-06 00:00:00,LH,,0
2024-09-06 00:00:00,MX,613,6
2024-09-06 00:00:00,PE,,0
2024-09-06 00:00:00,SG,,0
2024-09-06 00:00:00,TD,1037,8
2024-09-06 00:00:00,TN,1718,4
2024-09-06 00:00:00,TR,14,3
2024-09-06 00:00:00,TT,,0
2024-09-06 00:00:00,UKS,,13
2024-09-06 00:00:00,UKW,,0
2024-09-06 00:00:00,US,,0
2024-09-06 00:00:00,VE,,0
2024-09-06 00:00:00,VN,,0
2024-09-06 00:00:00,WE,,0
2024-09-07 00:00:00,,,0
2024-09-07 00:00:00,"",,0
2024-09-07 00:00:00,AU,,0
2024-09-07 00:00:00,BN,,0
2024-09-07 00:00:00,BR,2534,7
2024-09-07 00:00:00,BS,,0
2024-09-07 00:00:00,BZ,,0
2024-09-07 00:00:00,CCS,,0
2024-09-07 00:00:00,CD,1456,56
2024-09-07 00:00:00,CG,10672,63
2024-09-07 00:00:00,CM,587,13
2024-09-07 00:00:00,CO,895,12
2024-09-07 00:00:00,EC,,0
2024-09-07 00:00:00,EG,,0
2024-09-07 00:00:00,ER,,0
2024-09-07 00:00:00,FR,,0
2024-09-07 00:00:00,GA,13627,68
2024-09-07 00:00:00,GT,,0
2024-09-07 00:00:00,IQ,,0
2024-09-07 00:00:00,LH,,0
2024-09-07 00:00:00,MX,740,6
2024-09-07 00:00:00,PE,,0
2024-09-07 00:00:00,SG,,0
2024-09-07 00:00:00,TD,1037,8
2024-09-07 00:00:00,TN,1718,4
2024-09-07 00:00:00,TR,14,3
2024-09-07 00:00:00,TT,,0
2024-09-07 00:00:00,UKS,,11
2024-09-07 00:00:00,UKW,1047,6
2024-09-07 00:00:00,US,,0
2024-09-07 00:00:00,VE,,0
2024-09-07 00:00:00,VN,,0
2024-09-07 00:00:00,WE,,0
2024-09-08 00:00:00,,,0
2024-09-08 00:00:00,"",,0
2024-09-08 00:00:00,AU,,0
2024-09-08 00:00:00,BN,,0
2024-09-08 00:00:00,BR,2323,7
2024-09-08 00:00:00,BS,,0
2024-09-08 00:00:00,BZ,,0
2024-09-08 00:00:00,CCS,,0
2024-09-08 00:00:00,CD,1475,55
2024-09-08 00:00:00,CG,10187,63
2024-09-08 00:00:00,CM,930,12
2024-09-08 00:00:00,CO,895,12
2024-09-08 00:00:00,EC,,0
2024-09-08 00:00:00,EG,,0
2024-09-08 00:00:00,ER,,0
2024-09-08 00:00:00,FR,,0
2024-09-08 00:00:00,GA,13627,68
2024-09-08 00:00:00,GT,,0
2024-09-08 00:00:00,IQ,,0
2024-09-08 00:00:00,LH,,0
2024-09-08 00:00:00,MX,634,6
2024-09-08 00:00:00,PE,,0
2024-09-08 00:00:00,SG,,0
2024-09-08 00:00:00,TD,1037,8
2024-09-08 00:00:00,TN,1718,4
2024-09-08 00:00:00,TR,14,3
2024-09-08 00:00:00,TT,,0
2024-09-08 00:00:00,UKS,,12
2024-09-08 00:00:00,UKW,1052,7
2024-09-08 00:00:00,US,,0
2024-09-08 00:00:00,VE,,0
2024-09-08 00:00:00,VN,,0
2024-09-08 00:00:00,WE,,0
2024-09-09 00:00:00,,,0
2024-09-09 00:00:00,"",,0
2024-09-09 00:00:00,AU,,0
2024-09-09 00:00:00,BN,,0
2024-09-09 00:00:00,BR,2650,8
2024-09-09 00:00:00,BS,,0
2024-09-09 00:00:00,BZ,,0
2024-09-09 00:00:00,CCS,,0
2024-09-09 00:00:00,CD,1406,55
2024-09-09 00:00:00,CG,9909,63
2024-09-09 00:00:00,CM,958,14
2024-09-09 00:00:00,CO,895,12
2024-09-09 00:00:00,EC,,0
2024-09-09 00:00:00,EG,,0
2024-09-09 00:00:00,ER,,0
2024-09-09 00:00:00,FR,,0
2024-09-09 00:00:00,GA,13627,68
2024-09-09 00:00:00,GT,,0
2024-09-09 00:00:00,IQ,,0
2024-09-09 00:00:00,LH,,0
2024-09-09 00:00:00,MX,528,6
2024-09-09 00:00:00,PE,,0
2024-09-09 00:00:00,SG,,0
2024-09-09 00:00:00,TD,1037,8
2024-09-09 00:00:00,TN,1718,4
2024-09-09 00:00:00,TR,14,3
2024-09-09 00:00:00,TT,,0
2024-09-09 00:00:00,UKS,,9
2024-09-09 00:00:00,UKW,1050,6
2024-09-09 00:00:00,US,,0
2024-09-09 00:00:00,VE,,0
2024-09-09 00:00:00,VN,,0
2024-09-09 00:00:00,WE,,0
2024-09-10 00:00:00,,,0
2024-09-10 00:00:00,"",,0
2024-09-10 00:00:00,AU,,0
2024-09-10 00:00:00,BN,,0
2024-09-10 00:00:00,BR,2650,8
2024-09-10 00:00:00,BS,,0
2024-09-10 00:00:00,BZ,,0
2024-09-10 00:00:00,CCS,,0
2024-09-10 00:00:00,CD,1405,54
2024-09-10 00:00:00,CG,9811,62
2024-09-10 00:00:00,CM,958,14
2024-09-10 00:00:00,CO,895,12
2024-09-10 00:00:00,EC,,0
2024-09-10 00:00:00,EG,,0
2024-09-10 00:00:00,ER,,0
2024-09-10 00:00:00,FR,,0
2024-09-10 00:00:00,GA,13628,68
2024-09-10 00:00:00,GT,,0
2024-09-10 00:00:00,IQ,,0
2024-09-10 00:00:00,LH,,0
2024-09-10 00:00:00,MX,533,6
2024-09-10 00:00:00,PE,,0
2024-09-10 00:00:00,SG,,0
2024-09-10 00:00:00,TD,1037,8
2024-09-10 00:00:00,TN,1718,4
2024-09-10 00:00:00,TR,14,4
2024-09-10 00:00:00,TT,,0
2024-09-10 00:00:00,UKS,,11
2024-09-10 00:00:00,UKW,1037,5
2024-09-10 00:00:00,US,,0
2024-09-10 00:00:00,VE,,0
2024-09-10 00:00:00,VN,,0
2024-09-10 00:00:00,WE,,0
2024-09-11 00:00:00,,,0
2024-09-11 00:00:00,"",,0
2024-09-11 00:00:00,AU,,0
2024-09-11 00:00:00,BN,,0
2024-09-11 00:00:00,BR,2650,8
2024-09-11 00:00:00,BS,,0
2024-09-11 00:00:00,BZ,,0
2024-09-11 00:00:00,CCS,,0
2024-09-11 00:00:00,CD,1456,55
2024-09-11 00:00:00,CG,9812,63
2024-09-11 00:00:00,CM,958,14
2024-09-11 00:00:00,CO,895,12
2024-09-11 00:00:00,EC,,0
2024-09-11 00:00:00,EG,,0
2024-09-11 00:00:00,ER,,0
2024-09-11 00:00:00,FR,,0
2024-09-11 00:00:00,GA,13634,69
2024-09-11 00:00:00,GT,,0
2024-09-11 00:00:00,IQ,,0
2024-09-11 00:00:00,LH,,0
2024-09-11 00:00:00,MX,540,7
2024-09-11 00:00:00,PE,,0
2024-09-11 00:00:00,SG,,0
2024-09-11 00:00:00,TD,1037,8
2024-09-11 00:00:00,TN,1718,4
2024-09-11 00:00:00,TR,14,3
2024-09-11 00:00:00,TT,,0
2024-09-11 00:00:00,UKS,,9
2024-09-11 00:00:00,UKW,1048,6
2024-09-11 00:00:00,US,,0
2024-09-11 00:00:00,VE,,0
2024-09-11 00:00:00,VN,,0
2024-09-11 00:00:00,WE,,0
2024-09-12 00:00:00,,,0
2024-09-12 00:00:00,"",,0
2024-09-12 00:00:00,AU,,0
2024-09-12 00:00:00,BN,,0
2024-09-12 00:00:00,BR,2831,9
2024-09-12 00:00:00,BS,,0
2024-09-12 00:00:00,BZ,,0
2024-09-12 00:00:00,CCS,,0
2024-09-12 00:00:00,CD,1453,56
2024-09-12 00:00:00,CG,9812,62
2024-09-12 00:00:00,CM,958,14
2024-09-12 00:00:00,CO,895,12
2024-09-12 00:00:00,EC,,0
2024-09-12 00:00:00,EG,,0
2024-09-12 00:00:00,ER,,0
2024-09-12 00:00:00,FR,,0
2024-09-12 00:00:00,GA,13888,69
2024-09-12 00:00:00,GT,,0
2024-09-12 00:00:00,IQ,,0
2024-09-12 00:00:00,LH,,0
2024-09-12 00:00:00,MX,540,7
2024-09-12 00:00:00,PE,,0
2024-09-12 00:00:00,SG,,0
2024-09-12 00:00:00,TD,1037,8
2024-09-12 00:00:00,TN,1718,4
2024-09-12 00:00:00,TR,14,2
2024-09-12 00:00:00,TT,,0
2024-09-12 00:00:00,UKS,,10
2024-09-12 00:00:00,UKW,1048,6
2024-09-12 00:00:00,US,,0
2024-09-12 00:00:00,VE,,0
2024-09-12 00:00:00,VN,,0
2024-09-12 00:00:00,WE,,0
2024-09-13 00:00:00,,,0
2024-09-13 00:00:00,"",,0
2024-09-13 00:00:00,AU,,0
2024-09-13 00:00:00,BN,,0
2024-09-13 00:00:00,BR,2825,9
2024-09-13 00:00:00,BS,,0
2024-09-13 00:00:00,BZ,,0
2024-09-13 00:00:00,CCS,,0
2024-09-13 00:00:00,CD,1449,54
2024-09-13 00:00:00,CG,9849,62
2024-09-13 00:00:00,CM,958,14
2024-09-13 00:00:00,CO,895,12
2024-09-13 00:00:00,EC,,0
2024-09-13 00:00:00,EG,,0
2024-09-13 00:00:00,ER,,0
2024-09-13 00:00:00,FR,,0
2024-09-13 00:00:00,GA,13811,69
2024-09-13 00:00:00,GT,,0
2024-09-13 00:00:00,IQ,,0
2024-09-13 00:00:00,LH,,0
2024-09-13 00:00:00,MX,540,7
2024-09-13 00:00:00,PE,,0
2024-09-13 00:00:00,SG,,0
2024-09-13 00:00:00,TD,1037,8
2024-09-13 00:00:00,TN,1718,4
2024-09-13 00:00:00,TR,14,3
2024-09-13 00:00:00,TT,,0
2024-09-13 00:00:00,UKS,,9
2024-09-13 00:00:00,UKW,1048,6
2024-09-13 00:00:00,US,,0
2024-09-13 00:00:00,VE,,0
2024-09-13 00:00:00,VN,,0
2024-09-13 00:00:00,WE,,0
2024-09-14 00:00:00,,,0
2024-09-14 00:00:00,"",,0
2024-09-14 00:00:00,AU,,0
2024-09-14 00:00:00,BN,,0
2024-09-14 00:00:00,BR,2825,9
2024-09-14 00:00:00,BS,,0
2024-09-14 00:00:00,BZ,,0
2024-09-14 00:00:00,CCS,,0
2024-09-14 00:00:00,CD,1421,53
2024-09-14 00:00:00,CG,9780,64
2024-09-14 00:00:00,CM,958,14
2024-09-14 00:00:00,CO,895,12
2024-09-14 00:00:00,EC,,0
2024-09-14 00:00:00,EG,,0
2024-09-14 00:00:00,ER,,0
2024-09-14 00:00:00,FR,,0
2024-09-14 00:00:00,GA,13816,70
2024-09-14 00:00:00,GT,,0
2024-09-14 00:00:00,IQ,,0
2024-09-14 00:00:00,LH,,0
2024-09-14 00:00:00,MX,540,7
2024-09-14 00:00:00,PE,,0
2024-09-14 00:00:00,SG,,0
2024-09-14 00:00:00,TD,1037,8
2024-09-14 00:00:00,TN,1718,4
2024-09-14 00:00:00,TR,14,3
2024-09-14 00:00:00,TT,143,1
2024-09-14 00:00:00,UKS,,12
2024-09-14 00:00:00,UKW,1061,6
2024-09-14 00:00:00,US,,0
2024-09-14 00:00:00,VE,,0
2024-09-14 00:00:00,VN,,0
2024-09-14 00:00:00,WE,,0
2024-09-15 00:00:00,,,0
2024-09-15 00:00:00,"",,0
2024-09-15 00:00:00,AU,,0
2024-09-15 00:00:00,BN,,0
2024-09-15 00:00:00,BR,2825,9
2024-09-15 00:00:00,BS,,0
2024-09-15 00:00:00,BZ,,0
2024-09-15 00:00:00,CCS,,0
2024-09-15 00:00:00,CD,1409,53
2024-09-15 00:00:00,CG,11254,64
2024-09-15 00:00:00,CM,965,15
2024-09-15 00:00:00,CO,895,12
2024-09-15 00:00:00,EC,,0
2024-09-15 00:00:00,EG,,0
2024-09-15 00:00:00,ER,,0
2024-09-15 00:00:00,FR,,0
2024-09-15 00:00:00,GA,14692,71
2024-09-15 00:00:00,GT,,0
2024-09-15 00:00:00,IQ,,0
2024-09-15 00:00:00,LH,,0
2024-09-15 00:00:00,MX,540,7
2024-09-15 00:00:00,PE,,0
2024-09-15 00:00:00,SG,,0
2024-09-15 00:00:00,TD,1037,8
2024-09-15 00:00:00,TN,1718,4
2024-09-15 00:00:00,TR,14,3
2024-09-15 00:00:00,TT,195,2
2024-09-15 00:00:00,UKS,,10
2024-09-15 00:00:00,UKW,1268,6
2024-09-15 00:00:00,US,,0
2024-09-15 00:00:00,VE,,0
2024-09-15 00:00:00,VN,,0
2024-09-15 00:00:00,WE,,0
2024-09-16 00:00:00,,,0
2024-09-16 00:00:00,"",,0
2024-09-16 00:00:00,AU,,0
2024-09-16 00:00:00,BN,,0
2024-09-16 00:00:00,BR,2762,8
2024-09-16 00:00:00,BS,,0
2024-09-16 00:00:00,BZ,,0
2024-09-16 00:00:00,CCS,,0
2024-09-16 00:00:00,CD,1427,56
2024-09-16 00:00:00,CG,11345,64
2024-09-16 00:00:00,CM,958,15
2024-09-16 00:00:00,CO,895,12
2024-09-16 00:00:00,EC,,0
2024-09-16 00:00:00,EG,,0
2024-09-16 00:00:00,ER,,0
2024-09-16 00:00:00,FR,,0
2024-09-16 00:00:00,GA,14268,68
2024-09-16 00:00:00,GT,,0
2024-09-16 00:00:00,IQ,,0
2024-09-16 00:00:00,LH,,0
2024-09-16 00:00:00,MX,540,7
2024-09-16 00:00:00,PE,,0
2024-09-16 00:00:00,SG,,0
2024-09-16 00:00:00,TD,1037,8
2024-09-16 00:00:00,TN,1445,3
2024-09-16 00:00:00,TR,14,3
2024-09-16 00:00:00,TT,195,2
2024-09-16 00:00:00,UKS,,11
2024-09-16 00:00:00,UKW,1048,6
2024-09-16 00:00:00,US,,0
2024-09-16 00:00:00,VE,,0
2024-09-16 00:00:00,VN,,0
2024-09-16 00:00:00,WE,,0
2024-09-17 00:00:00,,,0
2024-09-17 00:00:00,"",,0
2024-09-17 00:00:00,AU,,0
2024-09-17 00:00:00,BN,,0
2024-09-17 00:00:00,BR,2650,8
2024-09-17 00:00:00,BS,,0
2024-09-17 00:00:00,BZ,,0
2024-09-17 00:00:00,CCS,,0
2024-09-17 00:00:00,CD,1442,55
2024-09-17 00:00:00,CG,11431,64
2024-09-17 00:00:00,CM,958,15
2024-09-17 00:00:00,CO,901,12
2024-09-17 00:00:00,EC,,0
2024-09-17 00:00:00,EG,,0
2024-09-17 00:00:00,ER,,0
2024-09-17 00:00:00,FR,,0
2024-09-17 00:00:00,GA,14268,69
2024-09-17 00:00:00,GT,,0
2024-09-17 00:00:00,IQ,,0
2024-09-17 00:00:00,LH,,0
2024-09-17 00:00:00,MX,540,7
2024-09-17 00:00:00,PE,,0
2024-09-17 00:00:00,SG,,0
2024-09-17 00:00:00,TD,1037,8
2024-09-17 00:00:00,TN,1445,3
2024-09-17 00:00:00,TR,14,3
2024-09-17 00:00:00,TT,52,1
2024-09-17 00:00:00,UKS,,10
2024-09-17 00:00:00,UKW,1048,6
2024-09-17 00:00:00,US,,0
2024-09-17 00:00:00,VE,,0
2024-09-17 00:00:00,VN,,0
2024-09-17 00:00:00,WE,,0
2024-09-18 00:00:00,,,0
2024-09-18 00:00:00,"",,0
2024-09-18 00:00:00,AU,,0
2024-09-18 00:00:00,BN,,0
2024-09-18 00:00:00,BR,2650,8
2024-09-18 00:00:00,BS,,0
2024-09-18 00:00:00,BZ,,0
2024-09-18 00:00:00,CCS,,0
2024-09-18 00:00:00,CD,1406,56
2024-09-18 00:00:00,CG,11518,65
2024-09-18 00:00:00,CM,279,15
2024-09-18 00:00:00,CO,895,12
2024-09-18 00:00:00,EC,,0
2024-09-18 00:00:00,EG,,0
2024-09-18 00:00:00,ER,,0
2024-09-18 00:00:00,FR,,0
2024-09-18 00:00:00,GA,14300,70
2024-09-18 00:00:00,GT,,0
2024-09-18 00:00:00,IQ,,0
2024-09-18 00:00:00,LH,,0
2024-09-18 00:00:00,MX,540,7
2024-09-18 00:00:00,PE,,0
2024-09-18 00:00:00,SG,,0
2024-09-18 00:00:00,TD,1107,9
2024-09-18 00:00:00,TN,1445,3
2024-09-18 00:00:00,TR,14,2
2024-09-18 00:00:00,TT,195,2
2024-09-18 00:00:00,UKS,,11
2024-09-18 00:00:00,UKW,1029,5
2024-09-18 00:00:00,US,,0
2024-09-18 00:00:00,VE,,0
2024-09-18 00:00:00,VN,,0
2024-09-18 00:00:00,WE,,0
2024-09-19 00:00:00,,,0
2024-09-19 00:00:00,"",,0
2024-09-19 00:00:00,AU,,0
2024-09-19 00:00:00,BN,,0
2024-09-19 00:00:00,BR,2650,8
2024-09-19 00:00:00,BS,,0
2024-09-19 00:00:00,BZ,,0
2024-09-19 00:00:00,CCS,,0
2024-09-19 00:00:00,CD,1415,57
2024-09-19 00:00:00,CG,11518,65
2024-09-19 00:00:00,CM,279,14
2024-09-19 00:00:00,CO,895,12
2024-09-19 00:00:00,EC,,0
2024-09-19 00:00:00,EG,,0
2024-09-19 00:00:00,ER,,0
2024-09-19 00:00:00,FR,,0
2024-09-19 00:00:00,GA,14300,70
2024-09-19 00:00:00,GT,,0
2024-09-19 00:00:00,IQ,,0
2024-09-19 00:00:00,LH,,0
2024-09-19 00:00:00,MX,662,7
2024-09-19 00:00:00,PE,,0
2024-09-19 00:00:00,SG,,0
2024-09-19 00:00:00,TD,1037,8
2024-09-19 00:00:00,TN,1445,3
2024-09-19 00:00:00,TR,14,3
2024-09-19 00:00:00,TT,195,2
2024-09-19 00:00:00,UKS,,10
2024-09-19 00:00:00,UKW,1009,5
2024-09-19 00:00:00,US,,0
2024-09-19 00:00:00,VE,,0
2024-09-19 00:00:00,VN,,0
2024-09-19 00:00:00,WE,,0
2024-09-20 00:00:00,,,0
2024-09-20 00:00:00,"",,0
2024-09-20 00:00:00,AU,,0
2024-09-20 00:00:00,BN,,0
2024-09-20 00:00:00,BR,2650,8
2024-09-20 00:00:00,BS,,0
2024-09-20 00:00:00,BZ,,0
2024-09-20 00:00:00,CCS,,0
2024-09-20 00:00:00,CD,1393,56
2024-09-20 00:00:00,CG,11360,64
2024-09-20 00:00:00,CM,311,13
2024-09-20 00:00:00,CO,895,12
2024-09-20 00:00:00,EC,,0
2024-09-20 00:00:00,EG,,0
2024-09-20 00:00:00,ER,,0
2024-09-20 00:00:00,FR,,0
2024-09-20 00:00:00,GA,14267,69
2024-09-20 00:00:00,GT,,0
2024-09-20 00:00:00,IQ,,0
2024-09-20 00:00:00,LH,,0
2024-09-20 00:00:00,MX,762,7
2024-09-20 00:00:00,PE,,0
2024-09-20 00:00:00,SG,,0
2024-09-20 00:00:00,TD,1107,9
2024-09-20 00:00:00,TN,1445,3
2024-09-20 00:00:00,TR,14,3
2024-09-20 00:00:00,TT,143,1
2024-09-20 00:00:00,UKS,,11
2024-09-20 00:00:00,UKW,1009,5
2024-09-20 00:00:00,US,,0
2024-09-20 00:00:00,VE,,0
2024-09-20 00:00:00,VN,,0
2024-09-20 00:00:00,WE,,0
2024-09-21 00:00:00,,,0
2024-09-21 00:00:00,"",,0
2024-09-21 00:00:00,AU,,0
2024-09-21 00:00:00,BN,,0
2024-09-21 00:00:00,BR,3336,9
2024-09-21 00:00:00,BS,,0
2024-09-21 00:00:00,BZ,,0
2024-09-21 00:00:00,CCS,,0
2024-09-21 00:00:00,CD,1354,56
2024-09-21 00:00:00,CG,11281,64
2024-09-21 00:00:00,CM,279,13
2024-09-21 00:00:00,CO,895,12
2024-09-21 00:00:00,EC,,0
2024-09-21 00:00:00,EG,,0
2024-09-21 00:00:00,ER,,0
2024-09-21 00:00:00,FR,,0
2024-09-21 00:00:00,GA,14163,68
2024-09-21 00:00:00,GT,,0
2024-09-21 00:00:00,IQ,,0
2024-09-21 00:00:00,LH,,0
2024-09-21 00:00:00,MX,581,7
2024-09-21 00:00:00,PE,,0
2024-09-21 00:00:00,SG,,0
2024-09-21 00:00:00,TD,1107,9
2024-09-21 00:00:00,TN,1445,3
2024-09-21 00:00:00,TR,14,3
2024-09-21 00:00:00,TT,143,1
2024-09-21 00:00:00,UKS,,9
2024-09-21 00:00:00,UKW,1036,5
2024-09-21 00:00:00,US,,0
2024-09-21 00:00:00,VE,,0
2024-09-21 00:00:00,VN,,0
2024-09-21 00:00:00,WE,,0
2024-09-22 00:00:00,,,0
2024-09-22 00:00:00,"",,0
2024-09-22 00:00:00,AU,,0
2024-09-22 00:00:00,BN,,0
2024-09-22 00:00:00,BR,3336,9
2024-09-22 00:00:00,BS,,0
2024-09-22 00:00:00,BZ,,0
2024-09-22 00:00:00,CCS,,0
2024-09-22 00:00:00,CD,1376,55
2024-09-22 00:00:00,CG,11281,64
2024-09-22 00:00:00,CM,413,13
2024-09-22 00:00:00,CO,1371,12
2024-09-22 00:00:00,EC,,0
2024-09-22 00:00:00,EG,,0
2024-09-22 00:00:00,ER,,0
2024-09-22 00:00:00,FR,,0
2024-09-22 00:00:00,GA,14163,68
2024-09-22 00:00:00,GT,,0
2024-09-22 00:00:00,IQ,,0
2024-09-22 00:00:00,LH,,0
2024-09-22 00:00:00,MX,540,7
2024-09-22 00:00:00,PE,,0
2024-09-22 00:00:00,SG,,0
2024-09-22 00:00:00,TD,1107,9
2024-09-22 00:00:00,TN,1445,3
2024-09-22 00:00:00,TR,14,3
2024-09-22 00:00:00,TT,195,2
2024-09-22 00:00:00,UKS,,9
2024-09-22 00:00:00,UKW,1048,6
2024-09-22 00:00:00,US,,0
2024-09-22 00:00:00,VE,,0
2024-09-22 00:00:00,VN,,0
2024-09-22 00:00:00,WE,,0
2024-09-23 00:00:00,,,0
2024-09-23 00:00:00,"",,0
2024-09-23 00:00:00,AU,,0
2024-09-23 00:00:00,BN,,0
2024-09-23 00:00:00,BR,3336,9
2024-09-23 00:00:00,BS,,0
2024-09-23 00:00:00,BZ,,0
2024-09-23 00:00:00,CCS,,0
2024-09-23 00:00:00,CD,1426,56
2024-09-23 00:00:00,CG,11281,64
2024-09-23 00:00:00,CM,279,13
2024-09-23 00:00:00,CO,895,12
2024-09-23 00:00:00,EC,,0
2024-09-23 00:00:00,EG,,0
2024-09-23 00:00:00,ER,,0
2024-09-23 00:00:00,FR,,0
2024-09-23 00:00:00,GA,14251,69
2024-09-23 00:00:00,GT,,0
2024-09-23 00:00:00,IQ,,0
2024-09-23 00:00:00,LH,,0
2024-09-23 00:00:00,MX,668,7
2024-09-23 00:00:00,PE,,0
2024-09-23 00:00:00,SG,,0
2024-09-23 00:00:00,TD,1107,9
2024-09-23 00:00:00,TN,1445,3
2024-09-23 00:00:00,TR,14,3
2024-09-23 00:00:00,TT,195,2
2024-09-23 00:00:00,UKS,,7
2024-09-23 00:00:00,UKW,1031,5
2024-09-23 00:00:00,US,,0
2024-09-23 00:00:00,VE,,0
2024-09-23 00:00:00,VN,,0
2024-09-23 00:00:00,WE,,0
2024-09-24 00:00:00,,,0
2024-09-24 00:00:00,"",,0
2024-09-24 00:00:00,AU,,0
2024-09-24 00:00:00,BN,,0
2024-09-24 00:00:00,BR,3336,9
2024-09-24 00:00:00,BS,,0
2024-09-24 00:00:00,BZ,,0
2024-09-24 00:00:00,CCS,,0
2024-09-24 00:00:00,CD,1434,55
2024-09-24 00:00:00,CG,11281,64
2024-09-24 00:00:00,CM,279,13
2024-09-24 00:00:00,CO,895,11
2024-09-24 00:00:00,EC,,0
2024-09-24 00:00:00,EG,,0
2024-09-24 00:00:00,ER,,0
2024-09-24 00:00:00,FR,,0
2024-09-24 00:00:00,GA,14227,68
2024-09-24 00:00:00,GT,,0
2024-09-24 00:00:00,IQ,,0
2024-09-24 00:00:00,LH,,0
2024-09-24 00:00:00,MX,819,7
2024-09-24 00:00:00,PE,,0
2024-09-24 00:00:00,SG,,0
2024-09-24 00:00:00,TD,1199,9
2024-09-24 00:00:00,TN,1445,3
2024-09-24 00:00:00,TR,14,3
2024-09-24 00:00:00,TT,195,2
2024-09-24 00:00:00,UKS,,10
2024-09-24 00:00:00,UKW,1034,5
2024-09-24 00:00:00,US,,0
2024-09-24 00:00:00,VE,,0
2024-09-24 00:00:00,VN,,0
2024-09-24 00:00:00,WE,,0
2024-09-25 00:00:00,,,0
2024-09-25 00:00:00,"",,0
2024-09-25 00:00:00,AU,,0
2024-09-25 00:00:00,BN,,0
2024-09-25 00:00:00,BR,3336,9
2024-09-25 00:00:00,BS,,0
2024-09-25 00:00:00,BZ,,0
2024-09-25 00:00:00,CCS,,0
2024-09-25 00:00:00,CD,1407,56
2024-09-25 00:00:00,CG,11281,64
2024-09-25 00:00:00,CM,279,13
2024-09-25 00:00:00,CO,895,11
2024-09-25 00:00:00,EC,,0
2024-09-25 00:00:00,EG,,0
2024-09-25 00:00:00,ER,,0
2024-09-25 00:00:00,FR,,0
2024-09-25 00:00:00,GA,14350,70
2024-09-25 00:00:00,GT,,0
2024-09-25 00:00:00,IQ,,0
2024-09-25 00:00:00,LH,,0
2024-09-25 00:00:00,MX,743,7
2024-09-25 00:00:00,PE,,0
2024-09-25 00:00:00,SG,,0
2024-09-25 00:00:00,TD,1307,9
2024-09-25 00:00:00,TN,1445,3
2024-09-25 00:00:00,TR,14,3
2024-09-25 00:00:00,TT,195,2
2024-09-25 00:00:00,UKS,,9
2024-09-25 00:00:00,UKW,1048,6
2024-09-25 00:00:00,US,,0
2024-09-25 00:00:00,VE,,0
2024-09-25 00:00:00,VN,,0
2024-09-25 00:00:00,WE,,0
2024-09-26 00:00:00,,,0
2024-09-26 00:00:00,"",,0
2024-09-26 00:00:00,AU,,0
2024-09-26 00:00:00,BN,,0
2024-09-26 00:00:00,BR,3336,9
2024-09-26 00:00:00,BS,,0
2024-09-26 00:00:00,BZ,,0
2024-09-26 00:00:00,CCS,,0
2024-09-26 00:00:00,CD,1371,54
2024-09-26 00:00:00,CG,11234,63
2024-09-26 00:00:00,CM,430,13
2024-09-26 00:00:00,CO,895,12
2024-09-26 00:00:00,EC,,0
2024-09-26 00:00:00,EG,,0
2024-09-26 00:00:00,ER,,0
2024-09-26 00:00:00,FR,,0
2024-09-26 00:00:00,GA,14358,71
2024-09-26 00:00:00,GT,,0
2024-09-26 00:00:00,IQ,,0
2024-09-26 00:00:00,LH,,0
2024-09-26 00:00:00,MX,540,7
2024-09-26 00:00:00,PE,,0
2024-09-26 00:00:00,SG,,0
2024-09-26 00:00:00,TD,1107,9
2024-09-26 00:00:00,TN,1445,3
2024-09-26 00:00:00,TR,14,2
2024-09-26 00:00:00,TT,195,2
2024-09-26 00:00:00,UKS,10,12
2024-09-26 00:00:00,UKW,1048,6
2024-09-26 00:00:00,US,,0
2024-09-26 00:00:00,VE,,0
2024-09-26 00:00:00,VN,,0
2024-09-26 00:00:00,WE,,0
2024-09-27 00:00:00,,,0
2024-09-27 00:00:00,"",,0
2024-09-27 00:00:00,AU,,0
2024-09-27 00:00:00,BN,,0
2024-09-27 00:00:00,BR,3336,9
2024-09-27 00:00:00,BS,,0
2024-09-27 00:00:00,BZ,,0
2024-09-27 00:00:00,CCS,,0
2024-09-27 00:00:00,CD,1332,54
2024-09-27 00:00:00,CG,11236,63
2024-09-27 00:00:00,CM,319,13
2024-09-27 00:00:00,CO,895,12
2024-09-27 00:00:00,EC,,0
2024-09-27 00:00:00,EG,,0
2024-09-27 00:00:00,ER,,0
2024-09-27 00:00:00,FR,,0
2024-09-27 00:00:00,GA,14358,72
2024-09-27 00:00:00,GT,,0
2024-09-27 00:00:00,IQ,,0
2024-09-27 00:00:00,LH,,0
2024-09-27 00:00:00,MX,540,7
2024-09-27 00:00:00,PE,,0
2024-09-27 00:00:00,SG,,0
2024-09-27 00:00:00,TD,1434,9
2024-09-27 00:00:00,TN,1445,3
2024-09-27 00:00:00,TR,14,3
2024-09-27 00:00:00,TT,195,2
2024-09-27 00:00:00,UKS,10,9
2024-09-27 00:00:00,UKW,1041,5
2024-09-27 00:00:00,US,,0
2024-09-27 00:00:00,VE,,0
2024-09-27 00:00:00,VN,,0
2024-09-27 00:00:00,WE,,0
2024-09-28 00:00:00,,,0
2024-09-28 00:00:00,"",,0
2024-09-28 00:00:00,AU,,0
2024-09-28 00:00:00,BN,,0
2024-09-28 00:00:00,BR,3343,9
2024-09-28 00:00:00,BS,,0
2024-09-28 00:00:00,BZ,,0
2024-09-28 00:00:00,CCS,,0
2024-09-28 00:00:00,CD,1351,53
2024-09-28 00:00:00,CG,11273,63
2024-09-28 00:00:00,CM,407,13
2024-09-28 00:00:00,CO,988,12
2024-09-28 00:00:00,EC,,0
2024-09-28 00:00:00,EG,,0
2024-09-28 00:00:00,ER,,0
2024-09-28 00:00:00,FR,,0
2024-09-28 00:00:00,GA,14432,72
2024-09-28 00:00:00,GT,,0
2024-09-28 00:00:00,IQ,,0
2024-09-28 00:00:00,LH,,0
2024-09-28 00:00:00,MX,540,7
2024-09-28 00:00:00,PE,,0
2024-09-28 00:00:00,SG,,0
2024-09-28 00:00:00,TD,1409,10
2024-09-28 00:00:00,TN,1445,3
2024-09-28 00:00:00,TR,14,3
2024-09-28 00:00:00,TT,195,2
2024-09-28 00:00:00,UKS,,11
2024-09-28 00:00:00,UKW,1048,6
2024-09-28 00:00:00,US,,0
2024-09-28 00:00:00,VE,,0
2024-09-28 00:00:00,VN,,0
2024-09-28 00:00:00,WE,,0
2024-09-29 00:00:00,,,0
2024-09-29 00:00:00,"",,0
2024-09-29 00:00:00,AU,,0
2024-09-29 00:00:00,BN,,0
2024-09-29 00:00:00,BR,3660,10
2024-09-29 00:00:00,BS,,0
2024-09-29 00:00:00,BZ,,0
2024-09-29 00:00:00,CCS,,0
2024-09-29 00:00:00,CD,1327,53
2024-09-29 00:00:00,CG,11273,63
2024-09-29 00:00:00,CM,293,13
2024-09-29 00:00:00,CO,940,12
2024-09-29 00:00:00,EC,,0
2024-09-29 00:00:00,EG,,0
2024-09-29 00:00:00,ER,,0
2024-09-29 00:00:00,FR,,0
2024-09-29 00:00:00,GA,15269,74
2024-09-29 00:00:00,GT,226,1
2024-09-29 00:00:00,IQ,,0
2024-09-29 00:00:00,LH,,0
2024-09-29 00:00:00,MX,540,7
2024-09-29 00:00:00,PE,,0
2024-09-29 00:00:00,SG,,0
2024-09-29 00:00:00,TD,1508,10
2024-09-29 00:00:00,TN,1445,3
2024-09-29 00:00:00,TR,14,3
2024-09-29 00:00:00,TT,195,2
2024-09-29 00:00:00,UKS,,9
2024-09-29 00:00:00,UKW,1048,6
2024-09-29 00:00:00,US,,0
2024-09-29 00:00:00,VE,,0
2024-09-29 00:00:00,VN,,0
2024-09-29 00:00:00,WE,,0
2024-09-30 00:00:00,,,0
2024-09-30 00:00:00,"",,0
2024-09-30 00:00:00,AU,,0
2024-09-30 00:00:00,BN,,0
2024-09-30 00:00:00,BR,3660,10
2024-09-30 00:00:00,BS,,0
2024-09-30 00:00:00,BZ,,0
2024-09-30 00:00:00,CCS,,0
2024-09-30 00:00:00,CD,1471,54
2024-09-30 00:00:00,CG,11383,63
2024-09-30 00:00:00,CM,293,13
2024-09-30 00:00:00,CO,944,11
2024-09-30 00:00:00,EC,,0
2024-09-30 00:00:00,EG,,0
2024-09-30 00:00:00,ER,,0
2024-09-30 00:00:00,FR,,0
2024-09-30 00:00:00,GA,15195,73
2024-09-30 00:00:00,GT,226,1
2024-09-30 00:00:00,IQ,,0
2024-09-30 00:00:00,LH,,0
2024-09-30 00:00:00,MX,540,7
2024-09-30 00:00:00,PE,,0
2024-09-30 00:00:00,SG,,0
2024-09-30 00:00:00,TD,1437,10
2024-09-30 00:00:00,TN,1445,3
2024-09-30 00:00:00,TR,14,3
2024-09-30 00:00:00,TT,337,3
2024-09-30 00:00:00,UKS,,10
2024-09-30 00:00:00,UKW,1048,6
2024-09-30 00:00:00,US,,0
2024-09-30 00:00:00,VE,,0
2024-09-30 00:00:00,VN,,0
2024-09-30 00:00:00,WE,,0
2024-10-01 00:00:00,,,0
2024-10-01 00:00:00,"",,0
2024-10-01 00:00:00,AU,,0
2024-10-01 00:00:00,BN,,0
2024-10-01 00:00:00,BR,3660,10
2024-10-01 00:00:00,BS,,0
2024-10-01 00:00:00,BZ,,0
2024-10-01 00:00:00,CCS,,0
2024-10-01 00:00:00,CD,1526,57
2024-10-01 00:00:00,CG,11340,62
2024-10-01 00:00:00,CM,306,13
2024-10-01 00:00:00,CO,895,11
2024-10-01 00:00:00,EC,,0
2024-10-01 00:00:00,EG,,0
2024-10-01 00:00:00,ER,,0
2024-10-01 00:00:00,FR,,0
2024-10-01 00:00:00,GA,15158,73
2024-10-01 00:00:00,GT,226,1
2024-10-01 00:00:00,IQ,,0
2024-10-01 00:00:00,LH,,0
2024-10-01 00:00:00,MX,540,7
2024-10-01 00:00:00,PE,,0
2024-10-01 00:00:00,SG,,0
2024-10-01 00:00:00,TD,1514,10
2024-10-01 00:00:00,TN,1445,3
2024-10-01 00:00:00,TR,14,3
2024-10-01 00:00:00,TT,285,2
2024-10-01 00:00:00,UKS,,8
2024-10-01 00:00:00,UKW,1048,6
2024-10-01 00:00:00,US,,0
2024-10-01 00:00:00,VE,,0
2024-10-01 00:00:00,VN,,0
2024-10-01 00:00:00,WE,,0
2024-10-02 00:00:00,,,0
2024-10-02 00:00:00,"",,0
2024-10-02 00:00:00,AU,,0
2024-10-02 00:00:00,BN,,0
2024-10-02 00:00:00,BR,3660,10
2024-10-02 00:00:00,BS,,0
2024-10-02 00:00:00,BZ,,0
2024-10-02 00:00:00,CCS,,0
2024-10-02 00:00:00,CD,1476,57
2024-10-02 00:00:00,CG,10580,61
2024-10-02 00:00:00,CM,297,13
2024-10-02 00:00:00,CO,895,11
2024-10-02 00:00:00,EC,,0
2024-10-02 00:00:00,EG,,0
2024-10-02 00:00:00,ER,,0
2024-10-02 00:00:00,FR,,0
2024-10-02 00:00:00,GA,15334,73
2024-10-02 00:00:00,GT,226,1
2024-10-02 00:00:00,IQ,,0
2024-10-02 00:00:00,LH,,0
2024-10-02 00:00:00,MX,540,7
2024-10-02 00:00:00,PE,,0
2024-10-02 00:00:00,SG,,0
2024-10-02 00:00:00,TD,1451,9
2024-10-02 00:00:00,TN,1445,3
2024-10-02 00:00:00,TR,14,3
2024-10-02 00:00:00,TT,285,2
2024-10-02 00:00:00,UKS,,10
2024-10-02 00:00:00,UKW,1048,6
2024-10-02 00:00:00,US,,0
2024-10-02 00:00:00,VE,,0
2024-10-02 00:00:00,VN,,0
2024-10-02 00:00:00,WE,,0
2024-10-03 00:00:00,,,0
2024-10-03 00:00:00,"",,0
2024-10-03 00:00:00,AU,,0
2024-10-03 00:00:00,BN,,0
2024-10-03 00:00:00,BR,4639,11
2024-10-03 00:00:00,BS,,0
2024-10-03 00:00:00,BZ,,0
2024-10-03 00:00:00,CCS,,0
2024-10-03 00:00:00,CD,1522,59
2024-10-03 00:00:00,CG,10581,62
2024-10-03 00:00:00,CM,286,13
2024-10-03 00:00:00,CO,895,11
2024-10-03 00:00:00,EC,,0
2024-10-03 00:00:00,EG,,0
2024-10-03 00:00:00,ER,,0
2024-10-03 00:00:00,FR,,0
2024-10-03 00:00:00,GA,15660,72
2024-10-03 00:00:00,GT,226,1
2024-10-03 00:00:00,IQ,,0
2024-10-03 00:00:00,LH,,0
2024-10-03 00:00:00,MX,540,7
2024-10-03 00:00:00,PE,,0
2024-10-03 00:00:00,SG,,0
2024-10-03 00:00:00,TD,1409,9
2024-10-03 00:00:00,TN,1445,3
2024-10-03 00:00:00,TR,14,2
2024-10-03 00:00:00,TT,285,2
2024-10-03 00:00:00,UKS,,8
2024-10-03 00:00:00,UKW,1048,6
2024-10-03 00:00:00,US,,0
2024-10-03 00:00:00,VE,,0
2024-10-03 00:00:00,VN,,0
2024-10-03 00:00:00,WE,,0
2024-10-04 00:00:00,,,0
2024-10-04 00:00:00,"",,0
2024-10-04 00:00:00,AU,,0
2024-10-04 00:00:00,BN,,0
2024-10-04 00:00:00,BR,4418,11
2024-10-04 00:00:00,BS,,0
2024-10-04 00:00:00,BZ,,0
2024-10-04 00:00:00,CCS,,0
2024-10-04 00:00:00,CD,2150,61
2024-10-04 00:00:00,CG,10582,62
2024-10-04 00:00:00,CM,57,13
2024-10-04 00:00:00,CO,894,10
2024-10-04 00:00:00,EC,,0
2024-10-04 00:00:00,EG,,0
2024-10-04 00:00:00,ER,,0
2024-10-04 00:00:00,FR,,0
2024-10-04 00:00:00,GA,15857,71
2024-10-04 00:00:00,GT,226,1
2024-10-04 00:00:00,IQ,,0
2024-10-04 00:00:00,LH,,0
2024-10-04 00:00:00,MX,540,7
2024-10-04 00:00:00,PE,,0
2024-10-04 00:00:00,SG,,0
2024-10-04 00:00:00,TD,1338,9
2024-10-04 00:00:00,TN,1445,3
2024-10-04 00:00:00,TR,14,2
2024-10-04 00:00:00,TT,285,2
2024-10-04 00:00:00,UKS,,9
2024-10-04 00:00:00,UKW,990,5
2024-10-04 00:00:00,US,,0
2024-10-04 00:00:00,VE,,0
2024-10-04 00:00:00,VN,,0
2024-10-04 00:00:00,WE,,0
2024-10-05 00:00:00,,,0
2024-10-05 00:00:00,"",,0
2024-10-05 00:00:00,AU,,0
2024-10-05 00:00:00,BN,,0
2024-10-05 00:00:00,BR,4310,11
2024-10-05 00:00:00,BS,,0
2024-10-05 00:00:00,BZ,,0
2024-10-05 00:00:00,CCS,,0
2024-10-05 00:00:00,CD,3037,64
2024-10-05 00:00:00,CG,10581,62
2024-10-05 00:00:00,CM,77,13
2024-10-05 00:00:00,CO,894,10
2024-10-05 00:00:00,EC,,0
2024-10-05 00:00:00,EG,,0
2024-10-05 00:00:00,ER,,0
2024-10-05 00:00:00,FR,,0
2024-10-05 00:00:00,GA,15635,72
2024-10-05 00:00:00,GT,226,1
2024-10-05 00:00:00,IQ,,0
2024-10-05 00:00:00,LH,,0
2024-10-05 00:00:00,MX,540,7
2024-10-05 00:00:00,PE,,0
2024-10-05 00:00:00,SG,,0
2024-10-05 00:00:00,TD,1409,9
2024-10-05 00:00:00,TN,1445,3
2024-10-05 00:00:00,TR,14,2
2024-10-05 00:00:00,TT,149,2
2024-10-05 00:00:00,UKS,,11
2024-10-05 00:00:00,UKW,1048,6
2024-10-05 00:00:00,US,,0
2024-10-05 00:00:00,VE,,0
2024-10-05 00:00:00,VN,,0
2024-10-05 00:00:00,WE,,0
2024-10-06 00:00:00,,,0
2024-10-06 00:00:00,"",,0
2024-10-06 00:00:00,AU,,0
2024-10-06 00:00:00,BN,,0
2024-10-06 00:00:00,BR,3801,12
2024-10-06 00:00:00,BS,,0
2024-10-06 00:00:00,BZ,,0
2024-10-06 00:00:00,CCS,,0
2024-10-06 00:00:00,CD,3120,65
2024-10-06 00:00:00,CG,10580,62
2024-10-06 00:00:00,CM,112,13
2024-10-06 00:00:00,CO,894,10
2024-10-06 00:00:00,EC,,0
2024-10-06 00:00:00,EG,,0
2024-10-06 00:00:00,ER,,0
2024-10-06 00:00:00,FR,,0
2024-10-06 00:00:00,GA,15809,73
2024-10-06 00:00:00,GT,226,1
2024-10-06 00:00:00,IQ,,0
2024-10-06 00:00:00,LH,,0
2024-10-06 00:00:00,MX,540,7
2024-10-06 00:00:00,PE,,0
2024-10-06 00:00:00,SG,,0
2024-10-06 00:00:00,TD,1300,9
2024-10-06 00:00:00,TN,1445,3
2024-10-06 00:00:00,TR,14,2
2024-10-06 00:00:00,TT,148,1
2024-10-06 00:00:00,UKS,,12
2024-10-06 00:00:00,UKW,1048,6
2024-10-06 00:00:00,US,,0
2024-10-06 00:00:00,VE,,0
2024-10-06 00:00:00,VN,,0
2024-10-06 00:00:00,WE,,0
2024-10-07 00:00:00,,,0
2024-10-07 00:00:00,"",,0
2024-10-07 00:00:00,AU,,0
2024-10-07 00:00:00,BN,,0
2024-10-07 00:00:00,BR,3801,12
2024-10-07 00:00:00,BS,,0
2024-10-07 00:00:00,BZ,,0
2024-10-07 00:00:00,CCS,,0
2024-10-07 00:00:00,CD,3085,62
2024-10-07 00:00:00,CG,10580,62
2024-10-07 00:00:00,CM,96,13
2024-10-07 00:00:00,CO,854,9
2024-10-07 00:00:00,EC,,0
2024-10-07 00:00:00,EG,,0
2024-10-07 00:00:00,ER,,0
2024-10-07 00:00:00,FR,,0
2024-10-07 00:00:00,GA,15638,72
2024-10-07 00:00:00,GT,226,1
2024-10-07 00:00:00,IQ,,0
2024-10-07 00:00:00,LH,,0
2024-10-07 00:00:00,MX,540,7
2024-10-07 00:00:00,PE,,0
2024-10-07 00:00:00,SG,,0
2024-10-07 00:00:00,TD,1406,9
2024-10-07 00:00:00,TN,1528,3
2024-10-07 00:00:00,TR,14,2
2024-10-07 00:00:00,TT,149,2
2024-10-07 00:00:00,UKS,,11
2024-10-07 00:00:00,UKW,1048,6
2024-10-07 00:00:00,US,,0
2024-10-07 00:00:00,VE,,0
2024-10-07 00:00:00,VN,,0
2024-10-07 00:00:00,WE,,0
2024-10-08 00:00:00,,,0
2024-10-08 00:00:00,"",,0
2024-10-08 00:00:00,AU,,0
2024-10-08 00:00:00,BN,,0
2024-10-08 00:00:00,BR,3801,12
2024-10-08 00:00:00,BS,,0
2024-10-08 00:00:00,BZ,,0
2024-10-08 00:00:00,CCS,,0
2024-10-08 00:00:00,CD,3061,62
2024-10-08 00:00:00,CG,10580,62
2024-10-08 00:00:00,CM,96,13
2024-10-08 00:00:00,CO,854,9
2024-10-08 00:00:00,EC,,0
2024-10-08 00:00:00,EG,,0
2024-10-08 00:00:00,ER,,0
2024-10-08 00:00:00,FR,,0
2024-10-08 00:00:00,GA,15506,72
2024-10-08 00:00:00,GT,226,1
2024-10-08 00:00:00,IQ,,0
2024-10-08 00:00:00,LH,,0
2024-10-08 00:00:00,MX,540,7
2024-10-08 00:00:00,PE,,0
2024-10-08 00:00:00,SG,,0
2024-10-08 00:00:00,TD,1304,9
2024-10-08 00:00:00,TN,1585,4
2024-10-08 00:00:00,TR,14,3
2024-10-08 00:00:00,TT,285,2
2024-10-08 00:00:00,UKS,,13
2024-10-08 00:00:00,UKW,1048,6
2024-10-08 00:00:00,US,,0
2024-10-08 00:00:00,VE,,0
2024-10-08 00:00:00,VN,,0
2024-10-08 00:00:00,WE,,0
2024-10-09 00:00:00,,,0
2024-10-09 00:00:00,"",,0
2024-10-09 00:00:00,AU,,0
2024-10-09 00:00:00,BN,,0
2024-10-09 00:00:00,BR,3801,12
2024-10-09 00:00:00,BS,,0
2024-10-09 00:00:00,BZ,,0
2024-10-09 00:00:00,CCS,,0
2024-10-09 00:00:00,CD,3146,61
2024-10-09 00:00:00,CG,10580,62
2024-10-09 00:00:00,CM,96,13
2024-10-09 00:00:00,CO,854,9
2024-10-09 00:00:00,EC,,0
2024-10-09 00:00:00,EG,,0
2024-10-09 00:00:00,ER,,0
2024-10-09 00:00:00,FR,,0
2024-10-09 00:00:00,GA,15586,73
2024-10-09 00:00:00,GT,226,1
2024-10-09 00:00:00,IQ,,0
2024-10-09 00:00:00,LH,,0
2024-10-09 00:00:00,MX,540,7
2024-10-09 00:00:00,PE,,0
2024-10-09 00:00:00,SG,,0
2024-10-09 00:00:00,TD,1315,9
2024-10-09 00:00:00,TN,1585,4
2024-10-09 00:00:00,TR,14,3
2024-10-09 00:00:00,TT,164,1
2024-10-09 00:00:00,UKS,,10
2024-10-09 00:00:00,UKW,966,5
2024-10-09 00:00:00,US,,0
2024-10-09 00:00:00,VE,,0
2024-10-09 00:00:00,VN,,0
2024-10-09 00:00:00,WE,,0
2024-10-10 00:00:00,,,0
2024-10-10 00:00:00,"",,0
2024-10-10 00:00:00,AU,,0
2024-10-10 00:00:00,BN,,0
2024-10-10 00:00:00,BR,3801,12
2024-10-10 00:00:00,BS,,0
2024-10-10 00:00:00,BZ,,0
2024-10-10 00:00:00,CCS,,0
2024-10-10 00:00:00,CD,3070,62
2024-10-10 00:00:00,CG,10580,62
2024-10-10 00:00:00,CM,96,13
2024-10-10 00:00:00,CO,1028,10
2024-10-10 00:00:00,EC,,0
2024-10-10 00:00:00,EG,,0
2024-10-10 00:00:00,ER,,0
2024-10-10 00:00:00,FR,,0
2024-10-10 00:00:00,GA,15586,72
2024-10-10 00:00:00,GT,226,1
2024-10-10 00:00:00,IQ,,0
2024-10-10 00:00:00,LH,,0
2024-10-10 00:00:00,MX,540,7
2024-10-10 00:00:00,PE,,0
2024-10-10 00:00:00,SG,,0
2024-10-10 00:00:00,TD,1304,9
2024-10-10 00:00:00,TN,1585,4
2024-10-10 00:00:00,TR,14,3
2024-10-10 00:00:00,TT,158,1
2024-10-10 00:00:00,UKS,,11
2024-10-10 00:00:00,UKW,1002,5
2024-10-10 00:00:00,US,,0
2024-10-10 00:00:00,VE,,0
2024-10-10 00:00:00,VN,,0
2024-10-10 00:00:00,WE,,0
2024-10-11 00:00:00,,,0
2024-10-11 00:00:00,"",,0
2024-10-11 00:00:00,AU,,0
2024-10-11 00:00:00,BN,,0
2024-10-11 00:00:00,BR,3801,12
2024-10-11 00:00:00,BS,,0
2024-10-11 00:00:00,BZ,,0
2024-10-11 00:00:00,CCS,,0
2024-10-11 00:00:00,CD,3084,62
2024-10-11 00:00:00,CG,11517,60
2024-10-11 00:00:00,CM,493,13
2024-10-11 00:00:00,CO,1028,10
2024-10-11 00:00:00,EC,,0
2024-10-11 00:00:00,EG,,0
2024-10-11 00:00:00,ER,,0
2024-10-11 00:00:00,FR,,0
2024-10-11 00:00:00,GA,15636,72
2024-10-11 00:00:00,GT,226,1
2024-10-11 00:00:00,IQ,,0
2024-10-11 00:00:00,LH,,0
2024-10-11 00:00:00,MX,540,7
2024-10-11 00:00:00,PE,,0
2024-10-11 00:00:00,SG,,0
2024-10-11 00:00:00,TD,1270,9
2024-10-11 00:00:00,TN,1585,4
2024-10-11 00:00:00,TR,14,3
2024-10-11 00:00:00,TT,170,1
2024-10-11 00:00:00,UKS,,10
2024-10-11 00:00:00,UKW,1048,6
2024-10-11 00:00:00,US,,0
2024-10-11 00:00:00,VE,,0
2024-10-11 00:00:00,VN,,0
2024-10-11 00:00:00,WE,,0
2024-10-12 00:00:00,,,0
2024-10-12 00:00:00,"",,0
2024-10-12 00:00:00,AU,,0
2024-10-12 00:00:00,BN,,0
2024-10-12 00:00:00,BR,4016,12
2024-10-12 00:00:00,BS,,0
2024-10-12 00:00:00,BZ,,0
2024-10-12 00:00:00,CCS,,0
2024-10-12 00:00:00,CD,3143,64
2024-10-12 00:00:00,CG,10195,60
2024-10-12 00:00:00,CM,96,13
2024-10-12 00:00:00,CO,1028,10
2024-10-12 00:00:00,EC,,0
2024-10-12 00:00:00,EG,,0
2024-10-12 00:00:00,ER,,0
2024-10-12 00:00:00,FR,,0
2024-10-12 00:00:00,GA,14982,70
2024-10-12 00:00:00,GT,226,1
2024-10-12 00:00:00,IQ,,0
2024-10-12 00:00:00,LH,,0
2024-10-12 00:00:00,MX,540,7
2024-10-12 00:00:00,PE,,0
2024-10-12 00:00:00,SG,,0
2024-10-12 00:00:00,TD,1270,9
2024-10-12 00:00:00,TN,1585,4
2024-10-12 00:00:00,TR,14,3
2024-10-12 00:00:00,TT,149,1
2024-10-12 00:00:00,UKS,,11
2024-10-12 00:00:00,UKW,1048,6
2024-10-12 00:00:00,US,,0
2024-10-12 00:00:00,VE,,0
2024-10-12 00:00:00,VN,,0
2024-10-12 00:00:00,WE,,0
2024-10-13 00:00:00,,,0
2024-10-13 00:00:00,"",,0
2024-10-13 00:00:00,AU,,0
2024-10-13 00:00:00,BN,,0
2024-10-13 00:00:00,BR,4942,14
2024-10-13 00:00:00,BS,,0
2024-10-13 00:00:00,BZ,,0
2024-10-13 00:00:00,CCS,,0
2024-10-13 00:00:00,CD,3120,62
2024-10-13 00:00:00,CG,9709,60
2024-10-13 00:00:00,CM,290,14
2024-10-13 00:00:00,CO,1028,10
2024-10-13 00:00:00,EC,,0
2024-10-13 00:00:00,EG,,0
2024-10-13 00:00:00,ER,,0
2024-10-13 00:00:00,FR,,0
2024-10-13 00:00:00,GA,15090,71
2024-10-13 00:00:00,GT,226,1
2024-10-13 00:00:00,IQ,,0
2024-10-13 00:00:00,LH,,0
2024-10-13 00:00:00,MX,540,7
2024-10-13 00:00:00,PE,,0
2024-10-13 00:00:00,SG,,0
2024-10-13 00:00:00,TD,1270,9
2024-10-13 00:00:00,TN,1570,3
2024-10-13 00:00:00,TR,14,3
2024-10-13 00:00:00,TT,168,1
2024-10-13 00:00:00,UKS,,9
2024-10-13 00:00:00,UKW,1048,6
2024-10-13 00:00:00,US,,0
2024-10-13 00:00:00,VE,,0
2024-10-13 00:00:00,VN,,0
2024-10-13 00:00:00,WE,,0
2024-10-14 00:00:00,,,0
2024-10-14 00:00:00,"",,0
2024-10-14 00:00:00,AU,,0
2024-10-14 00:00:00,BN,,0
2024-10-14 00:00:00,BR,4942,14
2024-10-14 00:00:00,BS,,0
2024-10-14 00:00:00,BZ,,0
2024-10-14 00:00:00,CCS,,0
2024-10-14 00:00:00,CD,3060,62
2024-10-14 00:00:00,CG,9596,60
2024-10-14 00:00:00,CM,96,13
2024-10-14 00:00:00,CO,1028,10
2024-10-14 00:00:00,EC,,0
2024-10-14 00:00:00,EG,,0
2024-10-14 00:00:00,ER,,0
2024-10-14 00:00:00,FR,,0
2024-10-14 00:00:00,GA,15103,71
2024-10-14 00:00:00,GT,226,1
2024-10-14 00:00:00,IQ,,0
2024-10-14 00:00:00,LH,,0
2024-10-14 00:00:00,MX,540,7
2024-10-14 00:00:00,PE,,0
2024-10-14 00:00:00,SG,,0
2024-10-14 00:00:00,TD,1338,9
2024-10-14 00:00:00,TN,1585,4
2024-10-14 00:00:00,TR,14,3
2024-10-14 00:00:00,TT,167,1
2024-10-14 00:00:00,UKS,,9
2024-10-14 00:00:00,UKW,1048,6
2024-10-14 00:00:00,US,,0
2024-10-14 00:00:00,VE,,0
2024-10-14 00:00:00,VN,,0
2024-10-14 00:00:00,WE,,0
2024-10-15 00:00:00,,,0
2024-10-15 00:00:00,"",,0
2024-10-15 00:00:00,AU,,0
2024-10-15 00:00:00,BN,,0
2024-10-15 00:00:00,BR,4482,13
2024-10-15 00:00:00,BS,,0
2024-10-15 00:00:00,BZ,,0
2024-10-15 00:00:00,CCS,,0
2024-10-15 00:00:00,CD,3091,63
2024-10-15 00:00:00,CG,9756,60
2024-10-15 00:00:00,CM,118,12
2024-10-15 00:00:00,CO,1028,10
2024-10-15 00:00:00,EC,,0
2024-10-15 00:00:00,EG,,0
2024-10-15 00:00:00,ER,,0
2024-10-15 00:00:00,FR,,0
2024-10-15 00:00:00,GA,15868,73
2024-10-15 00:00:00,GT,226,1
2024-10-15 00:00:00,IQ,,0
2024-10-15 00:00:00,LH,,0
2024-10-15 00:00:00,MX,540,7
2024-10-15 00:00:00,PE,,0
2024-10-15 00:00:00,SG,,0
2024-10-15 00:00:00,TD,1270,9
2024-10-15 00:00:00,TN,1521,3
2024-10-15 00:00:00,TR,14,3
2024-10-15 00:00:00,TT,167,1
2024-10-15 00:00:00,UKS,,8
2024-10-15 00:00:00,UKW,1048,6
2024-10-15 00:00:00,US,,0
2024-10-15 00:00:00,VE,,0
2024-10-15 00:00:00,VN,,0
2024-10-15 00:00:00,WE,,0
2024-10-16 00:00:00,,,0
2024-10-16 00:00:00,"",,0
2024-10-16 00:00:00,AU,,0
2024-10-16 00:00:00,BN,,0
2024-10-16 00:00:00,BR,4293,13
2024-10-16 00:00:00,BS,,0
2024-10-16 00:00:00,BZ,,0
2024-10-16 00:00:00,CCS,,0
2024-10-16 00:00:00,CD,3048,63
2024-10-16 00:00:00,CG,9954,60
2024-10-16 00:00:00,CM,164,13
2024-10-16 00:00:00,CO,1028,10
2024-10-16 00:00:00,EC,,0
2024-10-16 00:00:00,EG,,0
2024-10-16 00:00:00,ER,,0
2024-10-16 00:00:00,FR,,0
2024-10-16 00:00:00,GA,15868,73
2024-10-16 00:00:00,GT,226,1
2024-10-16 00:00:00,IQ,,0
2024-10-16 00:00:00,LH,,0
2024-10-16 00:00:00,MX,540,7
2024-10-16 00:00:00,PE,,0
2024-10-16 00:00:00,SG,,0
2024-10-16 00:00:00,TD,1270,9
2024-10-16 00:00:00,TN,1585,4
2024-10-16 00:00:00,TR,14,3
2024-10-16 00:00:00,TT,167,1
2024-10-16 00:00:00,UKS,,9
2024-10-16 00:00:00,UKW,1048,6
2024-10-16 00:00:00,US,,0
2024-10-16 00:00:00,VE,,0
2024-10-16 00:00:00,VN,,0
2024-10-16 00:00:00,WE,,0
2024-10-17 00:00:00,,,0
2024-10-17 00:00:00,"",,0
2024-10-17 00:00:00,AU,,0
2024-10-17 00:00:00,BN,,0
2024-10-17 00:00:00,BR,4293,13
2024-10-17 00:00:00,BS,,0
2024-10-17 00:00:00,BZ,,0
2024-10-17 00:00:00,CCS,,0
2024-10-17 00:00:00,CD,3052,63
2024-10-17 00:00:00,CG,9489,60
2024-10-17 00:00:00,CM,244,13
2024-10-17 00:00:00,CO,1028,10
2024-10-17 00:00:00,EC,,0
2024-10-17 00:00:00,EG,,0
2024-10-17 00:00:00,ER,,0
2024-10-17 00:00:00,FR,,0
2024-10-17 00:00:00,GA,15868,73
2024-10-17 00:00:00,GT,226,1
2024-10-17 00:00:00,IQ,,0
2024-10-17 00:00:00,LH,,0
2024-10-17 00:00:00,MX,540,7
2024-10-17 00:00:00,PE,,0
2024-10-17 00:00:00,SG,,0
2024-10-17 00:00:00,TD,1270,9
2024-10-17 00:00:00,TN,1585,4
2024-10-17 00:00:00,TR,195,3
2024-10-17 00:00:00,TT,167,1
2024-10-17 00:00:00,UKS,,9
2024-10-17 00:00:00,UKW,1046,5
2024-10-17 00:00:00,US,,0
2024-10-17 00:00:00,VE,,0
2024-10-17 00:00:00,VN,,0
2024-10-17 00:00:00,WE,,0
2024-10-18 00:00:00,,,0
2024-10-18 00:00:00,"",,0
2024-10-18 00:00:00,AU,,0
2024-10-18 00:00:00,BN,,0
2024-10-18 00:00:00,BR,4293,13
2024-10-18 00:00:00,BS,,0
2024-10-18 00:00:00,BZ,,0
2024-10-18 00:00:00,CCS,,0
2024-10-18 00:00:00,CD,3065,64
2024-10-18 00:00:00,CG,9471,60
2024-10-18 00:00:00,CM,191,13
2024-10-18 00:00:00,CO,1028,10
2024-10-18 00:00:00,EC,,0
2024-10-18 00:00:00,EG,,0
2024-10-18 00:00:00,ER,,0
2024-10-18 00:00:00,FR,,0
2024-10-18 00:00:00,GA,15843,72
2024-10-18 00:00:00,GT,226,1
2024-10-18 00:00:00,IQ,,0
2024-10-18 00:00:00,LH,,0
2024-10-18 00:00:00,MX,540,7
2024-10-18 00:00:00,PE,,0
2024-10-18 00:00:00,SG,,0
2024-10-18 00:00:00,TD,1270,9
2024-10-18 00:00:00,TN,1585,4
2024-10-18 00:00:00,TR,259,4
2024-10-18 00:00:00,TT,167,1
2024-10-18 00:00:00,UKS,8,12
2024-10-18 00:00:00,UKW,1048,6
2024-10-18 00:00:00,US,,0
2024-10-18 00:00:00,VE,,0
2024-10-18 00:00:00,VN,,0
2024-10-18 00:00:00,WE,,0
2024-10-19 00:00:00,,,0
2024-10-19 00:00:00,"",,0
2024-10-19 00:00:00,AU,,0
2024-10-19 00:00:00,BN,,0
2024-10-19 00:00:00,BR,4293,13
2024-10-19 00:00:00,BS,,0
2024-10-19 00:00:00,BZ,,0
2024-10-19 00:00:00,CCS,,0
2024-10-19 00:00:00,CD,3065,64
2024-10-19 00:00:00,CG,9529,60
2024-10-19 00:00:00,CM,191,13
2024-10-19 00:00:00,CO,1048,11
2024-10-19 00:00:00,EC,,0
2024-10-19 00:00:00,EG,,0
2024-10-19 00:00:00,ER,,0
2024-10-19 00:00:00,FR,,0
2024-10-19 00:00:00,GA,16050,73
2024-10-19 00:00:00,GT,226,1
2024-10-19 00:00:00,IQ,,0
2024-10-19 00:00:00,LH,,0
2024-10-19 00:00:00,MX,540,7
2024-10-19 00:00:00,PE,,0
2024-10-19 00:00:00,SG,,0
2024-10-19 00:00:00,TD,1304,9
2024-10-19 00:00:00,TN,1585,4
2024-10-19 00:00:00,TR,259,4
2024-10-19 00:00:00,TT,167,1
2024-10-19 00:00:00,UKS,8,11
2024-10-19 00:00:00,UKW,1048,6
2024-10-19 00:00:00,US,,0
2024-10-19 00:00:00,VE,,0
2024-10-19 00:00:00,VN,,0
2024-10-19 00:00:00,WE,,0
2024-10-20 00:00:00,,,0
2024-10-20 00:00:00,"",,0
2024-10-20 00:00:00,AU,,0
2024-10-20 00:00:00,BN,,0
2024-10-20 00:00:00,BR,4293,13
2024-10-20 00:00:00,BS,,0
2024-10-20 00:00:00,BZ,,0
2024-10-20 00:00:00,CCS,,0
2024-10-20 00:00:00,CD,3044,62
2024-10-20 00:00:00,CG,9471,60
2024-10-20 00:00:00,CM,191,14
2024-10-20 00:00:00,CO,1048,11
2024-10-20 00:00:00,EC,,0
2024-10-20 00:00:00,EG,,0
2024-10-20 00:00:00,ER,,0
2024-10-20 00:00:00,FR,,0
2024-10-20 00:00:00,GA,15794,72
2024-10-20 00:00:00,GT,226,1
2024-10-20 00:00:00,IQ,,0
2024-10-20 00:00:00,LH,,0
2024-10-20 00:00:00,MX,563,7
2024-10-20 00:00:00,PE,,0
2024-10-20 00:00:00,SG,,0
2024-10-20 00:00:00,TD,1270,9
2024-10-20 00:00:00,TN,1585,4
2024-10-20 00:00:00,TR,259,4
2024-10-20 00:00:00,TT,228,1
2024-10-20 00:00:00,UKS,8,11
2024-10-20 00:00:00,UKW,1048,6
2024-10-20 00:00:00,US,,0
2024-10-20 00:00:00,VE,,0
2024-10-20 00:00:00,VN,,0
2024-10-20 00:00:00,WE,,0
2024-10-21 00:00:00,,,0
2024-10-21 00:00:00,"",,0
2024-10-21 00:00:00,AU,,0
2024-10-21 00:00:00,BN,,0
2024-10-21 00:00:00,BR,4293,13
2024-10-21 00:00:00,BS,,0
2024-10-21 00:00:00,BZ,,0
2024-10-21 00:00:00,CCS,,0
2024-10-21 00:00:00,CD,3011,62
2024-10-21 00:00:00,CG,9484,61
2024-10-21 00:00:00,CM,191,14
2024-10-21 00:00:00,CO,1048,11
2024-10-21 00:00:00,EC,,0
2024-10-21 00:00:00,EG,,0
2024-10-21 00:00:00,ER,,0
2024-10-21 00:00:00,FR,,0
2024-10-21 00:00:00,GA,15566,71
2024-10-21 00:00:00,GT,226,1
2024-10-21 00:00:00,IQ,,0
2024-10-21 00:00:00,LH,,0
2024-10-21 00:00:00,MX,540,7
2024-10-21 00:00:00,PE,,0
2024-10-21 00:00:00,SG,,0
2024-10-21 00:00:00,TD,1270,9
2024-10-21 00:00:00,TN,1585,4
2024-10-21 00:00:00,TR,259,4
2024-10-21 00:00:00,TT,167,1
2024-10-21 00:00:00,UKS,8,11
2024-10-21 00:00:00,UKW,1048,6
2024-10-21 00:00:00,US,,0
2024-10-21 00:00:00,VE,,0
2024-10-21 00:00:00,VN,,0
2024-10-21 00:00:00,WE,,0
2024-10-22 00:00:00,,,0
2024-10-22 00:00:00,"",,0
2024-10-22 00:00:00,AU,,0
2024-10-22 00:00:00,BN,,0
2024-10-22 00:00:00,BR,4256,12
2024-10-22 00:00:00,BS,,0
2024-10-22 00:00:00,BZ,,0
2024-10-22 00:00:00,CCS,,0
2024-10-22 00:00:00,CD,3029,62
2024-10-22 00:00:00,CG,9661,60
2024-10-22 00:00:00,CM,191,14
2024-10-22 00:00:00,CO,1048,11
2024-10-22 00:00:00,EC,,0
2024-10-22 00:00:00,EG,,0
2024-10-22 00:00:00,ER,,0
2024-10-22 00:00:00,FR,,0
2024-10-22 00:00:00,GA,15625,71
2024-10-22 00:00:00,GT,226,1
2024-10-22 00:00:00,IQ,,0
2024-10-22 00:00:00,LH,,0
2024-10-22 00:00:00,MX,540,7
2024-10-22 00:00:00,PE,,0
2024-10-22 00:00:00,SG,,0
2024-10-22 00:00:00,TD,1270,9
2024-10-22 00:00:00,TN,1585,4
2024-10-22 00:00:00,TR,259,3
2024-10-22 00:00:00,TT,146,1
2024-10-22 00:00:00,UKS,8,12
2024-10-22 00:00:00,UKW,1048,6
2024-10-22 00:00:00,US,,0
2024-10-22 00:00:00,VE,,0
2024-10-22 00:00:00,VN,,0
2024-10-22 00:00:00,WE,,0
2024-10-23 00:00:00,,,0
2024-10-23 00:00:00,"",,0
2024-10-23 00:00:00,AU,,0
2024-10-23 00:00:00,BN,,0
2024-10-23 00:00:00,BR,3853,12
2024-10-23 00:00:00,BS,,0
2024-10-23 00:00:00,BZ,,0
2024-10-23 00:00:00,CCS,,0
2024-10-23 00:00:00,CD,3031,63
2024-10-23 00:00:00,CG,9674,62
2024-10-23 00:00:00,CM,191,14
2024-10-23 00:00:00,CO,1028,10
2024-10-23 00:00:00,EC,,0
2024-10-23 00:00:00,EG,,0
2024-10-23 00:00:00,ER,,0
2024-10-23 00:00:00,FR,,0
2024-10-23 00:00:00,GA,15586,71
2024-10-23 00:00:00,GT,226,1
2024-10-23 00:00:00,IQ,,0
2024-10-23 00:00:00,LH,,0
2024-10-23 00:00:00,MX,999,7
2024-10-23 00:00:00,PE,,0
2024-10-23 00:00:00,SG,,0
2024-10-23 00:00:00,TD,1270,9
2024-10-23 00:00:00,TN,1585,4
2024-10-23 00:00:00,TR,259,4
2024-10-23 00:00:00,TT,267,2
2024-10-23 00:00:00,UKS,8,12
2024-10-23 00:00:00,UKW,1048,6
2024-10-23 00:00:00,US,,0
2024-10-23 00:00:00,VE,,0
2024-10-23 00:00:00,VN,,0
2024-10-23 00:00:00,WE,,0
2024-10-24 00:00:00,,,0
2024-10-24 00:00:00,"",,0
2024-10-24 00:00:00,AU,,0
2024-10-24 00:00:00,BN,,0
2024-10-24 00:00:00,BR,3853,12
2024-10-24 00:00:00,BS,,0
2024-10-24 00:00:00,BZ,,0
2024-10-24 00:00:00,CCS,,0
2024-10-24 00:00:00,CD,3005,60
2024-10-24 00:00:00,CG,10028,60
2024-10-24 00:00:00,CM,191,14
2024-10-24 00:00:00,CO,1028,10
2024-10-24 00:00:00,EC,,0
2024-10-24 00:00:00,EG,,0
2024-10-24 00:00:00,ER,,0
2024-10-24 00:00:00,FR,,0
2024-10-24 00:00:00,GA,15566,71
2024-10-24 00:00:00,GT,226,1
2024-10-24 00:00:00,IQ,,0
2024-10-24 00:00:00,LH,,0
2024-10-24 00:00:00,MX,1218,8
2024-10-24 00:00:00,PE,,0
2024-10-24 00:00:00,SG,,0
2024-10-24 00:00:00,TD,1270,9
2024-10-24 00:00:00,TN,1585,4
2024-10-24 00:00:00,TR,259,4
2024-10-24 00:00:00,TT,347,3
2024-10-24 00:00:00,UKS,8,13
2024-10-24 00:00:00,UKW,1048,6
2024-10-24 00:00:00,US,,0
2024-10-24 00:00:00,VE,,0
2024-10-24 00:00:00,VN,,0
2024-10-24 00:00:00,WE,,0
2024-10-25 00:00:00,,,0
2024-10-25 00:00:00,"",,0
2024-10-25 00:00:00,AU,,0
2024-10-25 00:00:00,BN,,0
2024-10-25 00:00:00,BR,3853,12
2024-10-25 00:00:00,BS,,0
2024-10-25 00:00:00,BZ,,0
2024-10-25 00:00:00,CCS,,0
2024-10-25 00:00:00,CD,3026,62
2024-10-25 00:00:00,CG,9608,59
2024-10-25 00:00:00,CM,191,14
2024-10-25 00:00:00,CO,1028,10
2024-10-25 00:00:00,EC,,0
2024-10-25 00:00:00,EG,,0
2024-10-25 00:00:00,ER,,0
2024-10-25 00:00:00,FR,,0
2024-10-25 00:00:00,GA,15730,72
2024-10-25 00:00:00,GT,226,1
2024-10-25 00:00:00,IQ,,0
2024-10-25 00:00:00,LH,,0
2024-10-25 00:00:00,MX,900,7
2024-10-25 00:00:00,PE,,0
2024-10-25 00:00:00,SG,,0
2024-10-25 00:00:00,TD,1270,9
2024-10-25 00:00:00,TN,1585,4
2024-10-25 00:00:00,TR,259,4
2024-10-25 00:00:00,TT,347,3
2024-10-25 00:00:00,UKS,8,12
2024-10-25 00:00:00,UKW,1048,6
2024-10-25 00:00:00,US,,0
2024-10-25 00:00:00,VE,,0
2024-10-25 00:00:00,VN,,0
2024-10-25 00:00:00,WE,,0
2024-10-26 00:00:00,,,0
2024-10-26 00:00:00,"",,0
2024-10-26 00:00:00,AU,,0
2024-10-26 00:00:00,BN,,0
2024-10-26 00:00:00,BR,3755,11
2024-10-26 00:00:00,BS,,0
2024-10-26 00:00:00,BZ,,0
2024-10-26 00:00:00,CCS,,0
2024-10-26 00:00:00,CD,2980,60
2024-10-26 00:00:00,CG,9548,59
2024-10-26 00:00:00,CM,191,14
2024-10-26 00:00:00,CO,1028,10
2024-10-26 00:00:00,EC,,0
2024-10-26 00:00:00,EG,,0
2024-10-26 00:00:00,ER,,0
2024-10-26 00:00:00,FR,,0
2024-10-26 00:00:00,GA,15718,71
2024-10-26 00:00:00,GT,226,1
2024-10-26 00:00:00,IQ,,0
2024-10-26 00:00:00,LH,,0
2024-10-26 00:00:00,MX,540,7
2024-10-26 00:00:00,PE,,0
2024-10-26 00:00:00,SG,,0
2024-10-26 00:00:00,TD,1270,9
2024-10-26 00:00:00,TN,1585,4
2024-10-26 00:00:00,TR,259,4
2024-10-26 00:00:00,TT,347,3
2024-10-26 00:00:00,UKS,8,11
2024-10-26 00:00:00,UKW,1048,6
2024-10-26 00:00:00,US,,0
2024-10-26 00:00:00,VE,,0
2024-10-26 00:00:00,VN,,0
2024-10-26 00:00:00,WE,,0
2024-10-27 00:00:00,,,0
2024-10-27 00:00:00,"",,0
2024-10-27 00:00:00,AU,,0
2024-10-27 00:00:00,BN,,0
2024-10-27 00:00:00,BR,3755,11
2024-10-27 00:00:00,BS,,0
2024-10-27 00:00:00,BZ,,0
2024-10-27 00:00:00,CCS,,0
2024-10-27 00:00:00,CD,3009,62
2024-10-27 00:00:00,CG,9661,60
2024-10-27 00:00:00,CM,191,14
2024-10-27 00:00:00,CO,1028,10
2024-10-27 00:00:00,EC,,0
2024-10-27 00:00:00,EG,,0
2024-10-27 00:00:00,ER,,0
2024-10-27 00:00:00,FR,,0
2024-10-27 00:00:00,GA,15696,71
2024-10-27 00:00:00,GT,226,1
2024-10-27 00:00:00,IQ,,0
2024-10-27 00:00:00,LH,,0
2024-10-27 00:00:00,MX,540,7
2024-10-27 00:00:00,PE,,0
2024-10-27 00:00:00,SG,,0
2024-10-27 00:00:00,TD,1270,9
2024-10-27 00:00:00,TN,1585,4
2024-10-27 00:00:00,TR,159,3
2024-10-27 00:00:00,TT,331,2
2024-10-27 00:00:00,UKS,,8
2024-10-27 00:00:00,UKW,,0
2024-10-27 00:00:00,US,,0
2024-10-27 00:00:00,VE,,0
2024-10-27 00:00:00,VN,,0
2024-10-27 00:00:00,WE,,0
2024-10-28 00:00:00,,,0
2024-10-28 00:00:00,"",,0
2024-10-28 00:00:00,AU,,0
2024-10-28 00:00:00,BN,,0
2024-10-28 00:00:00,BR,3755,11
2024-10-28 00:00:00,BS,,0
2024-10-28 00:00:00,BZ,,0
2024-10-28 00:00:00,CCS,,0
2024-10-28 00:00:00,CD,3252,65
2024-10-28 00:00:00,CG,9416,59
2024-10-28 00:00:00,CM,191,13
2024-10-28 00:00:00,CO,1028,10
2024-10-28 00:00:00,EC,,0
2024-10-28 00:00:00,EG,,0
2024-10-28 00:00:00,ER,,0
2024-10-28 00:00:00,FR,,0
2024-10-28 00:00:00,GA,15566,71
2024-10-28 00:00:00,GT,226,1
2024-10-28 00:00:00,IQ,,0
2024-10-28 00:00:00,LH,,0
2024-10-28 00:00:00,MX,540,7
2024-10-28 00:00:00,PE,,0
2024-10-28 00:00:00,SG,,0
2024-10-28 00:00:00,TD,1270,9
2024-10-28 00:00:00,TN,1585,4
2024-10-28 00:00:00,TR,14,3
2024-10-28 00:00:00,TT,223,2
2024-10-28 00:00:00,UKS,,9
2024-10-28 00:00:00,UKW,826,5
2024-10-28 00:00:00,US,,0
2024-10-28 00:00:00,VE,,0
2024-10-28 00:00:00,VN,,0
2024-10-28 00:00:00,WE,,0
2024-10-29 00:00:00,,,0
2024-10-29 00:00:00,"",,0
2024-10-29 00:00:00,AU,,0
2024-10-29 00:00:00,BN,,0
2024-10-29 00:00:00,BR,3755,11
2024-10-29 00:00:00,BS,,0
2024-10-29 00:00:00,BZ,,0
2024-10-29 00:00:00,CCS,,0
2024-10-29 00:00:00,CD,3215,64
2024-10-29 00:00:00,CG,9416,59
2024-10-29 00:00:00,CM,191,14
2024-10-29 00:00:00,CO,1028,10
2024-10-29 00:00:00,EC,,0
2024-10-29 00:00:00,EG,,0
2024-10-29 00:00:00,ER,,0
2024-10-29 00:00:00,FR,,0
2024-10-29 00:00:00,GA,16054,71
2024-10-29 00:00:00,GT,226,1
2024-10-29 00:00:00,IQ,,0
2024-10-29 00:00:00,LH,,0
2024-10-29 00:00:00,MX,540,7
2024-10-29 00:00:00,PE,,0
2024-10-29 00:00:00,SG,,0
2024-10-29 00:00:00,TD,1270,9
2024-10-29 00:00:00,TN,1585,4
2024-10-29 00:00:00,TR,14,3
2024-10-29 00:00:00,TT,223,2
2024-10-29 00:00:00,UKS,,10
2024-10-29 00:00:00,UKW,1001,5
2024-10-29 00:00:00,US,,0
2024-10-29 00:00:00,VE,,0
2024-10-29 00:00:00,VN,,0
2024-10-29 00:00:00,WE,,0
2024-10-30 00:00:00,,,0
2024-10-30 00:00:00,"",,0
2024-10-30 00:00:00,AU,,0
2024-10-30 00:00:00,BN,,0
2024-10-30 00:00:00,BR,3755,11
2024-10-30 00:00:00,BS,,0
2024-10-30 00:00:00,BZ,,0
2024-10-30 00:00:00,CCS,,0
2024-10-30 00:00:00,CD,3379,66
2024-10-30 00:00:00,CG,9424,59
2024-10-30 00:00:00,CM,191,14
2024-10-30 00:00:00,CO,1028,10
2024-10-30 00:00:00,EC,,0
2024-10-30 00:00:00,EG,,0
2024-10-30 00:00:00,ER,,0
2024-10-30 00:00:00,FR,,0
2024-10-30 00:00:00,GA,15694,72
2024-10-30 00:00:00,GT,226,1
2024-10-30 00:00:00,IQ,,0
2024-10-30 00:00:00,LH,,0
2024-10-30 00:00:00,MX,540,7
2024-10-30 00:00:00,PE,,0
2024-10-30 00:00:00,SG,,0
2024-10-30 00:00:00,TD,1270,9
2024-10-30 00:00:00,TN,1585,4
2024-10-30 00:00:00,TR,14,3
2024-10-30 00:00:00,TT,282,4
2024-10-30 00:00:00,UKS,,8
2024-10-30 00:00:00,UKW,1348,5
2024-10-30 00:00:00,US,,0
2024-10-30 00:00:00,VE,,0
2024-10-30 00:00:00,VN,,0
2024-10-30 00:00:00,WE,,0
2024-10-31 00:00:00,,,0
2024-10-31 00:00:00,"",,0
2024-10-31 00:00:00,AU,,0
2024-10-31 00:00:00,BN,,0
2024-10-31 00:00:00,BR,3755,11
2024-10-31 00:00:00,BS,,0
2024-10-31 00:00:00,BZ,,0
2024-10-31 00:00:00,CCS,,0
2024-10-31 00:00:00,CD,3400,67
2024-10-31 00:00:00,CG,9354,58
2024-10-31 00:00:00,CM,206,13
2024-10-31 00:00:00,CO,1028,10
2024-10-31 00:00:00,EC,,0
2024-10-31 00:00:00,EG,,0
2024-10-31 00:00:00,ER,,0
2024-10-31 00:00:00,FR,,0
2024-10-31 00:00:00,GA,15694,72
2024-10-31 00:00:00,GT,226,1
2024-10-31 00:00:00,IQ,,0
2024-10-31 00:00:00,LH,,0
2024-10-31 00:00:00,MX,540,7
2024-10-31 00:00:00,PE,,0
2024-10-31 00:00:00,SG,,0
2024-10-31 00:00:00,TD,1270,9
2024-10-31 00:00:00,TN,1585,4
2024-10-31 00:00:00,TR,14,3
2024-10-31 00:00:00,TT,282,4
2024-10-31 00:00:00,UKS,,9
2024-10-31 00:00:00,UKW,1347,6
2024-10-31 00:00:00,US,,0
2024-10-31 00:00:00,VE,,0
2024-10-31 00:00:00,VN,,0
2024-10-31 00:00:00,WE,,0
2024-11-01 00:00:00,,,0
2024-11-01 00:00:00,"",,0
2024-11-01 00:00:00,AU,,0
2024-11-01 00:00:00,BN,,0
2024-11-01 00:00:00,BR,4084,12
2024-11-01 00:00:00,BS,,0
2024-11-01 00:00:00,BZ,,0
2024-11-01 00:00:00,CCS,,0
2024-11-01 00:00:00,CD,3380,66
2024-11-01 00:00:00,CG,9282,57
2024-11-01 00:00:00,CM,217,14
2024-11-01 00:00:00,CO,1028,10
2024-11-01 00:00:00,EC,,0
2024-11-01 00:00:00,EG,,0
2024-11-01 00:00:00,ER,,0
2024-11-01 00:00:00,FR,,0
2024-11-01 00:00:00,GA,15694,72
2024-11-01 00:00:00,GT,226,1
2024-11-01 00:00:00,IQ,,0
2024-11-01 00:00:00,LH,,0
2024-11-01 00:00:00,MX,540,7
2024-11-01 00:00:00,PE,,0
2024-11-01 00:00:00,SG,,0
2024-11-01 00:00:00,TD,1270,9
2024-11-01 00:00:00,TN,1735,4
2024-11-01 00:00:00,TR,2,2
2024-11-01 00:00:00,TT,282,4
2024-11-01 00:00:00,UKS,,11
2024-11-01 00:00:00,UKW,1190,7
2024-11-01 00:00:00,US,,0
2024-11-01 00:00:00,VE,,0
2024-11-01 00:00:00,VN,,0
2024-11-01 00:00:00,WE,,0
2024-11-02 00:00:00,,,0
2024-11-02 00:00:00,"",,0
2024-11-02 00:00:00,AU,,0
2024-11-02 00:00:00,BN,,0
2024-11-02 00:00:00,BR,4428,12
2024-11-02 00:00:00,BS,,0
2024-11-02 00:00:00,BZ,,0
2024-11-02 00:00:00,CCS,,0
2024-11-02 00:00:00,CD,3488,66
2024-11-02 00:00:00,CG,9227,57
2024-11-02 00:00:00,CM,217,14
2024-11-02 00:00:00,CO,1028,10
2024-11-02 00:00:00,EC,,0
2024-11-02 00:00:00,EG,,0
2024-11-02 00:00:00,ER,,0
2024-11-02 00:00:00,FR,,0
2024-11-02 00:00:00,GA,15912,73
2024-11-02 00:00:00,GT,226,1
2024-11-02 00:00:00,IQ,,0
2024-11-02 00:00:00,LH,,0
2024-11-02 00:00:00,MX,540,7
2024-11-02 00:00:00,PE,,0
2024-11-02 00:00:00,SG,,0
2024-11-02 00:00:00,TD,1270,9
2024-11-02 00:00:00,TN,1775,5
2024-11-02 00:00:00,TR,2,2
2024-11-02 00:00:00,TT,282,4
2024-11-02 00:00:00,UKS,,11
2024-11-02 00:00:00,UKW,1190,7
2024-11-02 00:00:00,US,,0
2024-11-02 00:00:00,VE,,0
2024-11-02 00:00:00,VN,,0
2024-11-02 00:00:00,WE,,0
2024-11-03 00:00:00,,,0
2024-11-03 00:00:00,"",,0
2024-11-03 00:00:00,AU,,0
2024-11-03 00:00:00,BN,,0
2024-11-03 00:00:00,BR,4084,12
2024-11-03 00:00:00,BS,,0
2024-11-03 00:00:00,BZ,,0
2024-11-03 00:00:00,CCS,,0
2024-11-03 00:00:00,CD,3448,68
2024-11-03 00:00:00,CG,9250,57
2024-11-03 00:00:00,CM,217,14
2024-11-03 00:00:00,CO,1046,10
2024-11-03 00:00:00,EC,,0
2024-11-03 00:00:00,EG,,0
2024-11-03 00:00:00,ER,,0
2024-11-03 00:00:00,FR,,0
2024-11-03 00:00:00,GA,16091,74
2024-11-03 00:00:00,GT,226,1
2024-11-03 00:00:00,IQ,,0
2024-11-03 00:00:00,LH,,0
2024-11-03 00:00:00,MX,540,7
2024-11-03 00:00:00,PE,,0
2024-11-03 00:00:00,SG,,0
2024-11-03 00:00:00,TD,1270,9
2024-11-03 00:00:00,TN,1775,5
2024-11-03 00:00:00,TR,2,2
2024-11-03 00:00:00,TT,282,4
2024-11-03 00:00:00,UKS,3,11
2024-11-03 00:00:00,UKW,1190,7
2024-11-03 00:00:00,US,,0
2024-11-03 00:00:00,VE,,0
2024-11-03 00:00:00,VN,,0
2024-11-03 00:00:00,WE,,0
2024-11-04 00:00:00,,,0
2024-11-04 00:00:00,"",,0
2024-11-04 00:00:00,AU,,0
2024-11-04 00:00:00,BN,,0
2024-11-04 00:00:00,BR,4084,12
2024-11-04 00:00:00,BS,,0
2024-11-04 00:00:00,BZ,,0
2024-11-04 00:00:00,CCS,,0
2024-11-04 00:00:00,CD,3409,68
2024-11-04 00:00:00,CG,9459,59
2024-11-04 00:00:00,CM,217,14
2024-11-04 00:00:00,CO,1061,11
2024-11-04 00:00:00,EC,,0
2024-11-04 00:00:00,EG,,0
2024-11-04 00:00:00,ER,,0
2024-11-04 00:00:00,FR,,0
2024-11-04 00:00:00,GA,16101,75
2024-11-04 00:00:00,GT,226,1
2024-11-04 00:00:00,IQ,,0
2024-11-04 00:00:00,LH,,0
2024-11-04 00:00:00,MX,540,7
2024-11-04 00:00:00,PE,,0
2024-11-04 00:00:00,SG,,0
2024-11-04 00:00:00,TD,1270,9
2024-11-04 00:00:00,TN,1775,5
2024-11-04 00:00:00,TR,2,1
2024-11-04 00:00:00,TT,202,3
2024-11-04 00:00:00,UKS,,11
2024-11-04 00:00:00,UKW,1190,7
2024-11-04 00:00:00,US,,0
2024-11-04 00:00:00,VE,,0
2024-11-04 00:00:00,VN,,0
2024-11-04 00:00:00,WE,,0
2024-11-05 00:00:00,,,0
2024-11-05 00:00:00,"",,0
2024-11-05 00:00:00,AU,,0
2024-11-05 00:00:00,BN,,0
2024-11-05 00:00:00,BR,4084,12
2024-11-05 00:00:00,BS,,0
2024-11-05 00:00:00,BZ,,0
2024-11-05 00:00:00,CCS,,0
2024-11-05 00:00:00,CD,3356,65
2024-11-05 00:00:00,CG,9372,59
2024-11-05 00:00:00,CM,287,13
2024-11-05 00:00:00,CO,1061,11
2024-11-05 00:00:00,EC,,0
2024-11-05 00:00:00,EG,,0
2024-11-05 00:00:00,ER,,0
2024-11-05 00:00:00,FR,,0
2024-11-05 00:00:00,GA,17135,78
2024-11-05 00:00:00,GT,226,1
2024-11-05 00:00:00,IQ,,0
2024-11-05 00:00:00,LH,,0
2024-11-05 00:00:00,MX,540,7
2024-11-05 00:00:00,PE,,0
2024-11-05 00:00:00,SG,,0
2024-11-05 00:00:00,TD,1270,9
2024-11-05 00:00:00,TN,1775,5
2024-11-05 00:00:00,TR,2,2
2024-11-05 00:00:00,TT,202,3
2024-11-05 00:00:00,UKS,,10
2024-11-05 00:00:00,UKW,1190,7
2024-11-05 00:00:00,US,,0
2024-11-05 00:00:00,VE,,0
2024-11-05 00:00:00,VN,,0
2024-11-05 00:00:00,WE,,0
2024-11-06 00:00:00,,,0
2024-11-06 00:00:00,"",,0
2024-11-06 00:00:00,AU,,0
2024-11-06 00:00:00,BN,,0
2024-11-06 00:00:00,BR,4084,12
2024-11-06 00:00:00,BS,,0
2024-11-06 00:00:00,BZ,,0
2024-11-06 00:00:00,CCS,,0
2024-11-06 00:00:00,CD,3336,67
2024-11-06 00:00:00,CG,9337,59
2024-11-06 00:00:00,CM,762,14
2024-11-06 00:00:00,CO,1061,11
2024-11-06 00:00:00,EC,,0
2024-11-06 00:00:00,EG,,0
2024-11-06 00:00:00,ER,,0
2024-11-06 00:00:00,FR,,0
2024-11-06 00:00:00,GA,16448,76
2024-11-06 00:00:00,GT,226,1
2024-11-06 00:00:00,IQ,,0
2024-11-06 00:00:00,LH,,0
2024-11-06 00:00:00,MX,540,8
2024-11-06 00:00:00,PE,,0
2024-11-06 00:00:00,SG,,0
2024-11-06 00:00:00,TD,1270,9
2024-11-06 00:00:00,TN,1684,4
2024-11-06 00:00:00,TR,2,2
2024-11-06 00:00:00,TT,202,3
2024-11-06 00:00:00,UKS,,12
2024-11-06 00:00:00,UKW,1190,7
2024-11-06 00:00:00,US,,0
2024-11-06 00:00:00,VE,,0
2024-11-06 00:00:00,VN,,0
2024-11-06 00:00:00,WE,,0
2024-11-07 00:00:00,,,0
2024-11-07 00:00:00,"",,0
2024-11-07 00:00:00,AU,,0
2024-11-07 00:00:00,BN,,0
2024-11-07 00:00:00,BR,4084,12
2024-11-07 00:00:00,BS,,0
2024-11-07 00:00:00,BZ,,0
2024-11-07 00:00:00,CCS,,0
2024-11-07 00:00:00,CD,3221,67
2024-11-07 00:00:00,CG,9332,59
2024-11-07 00:00:00,CM,1015,15
2024-11-07 00:00:00,CO,1061,11
2024-11-07 00:00:00,EC,,0
2024-11-07 00:00:00,EG,,0
2024-11-07 00:00:00,ER,,0
2024-11-07 00:00:00,FR,,0
2024-11-07 00:00:00,GA,15850,75
2024-11-07 00:00:00,GT,226,1
2024-11-07 00:00:00,IQ,,0
2024-11-07 00:00:00,LH,,0
2024-11-07 00:00:00,MX,614,9
2024-11-07 00:00:00,PE,,0
2024-11-07 00:00:00,SG,,0
2024-11-07 00:00:00,TD,1270,9
2024-11-07 00:00:00,TN,1635,4
2024-11-07 00:00:00,TR,2,2
2024-11-07 00:00:00,TT,202,3
2024-11-07 00:00:00,UKS,,12
2024-11-07 00:00:00,UKW,1189,6
2024-11-07 00:00:00,US,,0
2024-11-07 00:00:00,VE,,0
2024-11-07 00:00:00,VN,,0
2024-11-07 00:00:00,WE,,0
2024-11-08 00:00:00,,,0
2024-11-08 00:00:00,"",,0
2024-11-08 00:00:00,AU,,0
2024-11-08 00:00:00,BN,,0
2024-11-08 00:00:00,BR,4084,12
2024-11-08 00:00:00,BS,,0
2024-11-08 00:00:00,BZ,,0
2024-11-08 00:00:00,CCS,,0
2024-11-08 00:00:00,CD,3217,67
2024-11-08 00:00:00,CG,9332,59
2024-11-08 00:00:00,CM,971,15
2024-11-08 00:00:00,CO,1061,11
2024-11-08 00:00:00,EC,,0
2024-11-08 00:00:00,EG,,0
2024-11-08 00:00:00,ER,,0
2024-11-08 00:00:00,FR,,0
2024-11-08 00:00:00,GA,15412,76
2024-11-08 00:00:00,GT,226,1
2024-11-08 00:00:00,IQ,,0
2024-11-08 00:00:00,LH,,0
2024-11-08 00:00:00,MX,614,9
2024-11-08 00:00:00,PE,,0
2024-11-08 00:00:00,SG,,0
2024-11-08 00:00:00,TD,1270,9
2024-11-08 00:00:00,TN,1635,4
2024-11-08 00:00:00,TR,2,1
2024-11-08 00:00:00,TT,202,3
2024-11-08 00:00:00,UKS,,11
2024-11-08 00:00:00,UKW,1107,6
2024-11-08 00:00:00,US,,0
2024-11-08 00:00:00,VE,,0
2024-11-08 00:00:00,VN,,0
2024-11-08 00:00:00,WE,,0
2024-11-09 00:00:00,,,0
2024-11-09 00:00:00,"",,0
2024-11-09 00:00:00,AU,,0
2024-11-09 00:00:00,BN,,0
2024-11-09 00:00:00,BR,4121,12
2024-11-09 00:00:00,BS,,0
2024-11-09 00:00:00,BZ,,0
2024-11-09 00:00:00,CCS,,0
2024-11-09 00:00:00,CD,3136,66
2024-11-09 00:00:00,CG,9332,59
2024-11-09 00:00:00,CM,971,15
2024-11-09 00:00:00,CO,1061,11
2024-11-09 00:00:00,EC,,0
2024-11-09 00:00:00,EG,,0
2024-11-09 00:00:00,ER,,0
2024-11-09 00:00:00,FR,,0
2024-11-09 00:00:00,GA,15357,74
2024-11-09 00:00:00,GT,226,1
2024-11-09 00:00:00,IQ,,0
2024-11-09 00:00:00,LH,,0
2024-11-09 00:00:00,MX,758,9
2024-11-09 00:00:00,PE,,0
2024-11-09 00:00:00,SG,,0
2024-11-09 00:00:00,TD,1270,9
2024-11-09 00:00:00,TN,1635,4
2024-11-09 00:00:00,TR,2,2
2024-11-09 00:00:00,TT,202,3
2024-11-09 00:00:00,UKS,,10
2024-11-09 00:00:00,UKW,955,6
2024-11-09 00:00:00,US,,0
2024-11-09 00:00:00,VE,,0
2024-11-09 00:00:00,VN,,0
2024-11-09 00:00:00,WE,,0
2024-11-10 00:00:00,,,0
2024-11-10 00:00:00,"",,0
2024-11-10 00:00:00,AU,,0
2024-11-10 00:00:00,BN,,0
2024-11-10 00:00:00,BR,4482,13
2024-11-10 00:00:00,BS,,0
2024-11-10 00:00:00,BZ,,0
2024-11-10 00:00:00,CCS,,0
2024-11-10 00:00:00,CD,3101,65
2024-11-10 00:00:00,CG,9884,60
2024-11-10 00:00:00,CM,985,15
2024-11-10 00:00:00,CO,847,10
2024-11-10 00:00:00,EC,,0
2024-11-10 00:00:00,EG,,0
2024-11-10 00:00:00,ER,,0
2024-11-10 00:00:00,FR,,0
2024-11-10 00:00:00,GA,15413,76
2024-11-10 00:00:00,GT,226,1
2024-11-10 00:00:00,IQ,,0
2024-11-10 00:00:00,LH,,0
2024-11-10 00:00:00,MX,754,9
2024-11-10 00:00:00,PE,,0
2024-11-10 00:00:00,SG,,0
2024-11-10 00:00:00,TD,1270,9
2024-11-10 00:00:00,TN,1635,4
2024-11-10 00:00:00,TR,2,2
2024-11-10 00:00:00,TT,202,3
2024-11-10 00:00:00,UKS,11,13
2024-11-10 00:00:00,UKW,955,6
2024-11-10 00:00:00,US,,0
2024-11-10 00:00:00,VE,,0
2024-11-10 00:00:00,VN,,0
2024-11-10 00:00:00,WE,,0
2024-11-11 00:00:00,,,0
2024-11-11 00:00:00,"",,0
2024-11-11 00:00:00,AU,,0
2024-11-11 00:00:00,BN,,0
2024-11-11 00:00:00,BR,4482,13
2024-11-11 00:00:00,BS,,0
2024-11-11 00:00:00,BZ,,0
2024-11-11 00:00:00,CCS,,0
2024-11-11 00:00:00,CD,3674,64
2024-11-11 00:00:00,CG,9608,59
2024-11-11 00:00:00,CM,971,15
2024-11-11 00:00:00,CO,847,10
2024-11-11 00:00:00,EC,,0
2024-11-11 00:00:00,EG,,0
2024-11-11 00:00:00,ER,,0
2024-11-11 00:00:00,FR,,0
2024-11-11 00:00:00,GA,15480,77
2024-11-11 00:00:00,GT,226,1
2024-11-11 00:00:00,IQ,,0
2024-11-11 00:00:00,LH,,0
2024-11-11 00:00:00,MX,1116,9
2024-11-11 00:00:00,PE,,0
2024-11-11 00:00:00,SG,,0
2024-11-11 00:00:00,TD,1270,9
2024-11-11 00:00:00,TN,1635,4
2024-11-11 00:00:00,TR,2,2
2024-11-11 00:00:00,TT,202,3
2024-11-11 00:00:00,UKS,,11
2024-11-11 00:00:00,UKW,937,5
2024-11-11 00:00:00,US,,0
2024-11-11 00:00:00,VE,,0
2024-11-11 00:00:00,VN,,0
2024-11-11 00:00:00,WE,,0
2024-11-12 00:00:00,,,0
2024-11-12 00:00:00,"",,0
2024-11-12 00:00:00,AU,,0
2024-11-12 00:00:00,BN,,0
2024-11-12 00:00:00,BR,4482,13
2024-11-12 00:00:00,BS,,0
2024-11-12 00:00:00,BZ,,0
2024-11-12 00:00:00,CCS,,0
2024-11-12 00:00:00,CD,5224,67
2024-11-12 00:00:00,CG,9245,58
2024-11-12 00:00:00,CM,971,15
2024-11-12 00:00:00,CO,847,10
2024-11-12 00:00:00,EC,,0
2024-11-12 00:00:00,EG,,0
2024-11-12 00:00:00,ER,,0
2024-11-12 00:00:00,FR,,0
2024-11-12 00:00:00,GA,15790,77
2024-11-12 00:00:00,GT,226,1
2024-11-12 00:00:00,IQ,,0
2024-11-12 00:00:00,LH,,0
2024-11-12 00:00:00,MX,1104,9
2024-11-12 00:00:00,PE,,0
2024-11-12 00:00:00,SG,,0
2024-11-12 00:00:00,TD,1270,9
2024-11-12 00:00:00,TN,1445,3
2024-11-12 00:00:00,TR,2,2
2024-11-12 00:00:00,TT,517,4
2024-11-12 00:00:00,UKS,,12
2024-11-12 00:00:00,UKW,895,5
2024-11-12 00:00:00,US,,0
2024-11-12 00:00:00,VE,,0
2024-11-12 00:00:00,VN,,0
2024-11-12 00:00:00,WE,,0
2024-11-13 00:00:00,,,0
2024-11-13 00:00:00,"",,0
2024-11-13 00:00:00,AU,,0
2024-11-13 00:00:00,BN,,0
2024-11-13 00:00:00,BR,4482,13
2024-11-13 00:00:00,BS,,0
2024-11-13 00:00:00,BZ,,0
2024-11-13 00:00:00,CCS,,0
2024-11-13 00:00:00,CD,4527,66
2024-11-13 00:00:00,CG,9249,59
2024-11-13 00:00:00,CM,971,15
2024-11-13 00:00:00,CO,847,10
2024-11-13 00:00:00,EC,,0
2024-11-13 00:00:00,EG,,0
2024-11-13 00:00:00,ER,,0
2024-11-13 00:00:00,FR,,0
2024-11-13 00:00:00,GA,15946,77
2024-11-13 00:00:00,GT,226,1
2024-11-13 00:00:00,IQ,,0
2024-11-13 00:00:00,LH,,0
2024-11-13 00:00:00,MX,1161,10
2024-11-13 00:00:00,PE,,0
2024-11-13 00:00:00,SG,,0
2024-11-13 00:00:00,TD,1178,8
2024-11-13 00:00:00,TN,1445,3
2024-11-13 00:00:00,TR,2,2
2024-11-13 00:00:00,TT,517,4
2024-11-13 00:00:00,UKS,,12
2024-11-13 00:00:00,UKW,895,6
2024-11-13 00:00:00,US,,0
2024-11-13 00:00:00,VE,,0
2024-11-13 00:00:00,VN,,0
2024-11-13 00:00:00,WE,,0
2024-11-14 00:00:00,,,0
2024-11-14 00:00:00,"",,0
2024-11-14 00:00:00,AU,,0
2024-11-14 00:00:00,BN,,0
2024-11-14 00:00:00,BR,4482,13
2024-11-14 00:00:00,BS,,0
2024-11-14 00:00:00,BZ,,0
2024-11-14 00:00:00,CCS,,0
2024-11-14 00:00:00,CD,4476,63
2024-11-14 00:00:00,CG,9245,58
2024-11-14 00:00:00,CM,971,15
2024-11-14 00:00:00,CO,847,10
2024-11-14 00:00:00,EC,,0
2024-11-14 00:00:00,EG,,0
2024-11-14 00:00:00,ER,,0
2024-11-14 00:00:00,FR,,0
2024-11-14 00:00:00,GA,13313,75
2024-11-14 00:00:00,GT,226,1
2024-11-14 00:00:00,IQ,,0
2024-11-14 00:00:00,LH,,0
2024-11-14 00:00:00,MX,1161,10
2024-11-14 00:00:00,PE,,0
2024-11-14 00:00:00,SG,,0
2024-11-14 00:00:00,TD,1113,8
2024-11-14 00:00:00,TN,1445,3
2024-11-14 00:00:00,TR,2,2
2024-11-14 00:00:00,TT,517,4
2024-11-14 00:00:00,UKS,,11
2024-11-14 00:00:00,UKW,734,4
2024-11-14 00:00:00,US,,0
2024-11-14 00:00:00,VE,,0
2024-11-14 00:00:00,VN,,0
2024-11-14 00:00:00,WE,,0
2024-11-15 00:00:00,,,0
2024-11-15 00:00:00,"",,0
2024-11-15 00:00:00,AU,,0
2024-11-15 00:00:00,BN,,0
2024-11-15 00:00:00,BR,4482,13
2024-11-15 00:00:00,BS,,0
2024-11-15 00:00:00,BZ,,0
2024-11-15 00:00:00,CCS,,0
2024-11-15 00:00:00,CD,4331,63
2024-11-15 00:00:00,CG,9717,58
2024-11-15 00:00:00,CM,971,15
2024-11-15 00:00:00,CO,847,10
2024-11-15 00:00:00,EC,,0
2024-11-15 00:00:00,EG,,0
2024-11-15 00:00:00,ER,,0
2024-11-15 00:00:00,FR,,0
2024-11-15 00:00:00,GA,13323,74
2024-11-15 00:00:00,GT,226,1
2024-11-15 00:00:00,IQ,,0
2024-11-15 00:00:00,LH,,0
2024-11-15 00:00:00,MX,1161,10
2024-11-15 00:00:00,PE,,0
2024-11-15 00:00:00,SG,,0
2024-11-15 00:00:00,TD,1126,8
2024-11-15 00:00:00,TN,1445,3
2024-11-15 00:00:00,TR,2,1
2024-11-15 00:00:00,TT,517,4
2024-11-15 00:00:00,UKS,,11
2024-11-15 00:00:00,UKW,472,3
2024-11-15 00:00:00,US,,0
2024-11-15 00:00:00,VE,,0
2024-11-15 00:00:00,VN,,0
2024-11-15 00:00:00,WE,,0
2024-11-16 00:00:00,,,0
2024-11-16 00:00:00,"",,0
2024-11-16 00:00:00,AU,,0
2024-11-16 00:00:00,BN,,0
2024-11-16 00:00:00,BR,4482,13
2024-11-16 00:00:00,BS,,0
2024-11-16 00:00:00,BZ,,0
2024-11-16 00:00:00,CCS,,0
2024-11-16 00:00:00,CD,5225,64
2024-11-16 00:00:00,CG,9720,58
2024-11-16 00:00:00,CM,971,15
2024-11-16 00:00:00,CO,847,10
2024-11-16 00:00:00,EC,,0
2024-11-16 00:00:00,EG,,0
2024-11-16 00:00:00,ER,,0
2024-11-16 00:00:00,FR,,0
2024-11-16 00:00:00,GA,13266,73
2024-11-16 00:00:00,GT,226,1
2024-11-16 00:00:00,IQ,,0
2024-11-16 00:00:00,LH,,0
2024-11-16 00:00:00,MX,1161,10
2024-11-16 00:00:00,PE,,0
2024-11-16 00:00:00,SG,,0
2024-11-16 00:00:00,TD,1113,8
2024-11-16 00:00:00,TN,1445,3
2024-11-16 00:00:00,TR,2,2
2024-11-16 00:00:00,TT,657,5
2024-11-16 00:00:00,UKS,11,13
2024-11-16 00:00:00,UKW,472,3
2024-11-16 00:00:00,US,,0
2024-11-16 00:00:00,VE,,0
2024-11-16 00:00:00,VN,,0
2024-11-16 00:00:00,WE,,0
2024-11-17 00:00:00,,,0
2024-11-17 00:00:00,"",,0
2024-11-17 00:00:00,AU,,0
2024-11-17 00:00:00,BN,,0
2024-11-17 00:00:00,BR,4482,13
2024-11-17 00:00:00,BS,,0
2024-11-17 00:00:00,BZ,,0
2024-11-17 00:00:00,CCS,,0
2024-11-17 00:00:00,CD,5188,65
2024-11-17 00:00:00,CG,9315,57
2024-11-17 00:00:00,CM,971,15
2024-11-17 00:00:00,CO,847,10
2024-11-17 00:00:00,EC,,0
2024-11-17 00:00:00,EG,,0
2024-11-17 00:00:00,ER,,0
2024-11-17 00:00:00,FR,,0
2024-11-17 00:00:00,GA,13307,74
2024-11-17 00:00:00,GT,226,1
2024-11-17 00:00:00,IQ,,0
2024-11-17 00:00:00,LH,,0
2024-11-17 00:00:00,MX,1161,10
2024-11-17 00:00:00,PE,,0
2024-11-17 00:00:00,SG,,0
2024-11-17 00:00:00,TD,1113,8
2024-11-17 00:00:00,TN,1445,3
2024-11-17 00:00:00,TR,2,2
2024-11-17 00:00:00,TT,657,5
2024-11-17 00:00:00,UKS,11,12
2024-11-17 00:00:00,UKW,472,3
2024-11-17 00:00:00,US,,0
2024-11-17 00:00:00,VE,,0
2024-11-17 00:00:00,VN,,0
2024-11-17 00:00:00,WE,,0
2024-11-18 00:00:00,,,0
2024-11-18 00:00:00,"",,0
2024-11-18 00:00:00,AU,,0
2024-11-18 00:00:00,BN,,0
2024-11-18 00:00:00,BR,4494,12
2024-11-18 00:00:00,BS,,0
2024-11-18 00:00:00,BZ,,0
2024-11-18 00:00:00,CCS,,0
2024-11-18 00:00:00,CD,5188,65
2024-11-18 00:00:00,CG,9309,57
2024-11-18 00:00:00,CM,1014,15
2024-11-18 00:00:00,CO,847,10
2024-11-18 00:00:00,EC,,0
2024-11-18 00:00:00,EG,,0
2024-11-18 00:00:00,ER,,0
2024-11-18 00:00:00,FR,,0
2024-11-18 00:00:00,GA,13307,74
2024-11-18 00:00:00,GT,226,1
2024-11-18 00:00:00,IQ,,0
2024-11-18 00:00:00,LH,,0
2024-11-18 00:00:00,MX,1161,10
2024-11-18 00:00:00,PE,,0
2024-11-18 00:00:00,SG,,0
2024-11-18 00:00:00,TD,1499,9
2024-11-18 00:00:00,TN,1445,3
2024-11-18 00:00:00,TR,2,2
2024-11-18 00:00:00,TT,666,5
2024-11-18 00:00:00,UKS,11,12
2024-11-18 00:00:00,UKW,472,3
2024-11-18 00:00:00,US,,0
2024-11-18 00:00:00,VE,,0
2024-11-18 00:00:00,VN,,0
2024-11-18 00:00:00,WE,,0
2024-11-19 00:00:00,,,0
2024-11-19 00:00:00,"",,0
2024-11-19 00:00:00,AU,,0
2024-11-19 00:00:00,BN,,0
2024-11-19 00:00:00,BR,4271,13
2024-11-19 00:00:00,BS,,0
2024-11-19 00:00:00,BZ,,0
2024-11-19 00:00:00,CCS,,0
2024-11-19 00:00:00,CD,5190,63
2024-11-19 00:00:00,CG,9270,57
2024-11-19 00:00:00,CM,841,14
2024-11-19 00:00:00,CO,847,10
2024-11-19 00:00:00,EC,,0
2024-11-19 00:00:00,EG,,0
2024-11-19 00:00:00,ER,,0
2024-11-19 00:00:00,FR,,0
2024-11-19 00:00:00,GA,13341,75
2024-11-19 00:00:00,GT,432,1
2024-11-19 00:00:00,IQ,,0
2024-11-19 00:00:00,LH,,0
2024-11-19 00:00:00,MX,1161,10
2024-11-19 00:00:00,PE,,0
2024-11-19 00:00:00,SG,,0
2024-11-19 00:00:00,TD,1370,8
2024-11-19 00:00:00,TN,1445,3
2024-11-19 00:00:00,TR,2,2
2024-11-19 00:00:00,TT,666,5
2024-11-19 00:00:00,UKS,11,12
2024-11-19 00:00:00,UKW,391,2
2024-11-19 00:00:00,US,,0
2024-11-19 00:00:00,VE,,0
2024-11-19 00:00:00,VN,,0
2024-11-19 00:00:00,WE,,0
2024-11-20 00:00:00,,,0
2024-11-20 00:00:00,"",,0
2024-11-20 00:00:00,AU,,0
2024-11-20 00:00:00,BN,,0
2024-11-20 00:00:00,BR,4271,13
2024-11-20 00:00:00,BS,,0
2024-11-20 00:00:00,BZ,,0
2024-11-20 00:00:00,CCS,,0
2024-11-20 00:00:00,CD,5146,62
2024-11-20 00:00:00,CG,9309,57
2024-11-20 00:00:00,CM,658,14
2024-11-20 00:00:00,CO,847,10
2024-11-20 00:00:00,EC,,0
2024-11-20 00:00:00,EG,,0
2024-11-20 00:00:00,ER,,0
2024-11-20 00:00:00,FR,,0
2024-11-20 00:00:00,GA,13341,76
2024-11-20 00:00:00,GT,441,2
2024-11-20 00:00:00,IQ,,0
2024-11-20 00:00:00,LH,,0
2024-11-20 00:00:00,MX,1161,10
2024-11-20 00:00:00,PE,,0
2024-11-20 00:00:00,SG,,0
2024-11-20 00:00:00,TD,1113,8
2024-11-20 00:00:00,TN,1445,3
2024-11-20 00:00:00,TR,2,2
2024-11-20 00:00:00,TT,657,5
2024-11-20 00:00:00,UKS,11,13
2024-11-20 00:00:00,UKW,343,2
2024-11-20 00:00:00,US,,0
2024-11-20 00:00:00,VE,,0
2024-11-20 00:00:00,VN,,0
2024-11-20 00:00:00,WE,,0
2024-11-21 00:00:00,,,0
2024-11-21 00:00:00,"",,0
2024-11-21 00:00:00,AU,,0
2024-11-21 00:00:00,BN,,0
2024-11-21 00:00:00,BR,4271,13
2024-11-21 00:00:00,BS,,0
2024-11-21 00:00:00,BZ,,0
2024-11-21 00:00:00,CCS,,0
2024-11-21 00:00:00,CD,5217,64
2024-11-21 00:00:00,CG,11390,64
2024-11-21 00:00:00,CM,684,14
2024-11-21 00:00:00,CO,847,10
2024-11-21 00:00:00,EC,,0
2024-11-21 00:00:00,EG,,0
2024-11-21 00:00:00,ER,,0
2024-11-21 00:00:00,FR,,0
2024-11-21 00:00:00,GA,13261,75
2024-11-21 00:00:00,GT,441,2
2024-11-21 00:00:00,IQ,,0
2024-11-21 00:00:00,LH,,0
2024-11-21 00:00:00,MX,1161,10
2024-11-21 00:00:00,PE,,0
2024-11-21 00:00:00,SG,,0
2024-11-21 00:00:00,TD,1113,8
2024-11-21 00:00:00,TN,1445,3
2024-11-21 00:00:00,TR,2,2
2024-11-21 00:00:00,TT,657,5
2024-11-21 00:00:00,UKS,,11
2024-11-21 00:00:00,UKW,343,2
2024-11-21 00:00:00,US,,0
2024-11-21 00:00:00,VE,,0
2024-11-21 00:00:00,VN,,0
2024-11-21 00:00:00,WE,,0
2024-11-22 00:00:00,,,0
2024-11-22 00:00:00,"",,0
2024-11-22 00:00:00,AU,,0
2024-11-22 00:00:00,BN,,0
2024-11-22 00:00:00,BR,4271,13
2024-11-22 00:00:00,BS,,0
2024-11-22 00:00:00,BZ,,0
2024-11-22 00:00:00,CCS,,0
2024-11-22 00:00:00,CD,5180,64
2024-11-22 00:00:00,CG,11390,64
2024-11-22 00:00:00,CM,1491,16
2024-11-22 00:00:00,CO,847,10
2024-11-22 00:00:00,EC,,0
2024-11-22 00:00:00,EG,,0
2024-11-22 00:00:00,ER,,0
2024-11-22 00:00:00,FR,,0
2024-11-22 00:00:00,GA,13247,74
2024-11-22 00:00:00,GT,298,1
2024-11-22 00:00:00,IQ,,0
2024-11-22 00:00:00,LH,,0
2024-11-22 00:00:00,MX,1161,10
2024-11-22 00:00:00,PE,,0
2024-11-22 00:00:00,SG,,0
2024-11-22 00:00:00,TD,1113,8
2024-11-22 00:00:00,TN,1445,3
2024-11-22 00:00:00,TR,2,2
2024-11-22 00:00:00,TT,657,5
2024-11-22 00:00:00,UKS,,12
2024-11-22 00:00:00,UKW,343,2
2024-11-22 00:00:00,US,,0
2024-11-22 00:00:00,VE,,0
2024-11-22 00:00:00,VN,,0
2024-11-22 00:00:00,WE,,0
2024-11-23 00:00:00,,,0
2024-11-23 00:00:00,"",,0
2024-11-23 00:00:00,AU,,0
2024-11-23 00:00:00,BN,,0
2024-11-23 00:00:00,BR,4548,13
2024-11-23 00:00:00,BS,,0
2024-11-23 00:00:00,BZ,,0
2024-11-23 00:00:00,CCS,,0
2024-11-23 00:00:00,CD,5236,64
2024-11-23 00:00:00,CG,11390,64
2024-11-23 00:00:00,CM,1540,17
2024-11-23 00:00:00,CO,847,10
2024-11-23 00:00:00,EC,,0
2024-11-23 00:00:00,EG,,0
2024-11-23 00:00:00,ER,,0
2024-11-23 00:00:00,FR,,0
2024-11-23 00:00:00,GA,13204,73
2024-11-23 00:00:00,GT,226,1
2024-11-23 00:00:00,IQ,,0
2024-11-23 00:00:00,LH,,0
2024-11-23 00:00:00,MX,1161,10
2024-11-23 00:00:00,PE,,0
2024-11-23 00:00:00,SG,,0
2024-11-23 00:00:00,TD,1019,7
2024-11-23 00:00:00,TN,1445,3
2024-11-23 00:00:00,TR,2,2
2024-11-23 00:00:00,TT,434,4
2024-11-23 00:00:00,UKS,,11
2024-11-23 00:00:00,UKW,343,2
2024-11-23 00:00:00,US,,0
2024-11-23 00:00:00,VE,,0
2024-11-23 00:00:00,VN,,0
2024-11-23 00:00:00,WE,,0
2024-11-24 00:00:00,,,0
2024-11-24 00:00:00,"",,0
2024-11-24 00:00:00,AU,,0
2024-11-24 00:00:00,BN,,0
2024-11-24 00:00:00,BR,4680,13
2024-11-24 00:00:00,BS,,0
2024-11-24 00:00:00,BZ,,0
2024-11-24 00:00:00,CCS,,0
2024-11-24 00:00:00,CD,5251,66
2024-11-24 00:00:00,CG,11130,63
2024-11-24 00:00:00,CM,889,15
2024-11-24 00:00:00,CO,847,10
2024-11-24 00:00:00,EC,,0
2024-11-24 00:00:00,EG,,0
2024-11-24 00:00:00,ER,,0
2024-11-24 00:00:00,FR,,0
2024-11-24 00:00:00,GA,13769,74
2024-11-24 00:00:00,GT,226,1
2024-11-24 00:00:00,IQ,,0
2024-11-24 00:00:00,LH,,0
2024-11-24 00:00:00,MX,1258,10
2024-11-24 00:00:00,PE,,0
2024-11-24 00:00:00,SG,,0
2024-11-24 00:00:00,TD,1019,7
2024-11-24 00:00:00,TN,1445,3
2024-11-24 00:00:00,TR,2,2
2024-11-24 00:00:00,TT,342,4
2024-11-24 00:00:00,UKS,,12
2024-11-24 00:00:00,UKW,366,2
2024-11-24 00:00:00,US,,0
2024-11-24 00:00:00,VE,,0
2024-11-24 00:00:00,VN,,0
2024-11-24 00:00:00,WE,,0
2024-11-25 00:00:00,,,0
2024-11-25 00:00:00,"",,0
2024-11-25 00:00:00,AU,,0
2024-11-25 00:00:00,BN,,0
2024-11-25 00:00:00,BR,4693,14
2024-11-25 00:00:00,BS,,0
2024-11-25 00:00:00,BZ,,0
2024-11-25 00:00:00,CCS,,0
2024-11-25 00:00:00,CD,5271,67
2024-11-25 00:00:00,CG,11130,63
2024-11-25 00:00:00,CM,1366,16
2024-11-25 00:00:00,CO,814,9
2024-11-25 00:00:00,EC,,0
2024-11-25 00:00:00,EG,,0
2024-11-25 00:00:00,ER,,0
2024-11-25 00:00:00,FR,,0
2024-11-25 00:00:00,GA,13769,74
2024-11-25 00:00:00,GT,226,1
2024-11-25 00:00:00,IQ,,0
2024-11-25 00:00:00,LH,,0
2024-11-25 00:00:00,MX,1161,10
2024-11-25 00:00:00,PE,,0
2024-11-25 00:00:00,SG,,0
2024-11-25 00:00:00,TD,1019,7
2024-11-25 00:00:00,TN,1445,3
2024-11-25 00:00:00,TR,2,1
2024-11-25 00:00:00,TT,342,4
2024-11-25 00:00:00,UKS,,11
2024-11-25 00:00:00,UKW,343,2
2024-11-25 00:00:00,US,,0
2024-11-25 00:00:00,VE,,0
2024-11-25 00:00:00,VN,,0
2024-11-25 00:00:00,WE,,0
2024-11-26 00:00:00,,,0
2024-11-26 00:00:00,"",,0
2024-11-26 00:00:00,AU,,0
2024-11-26 00:00:00,BN,,0
2024-11-26 00:00:00,BR,4352,13
2024-11-26 00:00:00,BS,,0
2024-11-26 00:00:00,BZ,,0
2024-11-26 00:00:00,CCS,,0
2024-11-26 00:00:00,CD,5262,66
2024-11-26 00:00:00,CG,11099,62
2024-11-26 00:00:00,CM,1366,16
2024-11-26 00:00:00,CO,814,9
2024-11-26 00:00:00,EC,,0
2024-11-26 00:00:00,EG,,0
2024-11-26 00:00:00,ER,,0
2024-11-26 00:00:00,FR,,0
2024-11-26 00:00:00,GA,13769,74
2024-11-26 00:00:00,GT,226,1
2024-11-26 00:00:00,IQ,,0
2024-11-26 00:00:00,LH,,0
2024-11-26 00:00:00,MX,1161,10
2024-11-26 00:00:00,PE,,0
2024-11-26 00:00:00,SG,,0
2024-11-26 00:00:00,TD,1019,7
2024-11-26 00:00:00,TN,1445,3
2024-11-26 00:00:00,TR,2,2
2024-11-26 00:00:00,TT,342,4
2024-11-26 00:00:00,UKS,,12
2024-11-26 00:00:00,UKW,343,2
2024-11-26 00:00:00,US,,0
2024-11-26 00:00:00,VE,,0
2024-11-26 00:00:00,VN,,0
2024-11-26 00:00:00,WE,,0
2024-11-27 00:00:00,,,0
2024-11-27 00:00:00,"",,0
2024-11-27 00:00:00,AU,,0
2024-11-27 00:00:00,BN,,0
2024-11-27 00:00:00,BR,4271,13
2024-11-27 00:00:00,BS,,0
2024-11-27 00:00:00,BZ,,0
2024-11-27 00:00:00,CCS,,0
2024-11-27 00:00:00,CD,5237,65
2024-11-27 00:00:00,CG,11040,62
2024-11-27 00:00:00,CM,1366,16
2024-11-27 00:00:00,CO,814,9
2024-11-27 00:00:00,EC,,0
2024-11-27 00:00:00,EG,,0
2024-11-27 00:00:00,ER,,0
2024-11-27 00:00:00,FR,,0
2024-11-27 00:00:00,GA,13791,74
2024-11-27 00:00:00,GT,226,1
2024-11-27 00:00:00,IQ,,0
2024-11-27 00:00:00,LH,,0
2024-11-27 00:00:00,MX,1161,10
2024-11-27 00:00:00,PE,,0
2024-11-27 00:00:00,SG,,0
2024-11-27 00:00:00,TD,1019,7
2024-11-27 00:00:00,TN,1445,3
2024-11-27 00:00:00,TR,2,2
2024-11-27 00:00:00,TT,342,4
2024-11-27 00:00:00,UKS,,10
2024-11-27 00:00:00,UKW,470,2
2024-11-27 00:00:00,US,,0
2024-11-27 00:00:00,VE,,0
2024-11-27 00:00:00,VN,,0
2024-11-27 00:00:00,WE,,0
2024-11-28 00:00:00,,,0
2024-11-28 00:00:00,"",,0
2024-11-28 00:00:00,AU,,0
2024-11-28 00:00:00,BN,,0
2024-11-28 00:00:00,BR,4591,13
2024-11-28 00:00:00,BS,,0
2024-11-28 00:00:00,BZ,,0
2024-11-28 00:00:00,CCS,,0
2024-11-28 00:00:00,CD,5316,66
2024-11-28 00:00:00,CG,11037,62
2024-11-28 00:00:00,CM,1366,16
2024-11-28 00:00:00,CO,855,9
2024-11-28 00:00:00,EC,,0
2024-11-28 00:00:00,EG,,0
2024-11-28 00:00:00,ER,,0
2024-11-28 00:00:00,FR,,0
2024-11-28 00:00:00,GA,13841,75
2024-11-28 00:00:00,GT,226,1
2024-11-28 00:00:00,IQ,,0
2024-11-28 00:00:00,LH,,0
2024-11-28 00:00:00,MX,1161,10
2024-11-28 00:00:00,PE,,0
2024-11-28 00:00:00,SG,,0
2024-11-28 00:00:00,TD,1019,7
2024-11-28 00:00:00,TN,1445,3
2024-11-28 00:00:00,TR,23,2
2024-11-28 00:00:00,TT,342,4
2024-11-28 00:00:00,UKS,,11
2024-11-28 00:00:00,UKW,1156,7
2024-11-28 00:00:00,US,,0
2024-11-28 00:00:00,VE,,0
2024-11-28 00:00:00,VN,,0
2024-11-28 00:00:00,WE,,0
2024-11-29 00:00:00,,,0
2024-11-29 00:00:00,"",,0
2024-11-29 00:00:00,AU,,0
2024-11-29 00:00:00,BN,,0
2024-11-29 00:00:00,BR,4271,13
2024-11-29 00:00:00,BS,,0
2024-11-29 00:00:00,BZ,,0
2024-11-29 00:00:00,CCS,,0
2024-11-29 00:00:00,CD,5336,67
2024-11-29 00:00:00,CG,11042,62
2024-11-29 00:00:00,CM,1366,16
2024-11-29 00:00:00,CO,814,9
2024-11-29 00:00:00,EC,,0
2024-11-29 00:00:00,EG,,0
2024-11-29 00:00:00,ER,,0
2024-11-29 00:00:00,FR,,0
2024-11-29 00:00:00,GA,13841,75
2024-11-29 00:00:00,GT,226,1
2024-11-29 00:00:00,IQ,,0
2024-11-29 00:00:00,LH,,0
2024-11-29 00:00:00,MX,1161,10
2024-11-29 00:00:00,PE,,0
2024-11-29 00:00:00,SG,,0
2024-11-29 00:00:00,TD,999,6
2024-11-29 00:00:00,TN,1445,3
2024-11-29 00:00:00,TR,37,3
2024-11-29 00:00:00,TT,533,4
2024-11-29 00:00:00,UKS,,10
2024-11-29 00:00:00,UKW,1094,7
2024-11-29 00:00:00,US,,0
2024-11-29 00:00:00,VE,,0
2024-11-29 00:00:00,VN,,0
2024-11-29 00:00:00,WE,,0
2024-11-30 00:00:00,,,0
2024-11-30 00:00:00,"",,0
2024-11-30 00:00:00,AU,,0
2024-11-30 00:00:00,BN,,0
2024-11-30 00:00:00,BR,4271,13
2024-11-30 00:00:00,BS,,0
2024-11-30 00:00:00,BZ,,0
2024-11-30 00:00:00,CCS,,0
2024-11-30 00:00:00,CD,5335,68
2024-11-30 00:00:00,CG,11038,62
2024-11-30 00:00:00,CM,1409,16
2024-11-30 00:00:00,CO,814,9
2024-11-30 00:00:00,EC,,0
2024-11-30 00:00:00,EG,,0
2024-11-30 00:00:00,ER,,0
2024-11-30 00:00:00,FR,,0
2024-11-30 00:00:00,GA,13006,73
2024-11-30 00:00:00,GT,226,1
2024-11-30 00:00:00,IQ,,0
2024-11-30 00:00:00,LH,,0
2024-11-30 00:00:00,MX,1161,10
2024-11-30 00:00:00,PE,,0
2024-11-30 00:00:00,SG,,0
2024-11-30 00:00:00,TD,999,6
2024-11-30 00:00:00,TN,1445,3
2024-11-30 00:00:00,TR,37,3
2024-11-30 00:00:00,TT,713,5
2024-11-30 00:00:00,UKS,,12
2024-11-30 00:00:00,UKW,1018,7
2024-11-30 00:00:00,US,,0
2024-11-30 00:00:00,VE,,0
2024-11-30 00:00:00,VN,,0
2024-11-30 00:00:00,WE,,0
2024-12-01 00:00:00,,,0
2024-12-01 00:00:00,"",,0
2024-12-01 00:00:00,AU,,0
2024-12-01 00:00:00,BN,,0
2024-12-01 00:00:00,BR,4271,13
2024-12-01 00:00:00,BS,,0
2024-12-01 00:00:00,BZ,,0
2024-12-01 00:00:00,CCS,,0
2024-12-01 00:00:00,CD,5321,69
2024-12-01 00:00:00,CG,10949,61
2024-12-01 00:00:00,CM,1523,16
2024-12-01 00:00:00,CO,814,9
2024-12-01 00:00:00,EC,,0
2024-12-01 00:00:00,EG,,0
2024-12-01 00:00:00,ER,,0
2024-12-01 00:00:00,FR,,0
2024-12-01 00:00:00,GA,14659,76
2024-12-01 00:00:00,GT,226,1
2024-12-01 00:00:00,IQ,,0
2024-12-01 00:00:00,LH,,0
2024-12-01 00:00:00,MX,1216,10
2024-12-01 00:00:00,PE,,0
2024-12-01 00:00:00,SG,,0
2024-12-01 00:00:00,TD,999,6
2024-12-01 00:00:00,TN,1445,3
2024-12-01 00:00:00,TR,37,3
2024-12-01 00:00:00,TT,713,5
2024-12-01 00:00:00,UKS,,11
2024-12-01 00:00:00,UKW,1018,7
2024-12-01 00:00:00,US,,0
2024-12-01 00:00:00,VE,,0
2024-12-01 00:00:00,VN,,0
2024-12-01 00:00:00,WE,,0
2024-12-02 00:00:00,,,0
2024-12-02 00:00:00,"",,0
2024-12-02 00:00:00,AU,,0
2024-12-02 00:00:00,BN,,0
2024-12-02 00:00:00,BR,4271,13
2024-12-02 00:00:00,BS,,0
2024-12-02 00:00:00,BZ,,0
2024-12-02 00:00:00,CCS,,0
2024-12-02 00:00:00,CD,5299,70
2024-12-02 00:00:00,CG,10949,61
2024-12-02 00:00:00,CM,1366,16
2024-12-02 00:00:00,CO,814,9
2024-12-02 00:00:00,EC,,0
2024-12-02 00:00:00,EG,,0
2024-12-02 00:00:00,ER,,0
2024-12-02 00:00:00,FR,,0
2024-12-02 00:00:00,GA,13824,74
2024-12-02 00:00:00,GT,226,1
2024-12-02 00:00:00,IQ,,0
2024-12-02 00:00:00,LH,,0
2024-12-02 00:00:00,MX,1213,10
2024-12-02 00:00:00,PE,,0
2024-12-02 00:00:00,SG,,0
2024-12-02 00:00:00,TD,1049,6
2024-12-02 00:00:00,TN,1445,3
2024-12-02 00:00:00,TR,37,3
2024-12-02 00:00:00,TT,713,5
2024-12-02 00:00:00,UKS,,12
2024-12-02 00:00:00,UKW,1018,7
2024-12-02 00:00:00,US,,0
2024-12-02 00:00:00,VE,,0
2024-12-02 00:00:00,VN,,0
2024-12-02 00:00:00,WE,,0
2024-12-03 00:00:00,,,0
2024-12-03 00:00:00,"",,0
2024-12-03 00:00:00,AU,,0
2024-12-03 00:00:00,BN,,0
2024-12-03 00:00:00,BR,4271,13
2024-12-03 00:00:00,BS,,0
2024-12-03 00:00:00,BZ,,0
2024-12-03 00:00:00,CCS,,0
2024-12-03 00:00:00,CD,5275,69
2024-12-03 00:00:00,CG,10949,61
2024-12-03 00:00:00,CM,1419,16
2024-12-03 00:00:00,CO,860,9
2024-12-03 00:00:00,EC,,0
2024-12-03 00:00:00,EG,,0
2024-12-03 00:00:00,ER,,0
2024-12-03 00:00:00,FR,,0
2024-12-03 00:00:00,GA,14679,75
2024-12-03 00:00:00,GT,226,1
2024-12-03 00:00:00,IQ,,0
2024-12-03 00:00:00,LH,,0
2024-12-03 00:00:00,MX,881,9
2024-12-03 00:00:00,PE,,0
2024-12-03 00:00:00,SG,,0
2024-12-03 00:00:00,TD,999,6
2024-12-03 00:00:00,TN,1445,3
2024-12-03 00:00:00,TR,37,3
2024-12-03 00:00:00,TT,738,6
2024-12-03 00:00:00,UKS,,11
2024-12-03 00:00:00,UKW,945,6
2024-12-03 00:00:00,US,,0
2024-12-03 00:00:00,VE,,0
2024-12-03 00:00:00,VN,,0
2024-12-03 00:00:00,WE,,0
2024-12-04 00:00:00,,,0
2024-12-04 00:00:00,"",,0
2024-12-04 00:00:00,AU,,0
2024-12-04 00:00:00,BN,,0
2024-12-04 00:00:00,BR,4271,13
2024-12-04 00:00:00,BS,,0
2024-12-04 00:00:00,BZ,,0
2024-12-04 00:00:00,CCS,,0
2024-12-04 00:00:00,CD,5243,68
2024-12-04 00:00:00,CG,10949,61
2024-12-04 00:00:00,CM,1411,16
2024-12-04 00:00:00,CO,843,10
2024-12-04 00:00:00,EC,,0
2024-12-04 00:00:00,EG,,0
2024-12-04 00:00:00,ER,,0
2024-12-04 00:00:00,FR,,0
2024-12-04 00:00:00,GA,14661,75
2024-12-04 00:00:00,GT,226,1
2024-12-04 00:00:00,IQ,,0
2024-12-04 00:00:00,LH,,0
2024-12-04 00:00:00,MX,660,9
2024-12-04 00:00:00,PE,,0
2024-12-04 00:00:00,SG,,0
2024-12-04 00:00:00,TD,999,6
2024-12-04 00:00:00,TN,1445,3
2024-12-04 00:00:00,TR,37,3
2024-12-04 00:00:00,TT,598,5
2024-12-04 00:00:00,UKS,,12
2024-12-04 00:00:00,UKW,800,6
2024-12-04 00:00:00,US,,0
2024-12-04 00:00:00,VE,,0
2024-12-04 00:00:00,VN,,0
2024-12-04 00:00:00,WE,,0
2024-12-05 00:00:00,,,0
2024-12-05 00:00:00,"",,0
2024-12-05 00:00:00,AU,,0
2024-12-05 00:00:00,BN,,0
2024-12-05 00:00:00,BR,4271,13
2024-12-05 00:00:00,BS,,0
2024-12-05 00:00:00,BZ,,0
2024-12-05 00:00:00,CCS,,0
2024-12-05 00:00:00,CD,5272,70
2024-12-05 00:00:00,CG,10949,61
2024-12-05 00:00:00,CM,1366,16
2024-12-05 00:00:00,CO,843,10
2024-12-05 00:00:00,EC,,0
2024-12-05 00:00:00,EG,,0
2024-12-05 00:00:00,ER,,0
2024-12-05 00:00:00,FR,,0
2024-12-05 00:00:00,GA,13743,73
2024-12-05 00:00:00,GT,226,1
2024-12-05 00:00:00,IQ,,0
2024-12-05 00:00:00,LH,,0
2024-12-05 00:00:00,MX,663,10
2024-12-05 00:00:00,PE,,0
2024-12-05 00:00:00,SG,,0
2024-12-05 00:00:00,TD,999,6
2024-12-05 00:00:00,TN,1445,3
2024-12-05 00:00:00,TR,37,3
2024-12-05 00:00:00,TT,738,6
2024-12-05 00:00:00,UKS,,10
2024-12-05 00:00:00,UKW,800,6
2024-12-05 00:00:00,US,,0
2024-12-05 00:00:00,VE,,0
2024-12-05 00:00:00,VN,,0
2024-12-05 00:00:00,WE,,0
2024-12-06 00:00:00,,,0
2024-12-06 00:00:00,"",,0
2024-12-06 00:00:00,AU,,0
2024-12-06 00:00:00,BN,,0
2024-12-06 00:00:00,BR,4271,13
2024-12-06 00:00:00,BS,,0
2024-12-06 00:00:00,BZ,,0
2024-12-06 00:00:00,CCS,,0
2024-12-06 00:00:00,CD,5300,70
2024-12-06 00:00:00,CG,11159,62
2024-12-06 00:00:00,CM,1547,16
2024-12-06 00:00:00,CO,843,10
2024-12-06 00:00:00,EC,,0
2024-12-06 00:00:00,EG,,0
2024-12-06 00:00:00,ER,,0
2024-12-06 00:00:00,FR,,0
2024-12-06 00:00:00,GA,13800,73
2024-12-06 00:00:00,GT,226,1
2024-12-06 00:00:00,IQ,,0
2024-12-06 00:00:00,LH,,0
2024-12-06 00:00:00,MX,678,10
2024-12-06 00:00:00,PE,,0
2024-12-06 00:00:00,SG,,0
2024-12-06 00:00:00,TD,999,6
2024-12-06 00:00:00,TN,1445,3
2024-12-06 00:00:00,TR,22,2
2024-12-06 00:00:00,TT,738,6
2024-12-06 00:00:00,UKS,,11
2024-12-06 00:00:00,UKW,775,5
2024-12-06 00:00:00,US,,0
2024-12-06 00:00:00,VE,,0
2024-12-06 00:00:00,VN,,0
2024-12-06 00:00:00,WE,,0
2024-12-07 00:00:00,,,0
2024-12-07 00:00:00,"",,0
2024-12-07 00:00:00,AU,,0
2024-12-07 00:00:00,BN,,0
2024-12-07 00:00:00,BR,4271,13
2024-12-07 00:00:00,BS,,0
2024-12-07 00:00:00,BZ,,0
2024-12-07 00:00:00,CCS,,0
2024-12-07 00:00:00,CD,5306,71
2024-12-07 00:00:00,CG,11149,62
2024-12-07 00:00:00,CM,1634,16
2024-12-07 00:00:00,CO,843,10
2024-12-07 00:00:00,EC,,0
2024-12-07 00:00:00,EG,,0
2024-12-07 00:00:00,ER,,0
2024-12-07 00:00:00,FR,,0
2024-12-07 00:00:00,GA,13743,73
2024-12-07 00:00:00,GT,226,1
2024-12-07 00:00:00,IQ,,0
2024-12-07 00:00:00,LH,,0
2024-12-07 00:00:00,MX,663,10
2024-12-07 00:00:00,PE,,0
2024-12-07 00:00:00,SG,,0
2024-12-07 00:00:00,TD,999,6
2024-12-07 00:00:00,TN,1445,3
2024-12-07 00:00:00,TR,2,2
2024-12-07 00:00:00,TT,738,6
2024-12-07 00:00:00,UKS,,10
2024-12-07 00:00:00,UKW,796,5
2024-12-07 00:00:00,US,,0
2024-12-07 00:00:00,VE,,0
2024-12-07 00:00:00,VN,,0
2024-12-07 00:00:00,WE,,0
2024-12-08 00:00:00,,,0
2024-12-08 00:00:00,"",,0
2024-12-08 00:00:00,AU,,0
2024-12-08 00:00:00,BN,,0
2024-12-08 00:00:00,BR,3942,12
2024-12-08 00:00:00,BS,,0
2024-12-08 00:00:00,BZ,,0
2024-12-08 00:00:00,CCS,,0
2024-12-08 00:00:00,CD,5297,70
2024-12-08 00:00:00,CG,11243,62
2024-12-08 00:00:00,CM,1651,16
2024-12-08 00:00:00,CO,843,10
2024-12-08 00:00:00,EC,,0
2024-12-08 00:00:00,EG,,0
2024-12-08 00:00:00,ER,,0
2024-12-08 00:00:00,FR,,0
2024-12-08 00:00:00,GA,13587,74
2024-12-08 00:00:00,GT,226,1
2024-12-08 00:00:00,IQ,,0
2024-12-08 00:00:00,LH,,0
2024-12-08 00:00:00,MX,663,10
2024-12-08 00:00:00,PE,,0
2024-12-08 00:00:00,SG,,0
2024-12-08 00:00:00,TD,999,6
2024-12-08 00:00:00,TN,1445,3
2024-12-08 00:00:00,TR,2,2
2024-12-08 00:00:00,TT,738,6
2024-12-08 00:00:00,UKS,,11
2024-12-08 00:00:00,UKW,799,4
2024-12-08 00:00:00,US,,0
2024-12-08 00:00:00,VE,,0
2024-12-08 00:00:00,VN,,0
2024-12-08 00:00:00,WE,,0
2024-12-09 00:00:00,,,0
2024-12-09 00:00:00,"",,0
2024-12-09 00:00:00,AU,,0
2024-12-09 00:00:00,BN,,0
2024-12-09 00:00:00,BR,3788,11
2024-12-09 00:00:00,BS,,0
2024-12-09 00:00:00,BZ,,0
2024-12-09 00:00:00,CCS,,0
2024-12-09 00:00:00,CD,5305,71
2024-12-09 00:00:00,CG,11297,63
2024-12-09 00:00:00,CM,1926,16
2024-12-09 00:00:00,CO,843,10
2024-12-09 00:00:00,EC,,0
2024-12-09 00:00:00,EG,,0
2024-12-09 00:00:00,ER,,0
2024-12-09 00:00:00,FR,,0
2024-12-09 00:00:00,GA,12287,71
2024-12-09 00:00:00,GT,226,1
2024-12-09 00:00:00,IQ,,0
2024-12-09 00:00:00,LH,,0
2024-12-09 00:00:00,MX,667,10
2024-12-09 00:00:00,PE,,0
2024-12-09 00:00:00,SG,,0
2024-12-09 00:00:00,TD,999,6
2024-12-09 00:00:00,TN,1445,3
2024-12-09 00:00:00,TR,2,2
2024-12-09 00:00:00,TT,738,6
2024-12-09 00:00:00,UKS,,11
2024-12-09 00:00:00,UKW,793,5
2024-12-09 00:00:00,US,,0
2024-12-09 00:00:00,VE,,0
2024-12-09 00:00:00,VN,,0
2024-12-09 00:00:00,WE,,0
2024-12-10 00:00:00,,,0
2024-12-10 00:00:00,"",,0
2024-12-10 00:00:00,AU,,0
2024-12-10 00:00:00,BN,,0
2024-12-10 00:00:00,BR,3450,11
2024-12-10 00:00:00,BS,,0
2024-12-10 00:00:00,BZ,,0
2024-12-10 00:00:00,CCS,,0
2024-12-10 00:00:00,CD,5269,71
2024-12-10 00:00:00,CG,11252,63
2024-12-10 00:00:00,CM,2059,16
2024-12-10 00:00:00,CO,848,10
2024-12-10 00:00:00,EC,,0
2024-12-10 00:00:00,EG,,0
2024-12-10 00:00:00,ER,,0
2024-12-10 00:00:00,FR,,0
2024-12-10 00:00:00,GA,13686,74
2024-12-10 00:00:00,GT,226,1
2024-12-10 00:00:00,IQ,,0
2024-12-10 00:00:00,LH,,0
2024-12-10 00:00:00,MX,663,10
2024-12-10 00:00:00,PE,,0
2024-12-10 00:00:00,SG,,0
2024-12-10 00:00:00,TD,999,6
2024-12-10 00:00:00,TN,1445,3
2024-12-10 00:00:00,TR,2,2
2024-12-10 00:00:00,TT,738,6
2024-12-10 00:00:00,UKS,,12
2024-12-10 00:00:00,UKW,800,6
2024-12-10 00:00:00,US,,0
2024-12-10 00:00:00,VE,,0
2024-12-10 00:00:00,VN,,0
2024-12-10 00:00:00,WE,,0
